ew,pp,tt,period_start,period_end,n_found,n_used,status,median_mpv,max_abs_residual,missing_days,flagged_days,numeric_excluded_days,qa_flag,source,split_day,n_before,n_after,signed_median_shift,notes,constant,constant_error,chi2,ndf,chi2_ndf,max_weight_fraction,dominant_day
0,1,1,162,168,7,7,provisional,114.12896,6.061662769042556,,,,,yuno,,0,0,,diagnostic_only; no_auto_accept; no_auto_split,114.67153376904255,0.4635668022736186,17.000132142696046,6,2.8333553571160075,0.3677528324572812,168
0,1,2,162,168,7,7,provisional,122.825409,5.7978894425726395,,,,,yuno,,0,0,,diagnostic_only; no_auto_accept; no_auto_split,123.00872055742737,0.3609491127693127,11.01097066389857,6,1.8351617773164284,0.33864479717470497,168
0,1,3,162,168,7,7,provisional,110.632957,3.672405453066105,,,,,yuno,,0,0,,diagnostic_only; no_auto_accept; no_auto_split,110.1014904530661,0.7239298953753318,3.053745757321275,6,0.5089576262202126,0.3449065834655054,168
0,1,4,162,168,7,7,provisional,127.113113,1.359204679165785,,,,,yuno,,0,0,,diagnostic_only; no_auto_accept; no_auto_split,127.47606367916579,0.23485865129803812,7.472725993549576,6,1.2454543322582625,0.3536833889895029,168
0,1,5,162,168,7,7,provisional,120.597214,2.3683483285756495,,,,,yuno,,0,0,,diagnostic_only; no_auto_accept; no_auto_split,120.71671432857565,0.37003585636111186,8.153740293554284,6,1.3589567155923807,0.3197449481430168,168
0,1,6,162,168,7,7,provisional,124.452499,2.6491221058197,,,,large_chi2_ndf,yuno,,0,0,,diagnostic_only; no_auto_accept; no_auto_split,124.5286428941803,0.22588066345380595,35.04235590307923,6,5.8403926505132056,0.3985718003467338,168
0,1,7,162,168,7,7,provisional,120.247879,5.218894884281497,,,,,yuno,,0,0,,diagnostic_only; no_auto_accept; no_auto_split,120.6529538842815,0.2915968588484438,7.515130537498367,6,1.2525217562497277,0.3436978555894832,168
0,1,8,162,168,7,7,provisional,125.970993,1.4992073838746478,,,,,yuno,,0,0,,diagnostic_only; no_auto_accept; no_auto_split,126.25274561612535,0.17928461666655596,12.314986253211105,6,2.0524977088685175,0.3931107904512326,168
0,1,9,162,168,7,7,provisional,126.776993,2.1182515744076795,,,,large_chi2_ndf,yuno,,0,0,,diagnostic_only; no_auto_accept; no_auto_split,125.82589342559233,0.18922018070262833,41.56320297200218,6,6.927200495333697,0.40221887087460834,168
0,1,10,162,168,7,7,provisional,135.115982,3.0778547198073056,,,,,yuno,,0,0,,diagnostic_only; no_auto_accept; no_auto_split,135.0620382801927,0.19532706188048513,9.029956518229655,6,1.5049927530382758,0.38397975533179995,168
0,1,11,162,168,7,7,provisional,134.789093,3.795823446094488,,,,,yuno,,0,0,,diagnostic_only; no_auto_accept; no_auto_split,134.4509265539055,0.21328746997465545,8.905380267323396,6,1.4842300445538994,0.3919767923301228,168
0,1,12,162,168,7,7,provisional,135.471207,2.4006331885282464,,,,,yuno,,0,0,,diagnostic_only; no_auto_accept; no_auto_split,135.83357118852825,0.2046306280259745,12.914595486280415,6,2.1524325810467357,0.38765930718415587,168
0,1,13,162,168,7,7,provisional,135.297577,1.0161183645366805,,,,,yuno,,0,0,,diagnostic_only; no_auto_accept; no_auto_split,134.91447936453667,0.21127463000893612,5.796464424954857,6,0.9660774041591429,0.376933532789122,168
0,1,14,162,168,7,7,provisional,134.510117,1.4318171607384045,,,,,yuno,,0,0,,diagnostic_only; no_auto_accept; no_auto_split,134.8378991607384,0.20957482867338176,6.397670680115179,6,1.0662784466858632,0.3892162842750263,168
0,1,15,162,168,7,7,provisional,134.883575,2.641517465678163,,,,,yuno,,0,0,,diagnostic_only; no_auto_accept; no_auto_split,135.02989946567817,0.21773065477892614,24.71703565030415,6,4.1195059417173585,0.40177989700889144,168
0,1,16,162,168,7,7,provisional,131.769257,1.971870467597853,,,,,yuno,,0,0,,diagnostic_only; no_auto_accept; no_auto_split,132.18082446759786,0.1772697525715197,22.390130135822062,6,3.7316883559703435,0.37630997152738,168
0,1,17,162,168,7,7,provisional,131.137466,3.0779230660528754,,,,,yuno,,0,0,,diagnostic_only; no_auto_accept; no_auto_split,131.10603693394714,0.1939028763883305,14.530412433033138,6,2.421735405505523,0.3727694684312281,168
0,1,18,162,168,7,7,provisional,134.034546,2.078817484020618,,,,,yuno,,0,0,,diagnostic_only; no_auto_accept; no_auto_split,133.68987451597937,0.17872297570158008,7.19124798178864,6,1.1985413302981067,0.39477432286380704,168
0,1,19,162,168,7,7,provisional,129.318085,1.1819292749697468,,,,,yuno,,0,0,,diagnostic_only; no_auto_accept; no_auto_split,130.10472027496974,0.17588606160806897,12.920772419448406,6,2.1534620699080675,0.3885063110983756,168
0,1,20,162,168,7,7,provisional,132.503738,1.206789896758778,,,,,yuno,,0,0,,diagnostic_only; no_auto_accept; no_auto_split,132.87227189675878,0.17927924319626873,11.37915445934368,6,1.8965257432239466,0.39533480721716613,168
0,1,21,162,168,7,7,provisional,131.151871,2.0532561046028945,,,,,yuno,,0,0,,diagnostic_only; no_auto_accept; no_auto_split,131.18153710460288,0.18926809675885467,9.079929774131823,6,1.5133216290219706,0.3895770023447714,168
0,1,22,162,168,7,7,provisional,132.584534,1.6052436947716728,,,,,yuno,,0,0,,diagnostic_only; no_auto_accept; no_auto_split,132.29127130522832,0.18892664130303333,25.084816635173254,6,4.180802772528875,0.3866486730703454,168
0,1,23,162,168,7,7,provisional,131.378571,1.3826538591080464,,,,,yuno,,0,0,,diagnostic_only; no_auto_accept; no_auto_split,131.93166485910805,0.18413979593553328,20.025264246799917,6,3.3375440411333197,0.3958926896018054,168
0,1,24,162,168,7,7,provisional,130.034912,3.862659564716779,,,,,yuno,,0,0,,diagnostic_only; no_auto_accept; no_auto_split,130.4303244352832,0.2120658365641228,17.895395864079052,6,2.9825659773465087,0.3786454475808192,168
0,1,25,162,168,7,7,provisional,129.551483,2.016917529542752,,,,large_chi2_ndf,yuno,,0,0,,diagnostic_only; no_auto_accept; no_auto_split,130.28350352954274,0.2187926378362776,34.52565458932641,6,5.754275764887734,0.384178646513517,168
0,1,26,162,168,7,7,provisional,130.832565,2.484659415908311,,,,large_chi2_ndf,yuno,,0,0,,diagnostic_only; no_auto_accept; no_auto_split,131.6367134159083,0.21776318639895817,49.7017367553539,6,8.283622792558983,0.37483089720226276,168
0,1,27,162,168,7,7,provisional,131.50145,3.224332047360548,,,,large_chi2_ndf,yuno,,0,0,,diagnostic_only; no_auto_accept; no_auto_split,132.42761495263946,0.1984446337073168,40.04826428013713,6,6.6747107133561885,0.3581006805966422,168
0,1,28,162,168,7,7,provisional,131.552246,2.6838495808316623,,,,large_chi2_ndf,yuno,,0,0,,diagnostic_only; no_auto_accept; no_auto_split,132.07030858083166,0.23502694059772916,37.56307353343527,6,6.260512255572546,0.3563691101267907,168
0,1,29,162,168,7,7,provisional,130.462341,1.6197515791087085,,,,,yuno,,0,0,,diagnostic_only; no_auto_accept; no_auto_split,131.3744665791087,0.22448815398733588,22.84323328412454,6,3.8072055473540902,0.37028338865251076,168
0,1,30,162,168,7,7,provisional,129.861771,3.1315516792419373,,,,,yuno,,0,0,,diagnostic_only; no_auto_accept; no_auto_split,130.60352167924194,0.20594213560832822,23.32774738293109,6,3.887957897155182,0.34028097976110494,168
0,1,31,162,168,7,7,provisional,131.575806,2.8366447113514255,,,,large_chi2_ndf,yuno,,0,0,,diagnostic_only; no_auto_accept; no_auto_split,131.79503371135144,0.2340015869093932,33.925100526647554,6,5.654183421107926,0.35790943110374884,168
0,2,1,162,168,7,7,provisional,134.922043,4.642790950180853,,,,large_chi2_ndf,yuno,,0,0,,diagnostic_only; no_auto_accept; no_auto_split,134.11903295018087,0.25332152993737633,41.35687971082465,6,6.892813285137442,0.33278362255721333,168
0,2,2,162,168,7,7,provisional,131.179642,2.6685807084695057,,,,,yuno,,0,0,,diagnostic_only; no_auto_accept; no_auto_split,130.8819872915305,0.20030168344007232,13.746410755808885,6,2.291068459301481,0.3607585145660559,168
0,2,3,162,168,7,7,provisional,131.413605,1.5705730203588644,,,,,yuno,,0,0,,diagnostic_only; no_auto_accept; no_auto_split,131.72010902035888,0.20984449569915248,11.703784522839861,6,1.9506307538066434,0.3476885916572356,168
0,2,4,162,168,7,7,provisional,129.767563,2.652816452260751,,,,,yuno,,0,0,,diagnostic_only; no_auto_accept; no_auto_split,129.59378045226075,0.18835954980360958,18.432168880339393,6,3.072028146723232,0.3794100640333248,168
0,2,5,162,168,7,7,provisional,132.25029,4.940201207669588,,,,large_chi2_ndf,yuno,,0,0,,diagnostic_only; no_auto_accept; no_auto_split,131.88163679233043,0.18329952673979846,32.12215947816109,6,5.353693246360181,0.35148624142308244,168
0,2,6,162,168,7,7,provisional,129.836365,2.0828918263580505,,,,,yuno,,0,0,,diagnostic_only; no_auto_accept; no_auto_split,129.99641982635805,0.16920865520470663,11.066847774641518,6,1.8444746291069196,0.3770209779747428,168
0,2,7,162,168,7,7,provisional,130.18924,1.8384745274642853,,,,,yuno,,0,0,,diagnostic_only; no_auto_accept; no_auto_split,129.99962252746428,0.17145389280206913,13.359278402548755,6,2.2265464004247923,0.3933395134719896,168
0,2,8,162,168,7,7,provisional,130.279465,1.3953754254929436,,,,,yuno,,0,0,,diagnostic_only; no_auto_accept; no_auto_split,130.37077842549294,0.15877362305506337,10.096458519729106,6,1.6827430866215176,0.39420074449363157,168
0,2,9,162,168,7,7,provisional,131.591064,4.218571556548312,,,,,yuno,,0,0,,diagnostic_only; no_auto_accept; no_auto_split,131.64382444345168,0.15508995282431598,15.106024530263072,6,2.5176707550438455,0.39087675394023624,168
0,2,10,162,168,7,7,provisional,137.383194,2.3929968078674904,,,,large_chi2_ndf,yuno,,0,0,,diagnostic_only; no_auto_accept; no_auto_split,137.3031528078675,0.18246572101534522,31.013149144236934,6,5.168858190706156,0.3874629552733879,168
0,2,11,162,168,7,7,provisional,138.735458,3.072917715074766,,,,,yuno,,0,0,,diagnostic_only; no_auto_accept; no_auto_split,138.52199871507477,0.18335033955867694,15.75707483413541,6,2.6261791390225686,0.38935127975946526,168
0,2,12,162,168,7,7,provisional,138.159134,4.7906819326412915,,,,,yuno,,0,0,,diagnostic_only; no_auto_accept; no_auto_split,137.9818550673587,0.1829349858480065,15.107401710322563,6,2.5179002850537606,0.3800402973468144,168
0,2,13,162,168,7,7,provisional,138.3983,5.121536312104752,,,,,yuno,,0,0,,diagnostic_only; no_auto_accept; no_auto_split,138.13966368789525,0.19168795435679856,14.420308861987982,6,2.4033848103313304,0.3917219361195915,168
0,2,14,162,168,7,7,provisional,138.180969,6.006826381953999,,,,large_chi2_ndf,yuno,,0,0,,diagnostic_only; no_auto_accept; no_auto_split,138.260919618046,0.17771008461867074,31.95830351073584,6,5.326383918455973,0.38005226922724217,168
0,2,15,162,168,7,7,provisional,137.550217,2.1165475589599225,,,,,yuno,,0,0,,diagnostic_only; no_auto_accept; no_auto_split,137.6965784410401,0.1861221697853002,15.149357574181426,6,2.5248929290302375,0.3866844089676425,168
0,2,16,162,168,7,7,provisional,135.666489,4.791541408673538,,,,,yuno,,0,0,,diagnostic_only; no_auto_accept; no_auto_split,135.82245659132647,0.17823208771563703,19.83579594330622,6,3.305965990551037,0.385568970590069,168
0,2,17,162,168,7,7,provisional,136.423889,6.427348853223236,,,,,yuno,,0,0,,diagnostic_only; no_auto_accept; no_auto_split,136.30482914677677,0.1755137679410276,19.085773500311323,6,3.1809622500518873,0.39191354813211243,168
0,2,18,162,168,7,7,provisional,134.763245,2.5230984322384984,,,,,yuno,,0,0,,diagnostic_only; no_auto_accept; no_auto_split,134.5101594322385,0.1809428877796189,26.379421055502178,6,4.39657017591703,0.380567989526727,168
0,2,19,162,168,7,7,provisional,134.300095,1.4773855034794963,,,,,yuno,,0,0,,diagnostic_only; no_auto_accept; no_auto_split,133.9246534965205,0.18399613683819696,17.652996372628472,6,2.942166062104745,0.3823717720652266,168
0,2,20,162,168,7,7,provisional,136.84404,2.0827932082042935,,,,large_chi2_ndf,yuno,,0,0,,diagnostic_only; no_auto_accept; no_auto_split,137.11311220820429,0.1848187681758989,48.03557751303264,6,8.00592958550544,0.3788382234837909,168
0,2,21,162,168,7,7,provisional,133.407913,1.9128851191538274,,,,large_chi2_ndf,yuno,,0,0,,diagnostic_only; no_auto_accept; no_auto_split,133.84637211915384,0.18393674172222124,31.318196483426394,6,5.219699413904399,0.3823587832559998,168
0,2,22,162,168,7,7,provisional,135.066956,4.819019258519262,,,,large_chi2_ndf,yuno,,0,0,,diagnostic_only; no_auto_accept; no_auto_split,135.51038774148074,0.1767128169649666,38.75868457354271,6,6.459780762257118,0.3873861836516483,168
0,2,23,162,168,7,7,provisional,133.578552,3.3376856030889144,,,,large_chi2_ndf,yuno,,0,0,,diagnostic_only; no_auto_accept; no_auto_split,134.2851496030889,0.18607986382739225,32.456800444582306,6,5.409466740763718,0.37963619914442615,168
0,2,24,162,168,7,7,provisional,136.530533,2.7042770389697637,,,,,yuno,,0,0,,diagnostic_only; no_auto_accept; no_auto_split,136.73444403896977,0.18765430407004605,24.460125490640387,6,4.076687581773398,0.3828027975792767,168
0,2,25,162,168,7,7,provisional,132.102112,2.643911703938045,,,,,yuno,,0,0,,diagnostic_only; no_auto_accept; no_auto_split,132.40499229606195,0.18426531485973538,21.343724910644255,6,3.5572874851073757,0.3673354810131746,168
0,2,26,162,168,7,7,provisional,137.436234,1.1510325236792767,,,,,yuno,,0,0,,diagnostic_only; no_auto_accept; no_auto_split,138.0376445236793,0.18722924486605672,22.476915974229243,6,3.7461526623715407,0.3711542322198248,168
0,2,27,162,168,7,7,provisional,134.243225,2.405838801143801,,,,large_chi2_ndf,yuno,,0,0,,diagnostic_only; no_auto_accept; no_auto_split,134.7656108011438,0.18470458764600692,30.419940280582516,6,5.069990046763753,0.36868139512817055,168
0,2,28,162,168,7,7,provisional,136.85202,2.876865599480226,,,,,yuno,,0,0,,diagnostic_only; no_auto_accept; no_auto_split,137.33006659948023,0.2030977723140432,19.694699587544683,6,3.2824499312574473,0.3616183541011186,168
0,2,29,162,168,7,7,provisional,131.089249,2.482630072050256,,,,large_chi2_ndf,yuno,,0,0,,diagnostic_only; no_auto_accept; no_auto_split,131.69605507205026,0.1985276258576994,32.96384690740585,6,5.493974484567642,0.3558396869253666,168
0,2,30,162,168,7,7,provisional,133.7034,2.178973766114126,,,,large_chi2_ndf,yuno,,0,0,,diagnostic_only; no_auto_accept; no_auto_split,134.86043176611412,0.19421819178615643,39.95064115458167,6,6.658440192430278,0.3723607043129086,168
0,2,31,162,168,7,7,provisional,132.003082,1.7670619500576379,,,,large_chi2_ndf,yuno,,0,0,,diagnostic_only; no_auto_accept; no_auto_split,132.87248495005764,0.20450370863464998,44.39564427773168,6,7.399274046288613,0.3560249175344458,168
0,3,1,162,168,7,7,provisional,130.845825,8.903355632950394,,,,large_chi2_ndf,yuno,,0,0,,diagnostic_only; no_auto_accept; no_auto_split,130.7607063670496,0.2868764466424251,54.425401552399734,6,9.070900258733289,0.32736053635650064,168
0,3,2,162,168,7,7,provisional,126.674675,7.546363379401868,,,,large_chi2_ndf,yuno,,0,0,,diagnostic_only; no_auto_accept; no_auto_split,127.28493437940186,0.25481474233012336,60.40797733142548,6,10.067996221904247,0.37191672221097655,168
0,3,3,162,168,7,7,provisional,128.669083,1.7266930094319832,,,,,yuno,,0,0,,diagnostic_only; no_auto_accept; no_auto_split,128.52740600943199,0.2543166248100107,11.199713024942035,6,1.8666188374903392,0.3337777006949161,168
0,3,4,162,168,7,7,provisional,131.069443,3.8972369924240837,,,,large_chi2_ndf,yuno,,0,0,,diagnostic_only; no_auto_accept; no_auto_split,131.08935999242408,0.18874428296899995,61.50129461910847,6,10.250215769851412,0.35959706138406233,168
0,3,5,162,168,7,7,provisional,131.492447,3.253786063128203,,,,large_chi2_ndf,yuno,,0,0,,diagnostic_only; no_auto_accept; no_auto_split,130.9952030631282,0.1705052701522305,56.909963857737424,6,9.484993976289571,0.35421157019252364,168
0,3,6,162,168,7,7,provisional,131.609192,2.2963151801973254,,,,large_chi2_ndf,yuno,,0,0,,diagnostic_only; no_auto_accept; no_auto_split,131.89766418019732,0.17067781274353994,58.29126512062176,6,9.71521085343696,0.38056601020822156,168
0,3,7,162,168,7,7,provisional,127.993805,1.5281030546531014,,,,,yuno,,0,0,,diagnostic_only; no_auto_accept; no_auto_split,128.6121870546531,0.16771822429451572,25.477581034755755,6,4.2462635057926255,0.3822498915367736,168
0,3,8,162,168,7,7,provisional,129.647308,2.8184980787201113,,,,large_chi2_ndf,yuno,,0,0,,diagnostic_only; no_auto_accept; no_auto_split,129.75762307872012,0.1684461934733599,66.0129810525109,6,11.002163508751815,0.39485028356456797,168
0,3,9,162,168,7,7,provisional,130.536926,2.044877881606908,,,,,yuno,,0,0,,diagnostic_only; no_auto_accept; no_auto_split,130.8584608816069,0.1685581799110174,25.541821810829433,6,4.256970301804905,0.3864613582376695,168
0,3,10,162,168,7,7,provisional,137.877029,2.105197933306613,,,,,yuno,,0,0,,diagnostic_only; no_auto_accept; no_auto_split,137.98512693330662,0.183404455453979,23.84797163454814,6,3.974661939091357,0.38955463272244717,168
0,3,11,162,168,7,7,provisional,139.809128,2.2521350289544273,,,,,yuno,,0,0,,diagnostic_only; no_auto_accept; no_auto_split,140.17015002895442,0.18594702373187266,6.341314137055864,6,1.0568856895093106,0.3902897236361441,168
0,3,12,162,168,7,7,provisional,138.701996,2.021130914143498,,,,,yuno,,0,0,,diagnostic_only; no_auto_accept; no_auto_split,138.5364359141435,0.18382754057637082,21.84230786393348,6,3.6403846439889134,0.39125545207638196,168
0,3,13,162,168,7,7,provisional,136.474503,2.569918261763462,,,,,yuno,,0,0,,diagnostic_only; no_auto_accept; no_auto_split,136.74136626176346,0.18587196945512216,9.999604371851817,6,1.6666007286419695,0.37921267927419955,168
0,3,14,162,168,7,7,provisional,137.920013,3.298457874829012,,,,,yuno,,0,0,,diagnostic_only; no_auto_accept; no_auto_split,137.890873125171,0.18102183622590143,15.877892715848102,6,2.64631545264135,0.38881581745948157,168
0,3,15,162,168,7,7,provisional,137.797211,2.4411183298697097,,,,,yuno,,0,0,,diagnostic_only; no_auto_accept; no_auto_split,137.7706426701303,0.18815570056287434,15.185572103475417,6,2.5309286839125695,0.3874963875123127,168
0,3,16,162,168,7,7,provisional,135.940735,1.6816635572584744,,,,large_chi2_ndf,yuno,,0,0,,diagnostic_only; no_auto_accept; no_auto_split,136.37448855725847,0.17668953146453373,30.597455797838368,6,5.099575966306395,0.3881531006583505,168
0,3,17,162,168,7,7,provisional,136.532532,3.230031243923605,,,,large_chi2_ndf,yuno,,0,0,,diagnostic_only; no_auto_accept; no_auto_split,137.5372062439236,0.17832825080412004,30.08397443616451,6,5.013995739360752,0.38141636389034234,168
0,3,18,162,168,7,7,provisional,135.195023,2.6458416350154437,,,,,yuno,,0,0,,diagnostic_only; no_auto_accept; no_auto_split,135.03108436498457,0.18113941549782767,11.666731711923209,6,1.9444552853205348,0.3886567617902003,168
0,3,19,162,168,7,7,provisional,134.860123,1.1272784893123458,,,,,yuno,,0,0,,diagnostic_only; no_auto_accept; no_auto_split,135.37215651068766,0.18122180383600373,25.60284302482474,6,4.267140504137457,0.3762881391145965,168
0,3,20,162,168,7,7,provisional,131.489136,2.3632644281324247,,,,,yuno,,0,0,,diagnostic_only; no_auto_accept; no_auto_split,132.14600942813243,0.18093896662124181,22.623921958543185,6,3.7706536597571976,0.3754829867591708,168
0,3,21,162,168,7,7,provisional,134.060944,1.1761484939839022,,,,,yuno,,0,0,,diagnostic_only; no_auto_accept; no_auto_split,134.5598464939839,0.17840846615196124,14.879326110641614,6,2.479887685106936,0.36302252259609324,168
0,3,22,162,168,7,7,provisional,135.19371,1.6109377081411367,,,,large_chi2_ndf,yuno,,0,0,,diagnostic_only; no_auto_accept; no_auto_split,136.12757229185885,0.19021295070655497,44.36061820430221,6,7.3934363673837025,0.3748707287855011,168
0,3,23,162,168,7,7,provisional,134.676651,3.6766762791030203,,,,large_chi2_ndf,yuno,,0,0,,diagnostic_only; no_auto_accept; no_auto_split,135.86207027910302,0.1818013241284512,78.28339294442983,6,13.047232157404972,0.3627848417752529,168
0,3,24,162,168,7,7,provisional,135.876556,1.0870491089354175,,,,,yuno,,0,0,,diagnostic_only; no_auto_accept; no_auto_split,136.2247291089354,0.20643287854564382,12.588594609486147,6,2.0980991015810244,0.3695938084668903,168
0,3,25,162,168,7,7,provisional,135.545715,4.078058558300853,,,,large_chi2_ndf,yuno,,0,0,,diagnostic_only; no_auto_accept; no_auto_split,136.39765355830085,0.20039752594057228,45.25617444267573,6,7.5426957404459545,0.37274539607595797,168
0,3,26,162,168,7,7,provisional,135.082306,3.179148643069965,,,,,yuno,,0,0,,diagnostic_only; no_auto_accept; no_auto_split,135.75185664306997,0.19890275103700264,22.40732649432327,6,3.7345544157205453,0.37139822708578535,168
0,3,27,162,168,7,7,provisional,136.291656,2.9733303390689514,,,,large_chi2_ndf,yuno,,0,0,,diagnostic_only; no_auto_accept; no_auto_split,137.29495533906896,0.20558596532503257,31.21429611330972,6,5.20238268555162,0.37961169943424744,168
0,3,28,162,168,7,7,provisional,136.604095,2.091813540865644,,,,large_chi2_ndf,yuno,,0,0,,diagnostic_only; no_auto_accept; no_auto_split,137.05725254086565,0.2254581368643815,34.373038889311296,6,5.728839814885216,0.3748627290018158,168
0,3,29,162,168,7,7,provisional,134.158615,5.451508599770079,,,,large_chi2_ndf,yuno,,0,0,,diagnostic_only; no_auto_accept; no_auto_split,134.2785024002299,0.20931338098820662,57.04605148613137,6,9.507675247688562,0.3582697762274457,168
0,3,30,162,168,7,7,provisional,133.523651,4.705011334022345,,,,large_chi2_ndf,yuno,,0,0,,diagnostic_only; no_auto_accept; no_auto_split,133.66721533402236,0.22493106283238928,84.13152032080818,6,14.02192005346803,0.3444835912137076,168
0,3,31,162,168,7,7,provisional,133.967957,5.454991401948149,,,,large_chi2_ndf,yuno,,0,0,,diagnostic_only; no_auto_accept; no_auto_split,134.02495859805185,0.20908695551794945,70.01951107928733,6,11.669918513214554,0.3364835352194289,168
0,4,1,162,168,7,7,provisional,137.355804,4.8764520641322235,,,,large_chi2_ndf,yuno,,0,0,,diagnostic_only; no_auto_accept; no_auto_split,136.8783590641322,0.22342816623716721,104.94369934964935,6,17.49061655827489,0.34227426859222854,168
0,4,2,162,168,7,7,provisional,129.533264,0.9438594884526594,,,,,yuno,,0,0,,diagnostic_only; no_auto_accept; no_auto_split,129.42617448845266,0.20108008053927656,3.944144316169578,6,0.657357386028263,0.3589484504842205,168
0,4,3,162,168,7,7,provisional,131.717636,2.212020281426078,,,,large_chi2_ndf,yuno,,0,0,,diagnostic_only; no_auto_accept; no_auto_split,131.38218628142607,0.1922823048053897,31.80166441977864,6,5.30027740329644,0.33498230114093547,168
0,4,4,162,168,7,7,provisional,130.285416,2.739127669970628,,,,large_chi2_ndf,yuno,,0,0,,diagnostic_only; no_auto_accept; no_auto_split,130.33368666997063,0.19771737940459405,45.069298877744274,6,7.511549812957379,0.3608711076022765,168
0,4,5,162,168,7,7,provisional,133.925781,2.88417742840457,,,,large_chi2_ndf,yuno,,0,0,,diagnostic_only; no_auto_accept; no_auto_split,133.55416042840457,0.17081462836601485,64.43900459918795,6,10.739834099864659,0.37383344156557713,168
0,4,6,162,168,7,7,provisional,131.50708,1.239680237797387,,,,,yuno,,0,0,,diagnostic_only; no_auto_accept; no_auto_split,131.1548412377974,0.18329551767495983,14.762987945800232,6,2.4604979909667053,0.3693843192340153,168
0,4,7,162,168,7,7,provisional,134.65625,2.3668630099885775,,,,,yuno,,0,0,,diagnostic_only; no_auto_accept; no_auto_split,133.84587499001142,0.16485158551354204,26.324446212662163,6,4.387407702110361,0.3858487947717715,168
0,4,8,162,168,7,7,provisional,132.54509,3.5585269348739814,,,,large_chi2_ndf,yuno,,0,0,,diagnostic_only; no_auto_accept; no_auto_split,132.99230393487397,0.1626003684440219,44.13570257484625,6,7.355950429141042,0.3943528802317715,168
0,4,9,162,168,7,7,provisional,131.25061,1.3566826808637416,,,,,yuno,,0,0,,diagnostic_only; no_auto_accept; no_auto_split,131.35361568086375,0.1536546795161624,28.138955312127834,6,4.689825885354639,0.3896116336352324,168
0,4,10,162,168,7,7,provisional,138.747482,2.6308610595002904,,,,,yuno,,0,0,,diagnostic_only; no_auto_accept; no_auto_split,139.1582350595003,0.18258805644378698,29.94513431287858,6,4.990855718813097,0.4052357004190718,168
0,4,11,162,168,7,7,provisional,140.383713,2.442543498299017,,,,large_chi2_ndf,yuno,,0,0,,diagnostic_only; no_auto_accept; no_auto_split,140.11994249829903,0.17327300457989972,37.71176456945113,6,6.285294094908521,0.39601978808527105,168
0,4,12,162,168,7,7,provisional,139.255371,4.036869366501406,,,,,yuno,,0,0,,diagnostic_only; no_auto_accept; no_auto_split,140.1763803665014,0.19908329790337087,16.703992254650252,6,2.7839987091083755,0.3902433453233368,168
0,4,13,162,168,7,7,provisional,137.847031,2.4225039187367656,,,,,yuno,,0,0,,diagnostic_only; no_auto_accept; no_auto_split,137.78015491873677,0.18759733158058872,27.548620484157375,6,4.5914367473595625,0.3932822397815565,168
0,4,14,162,168,7,7,provisional,140.629959,1.3603323413508122,,,,,yuno,,0,0,,diagnostic_only; no_auto_accept; no_auto_split,140.6204183413508,0.20191981256122835,5.191372854024792,6,0.8652288090041319,0.3884425788195305,168
0,4,15,162,168,7,7,provisional,138.985764,2.6423930931531743,,,,,yuno,,0,0,,diagnostic_only; no_auto_accept; no_auto_split,139.08587409315317,0.18531781668214192,19.076913798995434,6,3.1794856331659056,0.3838596687522896,168
0,4,16,162,168,7,7,provisional,136.131409,1.9599749782983338,,,,,yuno,,0,0,,diagnostic_only; no_auto_accept; no_auto_split,136.23376602170165,0.17051607646918396,10.773418610804491,6,1.7955697684674152,0.3799027635186368,168
0,4,17,162,168,7,7,provisional,134.278244,1.5280674439437973,,,,,yuno,,0,0,,diagnostic_only; no_auto_accept; no_auto_split,134.7827064439438,0.16471826871205467,24.71906550694788,6,4.11984425115798,0.38716280166111616,168
0,4,18,162,168,7,7,provisional,136.554993,1.2570870476792209,,,,,yuno,,0,0,,diagnostic_only; no_auto_accept; no_auto_split,136.85173895232077,0.17237665864112414,18.651484782381534,6,3.108580797063589,0.377368899676235,168
0,4,19,162,168,7,7,provisional,136.781281,2.5909835796267657,,,,large_chi2_ndf,yuno,,0,0,,diagnostic_only; no_auto_accept; no_auto_split,136.37147057962676,0.1708677226619781,32.32513231521378,6,5.38752205253563,0.3878461448105935,168
0,4,20,162,168,7,7,provisional,134.928391,2.2739908969276144,,,,,yuno,,0,0,,diagnostic_only; no_auto_accept; no_auto_split,135.39455089692763,0.17094602830224984,22.972912060318453,6,3.828818676719742,0.37579840142412513,168
0,4,21,162,168,7,7,provisional,133.443985,2.2333438797812732,,,,,yuno,,0,0,,diagnostic_only; no_auto_accept; no_auto_split,133.68280687978128,0.17547640721730634,24.492873828164957,6,4.082145638027493,0.3851847678065438,168
0,4,22,162,168,7,7,provisional,134.951157,4.097840700633299,,,,,yuno,,0,0,,diagnostic_only; no_auto_accept; no_auto_split,135.2774492993667,0.17580806306474797,27.50408692895846,6,4.5840144881597435,0.3752283351586628,168
0,4,23,162,168,7,7,provisional,133.953735,3.348448160954149,,,,large_chi2_ndf,yuno,,0,0,,diagnostic_only; no_auto_accept; no_auto_split,134.32234016095416,0.16589117139191775,38.03885554060288,6,6.339809256767147,0.3695185911800583,168
0,4,24,162,168,7,7,provisional,137.489807,0.3668077795053364,,,,,yuno,,0,0,,diagnostic_only; no_auto_accept; no_auto_split,137.80006222049465,0.1773448772896353,3.4273271565287016,6,0.5712211927547836,0.3740409724838187,168
0,4,25,162,168,7,7,provisional,133.790817,2.145531225887197,,,,,yuno,,0,0,,diagnostic_only; no_auto_accept; no_auto_split,134.03373022588718,0.16804921952999727,22.19553691834586,6,3.699256153057643,0.38076455374876517,168
0,4,26,162,168,7,7,provisional,135.462723,2.339861676248404,,,,,yuno,,0,0,,diagnostic_only; no_auto_accept; no_auto_split,136.3084586762484,0.17725979340007647,28.890650471237898,6,4.815108411872983,0.36987891612341506,168
0,4,27,162,168,7,7,provisional,134.13591,1.78494935164332,,,,,yuno,,0,0,,diagnostic_only; no_auto_accept; no_auto_split,134.2379086483567,0.16581098062614982,11.899642071287632,6,1.9832736785479386,0.38341606093748376,168
0,4,28,162,168,7,7,provisional,135.534866,2.0791092687561843,,,,,yuno,,0,0,,diagnostic_only; no_auto_accept; no_auto_split,136.2337112687562,0.19543923121587067,21.792190930578585,6,3.6320318217630976,0.3613367006191679,168
0,4,29,162,168,7,7,provisional,133.572144,3.430175122119209,,,,large_chi2_ndf,yuno,,0,0,,diagnostic_only; no_auto_accept; no_auto_split,134.45239212211922,0.18300934889853127,33.682196746545976,6,5.613699457757662,0.3696817310739709,168
0,4,30,162,168,7,7,provisional,135.523956,2.062840679205152,,,,,yuno,,0,0,,diagnostic_only; no_auto_accept; no_auto_split,135.51456732079484,0.19652515818367236,23.1487642430528,6,3.8581273738421333,0.3719692696333911,168
0,4,31,162,168,7,7,provisional,132.283554,2.9184973929345404,,,,large_chi2_ndf,yuno,,0,0,,diagnostic_only; no_auto_accept; no_auto_split,133.14586839293455,0.18339120115016944,58.04238021426143,6,9.673730035710237,0.3549399282092406,168
0,5,1,162,168,7,7,provisional,130.178192,4.606302790484634,,,,large_chi2_ndf,yuno,,0,0,,diagnostic_only; no_auto_accept; no_auto_split,130.12546779048463,0.25445468057328846,74.0130988221662,6,12.335516470361034,0.3237816708587107,168
0,5,2,162,168,7,7,provisional,134.357864,2.5778876969486646,,,,large_chi2_ndf,yuno,,0,0,,diagnostic_only; no_auto_accept; no_auto_split,134.49156869694866,0.19907421369645006,31.09851786755384,6,5.183086311258974,0.34259296935868516,168
0,5,3,162,168,7,7,provisional,131.180054,1.7753577892178782,,,,,yuno,,0,0,,diagnostic_only; no_auto_accept; no_auto_split,131.21321321078213,0.21453685512446852,14.197075382232075,6,2.3661792303720124,0.3479809184658089,168
0,5,4,162,168,7,7,provisional,132.85675,2.3549143303849576,,,,large_chi2_ndf,yuno,,0,0,,diagnostic_only; no_auto_accept; no_auto_split,132.50347433038496,0.18783694428096565,42.43857344339322,6,7.073095573898869,0.3647534083129984,168
0,5,5,162,168,7,7,provisional,128.701965,1.4937938611247858,,,,,yuno,,0,0,,diagnostic_only; no_auto_accept; no_auto_split,128.9380078611248,0.19089139027082375,13.496485976446584,6,2.249414329407764,0.3445886660624892,168
0,5,6,162,168,7,7,provisional,132.597107,1.4214799861265988,,,,,yuno,,0,0,,diagnostic_only; no_auto_accept; no_auto_split,132.5094280138734,0.19382148670195082,14.457208131588569,6,2.409534688598095,0.36566900748418313,168
0,5,7,162,168,7,7,provisional,128.596008,2.1947147123056965,,,,,yuno,,0,0,,diagnostic_only; no_auto_accept; no_auto_split,129.0591937123057,0.19190211684396474,15.404230490242691,6,2.5673717483737817,0.38804605227185557,168
0,5,8,162,168,7,7,provisional,129.770935,1.4180263305531184,,,,,yuno,,0,0,,diagnostic_only; no_auto_accept; no_auto_split,129.96620566944688,0.17814341756779398,11.33353022506645,6,1.8889217041777417,0.3826775649022876,168
0,5,9,162,168,7,7,provisional,130.171402,1.7224852788323517,,,,,yuno,,0,0,,diagnostic_only; no_auto_accept; no_auto_split,130.15136427883235,0.17139679121535173,20.829126594838524,6,3.471521099139754,0.3838067681542311,168
0,5,10,162,168,7,7,provisional,128.883453,2.7672182652264894,,,,,yuno,,0,0,,diagnostic_only; no_auto_accept; no_auto_split,129.1160112652265,0.19702052402372847,16.539991241121257,6,2.7566652068535427,0.3983073786720262,168
0,5,11,162,168,7,7,provisional,134.086578,4.418499953383645,,,,,yuno,,0,0,,diagnostic_only; no_auto_accept; no_auto_split,134.31655595338364,0.195094116416396,17.00248470519976,6,2.8337474508666265,0.40009826526577846,168
0,5,12,162,168,7,7,provisional,137.107529,0.8258056524694837,,,,,yuno,,0,0,,diagnostic_only; no_auto_accept; no_auto_split,137.3447266524695,0.18927344960121473,8.70441097041241,6,1.4507351617354016,0.3883966818795907,168
0,5,13,162,168,7,7,provisional,132.658875,1.564978651515247,,,,,yuno,,0,0,,diagnostic_only; no_auto_accept; no_auto_split,132.77913565151525,0.18788299941716513,26.007689800738035,6,4.3346149667896725,0.4037180763999511,168
0,5,14,162,168,7,7,provisional,126.810341,2.078628646270417,,,,,yuno,,0,0,,diagnostic_only; no_auto_accept; no_auto_split,126.93411264627042,0.1777867529461811,22.270559526742314,6,3.711759921123719,0.38515670986452577,168
0,5,15,162,168,7,7,provisional,133.10672,4.980645950602252,,,,,yuno,,0,0,,diagnostic_only; no_auto_accept; no_auto_split,133.05713504939774,0.19347460699004274,13.589365623290902,6,2.2648942705484836,0.3802986406026234,168
0,5,16,162,168,7,7,provisional,131.286652,4.176180183710983,,,,large_chi2_ndf,yuno,,0,0,,diagnostic_only; no_auto_accept; no_auto_split,131.348340816289,0.16945496451886385,43.166913172294734,6,7.194485528715789,0.3673559449131073,168
0,5,17,162,168,7,7,provisional,133.566528,1.2928719230498018,,,,,yuno,,0,0,,diagnostic_only; no_auto_accept; no_auto_split,133.5456639230498,0.1939657642504745,2.741073352468274,6,0.4568455587447124,0.3914273144919412,168
0,5,18,162,168,7,7,provisional,130.638824,3.818873156567463,,,,,yuno,,0,0,,diagnostic_only; no_auto_accept; no_auto_split,131.26480584343253,0.1783746216992091,29.531621041644954,6,4.921936840274159,0.37939622870490924,168
0,5,19,162,168,7,7,provisional,131.464371,1.503237770952353,,,,,yuno,,0,0,,diagnostic_only; no_auto_accept; no_auto_split,131.18400322904765,0.17663293950760645,20.652474545192685,6,3.4420790908654477,0.3935486210249138,168
0,5,20,162,168,7,7,provisional,131.885788,1.15350528319928,,,,,yuno,,0,0,,diagnostic_only; no_auto_accept; no_auto_split,132.4124427168007,0.17359932172446138,27.54253877420701,6,4.590423129034502,0.3767029630017668,168
0,5,21,162,168,7,7,provisional,133.352219,2.889381104091285,,,,,yuno,,0,0,,diagnostic_only; no_auto_accept; no_auto_split,133.6797251040913,0.18873575954971714,21.154080365776025,6,3.525680060962671,0.3662314325428677,168
0,5,22,162,168,7,7,provisional,133.863419,2.042397490203541,,,,,yuno,,0,0,,diagnostic_only; no_auto_accept; no_auto_split,134.03600449020354,0.17680764229082835,19.276462647072698,6,3.2127437745121163,0.3998152824518381,168
0,5,23,162,168,7,7,provisional,131.901978,2.5092388855811976,,,,,yuno,,0,0,,diagnostic_only; no_auto_accept; no_auto_split,131.9623341144188,0.1997223496236255,9.637094416653722,6,1.6061824027756204,0.3904973134746782,168
0,5,24,162,168,7,7,provisional,132.88974,3.5254675325232654,,,,large_chi2_ndf,yuno,,0,0,,diagnostic_only; no_auto_accept; no_auto_split,133.96827646747673,0.18181211381597165,50.83945773244023,6,8.473242955406706,0.3679616794945247,168
0,5,25,162,168,7,7,provisional,129.896301,1.8076358877756888,,,,,yuno,,0,0,,diagnostic_only; no_auto_accept; no_auto_split,129.90539888777568,0.20659427054666427,17.918421158410283,6,2.986403526401714,0.3566873544227396,168
0,5,26,162,168,7,7,provisional,131.717697,3.6356130800541564,,,,large_chi2_ndf,yuno,,0,0,,diagnostic_only; no_auto_accept; no_auto_split,132.59950991994583,0.18620468174489438,39.932368437823826,6,6.6553947396373045,0.3728852357869016,168
0,5,27,162,168,7,7,provisional,131.160263,3.218866589153805,,,,large_chi2_ndf,yuno,,0,0,,diagnostic_only; no_auto_accept; no_auto_split,131.7338205891538,0.19727318102450864,48.77003050431751,6,8.128338417386251,0.3557129076837168,168
0,5,28,162,168,7,7,provisional,132.584656,2.484437012883518,,,,large_chi2_ndf,yuno,,0,0,,diagnostic_only; no_auto_accept; no_auto_split,133.20996201288352,0.1999881068207304,41.752669539467725,6,6.958778256577954,0.365827659173253,168
0,5,29,162,168,7,7,provisional,129.931046,3.3962933457009115,,,,,yuno,,0,0,,diagnostic_only; no_auto_accept; no_auto_split,129.9965596542991,0.19845298412061674,14.405120799942944,6,2.4008534666571575,0.35477008494973966,168
0,5,30,162,168,7,7,provisional,133.427719,4.272237224820202,,,,,yuno,,0,0,,diagnostic_only; no_auto_accept; no_auto_split,133.8124187751798,0.18589756248726316,27.790991541487216,6,4.631831923581203,0.3498424022296422,168
0,5,31,162,168,7,7,provisional,132.51062,2.831170011643792,,,,large_chi2_ndf,yuno,,0,0,,diagnostic_only; no_auto_accept; no_auto_split,132.4186790116438,0.21304421999823883,30.215091261159074,6,5.035848543526512,0.3616740441587043,168
0,6,1,162,168,7,7,provisional,124.007378,8.01157615842203,,,,,yuno,,0,0,,diagnostic_only; no_auto_accept; no_auto_split,124.25554915842203,0.46729385283049235,20.807642020700722,6,3.4679403367834536,0.4194937776252434,168
0,6,2,162,168,7,7,provisional,118.562073,9.31839788951936,,,,,yuno,,0,0,,diagnostic_only; no_auto_accept; no_auto_split,118.76447288951935,0.5060086473246812,7.234090963128241,6,1.2056818271880403,0.3643823690615648,168
0,6,3,162,168,7,7,provisional,122.847527,2.491104265410627,,,,,yuno,,0,0,,diagnostic_only; no_auto_accept; no_auto_split,123.25120573458938,0.37096011379199206,9.315794592591756,6,1.552632432098626,0.3690767178514528,168
0,6,4,162,168,7,7,provisional,129.364044,2.1800655248430587,,,,,yuno,,0,0,,diagnostic_only; no_auto_accept; no_auto_split,129.41665947515693,0.24591284655731097,2.6508319783636445,6,0.4418053297272741,0.3591578057477449,168
0,6,5,162,168,7,7,provisional,122.74144,4.32137994156318,,,,,yuno,,0,0,,diagnostic_only; no_auto_accept; no_auto_split,122.70265305843682,0.33272057604209565,18.219828224579885,6,3.036638037429981,0.2878803644581531,168
0,6,6,162,168,7,7,provisional,130.121597,3.8252893446964435,,,,,yuno,,0,0,,diagnostic_only; no_auto_accept; no_auto_split,130.17547834469644,0.2263794113229195,19.42247077629277,6,3.2370784627154614,0.39015964780970463,168
0,6,7,162,168,7,7,provisional,130.422394,0.8426694167061441,,,,,yuno,,0,0,,diagnostic_only; no_auto_accept; no_auto_split,130.57276658329386,0.2102137267666261,3.443167392214348,6,0.5738612320357247,0.36557603224143537,168
0,6,8,162,168,7,7,provisional,131.360519,1.2607806955052183,,,,,yuno,,0,0,,diagnostic_only; no_auto_accept; no_auto_split,131.2836686955052,0.1689737687879307,10.212098008801002,6,1.702016334800167,0.39183578336308916,168
0,6,9,162,168,7,7,provisional,129.796265,1.3658729274216057,,,,,yuno,,0,0,,diagnostic_only; no_auto_accept; no_auto_split,129.21965307257838,0.18300797474108124,12.557591088886422,6,2.092931848147737,0.3887421865862905,168
0,6,10,162,168,7,7,provisional,130.784988,2.4026182908210956,,,,,yuno,,0,0,,diagnostic_only; no_auto_accept; no_auto_split,130.7632902908211,0.2144085569886233,8.038517191414702,6,1.3397528652357835,0.39969739569770074,168
0,6,11,162,168,7,7,provisional,135.372879,2.0908124718621366,,,,,yuno,,0,0,,diagnostic_only; no_auto_accept; no_auto_split,135.69930247186213,0.18175840221489856,9.390674655697586,6,1.5651124426162644,0.40437897607599277,168
0,6,12,162,168,7,7,provisional,135.680481,1.6384089264173554,,,,,yuno,,0,0,,diagnostic_only; no_auto_accept; no_auto_split,135.66196892641736,0.195798638352882,14.833116090539828,6,2.4721860150899713,0.396441904720923,168
0,6,13,162,168,7,7,provisional,136.167664,2.7335143074371047,,,,,yuno,,0,0,,diagnostic_only; no_auto_accept; no_auto_split,136.3485653074371,0.1987978900503046,20.18709820703939,6,3.3645163678398986,0.3887543093621881,168
0,6,14,162,168,7,7,provisional,135.68222,3.5066064153438674,,,,,yuno,,0,0,,diagnostic_only; no_auto_accept; no_auto_split,135.63496458465613,0.19791146406247914,4.865359919994097,6,0.8108933199990161,0.3870095936928606,168
0,6,15,162,168,7,7,provisional,139.389343,8.60512083775177,,,,,yuno,,0,0,,diagnostic_only; no_auto_accept; no_auto_split,139.43801616224823,0.19385602605897448,17.03444979146467,6,2.839074965244112,0.3902943470060499,168
0,6,16,162,168,7,7,provisional,134.016739,2.771836034019799,,,,,yuno,,0,0,,diagnostic_only; no_auto_accept; no_auto_split,134.3100119659802,0.18256318850956704,11.767734603653246,6,1.9612891006088742,0.37834916355250414,168
0,6,17,162,168,7,7,provisional,135.600952,8.115524036068706,,,,,yuno,,0,0,,diagnostic_only; no_auto_accept; no_auto_split,135.5280609639313,0.19632367114433233,16.74413747338551,6,2.790689578897585,0.4012295198652882,168
0,6,18,162,168,7,7,provisional,133.573395,0.74000094578588,,,,,yuno,,0,0,,diagnostic_only; no_auto_accept; no_auto_split,133.8099929457859,0.19005734563920798,4.155926883711525,6,0.6926544806185876,0.39043945454542694,168
0,6,19,162,168,7,7,provisional,131.031601,2.298442630341782,,,,,yuno,,0,0,,diagnostic_only; no_auto_accept; no_auto_split,131.1942096303418,0.20335502414931464,19.573887065857054,6,3.2623145109761755,0.37973614184360277,168
0,6,20,162,168,7,7,provisional,135.910873,3.2768063202196345,,,,large_chi2_ndf,yuno,,0,0,,diagnostic_only; no_auto_accept; no_auto_split,135.70687532021964,0.17993646117417506,53.58050234815042,6,8.930083724691736,0.38538227879952064,168
0,6,21,162,168,7,7,provisional,133.822571,1.374558337084153,,,,,yuno,,0,0,,diagnostic_only; no_auto_accept; no_auto_split,134.06169233708414,0.1935636635381441,8.410857892689453,6,1.4018096487815754,0.37742512183429755,168
0,6,22,162,168,7,7,provisional,138.219437,2.825081109183998,,,,,yuno,,0,0,,diagnostic_only; no_auto_accept; no_auto_split,138.001578890816,0.18670684234465176,22.797856065682883,6,3.799642677613814,0.3848447758446603,168
0,6,23,162,168,7,7,provisional,133.870285,4.439593395271487,,,,large_chi2_ndf,yuno,,0,0,,diagnostic_only; no_auto_accept; no_auto_split,134.83220239527148,0.18239148209653114,128.0667837338933,6,21.34446395564888,0.37312364323313696,168
0,6,24,162,168,7,7,provisional,132.85788,2.277019366149119,,,,large_chi2_ndf,yuno,,0,0,,diagnostic_only; no_auto_accept; no_auto_split,133.80396636614913,0.19198598208796136,38.95630132099671,6,6.492716886832785,0.37288181343256765,168
0,6,25,162,168,7,7,provisional,132.23674,2.6372174601111453,,,,,yuno,,0,0,,diagnostic_only; no_auto_accept; no_auto_split,132.30020653988885,0.2088386094277439,27.09868312666128,6,4.516447187776881,0.39034639180509145,168
0,6,26,162,168,7,7,provisional,132.204834,4.17204617631711,,,,large_chi2_ndf,yuno,,0,0,,diagnostic_only; no_auto_accept; no_auto_split,133.0625641763171,0.19301439027358674,59.80914717611452,6,9.968191196019086,0.3654429821919565,168
0,6,27,162,168,7,7,provisional,128.397705,6.270491476041315,,,,,yuno,,0,0,,diagnostic_only; no_auto_accept; no_auto_split,128.7576134760413,0.22802326675412635,29.879443565172405,6,4.979907260862068,0.3712010356233738,168
0,6,28,162,168,7,7,provisional,134.791306,2.7653091790764677,,,,,yuno,,0,0,,diagnostic_only; no_auto_accept; no_auto_split,135.15308682092353,0.1990622856934992,10.959242109260016,6,1.826540351543336,0.36585723788495556,168
0,6,29,162,168,7,7,provisional,130.622742,4.28817020470963,,,,large_chi2_ndf,yuno,,0,0,,diagnostic_only; no_auto_accept; no_auto_split,131.02069120470964,0.2071766720198302,30.42321086201095,6,5.070535143668492,0.3759285602797662,168
0,6,30,162,168,7,7,provisional,129.085083,2.9482918053453773,,,,large_chi2_ndf,yuno,,0,0,,diagnostic_only; no_auto_accept; no_auto_split,129.93526880534537,0.20997393224655578,50.17220260219614,6,8.36203376703269,0.36649444745048676,168
0,6,31,162,168,7,7,provisional,132.612213,3.128313731045438,,,,large_chi2_ndf,yuno,,0,0,,diagnostic_only; no_auto_accept; no_auto_split,133.34305073104545,0.2055767960587541,66.17992890259485,6,11.029988150432475,0.35280925455854956,168
0,7,1,162,168,7,7,provisional,127.667549,3.1055631119689338,,,,,yuno,,0,0,,diagnostic_only; no_auto_accept; no_auto_split,128.00553411196893,0.28955177580264985,17.13996930351755,6,2.8566615505862583,0.3459069372837206,168
0,7,2,162,168,7,7,provisional,127.737244,2.41162728616753,,,,,yuno,,0,0,,diagnostic_only; no_auto_accept; no_auto_split,128.20385628616754,0.2707998391351557,24.349091215014592,6,4.058181869169099,0.3472517906204417,168
0,7,3,162,168,7,7,provisional,127.799789,3.110476426973534,,,,,yuno,,0,0,,diagnostic_only; no_auto_accept; no_auto_split,127.39795942697353,0.270464874107213,27.35291871125512,6,4.558819785209187,0.33102136078218797,168
0,7,4,162,168,7,7,provisional,130.533096,1.2937904860268077,,,,,yuno,,0,0,,diagnostic_only; no_auto_accept; no_auto_split,130.5955784860268,0.22339899777026367,9.959668171367998,6,1.6599446952279997,0.3520036158165042,168
0,7,5,162,168,7,7,provisional,130.257721,2.9156357025599675,,,,,yuno,,0,0,,diagnostic_only; no_auto_accept; no_auto_split,129.95713170255996,0.208418993241419,27.218978641597843,6,4.5364964402663075,0.36075356506885137,168
0,7,6,162,168,7,7,provisional,129.774719,3.0773079561200802,,,,,yuno,,0,0,,diagnostic_only; no_auto_accept; no_auto_split,129.67534704387992,0.21030696814525954,24.730506430695783,6,4.12175107178263,0.3750608077421125,168
0,7,7,162,168,7,7,provisional,129.156708,3.8190178103766357,,,,,yuno,,0,0,,diagnostic_only; no_auto_accept; no_auto_split,129.32630381037663,0.2011914717055238,24.782504864083126,6,4.130417477347188,0.3756269506462987,168
0,7,8,162,168,7,7,provisional,132.166199,1.1361154440107555,,,,,yuno,,0,0,,diagnostic_only; no_auto_accept; no_auto_split,132.39638444401075,0.1799590418462189,5.655611762078939,6,0.9426019603464898,0.3887581014546214,168
0,7,9,162,168,7,7,provisional,129.438477,1.484719428510843,,,,,yuno,,0,0,,diagnostic_only; no_auto_accept; no_auto_split,129.30024042851085,0.17669819091513894,9.714716754448187,6,1.6191194590746978,0.3848700295767773,168
0,7,10,162,168,7,7,provisional,136.450867,1.9784997230540569,,,,,yuno,,0,0,,diagnostic_only; no_auto_accept; no_auto_split,136.26466272305404,0.19289756110693326,10.32845510866852,6,1.7214091847780866,0.38902281864619137,168
0,7,11,162,168,7,7,provisional,138.686676,5.041764196010462,,,,,yuno,,0,0,,diagnostic_only; no_auto_accept; no_auto_split,138.59518380398953,0.20012003012773188,10.293356870949696,6,1.715559478491616,0.36139290398160206,168
0,7,12,162,168,7,7,provisional,135.09848,2.2020542415162367,,,,,yuno,,0,0,,diagnostic_only; no_auto_accept; no_auto_split,135.27718824151623,0.19156165250163884,13.24124594386135,6,2.2068743239768915,0.3944550644096244,168
0,7,13,162,168,7,7,provisional,136.417801,2.053657969290043,,,,,yuno,,0,0,,diagnostic_only; no_auto_accept; no_auto_split,136.69600696929004,0.20168134318835765,18.798287242655203,6,3.133047873775867,0.39350529814928925,168
0,7,14,162,168,7,7,provisional,139.311829,2.4133599154567094,,,,,yuno,,0,0,,diagnostic_only; no_auto_accept; no_auto_split,139.59068408454328,0.1907191673572211,19.126897191411654,6,3.187816198568609,0.37435568023526716,168
0,7,15,162,168,7,7,provisional,136.385406,1.6090667649638988,,,,,yuno,,0,0,,diagnostic_only; no_auto_accept; no_auto_split,136.6362577649639,0.193434809839188,18.40691241600083,6,3.067818736000138,0.3671585983880357,168
0,7,16,162,168,7,7,provisional,137.878098,3.5484908347269766,,,,,yuno,,0,0,,diagnostic_only; no_auto_accept; no_auto_split,137.90398983472699,0.1837336173341232,5.91920244974368,6,0.9865337416239467,0.39779335085454187,168
0,7,17,162,168,7,7,provisional,136.143631,1.507979618038263,,,,,yuno,,0,0,,diagnostic_only; no_auto_accept; no_auto_split,136.73835661803827,0.19193944263537852,5.441529462254048,6,0.9069215770423414,0.3826989632733932,168
0,7,18,162,168,7,7,provisional,136.481461,2.1514271302256986,,,,,yuno,,0,0,,diagnostic_only; no_auto_accept; no_auto_split,136.7719101302257,0.19672938648207605,9.939196276639995,6,1.6565327127733325,0.37388828579301164,168
0,7,19,162,168,7,7,provisional,136.258026,0.8724365682431312,,,,,yuno,,0,0,,diagnostic_only; no_auto_accept; no_auto_split,136.57868956824313,0.1814462664604131,8.522841546393078,6,1.420473591065513,0.38224777940254057,168
0,7,20,162,168,7,7,provisional,136.714661,1.2963969800239283,,,,,yuno,,0,0,,diagnostic_only; no_auto_accept; no_auto_split,137.18807498002394,0.19521362408176945,15.351869142432395,6,2.558644857072066,0.37462975506820195,168
0,7,21,162,168,7,7,provisional,136.215698,1.3782404613567394,,,,,yuno,,0,0,,diagnostic_only; no_auto_accept; no_auto_split,136.26560046135674,0.20488400700155077,15.464903088836454,6,2.577483848139409,0.37731097390626817,168
0,7,22,162,168,7,7,provisional,138.328552,2.823412063832876,,,,large_chi2_ndf,yuno,,0,0,,diagnostic_only; no_auto_accept; no_auto_split,138.4630760638329,0.19283094313822136,37.568422461452414,6,6.261403743575403,0.3882719242502531,168
0,7,23,162,168,7,7,provisional,135.082443,3.9912920976752844,,,,,yuno,,0,0,,diagnostic_only; no_auto_accept; no_auto_split,135.89687109767527,0.2001082311424248,22.224561777298348,6,3.7040936295497247,0.37755920777516944,168
0,7,24,162,168,7,7,provisional,132.28804,2.7062613937485196,,,,large_chi2_ndf,yuno,,0,0,,diagnostic_only; no_auto_accept; no_auto_split,133.4624563937485,0.1811656416228852,39.37411014604779,6,6.562351691007965,0.368658199600383,168
0,7,25,162,168,7,7,provisional,129.454239,2.231358730109193,,,,,yuno,,0,0,,diagnostic_only; no_auto_accept; no_auto_split,130.0539297301092,0.187086054822747,26.569140901558953,6,4.428190150259826,0.38592479106238076,168
0,7,26,162,168,7,7,provisional,135.144806,1.4732775498450792,,,,,yuno,,0,0,,diagnostic_only; no_auto_accept; no_auto_split,135.4788465498451,0.17973919242170333,18.80312221165913,6,3.1338537019431882,0.37474427873132954,168
0,7,27,162,168,7,7,provisional,133.899139,3.399787994014531,,,,large_chi2_ndf,yuno,,0,0,,diagnostic_only; no_auto_accept; no_auto_split,133.83585399401454,0.19974409085040723,31.788146161750536,6,5.298024360291756,0.3824267070846225,168
0,7,28,162,168,7,7,provisional,135.279541,2.990767324009539,,,,large_chi2_ndf,yuno,,0,0,,diagnostic_only; no_auto_accept; no_auto_split,135.83212367599046,0.19203412297011788,33.97355031217778,6,5.662258385362963,0.35678202258767483,168
0,7,29,162,168,7,7,provisional,133.361176,2.7398925521180217,,,,,yuno,,0,0,,diagnostic_only; no_auto_accept; no_auto_split,134.02423744788197,0.21006500456239882,29.451572686726262,6,4.90859544778771,0.3701902245725317,168
0,7,30,162,168,7,7,provisional,135.208725,2.2264848789306484,,,,,yuno,,0,0,,diagnostic_only; no_auto_accept; no_auto_split,135.63867312106936,0.20379918710623363,21.76989867849514,6,3.6283164464158566,0.3622025208480172,168
0,7,31,162,168,7,7,provisional,127.79422,3.1502133849389082,,,,large_chi2_ndf,yuno,,0,0,,diagnostic_only; no_auto_accept; no_auto_split,128.1501293849389,0.22481291794861738,44.51062568538377,6,7.418437614230629,0.35427218603177113,168
0,8,1,162,168,7,7,provisional,133.3237,3.6876937124541485,,,,,yuno,,0,0,,diagnostic_only; no_auto_accept; no_auto_split,133.15214071245416,0.2487843496438088,25.718500642314826,6,4.286416773719138,0.32848728701754554,168
0,8,2,162,168,7,7,provisional,127.220078,1.5771889167829727,,,,,yuno,,0,0,,diagnostic_only; no_auto_accept; no_auto_split,128.00603208321704,0.27128735970102696,16.633201050606363,6,2.7722001751010605,0.3430575818077709,168
0,8,3,162,168,7,7,provisional,132.572998,1.5041989955341535,,,,,yuno,,0,0,,diagnostic_only; no_auto_accept; no_auto_split,132.74353299553417,0.23255506164540857,12.211661019531698,6,2.0352768365886162,0.33830417418438297,168
0,8,4,162,168,7,7,provisional,129.672073,2.994396510161579,,,,large_chi2_ndf,yuno,,0,0,,diagnostic_only; no_auto_accept; no_auto_split,129.07681648983842,0.2033867153618464,33.150690378342034,6,5.525115063057005,0.35499309495019354,168
0,8,5,162,168,7,7,provisional,128.618439,1.9179753097079129,,,,large_chi2_ndf,yuno,,0,0,,diagnostic_only; no_auto_accept; no_auto_split,128.77399330970792,0.20244647192784473,34.143078480928,6,5.690513080154666,0.3538048739063521,168
0,8,6,162,168,7,7,provisional,130.253754,2.443632738742693,,,,,yuno,,0,0,,diagnostic_only; no_auto_accept; no_auto_split,130.2358767387427,0.18850807824241422,12.900671290641844,6,2.1501118817736407,0.37292408952536643,168
0,8,7,162,168,7,7,provisional,133.407867,2.2035953518889357,,,,large_chi2_ndf,yuno,,0,0,,diagnostic_only; no_auto_accept; no_auto_split,133.17398364811106,0.18863399379616858,34.67278389490305,6,5.778797315817175,0.38547459899715714,168
0,8,8,162,168,7,7,provisional,131.015045,1.8390418857957798,,,,,yuno,,0,0,,diagnostic_only; no_auto_accept; no_auto_split,131.00389911420422,0.16734702680408117,9.679109245768165,6,1.6131848742946941,0.3679744003684914,168
0,8,9,162,168,7,7,provisional,130.934235,3.471538647895642,,,,,yuno,,0,0,,diagnostic_only; no_auto_accept; no_auto_split,131.67492264789564,0.17238377897748305,17.46101970943473,6,2.910169951572455,0.373177723512208,168
0,8,10,162,168,7,7,provisional,141.165634,2.570700234989289,,,,,yuno,,0,0,,diagnostic_only; no_auto_accept; no_auto_split,141.92575723498928,0.18939359639717704,12.907753243849003,6,2.1512922073081673,0.38497330787028294,168
0,8,11,162,168,7,7,provisional,139.769272,2.6520931503009137,,,,,yuno,,0,0,,diagnostic_only; no_auto_accept; no_auto_split,139.84708515030093,0.19031226710548194,27.192266295452907,6,4.532044382575484,0.3965926358133044,168
0,8,12,162,168,7,7,provisional,141.697754,3.831420851691064,,,,,yuno,,0,0,,diagnostic_only; no_auto_accept; no_auto_split,141.45649714830893,0.19502666530672022,26.01605050486488,6,4.33600841747748,0.3847280495429075,168
0,8,13,162,168,7,7,provisional,139.167145,1.954997082811957,,,,,yuno,,0,0,,diagnostic_only; no_auto_accept; no_auto_split,139.23564591718804,0.19486742841893295,8.693860210541242,6,1.4489767017568738,0.3869795633226141,168
0,8,14,162,168,7,7,provisional,140.882523,1.521665038607182,,,,,yuno,,0,0,,diagnostic_only; no_auto_accept; no_auto_split,140.96453603860718,0.19791839691594137,10.168033712809297,6,1.6946722854682161,0.3806044198066413,168
0,8,15,162,168,7,7,provisional,140.650925,1.497913155204543,,,,,yuno,,0,0,,diagnostic_only; no_auto_accept; no_auto_split,140.66788115520455,0.1991997437050788,15.211227434974099,6,2.535204572495683,0.39029574041384363,168
0,8,16,162,168,7,7,provisional,140.548721,3.107021236924993,,,,,yuno,,0,0,,diagnostic_only; no_auto_accept; no_auto_split,140.811672236925,0.19610685600060784,17.369375261686805,6,2.894895876947801,0.3946191747114521,168
0,8,17,162,168,7,7,provisional,138.365433,2.417497048977964,,,,,yuno,,0,0,,diagnostic_only; no_auto_accept; no_auto_split,138.06562695102204,0.1900649562603956,7.910167234394958,6,1.318361205732493,0.3814809839452052,168
0,8,18,162,168,7,7,provisional,138.238892,4.209614036362012,,,,,yuno,,0,0,,diagnostic_only; no_auto_accept; no_auto_split,138.74553996363798,0.20155290178632745,15.244864573865545,6,2.540810762310924,0.3823233643686869,168
0,8,19,162,168,7,7,provisional,136.260681,1.832221150981411,,,,,yuno,,0,0,,diagnostic_only; no_auto_accept; no_auto_split,136.4475621509814,0.19532754979753128,8.188225829773273,6,1.3647043049622123,0.3891221656171316,168
0,8,20,162,168,7,7,provisional,139.425018,1.4569168411114788,,,,,yuno,,0,0,,diagnostic_only; no_auto_accept; no_auto_split,139.9344558411115,0.19975104983440833,19.303314048807433,6,3.217219008134572,0.3772497769291268,168
0,8,21,162,168,7,7,provisional,136.828812,5.653216052881106,,,,,yuno,,0,0,,diagnostic_only; no_auto_accept; no_auto_split,137.47381805288111,0.19801471984197677,24.04755228241499,6,4.007925380402498,0.38765963224925404,168
0,8,22,162,168,7,7,provisional,140.83728,2.6649282870000945,,,,large_chi2_ndf,yuno,,0,0,,diagnostic_only; no_auto_accept; no_auto_split,141.2497822870001,0.20832482980641231,40.493025047074156,6,6.748837507845693,0.3742340136138154,168
0,8,23,162,168,7,7,provisional,137.104294,1.1404138309401617,,,,,yuno,,0,0,,diagnostic_only; no_auto_accept; no_auto_split,136.96836616905983,0.1954850406227094,6.7447170912412915,6,1.124119515206882,0.38188979891407815,168
0,8,24,162,168,7,7,provisional,134.112167,3.0688431484897194,,,,large_chi2_ndf,yuno,,0,0,,diagnostic_only; no_auto_accept; no_auto_split,135.13944514848973,0.18800447062139727,53.15865654153559,6,8.859776090255933,0.3721846478441445,168
0,8,25,162,168,7,7,provisional,132.17366,2.273733767203737,,,,,yuno,,0,0,,diagnostic_only; no_auto_accept; no_auto_split,132.75018976720375,0.18946095646737898,19.8530501503524,6,3.3088416917253998,0.3740067391792333,168
0,8,26,162,168,7,7,provisional,133.139938,2.6812845163569534,,,,large_chi2_ndf,yuno,,0,0,,diagnostic_only; no_auto_accept; no_auto_split,134.68522151635696,0.18833533120659787,66.85458901307827,6,11.142431502179711,0.3691753372119286,168
0,8,27,162,168,7,7,provisional,133.363434,1.804240705296479,,,,large_chi2_ndf,yuno,,0,0,,diagnostic_only; no_auto_accept; no_auto_split,134.04583270529648,0.18709965356640385,43.02328750951909,6,7.170547918253182,0.35758268445213315,168
0,8,28,162,168,7,7,provisional,131.937347,3.595418708685287,,,,large_chi2_ndf,yuno,,0,0,,diagnostic_only; no_auto_accept; no_auto_split,132.2904612913147,0.20013042792753444,46.231720876111396,6,7.705286812685233,0.35310196561059787,168
0,8,29,162,168,7,7,provisional,132.796448,2.3631829570867637,,,,large_chi2_ndf,yuno,,0,0,,diagnostic_only; no_auto_accept; no_auto_split,133.94811204291324,0.19005504645766824,92.22268000729824,6,15.370446667883039,0.3687210121639547,168
0,8,30,162,168,7,7,provisional,133.132492,2.6313402886250685,,,,large_chi2_ndf,yuno,,0,0,,diagnostic_only; no_auto_accept; no_auto_split,133.45694728862506,0.20010877155617698,53.699135300297044,6,8.94985588338284,0.35736485413030117,168
0,8,31,162,168,7,7,provisional,129.964798,3.7290875531965355,,,,large_chi2_ndf,yuno,,0,0,,diagnostic_only; no_auto_accept; no_auto_split,130.76689155319653,0.20364738859138928,58.548435863407384,6,9.758072643901231,0.3550627094433229,168
0,9,1,162,168,7,7,provisional,133.591507,4.5063294793231705,,,,large_chi2_ndf,yuno,,0,0,,diagnostic_only; no_auto_accept; no_auto_split,133.79447647932318,0.25874283437816564,45.55963794672129,6,7.593272991120215,0.31450980838036713,168
0,9,2,162,168,7,7,provisional,129.714371,5.942284660236837,,,,,yuno,,0,0,,diagnostic_only; no_auto_accept; no_auto_split,130.16192766023684,0.24781213742470448,28.014768131739892,6,4.669128021956649,0.3413549496313254,168
0,9,3,162,168,7,7,provisional,130.325974,2.6279672773516722,,,,,yuno,,0,0,,diagnostic_only; no_auto_accept; no_auto_split,130.43225027735167,0.22260931074369905,16.43974872697022,6,2.739958121161703,0.34590161317386614,168
0,9,4,162,168,7,7,provisional,129.548065,2.9243336303258474,,,,,yuno,,0,0,,diagnostic_only; no_auto_accept; no_auto_split,129.28112263032585,0.20304307751750067,22.835637428645008,6,3.8059395714408346,0.35920373797542027,168
0,9,5,162,168,7,7,provisional,130.364731,1.4611784485163355,,,,,yuno,,0,0,,diagnostic_only; no_auto_accept; no_auto_split,130.03808244851635,0.21555576228308956,12.661023696078509,6,2.1101706160130846,0.3612812455466724,168
0,9,6,162,168,7,7,provisional,127.505028,5.01071290930274,,,,,yuno,,0,0,,diagnostic_only; no_auto_accept; no_auto_split,127.44664890930274,0.20710469550423535,28.780992925455188,6,4.796832154242531,0.38075254721852486,168
0,9,7,162,168,7,7,provisional,129.890396,2.570724136474098,,,,,yuno,,0,0,,diagnostic_only; no_auto_accept; no_auto_split,130.3608091364741,0.18701768102635807,21.690252660263187,6,3.6150421100438646,0.37750163908435,168
0,9,8,162,168,7,7,provisional,126.632324,2.3828495679215678,,,,,yuno,,0,0,,diagnostic_only; no_auto_accept; no_auto_split,127.04981856792156,0.18383335754311766,21.531424151798333,6,3.588570691966389,0.38329372227924013,168
0,9,9,162,168,7,7,provisional,131.041428,2.02625033938682,,,,,yuno,,0,0,,diagnostic_only; no_auto_accept; no_auto_split,131.39331533938682,0.1723679435240807,17.510592457308938,6,2.9184320762181564,0.3664150754401253,168
0,9,10,162,168,7,7,provisional,136.016876,2.5964207115941917,,,,,yuno,,0,0,,diagnostic_only; no_auto_accept; no_auto_split,135.9397437115942,0.20038202768729177,19.715259604363414,6,3.2858766007272355,0.39004386086980375,168
0,9,11,162,168,7,7,provisional,137.388138,2.8205945679531226,,,,large_chi2_ndf,yuno,,0,0,,diagnostic_only; no_auto_accept; no_auto_split,136.86389856795313,0.2034963743888251,30.049054039431066,6,5.008175673238511,0.37946807741815713,168
0,9,12,162,168,7,7,provisional,135.837296,3.3617166325235814,,,,,yuno,,0,0,,diagnostic_only; no_auto_accept; no_auto_split,136.1143566325236,0.20248092566263548,12.388256565589899,6,2.0647094275983164,0.39750405565761954,168
0,9,13,162,168,7,7,provisional,135.113998,1.8679647967798871,,,,,yuno,,0,0,,diagnostic_only; no_auto_accept; no_auto_split,135.26497020322012,0.20575238952680633,8.968430865333877,6,1.4947384775556463,0.38176498375407136,168
0,9,14,162,168,7,7,provisional,139.173874,3.1960587449634943,,,,,yuno,,0,0,,diagnostic_only; no_auto_accept; no_auto_split,139.56394774496349,0.1978588854468398,12.326362962363456,6,2.054393827060576,0.3957115095304331,168
0,9,15,162,168,7,7,provisional,136.785034,1.396630429265457,,,,,yuno,,0,0,,diagnostic_only; no_auto_accept; no_auto_split,136.89635542926547,0.19648021448963054,6.719264197457924,6,1.1198773662429873,0.3872899344970548,168
0,9,16,162,168,7,7,provisional,137.740524,2.648915353935763,,,,,yuno,,0,0,,diagnostic_only; no_auto_accept; no_auto_split,138.52058935393578,0.18629421890560363,22.815351582228967,6,3.802558597038161,0.38285300170727893,168
0,9,17,162,168,7,7,provisional,137.025131,1.2583324526127342,,,,,yuno,,0,0,,diagnostic_only; no_auto_accept; no_auto_split,137.31237945261273,0.1934918454608063,6.30440504365737,6,1.050734173942895,0.3744851205730295,168
0,9,18,162,168,7,7,provisional,138.807938,2.242914686887616,,,,,yuno,,0,0,,diagnostic_only; no_auto_accept; no_auto_split,139.21715768688762,0.19306088585325928,13.099685598771773,6,2.183280933128629,0.37888404158341155,168
0,9,19,162,168,7,7,provisional,135.07959,1.966262499440262,,,,,yuno,,0,0,,diagnostic_only; no_auto_accept; no_auto_split,134.87507549944027,0.19387318050208235,9.869502910374509,6,1.6449171517290848,0.38985066029749454,168
0,9,20,162,168,7,7,provisional,137.51976,3.72243821833041,,,,,yuno,,0,0,,diagnostic_only; no_auto_accept; no_auto_split,137.8099782183304,0.19768687974349533,27.526840630854068,6,4.587806771809011,0.3830816140299158,168
0,9,21,162,168,7,7,provisional,139.595444,4.542725595834156,,,,large_chi2_ndf,yuno,,0,0,,diagnostic_only; no_auto_accept; no_auto_split,139.97982640416583,0.19135933444784317,31.035043109683926,6,5.172507184947321,0.3820546195758182,168
0,9,22,162,168,7,7,provisional,140.668732,2.175654817398197,,,,,yuno,,0,0,,diagnostic_only; no_auto_accept; no_auto_split,140.6412008173982,0.2020033803045295,21.130048804611246,6,3.521674800768541,0.3881289665850734,168
0,9,23,162,168,7,7,provisional,136.775131,4.5224504480409,,,,,yuno,,0,0,,diagnostic_only; no_auto_accept; no_auto_split,136.7533154480409,0.20360480956273733,28.719786663806367,6,4.786631110634395,0.3929706089042371,168
0,9,24,162,168,7,7,provisional,134.182281,3.81225660309795,,,,large_chi2_ndf,yuno,,0,0,,diagnostic_only; no_auto_accept; no_auto_split,133.85006760309795,0.17441500617061334,89.92606611450552,6,14.987677685750919,0.37105651033679066,168
0,9,25,162,168,7,7,provisional,132.32814,3.2439168733929193,,,,,yuno,,0,0,,diagnostic_only; no_auto_accept; no_auto_split,132.44216412660708,0.1939752435197904,22.490241518804872,6,3.7483735864674785,0.3846023060477918,168
0,9,26,162,168,7,7,provisional,135.518341,3.514227201194416,,,,large_chi2_ndf,yuno,,0,0,,diagnostic_only; no_auto_accept; no_auto_split,135.86418720119443,0.18481641799496362,46.62980882350169,6,7.771634803916949,0.36465258921142657,168
0,9,27,162,168,7,7,provisional,134.337006,3.154929288896085,,,,large_chi2_ndf,yuno,,0,0,,diagnostic_only; no_auto_accept; no_auto_split,134.7425752888961,0.19168356287925017,49.440060675100554,6,8.240010112516758,0.35833714356713386,168
0,9,28,162,168,7,7,provisional,132.362823,4.220209934645283,,,,,yuno,,0,0,,diagnostic_only; no_auto_accept; no_auto_split,132.55870506535473,0.20526334831806212,19.092897176270995,6,3.182149529378499,0.3874388467878702,168
0,9,29,162,168,7,7,provisional,133.757248,3.8885330064528603,,,,large_chi2_ndf,yuno,,0,0,,diagnostic_only; no_auto_accept; no_auto_split,133.74767900645287,0.1879022650352606,79.51822648837071,6,13.253037748061786,0.35974136037047444,168
0,9,30,162,168,7,7,provisional,136.977859,2.285308766619494,,,,large_chi2_ndf,yuno,,0,0,,diagnostic_only; no_auto_accept; no_auto_split,137.65727276661949,0.18936548023322056,72.46393292821583,6,12.077322154702637,0.34141170451873865,168
0,9,31,162,168,7,7,provisional,132.344864,2.7213016465738065,,,,,yuno,,0,0,,diagnostic_only; no_auto_accept; no_auto_split,133.0345496465738,0.20057586530384988,23.97124674159541,6,3.995207790265902,0.3593785922822682,168
0,10,1,162,168,7,7,provisional,131.233444,3.2513076165472796,,,,large_chi2_ndf,yuno,,0,0,,diagnostic_only; no_auto_accept; no_auto_split,130.64548761654729,0.25196150179389204,38.21349912913576,6,6.368916521522627,0.3096019936622566,168
0,10,2,162,168,7,7,provisional,130.824341,2.7105817099075864,,,,,yuno,,0,0,,diagnostic_only; no_auto_accept; no_auto_split,130.66126570990758,0.20188219101346994,18.119713352007956,6,3.0199522253346593,0.34040121778029203,168
0,10,3,162,168,7,7,provisional,128.703995,2.7588243688489626,,,,,yuno,,0,0,,diagnostic_only; no_auto_accept; no_auto_split,128.31774636884896,0.2830883612108886,11.804210155016879,6,1.9673683591694797,0.34805760846984685,168
0,10,4,162,168,7,7,provisional,128.81514,1.2748652051579654,,,,,yuno,,0,0,,diagnostic_only; no_auto_accept; no_auto_split,129.04309220515796,0.1955483714189808,11.274976510872007,6,1.879162751812001,0.3730748459382964,168
0,10,5,162,168,7,7,provisional,127.878929,2.9939064804124484,,,,,yuno,,0,0,,diagnostic_only; no_auto_accept; no_auto_split,127.89327448041244,0.18387328704623251,27.6166222417132,6,4.602770373618866,0.36713741712642145,168
0,10,6,162,168,7,7,provisional,129.799408,2.826636344891199,,,,large_chi2_ndf,yuno,,0,0,,diagnostic_only; no_auto_accept; no_auto_split,129.2861716551088,0.18021439729044153,30.920352994708217,6,5.153392165784703,0.40347574657973767,168
0,10,7,162,168,7,7,provisional,130.287796,5.215266647862364,,,,large_chi2_ndf,yuno,,0,0,,diagnostic_only; no_auto_accept; no_auto_split,129.50502435213764,0.17790961487779366,43.404702097612955,6,7.234117016268826,0.3812711453301105,168
0,10,8,162,168,7,7,provisional,132.571869,2.3166047237770613,,,,,yuno,,0,0,,diagnostic_only; no_auto_accept; no_auto_split,132.67887872377707,0.16992893458823904,27.81881478291912,6,4.63646913048652,0.37694757187187417,168
0,10,9,162,168,7,7,provisional,134.403137,3.0972893167330824,,,,large_chi2_ndf,yuno,,0,0,,diagnostic_only; no_auto_accept; no_auto_split,134.21023531673308,0.15687858491565462,31.723613523867183,6,5.2872689206445305,0.37975723566458536,168
0,10,10,162,168,7,7,provisional,140.539429,2.4849345212282117,,,,,yuno,,0,0,,diagnostic_only; no_auto_accept; no_auto_split,140.4908245212282,0.1888816341046707,26.307261536664363,6,4.3845435894440605,0.3733554054235655,168
0,10,11,162,168,7,7,provisional,140.939865,6.22227897718804,,,,large_chi2_ndf,yuno,,0,0,,diagnostic_only; no_auto_accept; no_auto_split,140.60859302281196,0.1958905471710204,36.7216840745607,6,6.12028067909345,0.3731800522126269,168
0,10,12,162,168,7,7,provisional,138.700943,1.7133626549997416,,,,,yuno,,0,0,,diagnostic_only; no_auto_accept; no_auto_split,139.26780565499973,0.1903710909778194,21.830358432009895,6,3.6383930720016493,0.38164354615362844,168
0,10,13,162,168,7,7,provisional,139.448898,5.549973575348616,,,,,yuno,,0,0,,diagnostic_only; no_auto_accept; no_auto_split,139.22553942465137,0.21704573502204094,8.200574468589416,6,1.3667624114315693,0.3812174592767629,168
0,10,14,162,168,7,7,provisional,139.826324,1.5965240043224753,,,,,yuno,,0,0,,diagnostic_only; no_auto_accept; no_auto_split,139.82670300432247,0.18382916359925208,10.871404949875709,6,1.8119008249792847,0.38342342538632407,168
0,10,15,162,168,7,7,provisional,137.619675,3.4953862356087484,,,,,yuno,,0,0,,diagnostic_only; no_auto_accept; no_auto_split,137.59370976439126,0.1932495749589136,6.522179552638897,6,1.0870299254398161,0.3754001479989242,168
0,10,16,162,168,7,7,provisional,141.447617,1.9301662486464295,,,,,yuno,,0,0,,diagnostic_only; no_auto_accept; no_auto_split,141.49722824864642,0.18647641050427363,12.455448669068367,6,2.0759081115113944,0.36666584875039865,168
0,10,17,162,168,7,7,provisional,140.516006,3.091207211466184,,,,,yuno,,0,0,,diagnostic_only; no_auto_accept; no_auto_split,140.71187778853383,0.1933524509201307,24.667453247936127,6,4.1112422079893545,0.38222946924454,168
0,10,18,162,168,7,7,provisional,139.771652,6.073920102823905,,,,,yuno,,0,0,,diagnostic_only; no_auto_accept; no_auto_split,140.1071408971761,0.20244614709153194,11.111379213819411,6,1.8518965356365686,0.3825257527814705,168
0,10,19,162,168,7,7,provisional,139.692169,1.9745114517142213,,,,,yuno,,0,0,,diagnostic_only; no_auto_accept; no_auto_split,139.5805144517142,0.19870316236568514,22.550994794919827,6,3.7584991324866377,0.380158240902686,168
0,10,20,162,168,7,7,provisional,139.33136,1.446926023220044,,,,,yuno,,0,0,,diagnostic_only; no_auto_accept; no_auto_split,139.58076102322005,0.18658347245073106,16.083525458889977,6,2.680587576481663,0.3906971226945911,168
0,10,21,162,168,7,7,provisional,140.846466,2.9406188392593435,,,,,yuno,,0,0,,diagnostic_only; no_auto_accept; no_auto_split,140.92496616074067,0.20368486832795502,6.727992863670064,6,1.1213321439450106,0.3724336898306634,168
0,10,22,162,168,7,7,provisional,140.087143,3.364095378057584,,,,,yuno,,0,0,,diagnostic_only; no_auto_accept; no_auto_split,140.3751123780576,0.19449284581877735,27.932566899863495,6,4.655427816643916,0.3833681987780916,168
0,10,23,162,168,7,7,provisional,140.533325,2.3105051231440825,,,,,yuno,,0,0,,diagnostic_only; no_auto_accept; no_auto_split,140.9436071231441,0.21282057594237958,25.19252721786251,6,4.198754536310418,0.37792290027652775,168
0,10,24,162,168,7,7,provisional,133.188431,3.437941799748529,,,,large_chi2_ndf,yuno,,0,0,,diagnostic_only; no_auto_accept; no_auto_split,133.51550179974853,0.1942879366530781,47.34449220589493,6,7.890748700982488,0.3766337508137774,168
0,10,25,162,168,7,7,provisional,133.730957,2.218410006560333,,,,large_chi2_ndf,yuno,,0,0,,diagnostic_only; no_auto_accept; no_auto_split,134.19999300656033,0.18829125558622056,34.39087592314362,6,5.731812653857269,0.3699065877167323,168
0,10,26,162,168,7,7,provisional,134.90033,4.760413522525255,,,,large_chi2_ndf,yuno,,0,0,,diagnostic_only; no_auto_accept; no_auto_split,135.20638252252525,0.1953150084811025,89.51336293171873,6,14.918893821953121,0.3649090227701226,168
0,10,27,162,168,7,7,provisional,137.424469,2.3404496875441794,,,,,yuno,,0,0,,diagnostic_only; no_auto_accept; no_auto_split,137.59488968754417,0.18809248730931505,24.398258013243804,6,4.066376335540634,0.370282893508588,168
0,10,28,162,168,7,7,provisional,129.386414,2.6568930088507443,,,,large_chi2_ndf,yuno,,0,0,,diagnostic_only; no_auto_accept; no_auto_split,129.28038200885075,0.22318897775309332,37.26531086312365,6,6.210885143853942,0.3707421204485397,168
0,10,29,162,168,7,7,provisional,137.669098,5.097556674864762,,,,large_chi2_ndf,yuno,,0,0,,diagnostic_only; no_auto_accept; no_auto_split,137.97576067486477,0.20233092100985006,156.81847104723434,6,26.136411841205724,0.36153191039225413,168
0,10,30,162,168,7,7,provisional,136.337936,3.2035433525341546,,,,large_chi2_ndf,yuno,,0,0,,diagnostic_only; no_auto_accept; no_auto_split,136.89803235253416,0.20556036717318296,59.453202862033486,6,9.908867143672248,0.3520852098031131,168
0,10,31,162,168,7,7,provisional,132.422012,5.360285725972517,,,,large_chi2_ndf,yuno,,0,0,,diagnostic_only; no_auto_accept; no_auto_split,133.20678272597252,0.2113400524330863,70.78004386271954,6,11.796673977119923,0.35028997190872097,168
0,11,1,162,168,7,7,provisional,130.64563,3.99538412330719,,,,large_chi2_ndf,yuno,,0,0,,diagnostic_only; no_auto_accept; no_auto_split,130.51761587669282,0.2900449507703287,46.101185217889665,6,7.683530869648277,0.3199686456852395,168
0,11,2,162,168,7,7,provisional,126.907181,4.6051481067960935,,,,large_chi2_ndf,yuno,,0,0,,diagnostic_only; no_auto_accept; no_auto_split,126.56210310679609,0.2691624443118324,30.445077825763008,6,5.074179637627168,0.3098397763727241,168
0,11,3,162,168,7,7,provisional,133.162872,8.655941164723785,,,,,yuno,,0,0,,diagnostic_only; no_auto_accept; no_auto_split,132.94482016472378,0.3054650850925344,8.596165547751253,6,1.4326942579585422,0.3623484189938121,168
0,11,4,162,168,7,7,provisional,130.544342,1.175632231409054,,,,,yuno,,0,0,,diagnostic_only; no_auto_accept; no_auto_split,130.86845723140905,0.2035087610307837,13.284096303778327,6,2.2140160506297213,0.37954184821940057,168
0,11,5,162,168,7,7,provisional,130.804596,3.9794130638680087,,,,large_chi2_ndf,yuno,,0,0,,diagnostic_only; no_auto_accept; no_auto_split,130.704602063868,0.20051035724953545,39.621763835401644,6,6.603627305900274,0.35748159717693584,168
0,11,6,162,168,7,7,provisional,132.428253,4.1543415940502655,,,,,yuno,,0,0,,diagnostic_only; no_auto_accept; no_auto_split,132.55090259405026,0.228073787632972,9.686332571470363,6,1.6143887619117272,0.38571362810033927,168
0,11,7,162,168,7,7,provisional,129.702805,1.6583202554688796,,,,,yuno,,0,0,,diagnostic_only; no_auto_accept; no_auto_split,129.98744674453113,0.19926409355815208,14.66419020122599,6,2.4440317002043317,0.39807516728089704,168
0,11,8,162,168,7,7,provisional,129.538467,4.23167747600786,,,,,yuno,,0,0,,diagnostic_only; no_auto_accept; no_auto_split,128.92779252399214,0.1712757457915986,27.9209735808751,6,4.653495596812516,0.385793043650974,168
0,11,9,162,168,7,7,provisional,130.818085,2.6276650729604683,,,,large_chi2_ndf,yuno,,0,0,,diagnostic_only; no_auto_accept; no_auto_split,130.80950407296046,0.19239230781316094,30.334250096825222,6,5.05570834947087,0.38475496198209475,168
0,11,10,162,168,7,7,provisional,135.970413,2.8349910785846077,,,,,yuno,,0,0,,diagnostic_only; no_auto_accept; no_auto_split,136.0063930785846,0.19433723668521313,7.689243600996167,6,1.2815406001660279,0.3872763026658631,168
0,11,11,162,168,7,7,provisional,136.94313,2.845454560589843,,,,,yuno,,0,0,,diagnostic_only; no_auto_accept; no_auto_split,136.74779143941015,0.20707145570282606,14.545709440389235,6,2.4242849067315393,0.3901569486311426,168
0,11,12,162,168,7,7,provisional,138.250839,2.6739164436917804,,,,,yuno,,0,0,,diagnostic_only; no_auto_accept; no_auto_split,138.5819514436918,0.20838622617789762,10.346919552533201,6,1.7244865920888668,0.36661239006779794,168
0,11,13,162,168,7,7,provisional,136.040115,2.5688298279570745,,,,,yuno,,0,0,,diagnostic_only; no_auto_accept; no_auto_split,136.13822682795708,0.1978899690227711,14.534509052895864,6,2.422418175482644,0.3716663185936951,168
0,11,14,162,168,7,7,provisional,132.793289,1.5343910563518648,,,,,yuno,,0,0,,diagnostic_only; no_auto_accept; no_auto_split,132.39494105635185,0.1826503469119222,16.752178753971904,6,2.7920297923286506,0.3910224369480587,168
0,11,15,162,168,7,7,provisional,132.83075,3.133517154618829,,,,large_chi2_ndf,yuno,,0,0,,diagnostic_only; no_auto_accept; no_auto_split,133.20347915461883,0.19793160875879706,37.12002735441092,6,6.186671225735154,0.385876920528523,168
0,11,16,162,168,7,7,provisional,136.911331,3.0604637102787535,,,,,yuno,,0,0,,diagnostic_only; no_auto_accept; no_auto_split,137.27404071027874,0.19066334839091528,22.768909182635344,6,3.7948181971058905,0.38272929827055185,168
0,11,17,162,168,7,7,provisional,131.579376,3.507587223159476,,,,large_chi2_ndf,yuno,,0,0,,diagnostic_only; no_auto_accept; no_auto_split,132.2768892231595,0.19210784460026942,42.96135338554282,6,7.160225564257137,0.3727812413742738,168
0,11,18,162,168,7,7,provisional,132.421188,1.9590760578898312,,,,large_chi2_ndf,yuno,,0,0,,diagnostic_only; no_auto_accept; no_auto_split,132.97637905788983,0.19119350827394055,30.160845969898,6,5.026807661649666,0.3844763643082912,168
0,11,19,162,168,7,7,provisional,130.450409,2.088166404786591,,,,large_chi2_ndf,yuno,,0,0,,diagnostic_only; no_auto_accept; no_auto_split,131.25889740478658,0.18794820963434222,44.670121757511254,6,7.445020292918542,0.3784227127795305,168
0,11,20,162,168,7,7,provisional,133.660812,1.337215888187842,,,,large_chi2_ndf,yuno,,0,0,,diagnostic_only; no_auto_accept; no_auto_split,134.53700611181216,0.20680919144000426,30.029725135126824,6,5.004954189187804,0.3764834211370457,168
0,11,21,162,168,7,7,provisional,130.852875,2.7878089925780216,,,,large_chi2_ndf,yuno,,0,0,,diagnostic_only; no_auto_accept; no_auto_split,131.41153200742198,0.19659202359984876,37.7638648534492,6,6.2939774755748665,0.3703787582494583,168
0,11,22,162,168,7,7,provisional,132.787979,3.6129523722368617,,,,large_chi2_ndf,yuno,,0,0,,diagnostic_only; no_auto_accept; no_auto_split,134.05434337223687,0.19318985698904775,60.149803997304765,6,10.024967332884128,0.3719817935020374,168
0,11,23,162,168,7,7,provisional,130.476852,3.363023835118213,,,,large_chi2_ndf,yuno,,0,0,,diagnostic_only; no_auto_accept; no_auto_split,131.3374808351182,0.19993295121611654,52.39432699740364,6,8.732387832900606,0.36965970759823263,168
0,11,24,162,168,7,7,provisional,134.84671,5.159440167328995,,,,large_chi2_ndf,yuno,,0,0,,diagnostic_only; no_auto_accept; no_auto_split,135.943513167329,0.19944104603540716,110.85354816720827,6,18.475591361201378,0.36085221332596834,168
0,11,25,162,168,7,7,provisional,133.234436,2.8818429701348975,,,,large_chi2_ndf,yuno,,0,0,,diagnostic_only; no_auto_accept; no_auto_split,133.6007149701349,0.20608780039522115,61.46191087800276,6,10.24365181300046,0.36904140636390337,168
0,11,26,162,168,7,7,provisional,135.501907,3.5648775198408487,,,,large_chi2_ndf,yuno,,0,0,,diagnostic_only; no_auto_accept; no_auto_split,135.86262251984084,0.2009099098116119,70.45054631889575,6,11.741757719815958,0.35501832348819334,168
0,11,27,162,168,7,7,provisional,132.596985,3.314392834122259,,,,large_chi2_ndf,yuno,,0,0,,diagnostic_only; no_auto_accept; no_auto_split,133.15475416587773,0.20693075457578367,58.554411417832334,6,9.759068569638723,0.3707517432676923,168
0,11,28,162,168,7,7,provisional,134.118225,2.7753187420745746,,,,large_chi2_ndf,yuno,,0,0,,diagnostic_only; no_auto_accept; no_auto_split,134.70886674207458,0.2042998765516558,46.04961568371618,6,7.674935947286031,0.3558801969271875,168
0,11,29,162,168,7,7,provisional,131.103973,2.483389903257148,,,,large_chi2_ndf,yuno,,0,0,,diagnostic_only; no_auto_accept; no_auto_split,132.55733390325716,0.2120939707813428,66.87191353610244,6,11.14531892268374,0.35264547306921756,168
0,11,30,162,168,7,7,provisional,134.282333,3.799378847745345,,,,large_chi2_ndf,yuno,,0,0,,diagnostic_only; no_auto_accept; no_auto_split,134.83627484774536,0.21228039208968427,108.55612329133706,6,18.092687215222842,0.3357789379036091,168
0,11,31,162,168,7,7,provisional,131.993332,4.296697336411114,,,,large_chi2_ndf,yuno,,0,0,,diagnostic_only; no_auto_accept; no_auto_split,133.18515533641113,0.2134174784706922,123.45698338694034,6,20.57616389782339,0.3526449417198413,168
0,12,1,162,168,7,7,provisional,135.998672,3.3286409607839005,,,,,yuno,,0,0,,diagnostic_only; no_auto_accept; no_auto_split,136.1102109607839,0.23996607327955216,20.59775807275703,6,3.4329596787928387,0.3312824263768232,168
0,12,2,162,168,7,7,provisional,126.596214,2.27450146805198,,,,,yuno,,0,0,,diagnostic_only; no_auto_accept; no_auto_split,126.83749746805198,0.25741959378744345,16.68825395398052,6,2.7813756589967533,0.3603084089259676,168
0,12,3,162,168,7,7,provisional,125.825813,2.7002792285509685,,,,,yuno,,0,0,,diagnostic_only; no_auto_accept; no_auto_split,126.20690922855097,0.2499692405530979,5.919554604017373,6,0.9865924340028954,0.36976943575414073,168
0,12,4,162,168,7,7,provisional,130.749405,2.7068991734086865,,,,,yuno,,0,0,,diagnostic_only; no_auto_accept; no_auto_split,130.6784411734087,0.18468645238419187,27.499403856251988,6,4.583233976041998,0.36862354200785175,168
0,12,5,162,168,7,7,provisional,132.709702,2.1463788154289887,,,,,yuno,,0,0,,diagnostic_only; no_auto_accept; no_auto_split,132.82728681542898,0.17877943482678885,25.912632370211604,6,4.318772061701934,0.3723134904396255,168
0,12,6,162,168,7,7,provisional,130.730331,3.1026241983576597,,,,large_chi2_ndf,yuno,,0,0,,diagnostic_only; no_auto_accept; no_auto_split,130.91335419835767,0.17463369482982471,45.90199353556644,6,7.65033225592774,0.38908312758166486,168
0,12,7,162,168,7,7,provisional,129.446854,1.5606755260479588,,,,,yuno,,0,0,,diagnostic_only; no_auto_accept; no_auto_split,129.59035547395203,0.1797427250713648,19.49647339522556,6,3.2494122325375936,0.3726669038916145,168
0,12,8,162,168,7,7,provisional,133.810501,4.1201325013639405,,,,,yuno,,0,0,,diagnostic_only; no_auto_accept; no_auto_split,133.75050350136394,0.1737447719641414,14.360450722135917,6,2.3934084536893194,0.38382590470640254,168
0,12,9,162,168,7,7,provisional,134.177383,2.0235212974493777,,,,,yuno,,0,0,,diagnostic_only; no_auto_accept; no_auto_split,133.78632329744937,0.16393070460991124,28.324599358600516,6,4.720766559766752,0.3943300801182761,168
0,12,10,162,168,7,7,provisional,136.202682,4.361881606984724,,,,large_chi2_ndf,yuno,,0,0,,diagnostic_only; no_auto_accept; no_auto_split,136.08600260698472,0.18256327786733242,39.694938684819554,6,6.615823114136592,0.38148179840977414,168
0,12,11,162,168,7,7,provisional,136.592789,2.6427428685438485,,,,,yuno,,0,0,,diagnostic_only; no_auto_accept; no_auto_split,136.64884686854384,0.17150229661894134,16.792417310079585,6,2.7987362183465976,0.3885596237570076,168
0,12,12,162,168,7,7,provisional,135.78566,2.4436408771934452,,,,,yuno,,0,0,,diagnostic_only; no_auto_accept; no_auto_split,135.81287287719346,0.1838904483405555,15.162107668053967,6,2.527017944675661,0.38710867613705074,168
0,12,13,162,168,7,7,provisional,135.617264,3.383653227450054,,,,,yuno,,0,0,,diagnostic_only; no_auto_accept; no_auto_split,135.33175822745005,0.1774685259871662,28.901952817033056,6,4.816992136172176,0.39133207393281294,168
0,12,14,162,168,7,7,provisional,133.394211,3.1375048426850753,,,,,yuno,,0,0,,diagnostic_only; no_auto_accept; no_auto_split,133.88457415731492,0.17771509323682821,27.362785398498048,6,4.560464233083008,0.3791051376712877,168
0,12,15,162,168,7,7,provisional,136.273117,1.6176149069756036,,,,,yuno,,0,0,,diagnostic_only; no_auto_accept; no_auto_split,136.2895510930244,0.1774169028299012,8.086311859452586,6,1.3477186432420976,0.38818170988315626,168
0,12,16,162,168,7,7,provisional,139.188126,3.5308203350162444,,,,,yuno,,0,0,,diagnostic_only; no_auto_accept; no_auto_split,139.32054366498375,0.1810733489878431,21.84381020769378,6,3.6406350346156304,0.38258428643776793,168
0,12,17,162,168,7,7,provisional,135.881592,2.7456983871624345,,,,,yuno,,0,0,,diagnostic_only; no_auto_accept; no_auto_split,136.06802261283755,0.1697675682910111,22.61970546581758,6,3.769950910969597,0.38839722449458614,168
0,12,18,162,168,7,7,provisional,135.832336,1.5933904840684363,,,,,yuno,,0,0,,diagnostic_only; no_auto_accept; no_auto_split,136.24672648406843,0.1897459274477735,8.463446267472534,6,1.410574377912089,0.3973326225903322,168
0,12,19,162,168,7,7,provisional,136.276505,1.3783358338293112,,,,,yuno,,0,0,,diagnostic_only; no_auto_accept; no_auto_split,136.5667358338293,0.18021074381303562,20.384243292391908,6,3.397373882065318,0.38528625301115904,168
0,12,20,162,168,7,7,provisional,135.474075,2.7171840900496136,,,,,yuno,,0,0,,diagnostic_only; no_auto_accept; no_auto_split,135.7243710900496,0.17729978873399302,20.327824110405153,6,3.3879706850675255,0.3913328040934562,168
0,12,21,162,168,7,7,provisional,137.380066,2.090261043644034,,,,,yuno,,0,0,,diagnostic_only; no_auto_accept; no_auto_split,137.37421204364404,0.1729366881664773,27.940874128442857,6,4.6568123547404765,0.3732861010637826,168
0,12,22,162,168,7,7,provisional,132.691986,3.0137557848781853,,,,large_chi2_ndf,yuno,,0,0,,diagnostic_only; no_auto_accept; no_auto_split,133.06835221512182,0.1700580049743593,34.65185676588514,6,5.775309460980857,0.38464987380970905,168
0,12,23,162,168,7,7,provisional,135.704086,1.6759718933044496,,,,large_chi2_ndf,yuno,,0,0,,diagnostic_only; no_auto_accept; no_auto_split,136.29283889330446,0.17223002015179315,44.818352797459085,6,7.4697254662431805,0.37849204939591896,168
0,12,24,162,168,7,7,provisional,137.022522,2.731489313296038,,,,large_chi2_ndf,yuno,,0,0,,diagnostic_only; no_auto_accept; no_auto_split,137.54080031329605,0.1791363620718518,46.52816504316454,6,7.754694173860757,0.35936082984974027,168
0,12,25,162,168,7,7,provisional,133.066101,6.5297245548174345,,,,large_chi2_ndf,yuno,,0,0,,diagnostic_only; no_auto_accept; no_auto_split,133.95276655481743,0.18749090223890277,41.807730646104304,6,6.967955107684051,0.378059443247441,168
0,12,26,162,168,7,7,provisional,135.680283,1.396833204308507,,,,,yuno,,0,0,,diagnostic_only; no_auto_accept; no_auto_split,136.5177592043085,0.18815225960613732,24.539213055559998,6,4.089868842593333,0.35247458213495014,168
0,12,27,162,168,7,7,provisional,132.885986,3.3568835884346697,,,,large_chi2_ndf,yuno,,0,0,,diagnostic_only; no_auto_accept; no_auto_split,133.97861858843467,0.18516579064737743,40.09820775149132,6,6.6830346252485535,0.36082416300282466,168
0,12,28,162,168,7,7,provisional,135.570969,2.033312992385845,,,,,yuno,,0,0,,diagnostic_only; no_auto_accept; no_auto_split,135.50078099238584,0.19419248438288295,17.898757170538982,6,2.9831261950898305,0.35055984470620727,168
0,12,29,162,168,7,7,provisional,134.830002,2.170059591838424,,,,large_chi2_ndf,yuno,,0,0,,diagnostic_only; no_auto_accept; no_auto_split,135.41540440816158,0.19668888540227264,57.97985870693875,6,9.663309784489792,0.3540411833176186,168
0,12,30,162,168,7,7,provisional,133.226242,3.195579885534926,,,,large_chi2_ndf,yuno,,0,0,,diagnostic_only; no_auto_accept; no_auto_split,135.34026388553494,0.19650325139256497,74.204672483133,6,12.3674454138555,0.33954301709980034,168
0,12,31,162,168,7,7,provisional,134.176559,2.2585725335644042,,,,large_chi2_ndf,yuno,,0,0,,diagnostic_only; no_auto_accept; no_auto_split,135.2525305335644,0.21018115339590432,56.585127523584816,6,9.430854587264136,0.34439947548054695,168
1,1,1,162,168,7,7,provisional,131.022339,2.2741565563021027,,,,,yuno,,0,0,,diagnostic_only; no_auto_accept; no_auto_split,130.7645895563021,0.245357679687848,22.724201612579918,6,3.7873669354299864,0.3543494834393498,168
1,1,2,162,168,7,7,provisional,128.919556,4.427409214830007,,,,,yuno,,0,0,,diagnostic_only; no_auto_accept; no_auto_split,128.82876921483,0.2926572671073695,16.22502237674236,6,2.7041703961237267,0.368530290807562,168
1,1,3,162,168,7,7,provisional,130.22966,3.417656696366379,,,,,yuno,,0,0,,diagnostic_only; no_auto_accept; no_auto_split,130.23918830363363,0.25082093796864047,9.391315457429567,6,1.5652192429049279,0.3552016512706518,168
1,1,4,162,168,7,7,provisional,129.479294,1.1782581270524304,,,,,yuno,,0,0,,diagnostic_only; no_auto_accept; no_auto_split,129.53591387294756,0.22579846305782333,7.478943835645286,6,1.2464906392742143,0.3789429545918529,168
1,1,5,162,168,7,7,provisional,129.872208,2.7113135310416965,,,,,yuno,,0,0,,diagnostic_only; no_auto_accept; no_auto_split,130.2585695310417,0.20628629753782102,9.816802899201877,6,1.636133816533646,0.3652213987762308,168
1,1,6,162,168,7,0,manual_review,,,,,,insufficient_points,yuno,,0,0,,diagnostic_only; no_auto_accept; no_auto_split,,,,,,,
1,1,7,162,168,7,7,provisional,135.404114,2.7311606568554794,,,,,yuno,,0,0,,diagnostic_only; no_auto_accept; no_auto_split,135.26047265685548,0.2271523730650358,17.95803249071113,6,2.9930054151185215,0.37697359246809503,168
1,1,8,162,168,7,7,provisional,133.864609,0.946181815049016,,,,,yuno,,0,0,,diagnostic_only; no_auto_accept; no_auto_split,133.36851518495098,0.23071516813946208,8.589932138169555,6,1.4316553563615926,0.38178391340446044,168
1,1,9,162,168,7,7,provisional,133.779068,1.6757394123285678,,,,,yuno,,0,0,,diagnostic_only; no_auto_accept; no_auto_split,133.59195341232856,0.21057463030756324,4.828087010864381,6,0.8046811684773969,0.37772569748425416,168
1,1,10,162,168,7,7,provisional,135.252945,4.7018161575247746,,,,,yuno,,0,0,,diagnostic_only; no_auto_accept; no_auto_split,134.99264184247522,0.21341928808233881,18.987846924335408,6,3.1646411540559014,0.38396408980291236,168
1,1,11,162,168,7,7,provisional,134.991013,3.2539165108645705,,,,,yuno,,0,0,,diagnostic_only; no_auto_accept; no_auto_split,134.67792751086458,0.20995544053645637,19.903724574393724,6,3.3172874290656207,0.36074958060922213,168
1,1,12,162,168,7,7,provisional,133.988098,3.1175313993408906,,,,,yuno,,0,0,,diagnostic_only; no_auto_accept; no_auto_split,133.84876160065912,0.21480908692085107,12.133594850138156,6,2.022265808356359,0.3872028653890234,168
1,1,13,162,168,7,7,provisional,134.199631,2.946276504908468,,,,,yuno,,0,0,,diagnostic_only; no_auto_accept; no_auto_split,134.31955250490847,0.23400662902343,20.513698091181464,6,3.418949681863577,0.36877874387026527,168
1,1,14,162,168,7,7,provisional,133.851761,2.812291582938599,,,,,yuno,,0,0,,diagnostic_only; no_auto_accept; no_auto_split,133.6653955829386,0.21563997940701285,18.946694030990656,6,3.1577823384984427,0.3964265859758384,168
1,1,15,162,168,7,7,provisional,135.151215,3.8178992606931956,,,,,yuno,,0,0,,diagnostic_only; no_auto_accept; no_auto_split,134.7733027393068,0.21736138545893963,16.532789234171524,6,2.755464872361921,0.3734699510740558,168
1,1,16,162,168,7,7,provisional,133.919373,2.5198459865218013,,,,,yuno,,0,0,,diagnostic_only; no_auto_accept; no_auto_split,133.9354189865218,0.2082630116132669,11.32977563171643,6,1.888295938619405,0.37378580194990907,168
1,1,17,162,168,7,7,provisional,131.290268,4.988968319172841,,,,,yuno,,0,0,,diagnostic_only; no_auto_accept; no_auto_split,131.51849368082716,0.2089197086005105,16.959499073379973,6,2.826583178896662,0.3816209099165743,168
1,1,18,162,168,7,7,provisional,133.741364,4.071747000588118,,,,,yuno,,0,0,,diagnostic_only; no_auto_accept; no_auto_split,133.6142120005881,0.21101760913048534,25.56360210145663,6,4.260600350242772,0.3592213049201484,168
1,1,19,162,168,7,7,provisional,133.408569,2.351330614707706,,,,,yuno,,0,0,,diagnostic_only; no_auto_accept; no_auto_split,134.0573763852923,0.21146469132204318,17.759060402888853,6,2.9598434004814753,0.37069663321368235,168
1,1,20,162,168,7,7,provisional,133.782013,2.5295376785584267,,,,,yuno,,0,0,,diagnostic_only; no_auto_accept; no_auto_split,134.15297232144158,0.21889196472878536,22.412575460311743,6,3.7354292433852905,0.3495443997124699,168
1,1,21,162,168,7,7,provisional,130.319321,2.512536037694616,,,,,yuno,,0,0,,diagnostic_only; no_auto_accept; no_auto_split,130.5949180376946,0.21707967705167933,22.63501429571376,6,3.77250238261896,0.3616243077975633,168
1,1,22,162,168,7,7,provisional,134.396652,3.238229055544366,,,,,yuno,,0,0,,diagnostic_only; no_auto_accept; no_auto_split,134.66905894445563,0.21762864792681008,21.559794020095048,6,3.5932990033491747,0.3492942473195951,168
1,1,23,162,168,7,7,provisional,133.699341,3.4167736914403406,,,,,yuno,,0,0,,diagnostic_only; no_auto_accept; no_auto_split,133.59354669144034,0.21559969469319124,19.020309379575046,6,3.1700515632625077,0.37201183921134096,168
1,1,24,162,168,7,7,provisional,137.294739,2.9081637343906834,,,,,yuno,,0,0,,diagnostic_only; no_auto_accept; no_auto_split,137.5423347343907,0.22834390110145503,24.835192752508966,6,4.139198792084827,0.33690878039845157,168
1,1,25,162,168,7,7,provisional,133.620056,3.3288630408229665,,,,large_chi2_ndf,yuno,,0,0,,diagnostic_only; no_auto_accept; no_auto_split,134.31198704082297,0.23530988276038695,30.486108110471466,6,5.081018018411911,0.33933726932856084,168
1,1,26,162,168,7,7,provisional,134.533615,4.109211028926751,,,,,yuno,,0,0,,diagnostic_only; no_auto_accept; no_auto_split,135.19565202892676,0.22803102067620099,27.63240873544562,6,4.605401455907603,0.3470167955754847,168
1,1,27,162,168,7,7,provisional,135.830917,2.0058969796366455,,,,large_chi2_ndf,yuno,,0,0,,diagnostic_only; no_auto_accept; no_auto_split,136.57059502036336,0.2526847420715409,32.157535719913184,6,5.359589286652198,0.33444320764702506,168
1,1,28,162,168,7,7,provisional,136.902039,1.7506936251356535,,,,,yuno,,0,0,,diagnostic_only; no_auto_accept; no_auto_split,136.82483562513565,0.23223823563027268,17.92118931720669,6,2.986864886201115,0.34692877881562195,168
1,1,29,162,168,7,7,provisional,135.089279,3.7104803333919563,,,,large_chi2_ndf,yuno,,0,0,,diagnostic_only; no_auto_accept; no_auto_split,134.62612866660805,0.2338715596403879,51.23320397536103,6,8.538867329226838,0.33227175608054643,168
1,1,30,162,168,7,7,provisional,134.034103,2.85581862714335,,,,,yuno,,0,0,,diagnostic_only; no_auto_accept; no_auto_split,134.60612362714335,0.21933969019782568,10.73159917361146,6,1.7885998622685768,0.33000067634536306,168
1,1,31,162,168,7,7,provisional,135.482513,2.1136451787622548,,,,,yuno,,0,0,,diagnostic_only; no_auto_accept; no_auto_split,135.31483682123775,0.22639382251211665,12.185162363458561,6,2.03086039390976,0.34075295079703233,168
1,2,1,162,168,7,7,provisional,132.053726,3.388280685430459,,,,,yuno,,0,0,,diagnostic_only; no_auto_accept; no_auto_split,131.77231831456953,0.2760965893403852,11.964868416551358,6,1.994144736091893,0.3530305204539604,168
1,2,2,162,168,7,7,provisional,129.63855,2.6243851054478,,,,,yuno,,0,0,,diagnostic_only; no_auto_accept; no_auto_split,129.7954908945522,0.22873724457547634,4.6605283280690655,6,0.7767547213448442,0.3458434216174096,168
1,2,3,162,168,7,7,provisional,130.930161,3.2737882893370482,,,,,yuno,,0,0,,diagnostic_only; no_auto_accept; no_auto_split,130.82131128933705,0.22339642419867953,14.895986444510221,6,2.4826644074183704,0.3440555360234708,168
1,2,4,162,168,7,7,provisional,131.960922,1.2576724459984518,,,,,yuno,,0,0,,diagnostic_only; no_auto_accept; no_auto_split,131.99966144599844,0.1940658923971018,4.637205234189187,6,0.7728675390315312,0.3560069495449252,168
1,2,5,162,168,7,7,provisional,134.323654,3.5053485964388926,,,,,yuno,,0,0,,diagnostic_only; no_auto_accept; no_auto_split,134.6010664035611,0.1937941910688996,16.133635018604796,6,2.688939169767466,0.36173904952941804,168
1,2,6,162,168,7,7,provisional,133.802826,1.9844576286919278,,,,,yuno,,0,0,,diagnostic_only; no_auto_accept; no_auto_split,133.73569637130808,0.19788832348549823,9.202847575372573,6,1.533807929228762,0.39049010832931125,168
1,2,7,162,168,7,7,provisional,134.871857,1.8598031720469237,,,,,yuno,,0,0,,diagnostic_only; no_auto_accept; no_auto_split,134.89604317204692,0.2167669845493471,4.202424706822668,6,0.700404117803778,0.3702508222570504,168
1,2,8,162,168,7,7,provisional,134.236664,3.859779298322337,,,,,yuno,,0,0,,diagnostic_only; no_auto_accept; no_auto_split,134.36713429832233,0.2116584625346728,10.903060859961176,6,1.8171768099935293,0.38016908845195707,168
1,2,9,162,168,7,7,provisional,136.835846,6.411291221103937,,,,,yuno,,0,0,,diagnostic_only; no_auto_accept; no_auto_split,136.68543377889605,0.19424979615063792,20.05286061614761,6,3.3421434360246014,0.36176484390815056,168
1,2,10,162,168,7,0,manual_review,,,,,,insufficient_points,yuno,,0,0,,diagnostic_only; no_auto_accept; no_auto_split,,,,,,,
1,2,11,162,168,7,7,provisional,135.55127,1.1658353890229876,,,,,yuno,,0,0,,diagnostic_only; no_auto_accept; no_auto_split,135.666720389023,0.21423492091367827,5.479548071898987,6,0.9132580119831645,0.34844544338152345,168
1,2,12,162,168,7,7,provisional,131.651627,2.9818512522525964,,,,,yuno,,0,0,,diagnostic_only; no_auto_accept; no_auto_split,131.9550077477474,0.20561797040687468,6.756370661970316,6,1.1260617769950527,0.37364503993666465,168
1,2,13,162,168,7,7,provisional,132.466888,2.7743940185742417,,,,,yuno,,0,0,,diagnostic_only; no_auto_accept; no_auto_split,132.57036901857424,0.2195906244053697,3.109648609921459,6,0.5182747683202432,0.38480933590568966,168
1,2,14,162,168,7,7,provisional,132.617233,1.5974727002048326,,,,,yuno,,0,0,,diagnostic_only; no_auto_accept; no_auto_split,132.87745670020485,0.21170488884647237,6.893487820992622,6,1.1489146368321037,0.3649738053681719,168
1,2,15,162,168,7,7,provisional,130.65683,3.7015550767309833,,,,,yuno,,0,0,,diagnostic_only; no_auto_accept; no_auto_split,130.62978992326902,0.20560898338376382,17.948070705249123,6,2.9913451175415204,0.37455602081852646,168
1,2,16,162,168,7,7,provisional,131.826355,2.2041021329432056,,,,,yuno,,0,0,,diagnostic_only; no_auto_accept; no_auto_split,131.7893991329432,0.20722296037910828,18.91599692075814,6,3.15266615345969,0.3878633775945987,168
1,2,17,162,168,7,7,provisional,132.111847,2.013218263721825,,,,,yuno,,0,0,,diagnostic_only; no_auto_accept; no_auto_split,132.1798292637218,0.21642805470265353,10.545578422622173,6,1.7575964037703622,0.3689758186425991,168
1,2,18,162,168,7,7,provisional,131.929779,1.5437526064745555,,,,,yuno,,0,0,,diagnostic_only; no_auto_accept; no_auto_split,131.95999760647456,0.21650850414846268,8.491912276199681,6,1.415318712699947,0.37133372428724565,168
1,2,19,162,168,7,7,provisional,132.009583,6.4502999267338055,,,,large_chi2_ndf,yuno,,0,0,,diagnostic_only; no_auto_accept; no_auto_split,132.7892170732662,0.22054078613489883,121.87630993539075,6,20.312718322565125,0.3658668552554253,168
1,2,20,162,168,7,7,provisional,135.138275,5.863327650182811,,,,large_chi2_ndf,yuno,,0,0,,diagnostic_only; no_auto_accept; no_auto_split,135.69810434981719,0.2228250055526599,58.61878446058947,6,9.769797410098244,0.38384478748169404,168
1,2,21,162,168,7,7,provisional,132.535904,1.7439378882835115,,,,,yuno,,0,0,,diagnostic_only; no_auto_accept; no_auto_split,132.56136688828352,0.2153557566784127,15.727648773072888,6,2.621274795512148,0.33401911706765663,168
1,2,22,162,168,7,7,provisional,133.611343,3.3601588182455373,,,,,yuno,,0,0,,diagnostic_only; no_auto_accept; no_auto_split,133.53523781824555,0.21883112841992208,16.645677276255547,6,2.774279546042591,0.33947567392221306,168
1,2,23,162,168,7,7,provisional,131.741562,1.2342091575286247,,,,,yuno,,0,0,,diagnostic_only; no_auto_accept; no_auto_split,132.20071184247138,0.22457347337185635,7.525558049810784,6,1.254259674968464,0.36460295252681646,168
1,2,24,162,168,7,7,provisional,134.869675,4.261906229796324,,,,large_chi2_ndf,yuno,,0,0,,diagnostic_only; no_auto_accept; no_auto_split,135.12006022979634,0.24596182740247957,35.022855749361916,6,5.837142624893652,0.34909654571959003,168
1,2,25,162,168,7,7,provisional,131.198166,2.743455768482505,,,,large_chi2_ndf,yuno,,0,0,,diagnostic_only; no_auto_accept; no_auto_split,131.4082507684825,0.2594458782422118,46.345465431073265,6,7.7242442385122105,0.33596346334858673,168
1,2,26,162,168,7,7,provisional,133.595261,3.490110548084658,,,,large_chi2_ndf,yuno,,0,0,,diagnostic_only; no_auto_accept; no_auto_split,134.30064254808465,0.2320115795610176,34.669227742884885,6,5.778204623814148,0.34623436679927605,168
1,2,27,162,168,7,7,provisional,133.687317,1.1904647096749272,,,,,yuno,,0,0,,diagnostic_only; no_auto_accept; no_auto_split,133.83415670967491,0.2467884285323293,6.308118454511644,6,1.0513530757519407,0.3467829903318961,168
1,2,28,162,168,7,7,provisional,132.572067,5.958065793773542,,,,,yuno,,0,0,,diagnostic_only; no_auto_accept; no_auto_split,132.97925979377354,0.22309483026925792,28.4479984929375,6,4.74133308215625,0.33540217065171624,168
1,2,29,162,168,7,7,provisional,133.545364,4.947887249172027,,,,large_chi2_ndf,yuno,,0,0,,diagnostic_only; no_auto_accept; no_auto_split,134.04220224917202,0.22448865482699173,43.7771005511847,6,7.296183425197451,0.3426575643198592,168
1,2,30,162,168,7,7,provisional,131.996719,2.6839379641820074,,,,large_chi2_ndf,yuno,,0,0,,diagnostic_only; no_auto_accept; no_auto_split,133.326546964182,0.2175547184084496,53.34150571240528,6,8.890250952067547,0.31752169598113855,168
1,2,31,162,168,7,7,provisional,132.736603,4.82131134863792,,,,large_chi2_ndf,yuno,,0,0,,diagnostic_only; no_auto_accept; no_auto_split,133.3332593486379,0.2287888291996718,40.4650875942896,6,6.744181265714933,0.32445673148773035,168
1,3,1,162,168,7,7,provisional,123.024071,6.996296823736003,,,,,yuno,,0,0,,diagnostic_only; no_auto_accept; no_auto_split,123.381794823736,0.45940807838401915,20.908858932000346,6,3.4848098220000576,0.37641685679773446,168
1,3,2,162,168,7,7,provisional,130.768814,1.9066336840724603,,,,,yuno,,0,0,,diagnostic_only; no_auto_accept; no_auto_split,130.83056868407246,0.24170341724969183,9.157893282079247,6,1.5263155470132077,0.3358453555953713,168
1,3,3,162,168,7,7,provisional,129.690048,2.58243045856085,,,,,yuno,,0,0,,diagnostic_only; no_auto_accept; no_auto_split,129.88407654143916,0.24843264660444575,13.346858397138844,6,2.2244763995231405,0.36094505615744343,168
1,3,4,162,168,7,7,provisional,130.084778,3.097824018879507,,,,,yuno,,0,0,,diagnostic_only; no_auto_accept; no_auto_split,130.1457060188795,0.22305689615034704,12.228833808536592,6,2.038138968089432,0.3793582501970027,168
1,3,5,162,168,7,7,provisional,131.835571,3.568369770471321,,,,,yuno,,0,0,,diagnostic_only; no_auto_accept; no_auto_split,131.76600177047132,0.23647596236273682,22.65363705406683,6,3.775606175677805,0.3702305936143537,168
1,3,6,162,168,7,7,provisional,134.742554,3.7125211010999237,,,,large_chi2_ndf,yuno,,0,0,,diagnostic_only; no_auto_accept; no_auto_split,134.18711510109992,0.2135144228566009,43.945293923415456,6,7.324215653902576,0.37881817806986634,168
1,3,7,162,168,7,7,provisional,131.831009,1.4669855660970939,,,,,yuno,,0,0,,diagnostic_only; no_auto_accept; no_auto_split,131.9647575660971,0.21888484837140895,10.983128077210289,6,1.8305213462017147,0.38647293466260607,168
1,3,8,162,168,7,7,provisional,134.259201,1.8118172928232354,,,,,yuno,,0,0,,diagnostic_only; no_auto_accept; no_auto_split,134.42761629282325,0.21558290555371848,17.686579977545232,6,2.947763329590872,0.3865544988516792,168
1,3,9,162,168,7,7,provisional,130.952911,8.698120189962424,,,,,yuno,,0,0,,diagnostic_only; no_auto_accept; no_auto_split,130.92530781003757,0.2201679647297866,25.785703879503984,6,4.297617313250664,0.39661159577320604,168
1,3,10,162,168,7,7,provisional,132.582092,2.6083624764827107,,,,,yuno,,0,0,,diagnostic_only; no_auto_accept; no_auto_split,132.40079747648272,0.21210712634639817,17.98147528602645,6,2.9969125476710747,0.37487982540018255,168
1,3,11,162,168,7,7,provisional,131.528381,1.9077959023499602,,,,,yuno,,0,0,,diagnostic_only; no_auto_accept; no_auto_split,131.75987690234996,0.22575658017079672,6.670801481852581,6,1.1118002469754302,0.3588850112184147,168
1,3,12,162,168,7,7,provisional,133.768814,2.154702009466291,,,,,yuno,,0,0,,diagnostic_only; no_auto_accept; no_auto_split,134.6234520094663,0.21867054297679278,23.641396746240535,6,3.940232791040089,0.36404197459860205,168
1,3,13,162,168,7,7,provisional,131.685577,3.6063696114003108,,,,,yuno,,0,0,,diagnostic_only; no_auto_accept; no_auto_split,131.59445138859968,0.24782798540427772,16.469537174146982,6,2.7449228623578303,0.374937749779177,168
1,3,14,162,168,7,7,provisional,132.333176,4.378181790080475,,,,,yuno,,0,0,,diagnostic_only; no_auto_accept; no_auto_split,132.57999479008046,0.21096139083981294,22.619378805746628,6,3.769896467624438,0.37244312861439793,168
1,3,15,162,168,7,7,provisional,132.640289,3.5406985762635372,,,,,yuno,,0,0,,diagnostic_only; no_auto_accept; no_auto_split,132.45051957626353,0.2162468399394222,21.746333949813202,6,3.624388991635534,0.3884214191019286,168
1,3,16,162,168,7,7,provisional,133.550293,3.303855697810917,,,,,yuno,,0,0,,diagnostic_only; no_auto_accept; no_auto_split,133.8631516978109,0.20783867961886382,16.032709981101313,6,2.6721183301835523,0.36174773347957984,168
1,3,17,162,168,7,7,provisional,133.805191,3.397517957909429,,,,,yuno,,0,0,,diagnostic_only; no_auto_accept; no_auto_split,133.77724795790942,0.22811290563525172,11.926532492529223,6,1.987755415421537,0.36855255202433174,168
1,3,18,162,168,7,7,provisional,135.446732,2.5869891913646086,,,,,yuno,,0,0,,diagnostic_only; no_auto_accept; no_auto_split,135.32173019136462,0.2288622281753504,16.034656332687284,6,2.6724427221145475,0.3791632327900615,168
1,3,19,162,168,7,7,provisional,131.936264,5.157020870805269,,,,,yuno,,0,0,,diagnostic_only; no_auto_accept; no_auto_split,131.98294087080527,0.2334837465848685,29.295544897369513,6,4.8825908162282525,0.36535546465652524,168
1,3,20,162,168,7,7,provisional,135.925552,5.179281817661774,,,,,yuno,,0,0,,diagnostic_only; no_auto_accept; no_auto_split,135.48746618233824,0.22932464821511805,29.5380492919532,6,4.923008215325534,0.3698732326513986,168
1,3,21,162,168,7,7,provisional,135.973862,3.624847549813069,,,,,yuno,,0,0,,diagnostic_only; no_auto_accept; no_auto_split,135.68794245018694,0.23078292196626837,18.394962479955527,6,3.0658270799925877,0.3745087978241359,168
1,3,22,162,168,7,7,provisional,133.51976,4.064824935941118,,,,,yuno,,0,0,,diagnostic_only; no_auto_accept; no_auto_split,134.24141493594112,0.23035741933470424,23.77821217990554,6,3.9630353633175903,0.34597413512248887,168
1,3,23,162,168,7,7,provisional,131.879135,1.6040927617486602,,,,,yuno,,0,0,,diagnostic_only; no_auto_accept; no_auto_split,132.37122876174865,0.24983455196934745,13.246902215168632,6,2.2078170358614386,0.34480150806173704,168
1,3,24,162,168,7,7,provisional,131.060165,3.423526528242718,,,,,yuno,,0,0,,diagnostic_only; no_auto_accept; no_auto_split,131.11829752824272,0.2471975896364189,8.496746155909545,6,1.4161243593182575,0.37872477999208476,168
1,3,25,162,168,7,7,provisional,132.448242,1.490296896580162,,,,,yuno,,0,0,,diagnostic_only; no_auto_accept; no_auto_split,132.36998089658016,0.2423173204180907,9.884766329012518,6,1.6474610548354196,0.3551123780217576,168
1,3,26,162,168,7,7,provisional,135.993546,3.324668569612669,,,,,yuno,,0,0,,diagnostic_only; no_auto_accept; no_auto_split,136.05734956961268,0.2484055231730988,15.187643135323151,6,2.531273855887192,0.36534778788307715,168
1,3,27,162,168,7,7,provisional,132.348999,1.792614612385961,,,,,yuno,,0,0,,diagnostic_only; no_auto_accept; no_auto_split,132.44096061238596,0.23715969805380382,8.938624099194474,6,1.489770683199079,0.35003327725674976,168
1,3,28,162,168,7,7,provisional,133.738068,3.5154541080073614,,,,,yuno,,0,0,,diagnostic_only; no_auto_accept; no_auto_split,134.10415310800735,0.2753544403409283,12.713249895860006,6,2.118874982643334,0.330028304852971,168
1,3,29,162,168,7,7,provisional,136.775742,3.1551657805705133,,,,,yuno,,0,0,,diagnostic_only; no_auto_accept; no_auto_split,136.4980632194295,0.2645148794060913,4.558825857261247,6,0.7598043095435411,0.34111238677443856,168
1,3,30,162,168,7,7,provisional,132.296936,1.969735392197009,,,,,yuno,,0,0,,diagnostic_only; no_auto_accept; no_auto_split,132.251623607803,0.2900077860296157,8.887466765575942,6,1.4812444609293236,0.350899399246887,168
1,3,31,162,168,7,7,provisional,133.129669,1.9006446454023092,,,,,yuno,,0,0,,diagnostic_only; no_auto_accept; no_auto_split,133.9815616454023,0.2340569367702585,25.037297182187366,6,4.172882863697894,0.34606388561869644,168
1,4,1,162,168,7,7,provisional,135.148346,2.2429618190398344,,,,,yuno,,0,0,,diagnostic_only; no_auto_accept; no_auto_split,134.93906781903982,0.2328908119142022,15.57897833588337,6,2.596496389313895,0.3429084915619253,168
1,4,2,162,168,7,7,provisional,127.803253,1.956726583952232,,,,,yuno,,0,0,,diagnostic_only; no_auto_accept; no_auto_split,127.91465858395223,0.29603460845072227,8.481503777000986,6,1.4135839628334976,0.3760642054615082,168
1,4,3,162,168,7,7,provisional,131.913895,2.9399619638908234,,,,,yuno,,0,0,,diagnostic_only; no_auto_accept; no_auto_split,132.05322796389083,0.23310774752899277,15.676582324697216,6,2.6127637207828696,0.34342844493586544,168
1,4,4,162,168,7,7,provisional,132.931992,3.062410947587466,,,,,yuno,,0,0,,diagnostic_only; no_auto_accept; no_auto_split,133.28801194758748,0.22308026290361968,20.23555670326633,6,3.3725927838777214,0.35525537476315855,168
1,4,5,162,168,7,7,provisional,134.556686,2.189542028422835,,,,,yuno,,0,0,,diagnostic_only; no_auto_accept; no_auto_split,134.64639002842284,0.1988612129256574,9.241450316281709,6,1.5402417193802849,0.36421268012812946,168
1,4,6,162,168,7,7,provisional,137.409286,3.9754866450076918,,,,,yuno,,0,0,,diagnostic_only; no_auto_accept; no_auto_split,137.45639764500768,0.21824359711122743,26.23275853509919,6,4.372126422516532,0.37418544378548196,168
1,4,7,162,168,7,7,provisional,137.68605,4.066772034406398,,,,,yuno,,0,0,,diagnostic_only; no_auto_accept; no_auto_split,138.0162500344064,0.21494300006450148,13.934610928087142,6,2.3224351546811906,0.3732506960378609,168
1,4,8,162,168,7,7,provisional,137.589066,2.1863833109512143,,,,,yuno,,0,0,,diagnostic_only; no_auto_accept; no_auto_split,137.3010736890488,0.20552357407717636,22.015756279015605,6,3.6692927131692676,0.38163571860825024,168
1,4,9,162,168,7,7,provisional,137.97319,1.1130400547860688,,,,,yuno,,0,0,,diagnostic_only; no_auto_accept; no_auto_split,138.25152905478606,0.2111572923457231,6.0776542621671865,6,1.0129423770278645,0.37665724317889904,168
1,4,10,162,168,7,7,provisional,133.174042,0.6326222659132839,,,,,yuno,,0,0,,diagnostic_only; no_auto_accept; no_auto_split,133.29665426591328,0.2011334384495563,2.315551520435966,6,0.3859252534059943,0.38794299064355436,168
1,4,11,162,168,7,7,provisional,134.61113,0.5871629074300415,,,,,yuno,,0,0,,diagnostic_only; no_auto_accept; no_auto_split,134.57310990743005,0.21017146382914437,1.0651017600217483,6,0.1775169600036247,0.37786493674501526,168
1,4,12,162,168,7,7,provisional,134.30806,1.0813412623373324,,,,,yuno,,0,0,,diagnostic_only; no_auto_accept; no_auto_split,133.93811373766266,0.21501977233282252,9.376120523134277,6,1.562686753855713,0.38479730216868313,168
1,4,13,162,168,7,7,provisional,133.416595,5.794997490799545,,,,,yuno,,0,0,,diagnostic_only; no_auto_accept; no_auto_split,133.36854650920046,0.2145683721586155,26.58230092950406,6,4.430383488250677,0.4051001241475692,168
1,4,14,162,168,7,7,provisional,133.547821,2.346833744840808,,,,,yuno,,0,0,,diagnostic_only; no_auto_accept; no_auto_split,133.55716074484081,0.204681397523964,9.8051814585341,6,1.6341969097556834,0.3832690572053137,168
1,4,15,162,168,7,7,provisional,133.43956,1.5040379957781056,,,,,yuno,,0,0,,diagnostic_only; no_auto_accept; no_auto_split,133.5387979957781,0.21854285317244213,10.347468640357814,6,1.7245781067263024,0.38095644942425194,168
1,4,16,162,168,7,7,provisional,138.999588,3.66079509263389,,,,,yuno,,0,0,,diagnostic_only; no_auto_accept; no_auto_split,138.58761409263388,0.2219204312572532,17.86819340422103,6,2.9780322340368386,0.37873540381853343,168
1,4,17,162,168,7,7,provisional,139.898224,1.2420637234018557,,,,,yuno,,0,0,,diagnostic_only; no_auto_accept; no_auto_split,140.09879872340184,0.2239211398551478,3.7109719441163422,6,0.6184953240193903,0.36708067296001307,168
1,4,18,162,168,7,7,provisional,138.312836,3.1251899052818146,,,,,yuno,,0,0,,diagnostic_only; no_auto_accept; no_auto_split,138.49048490528182,0.22012452382111602,9.266137255240457,6,1.5443562092067429,0.37086339314242217,168
1,4,19,162,168,7,7,provisional,138.527756,1.8179042281018383,,,,,yuno,,0,0,,diagnostic_only; no_auto_accept; no_auto_split,138.59042622810185,0.23209240360582126,9.211696938219259,6,1.5352828230365432,0.35605812612904053,168
1,4,20,162,168,7,7,provisional,137.951248,3.0701025991818085,,,,,yuno,,0,0,,diagnostic_only; no_auto_accept; no_auto_split,138.8459965991818,0.2479851851595374,21.295657363155417,6,3.5492762271925695,0.3441257056259347,168
1,4,21,162,168,7,7,provisional,140.955902,5.988827722611916,,,,large_chi2_ndf,yuno,,0,0,,diagnostic_only; no_auto_accept; no_auto_split,141.50654272261193,0.23937114240376908,53.579994048356106,6,8.929999008059351,0.34670362696096585,168
1,4,22,162,168,7,7,provisional,137.454697,2.5301023908330933,,,,,yuno,,0,0,,diagnostic_only; no_auto_accept; no_auto_split,137.1667293908331,0.24718883231088998,24.815579796908366,6,4.135929966151394,0.3528000789636646,168
1,4,23,162,168,7,7,provisional,140.266724,2.3412259772746324,,,,,yuno,,0,0,,diagnostic_only; no_auto_accept; no_auto_split,140.54836397727462,0.23137058069434507,29.723409398909716,6,4.953901566484952,0.35505806952835467,168
1,4,24,162,168,7,7,provisional,135.850555,1.3397752658387105,,,,,yuno,,0,0,,diagnostic_only; no_auto_accept; no_auto_split,135.39865926583872,0.24558070599268536,10.218279181571374,6,1.7030465302618956,0.35992116438943356,168
1,4,25,162,168,7,7,provisional,135.444275,2.1847876696034803,,,,,yuno,,0,0,,diagnostic_only; no_auto_accept; no_auto_split,135.51254666960347,0.25068749194397666,17.132882930319607,6,2.855480488386601,0.37181242264793857,168
1,4,26,162,168,7,7,provisional,137.113235,2.807766031555019,,,,large_chi2_ndf,yuno,,0,0,,diagnostic_only; no_auto_accept; no_auto_split,136.867107031555,0.2493633689546436,30.258166715900682,6,5.043027785983447,0.3336562036835897,168
1,4,27,162,168,7,7,provisional,135.959915,5.201651802205703,,,,large_chi2_ndf,yuno,,0,0,,diagnostic_only; no_auto_accept; no_auto_split,135.9491201977943,0.24794776347713346,32.233640983104166,6,5.372273497184028,0.3464072350935569,168
1,4,28,162,168,7,7,provisional,136.182709,6.491338604297539,,,,large_chi2_ndf,yuno,,0,0,,diagnostic_only; no_auto_accept; no_auto_split,136.22774739570247,0.23041394340937169,32.34564234592232,6,5.390940390987054,0.3424405639691906,168
1,4,29,162,168,7,7,provisional,139.983795,4.0966784355084656,,,,,yuno,,0,0,,diagnostic_only; no_auto_accept; no_auto_split,140.31218056449154,0.26901916424258965,28.243274973336618,6,4.707212495556103,0.3337355394192012,168
1,4,30,162,168,7,7,provisional,136.777359,3.6119729303057113,,,,large_chi2_ndf,yuno,,0,0,,diagnostic_only; no_auto_accept; no_auto_split,135.8757740696943,0.2397760163008864,36.476780293797226,6,6.079463382299537,0.3273414709915858,168
1,4,31,162,168,7,7,provisional,134.767502,3.7014387960287536,,,,,yuno,,0,0,,diagnostic_only; no_auto_accept; no_auto_split,135.32590479602877,0.27507554159001796,24.180506146581138,6,4.030084357763523,0.3610754102739438,168
1,5,1,162,168,7,7,provisional,128.767838,1.5801704377751236,,,,,yuno,,0,0,,diagnostic_only; no_auto_accept; no_auto_split,129.39566143777512,0.2971255758052024,17.499705882638143,6,2.916617647106357,0.3374141762000712,168
1,5,2,162,168,7,7,provisional,126.46711,9.903978852314907,,,,large_chi2_ndf,yuno,,0,0,,diagnostic_only; no_auto_accept; no_auto_split,126.8874378523149,0.2918410757339633,42.48848902132694,6,7.081414836887824,0.3518998849427774,168
1,5,3,162,168,7,7,provisional,127.160919,1.777983917709605,,,,,yuno,,0,0,,diagnostic_only; no_auto_accept; no_auto_split,127.0637889177096,0.2939794948420255,13.782379857044104,6,2.2970633095073505,0.355957739595522,168
1,5,4,162,168,7,7,provisional,129.107742,2.2434085584948065,,,,,yuno,,0,0,,diagnostic_only; no_auto_accept; no_auto_split,129.5844045584948,0.2231897840871187,23.762195224687922,6,3.9603658707813203,0.36227529732459635,168
1,5,5,162,168,7,7,provisional,131.320023,1.5147247410725129,,,,,yuno,,0,0,,diagnostic_only; no_auto_accept; no_auto_split,131.95262125892748,0.19810795590791566,19.763972758926116,6,3.2939954598210193,0.35958587782681983,168
1,5,6,162,168,7,7,provisional,130.0495,2.8205781689028413,,,,,yuno,,0,0,,diagnostic_only; no_auto_accept; no_auto_split,129.92536016890284,0.21356303217197734,22.434938893360307,6,3.739156482226718,0.38673964455353615,168
1,5,7,162,168,7,7,provisional,129.540085,2.275313417371521,,,,large_chi2_ndf,yuno,,0,0,,diagnostic_only; no_auto_accept; no_auto_split,128.97781241737152,0.23399110870724216,35.64571905430595,6,5.940953175717659,0.3787610808417561,168
1,5,8,162,168,7,7,provisional,130.402512,1.8183429976685659,,,,,yuno,,0,0,,diagnostic_only; no_auto_accept; no_auto_split,130.66543499766857,0.2066013515322343,10.640824701868063,6,1.773470783644677,0.39046944613416085,168
1,5,9,162,168,7,7,provisional,133.610306,1.7149604382203165,,,,,yuno,,0,0,,diagnostic_only; no_auto_accept; no_auto_split,133.92789643822033,0.19138290879344946,24.47176031597249,6,4.078626719328748,0.3777968633971446,168
1,5,10,162,168,7,7,provisional,128.733231,4.092370445835371,,,,,yuno,,0,0,,diagnostic_only; no_auto_accept; no_auto_split,128.68867644583537,0.23543318114949938,24.409651567021896,6,4.068275261170316,0.3836639805000932,168
1,5,11,162,168,7,7,provisional,134.716721,3.117676770901795,,,,,yuno,,0,0,,diagnostic_only; no_auto_accept; no_auto_split,134.4940807709018,0.212792068919004,16.10512382797123,6,2.684187304661872,0.38635176054903636,168
1,5,12,162,168,7,7,provisional,132.360748,2.4715609049601994,,,,,yuno,,0,0,,diagnostic_only; no_auto_accept; no_auto_split,132.2359130950398,0.22602593960551853,9.638385446970759,6,1.6063975744951264,0.374816810887919,168
1,5,13,162,168,7,7,provisional,131.038605,2.719201420755951,,,,,yuno,,0,0,,diagnostic_only; no_auto_accept; no_auto_split,131.10762942075596,0.2453956585155754,2.960291164911756,6,0.493381860818626,0.37282801941327476,168
1,5,14,162,168,7,7,provisional,134.349457,3.693062183029838,,,,,yuno,,0,0,,diagnostic_only; no_auto_accept; no_auto_split,134.15018381697016,0.2292203807486661,16.980929328359764,6,2.8301548880599605,0.393552479603045,168
1,5,15,162,168,7,7,provisional,131.481766,3.87192482175692,,,,,yuno,,0,0,,diagnostic_only; no_auto_accept; no_auto_split,131.50968082175692,0.24624562330809224,20.859572234204272,6,3.476595372367379,0.3901831823475436,168
1,5,16,162,168,7,7,provisional,134.683975,5.856223317072335,,,,,yuno,,0,0,,diagnostic_only; no_auto_accept; no_auto_split,134.64145768292767,0.21820283044059974,16.557854217445797,6,2.7596423695742995,0.3656251394242823,168
1,5,17,162,168,7,7,provisional,133.077789,2.3970053864700844,,,,,yuno,,0,0,,diagnostic_only; no_auto_accept; no_auto_split,133.03318561352992,0.21468430473622607,10.686458854587105,6,1.7810764757645174,0.3775134379681065,168
1,5,18,162,168,7,7,provisional,133.987503,3.907706209353506,,,,,yuno,,0,0,,diagnostic_only; no_auto_accept; no_auto_split,134.02800879064648,0.23884450938100735,13.545755283370097,6,2.2576258805616827,0.3577267542896104,168
1,5,19,162,168,7,7,provisional,136.695786,7.501147840961011,,,,,yuno,,0,0,,diagnostic_only; no_auto_accept; no_auto_split,136.65275215903898,0.22286246885476357,17.4625782948529,6,2.910429715808817,0.38307651130163667,168
1,5,20,162,168,7,7,provisional,135.700455,6.150512860590027,,,,,yuno,,0,0,,diagnostic_only; no_auto_accept; no_auto_split,135.15277113940996,0.2404024128628629,27.260916178950172,6,4.543486029825028,0.35919753043407576,168
1,5,21,162,168,7,7,provisional,133.08728,2.612543741632635,,,,,yuno,,0,0,,diagnostic_only; no_auto_accept; no_auto_split,133.55184474163264,0.22406213588464804,16.668963185981188,6,2.7781605309968644,0.3642517767928948,168
1,5,22,162,168,7,7,provisional,136.061096,3.888813676741762,,,,,yuno,,0,0,,diagnostic_only; no_auto_accept; no_auto_split,135.78424567674176,0.2505027128748086,29.228733434066193,6,4.871455572344366,0.344234628380892,168
1,5,23,162,168,7,7,provisional,130.778442,4.419353818420134,,,,,yuno,,0,0,,diagnostic_only; no_auto_accept; no_auto_split,131.20753081842014,0.25709589699484925,22.91515712025823,6,3.8191928533763715,0.34616651863413117,168
1,5,24,162,168,7,7,provisional,133.48082,4.5279217575180155,,,,,yuno,,0,0,,diagnostic_only; no_auto_accept; no_auto_split,133.87608175751802,0.23478569978046498,20.695402057159296,6,3.449233676193216,0.3637429262842764,168
1,5,25,162,168,7,7,provisional,135.467941,5.078124119795234,,,,,yuno,,0,0,,diagnostic_only; no_auto_accept; no_auto_split,135.58775211979523,0.24813287981962343,24.378787914763368,6,4.063131319127228,0.3419956021325595,168
1,5,26,162,168,7,7,provisional,134.379074,2.7696396059933477,,,,,yuno,,0,0,,diagnostic_only; no_auto_accept; no_auto_split,134.31670939400666,0.2413833154998474,5.1582407980248695,6,0.8597067996708115,0.33916539051619476,168
1,5,27,162,168,7,7,provisional,133.886536,3.1103722341401863,,,,,yuno,,0,0,,diagnostic_only; no_auto_accept; no_auto_split,134.14914523414018,0.2524653337956379,10.324862710851935,6,1.7208104518086558,0.3463484262858045,168
1,5,28,162,168,7,7,provisional,135.618866,3.663254753561688,,,,,yuno,,0,0,,diagnostic_only; no_auto_accept; no_auto_split,135.52281275356168,0.24323900544028312,11.473333612384653,6,1.9122222687307755,0.34595936400974764,168
1,5,29,162,168,7,7,provisional,133.046524,2.6010118116984984,,,,,yuno,,0,0,,diagnostic_only; no_auto_accept; no_auto_split,132.7903278116985,0.2641627126868821,7.445707301798056,6,1.2409512169663428,0.3415170237853239,168
1,5,30,162,168,7,7,provisional,133.929123,6.3746184254355285,,,,,yuno,,0,0,,diagnostic_only; no_auto_accept; no_auto_split,134.30827357456448,0.24165869951189425,14.293686315675375,6,2.3822810526125626,0.33233081158012956,168
1,5,31,162,168,7,7,provisional,132.834381,3.6581197696630454,,,,,yuno,,0,0,,diagnostic_only; no_auto_accept; no_auto_split,132.99042576966303,0.24204747347013517,13.818526882215169,6,2.303087813702528,0.3465422215845532,168
1,6,1,162,168,7,7,provisional,98.959358,3.0551669853745835,,,,,yuno,,0,0,,diagnostic_only; no_auto_accept; no_auto_split,98.66198801462542,0.6450575378860504,2.966632166195828,6,0.4944386943659713,0.465356362767349,168
1,6,2,162,168,7,7,provisional,131.186844,2.398855550719901,,,,,yuno,,0,0,,diagnostic_only; no_auto_accept; no_auto_split,131.0562495507199,0.22981892539634843,10.54961251210094,6,1.7582687520168232,0.3572554731903684,168
1,6,3,162,168,7,7,provisional,132.691071,2.004256389439149,,,,,yuno,,0,0,,diagnostic_only; no_auto_accept; no_auto_split,132.48217738943916,0.2194221577658464,15.228236754259656,6,2.538039459043276,0.3516537558557791,168
1,6,4,162,168,7,7,provisional,134.64859,1.1961246863859571,,,,,yuno,,0,0,,diagnostic_only; no_auto_accept; no_auto_split,134.47476568638595,0.19942412904879409,11.634741454808342,6,1.9391235758013903,0.3821650036154027,168
1,6,5,162,168,7,7,provisional,134.379791,1.9171485029643236,,,,,yuno,,0,0,,diagnostic_only; no_auto_accept; no_auto_split,134.15387350296433,0.1869424226517557,17.734671963071765,6,2.9557786605119607,0.3709781867215885,168
1,6,6,162,168,7,7,provisional,130.74353,2.339511176947468,,,,,yuno,,0,0,,diagnostic_only; no_auto_accept; no_auto_split,131.03131417694746,0.19358694038813112,15.296473024147486,6,2.5494121706912476,0.37698207391569294,168
1,6,7,162,168,7,7,provisional,133.313217,1.5223235489396814,,,,,yuno,,0,0,,diagnostic_only; no_auto_accept; no_auto_split,133.64733854893967,0.18474822054621026,23.653889328826125,6,3.9423148881376875,0.3798635793315727,168
1,6,8,162,168,7,7,provisional,131.068756,2.0561317506599437,,,,large_chi2_ndf,yuno,,0,0,,diagnostic_only; no_auto_accept; no_auto_split,131.50641875065995,0.18606911134519324,30.742116013634952,6,5.123686002272492,0.3919050121786166,168
1,6,9,162,168,7,7,provisional,133.135452,2.1648853919957105,,,,,yuno,,0,0,,diagnostic_only; no_auto_accept; no_auto_split,132.66024860800428,0.18717246646182845,10.65202752753289,6,1.7753379212554818,0.3957220862470331,168
1,6,10,162,168,7,7,provisional,132.562759,4.663112368601048,,,,,yuno,,0,0,,diagnostic_only; no_auto_accept; no_auto_split,132.55304363139896,0.20110674892089786,7.797852432349741,6,1.2996420720582902,0.3959717557594666,168
1,6,11,162,168,7,7,provisional,135.779404,4.26077575928025,,,,,yuno,,0,0,,diagnostic_only; no_auto_accept; no_auto_split,135.86820724071976,0.20364730867030567,18.475776074801487,6,3.0792960124669144,0.3815334574977334,168
1,6,12,162,168,7,7,provisional,133.656647,1.1404638592622405,,,,,yuno,,0,0,,diagnostic_only; no_auto_accept; no_auto_split,133.73622785926224,0.20130384932368026,1.838928652560808,6,0.30648810876013466,0.3868926768048141,168
1,6,13,162,168,7,7,provisional,132.965851,2.0349964654793666,,,,,yuno,,0,0,,diagnostic_only; no_auto_accept; no_auto_split,132.96875846547937,0.22480279967773745,2.273880919218527,6,0.37898015320308787,0.36952496204777047,168
1,6,14,162,168,7,7,provisional,133.457443,2.0339857479432624,,,,,yuno,,0,0,,diagnostic_only; no_auto_accept; no_auto_split,133.93405574794326,0.19903318575045226,13.535199980620376,6,2.2558666634367293,0.3871889696453394,168
1,6,15,162,168,7,7,provisional,132.807236,6.476651754112112,,,,,yuno,,0,0,,diagnostic_only; no_auto_accept; no_auto_split,132.49563824588787,0.22674775469530078,11.857188146673183,6,1.9761980244455304,0.3924323774695523,168
1,6,16,162,168,7,7,provisional,131.662231,1.2141258557818446,,,,,yuno,,0,0,,diagnostic_only; no_auto_accept; no_auto_split,131.59832814421816,0.19399718430543833,13.713363580146607,6,2.2855605966911012,0.39403369143901423,168
1,6,17,162,168,7,7,provisional,132.176224,4.451398573432584,,,,,yuno,,0,0,,diagnostic_only; no_auto_accept; no_auto_split,132.67594657343258,0.22015637540990748,26.07820134314964,6,4.34636689052494,0.3669235414019253,168
1,6,18,162,168,7,7,provisional,133.001038,2.4936576317820425,,,,large_chi2_ndf,yuno,,0,0,,diagnostic_only; no_auto_accept; no_auto_split,134.04430163178205,0.20313462617358505,41.13855916864319,6,6.856426528107199,0.37102201731937035,168
1,6,19,162,168,7,7,provisional,136.573151,4.981387436171445,,,,,yuno,,0,0,,diagnostic_only; no_auto_accept; no_auto_split,136.77678243617146,0.22214930527013568,24.55324504674957,6,4.092207507791595,0.3850946974789672,168
1,6,20,162,168,7,7,provisional,136.193802,2.2991107696828124,,,,large_chi2_ndf,yuno,,0,0,,diagnostic_only; no_auto_accept; no_auto_split,136.4710777696828,0.20025514907377337,32.184329121364776,6,5.364054853560796,0.36176370907269223,168
1,6,21,162,168,7,7,provisional,135.792343,3.019762039376616,,,,,yuno,,0,0,,diagnostic_only; no_auto_accept; no_auto_split,136.8797470393766,0.23625892189610814,23.197336919709638,6,3.866222819951606,0.3483833037724488,168
1,6,22,162,168,7,7,provisional,138.197052,4.038142633058413,,,,large_chi2_ndf,yuno,,0,0,,diagnostic_only; no_auto_accept; no_auto_split,137.54848763305841,0.2176945635302444,36.57957802430171,6,6.096596337383619,0.3504969842135648,168
1,6,23,162,168,7,7,provisional,132.185272,8.800495364111441,,,,large_chi2_ndf,yuno,,0,0,,diagnostic_only; no_auto_accept; no_auto_split,133.64112536411145,0.23288302751655984,64.34641726317366,6,10.72440287719561,0.3623681844977885,168
1,6,24,162,168,7,7,provisional,136.301559,3.8215980880893596,,,,,yuno,,0,0,,diagnostic_only; no_auto_accept; no_auto_split,135.87034191191063,0.2053803098131187,10.104999011970891,6,1.6841665019951486,0.37596487503532666,168
1,6,25,162,168,7,7,provisional,131.989059,1.659321791202359,,,,,yuno,,0,0,,diagnostic_only; no_auto_accept; no_auto_split,132.57593279120235,0.23471985121483466,9.180283441209596,6,1.5300472402015994,0.36186937041371214,168
1,6,26,162,168,7,7,provisional,133.810562,3.0959793974291756,,,,,yuno,,0,0,,diagnostic_only; no_auto_accept; no_auto_split,134.33134639742917,0.20019348657958638,12.876545058138019,6,2.146090843023003,0.35143746187644004,168
1,6,27,162,168,7,7,provisional,134.675964,2.102982612441565,,,,,yuno,,0,0,,diagnostic_only; no_auto_accept; no_auto_split,134.91966361244155,0.21910442409051847,20.380042941361843,6,3.3966738235603073,0.3418770936156477,168
1,6,28,162,168,7,7,provisional,134.276352,1.949484362393747,,,,,yuno,,0,0,,diagnostic_only; no_auto_accept; no_auto_split,134.60924436239375,0.21603260521856227,29.572500018433324,6,4.928750003072221,0.33682309379494196,168
1,6,29,162,168,7,7,provisional,133.028976,4.541251971914164,,,,,yuno,,0,0,,diagnostic_only; no_auto_accept; no_auto_split,132.58521302808583,0.2199246977465386,22.652992705549764,6,3.775498784258294,0.3371367007298128,168
1,6,30,162,168,7,7,provisional,134.743698,3.392562257959156,,,,,yuno,,0,0,,diagnostic_only; no_auto_accept; no_auto_split,134.78485025795916,0.20852724755526136,25.443594271066544,6,4.240599045177757,0.3208795765747714,168
1,6,31,162,168,7,7,provisional,133.758209,2.8784521216330745,,,,large_chi2_ndf,yuno,,0,0,,diagnostic_only; no_auto_accept; no_auto_split,133.70425087836693,0.2125536466029416,43.655691983480516,6,7.275948663913419,0.31642659740132706,168
1,7,1,162,168,7,7,provisional,131.384247,7.880853641764105,,,,,yuno,,0,0,,diagnostic_only; no_auto_accept; no_auto_split,131.2315733582359,0.3008948856239091,11.069298392729186,6,1.8448830654548642,0.3421627737139688,168
1,7,2,162,168,7,7,provisional,130.402695,1.8698610971758853,,,,,yuno,,0,0,,diagnostic_only; no_auto_accept; no_auto_split,130.40649709717587,0.2435748618719448,18.990297987341,6,3.165049664556833,0.35940676709472036,168
1,7,3,162,168,7,7,provisional,130.127136,3.3442311738874793,,,,,yuno,,0,0,,diagnostic_only; no_auto_accept; no_auto_split,130.32949917388748,0.25324843675568764,21.875632415280112,6,3.645938735880019,0.3364743375990693,168
1,7,4,162,168,7,7,provisional,131.601746,1.195541323977892,,,,,yuno,,0,0,,diagnostic_only; no_auto_accept; no_auto_split,130.8735356760221,0.2584313044371338,11.910930282832522,6,1.9851550471387538,0.40061697950752617,168
1,7,5,162,168,7,7,provisional,132.373108,1.6991998948396372,,,,,yuno,,0,0,,diagnostic_only; no_auto_accept; no_auto_split,132.84634710516036,0.20289951550328805,23.069574803963775,6,3.8449291339939626,0.3598826265673734,168
1,7,6,162,168,7,7,provisional,128.374191,3.691785059576034,,,,,yuno,,0,0,,diagnostic_only; no_auto_accept; no_auto_split,128.48903405957603,0.20780862882183818,13.41062712449324,6,2.2351045207488736,0.39663773931548346,168
1,7,7,162,168,7,7,provisional,128.243134,2.4823335251596603,,,,,yuno,,0,0,,diagnostic_only; no_auto_accept; no_auto_split,128.53293152515965,0.19768414169996323,23.188797851859082,6,3.864799641976514,0.36845813925818216,168
1,7,8,162,168,7,7,provisional,128.628204,2.324798523448493,,,,,yuno,,0,0,,diagnostic_only; no_auto_accept; no_auto_split,129.1349485234485,0.1971733417973459,19.001438399101357,6,3.1669063998502263,0.388922722810956,168
1,7,9,162,168,7,7,provisional,129.554794,1.841351503682887,,,,,yuno,,0,0,,diagnostic_only; no_auto_accept; no_auto_split,129.2785235036829,0.18535824537487458,8.010538791920823,6,1.3350897986534704,0.37444496489142987,168
1,7,10,162,168,7,7,provisional,134.652603,4.11255314735817,,,,,yuno,,0,0,,diagnostic_only; no_auto_accept; no_auto_split,134.62032685264182,0.20790474222770444,16.241815931104007,6,2.706969321850668,0.3909177685269092,168
1,7,11,162,168,7,7,provisional,133.773544,1.6684783059409085,,,,,yuno,,0,0,,diagnostic_only; no_auto_accept; no_auto_split,133.9059846940591,0.19719372875474087,12.105149516115846,6,2.017524919352641,0.3802506990165472,168
1,7,12,162,168,7,7,provisional,132.971725,4.7097766743401905,,,,,yuno,,0,0,,diagnostic_only; no_auto_accept; no_auto_split,132.7770836743402,0.2366278496747087,24.341366284668375,6,4.056894380778062,0.4000031675906115,168
1,7,13,162,168,7,7,provisional,134.732178,2.1251222638481693,,,,,yuno,,0,0,,diagnostic_only; no_auto_accept; no_auto_split,134.76788273615182,0.2171583329384619,4.616785936107689,6,0.7694643226846148,0.3855513739634738,168
1,7,14,162,168,7,7,provisional,130.578522,2.1045303562258653,,,,,yuno,,0,0,,diagnostic_only; no_auto_accept; no_auto_split,130.74854235622587,0.19509517316289215,24.197402445491033,6,4.032900407581839,0.32861700236124575,168
1,7,15,162,168,7,7,provisional,133.629227,1.6054203905557642,,,,,yuno,,0,0,,diagnostic_only; no_auto_accept; no_auto_split,133.85307039055576,0.19772917670373663,8.202292333241585,6,1.367048722206931,0.3941946191309705,168
1,7,16,162,168,7,7,provisional,132.042953,2.4969962662321734,,,,,yuno,,0,0,,diagnostic_only; no_auto_accept; no_auto_split,131.69528426623216,0.22528820559860152,12.739913945305906,6,2.1233189908843175,0.3809098247363702,168
1,7,17,162,168,7,7,provisional,134.683945,2.325593296965394,,,,,yuno,,0,0,,diagnostic_only; no_auto_accept; no_auto_split,134.59608629696538,0.19799157679486218,15.825424229620586,6,2.6375707049367643,0.3843235816387742,168
1,7,18,162,168,7,7,provisional,130.003952,4.366246058068427,,,,,yuno,,0,0,,diagnostic_only; no_auto_accept; no_auto_split,130.03550405806843,0.248832689685428,15.54656411554836,6,2.59109401925806,0.3761360050635824,168
1,7,19,162,168,7,7,provisional,135.600906,2.2242880929177886,,,,,yuno,,0,0,,diagnostic_only; no_auto_accept; no_auto_split,135.8782640929178,0.20606342228007718,12.263932021963685,6,2.043988670327281,0.38312944098597795,168
1,7,20,162,168,7,7,provisional,134.339554,3.2163931967247095,,,,,yuno,,0,0,,diagnostic_only; no_auto_accept; no_auto_split,134.9364251967247,0.23470287893051928,19.38716517460933,6,3.2311941957682215,0.36881981811345016,168
1,7,21,162,168,7,7,provisional,133.647583,3.805792983608086,,,,,yuno,,0,0,,diagnostic_only; no_auto_accept; no_auto_split,133.95853298360808,0.20155608483297502,16.750369139484743,6,2.791728189914124,0.36331661969751483,168
1,7,22,162,168,7,7,provisional,133.14032,2.6844823359072905,,,,,yuno,,0,0,,diagnostic_only; no_auto_accept; no_auto_split,133.4991953359073,0.24137457177292973,10.685890694040406,6,1.7809817823400678,0.34638664167196337,168
1,7,23,162,168,7,7,provisional,134.900909,2.478048844578808,,,,,yuno,,0,0,,diagnostic_only; no_auto_accept; no_auto_split,135.3490208445788,0.2031868054483839,19.226612335267784,6,3.2044353892112976,0.37542681599172123,168
1,7,24,162,168,7,7,provisional,134.505264,6.812696938888507,,,,,yuno,,0,0,,diagnostic_only; no_auto_accept; no_auto_split,134.2404800611115,0.2572133053017087,29.3130369750484,6,4.885506162508067,0.3536850031014949,168
1,7,25,162,168,7,7,provisional,135.883804,3.456692620730877,,,,,yuno,,0,0,,diagnostic_only; no_auto_accept; no_auto_split,135.98331962073087,0.21939367595396714,7.85538535269646,6,1.3092308921160767,0.3614895292758363,168
1,7,26,162,168,7,7,provisional,132.832916,4.523632143792867,,,,,yuno,,0,0,,diagnostic_only; no_auto_accept; no_auto_split,132.32131614379287,0.22622320436857163,20.223688298895063,6,3.3706147164825104,0.34619077976083057,168
1,7,27,162,168,7,7,provisional,134.668732,2.971986116271381,,,,,yuno,,0,0,,diagnostic_only; no_auto_accept; no_auto_split,134.50747588372863,0.21239933210171508,9.958019782977043,6,1.6596699638295072,0.3561142120079018,168
1,7,28,162,168,7,7,provisional,131.634857,2.4349028681215827,,,,,yuno,,0,0,,diagnostic_only; no_auto_accept; no_auto_split,132.4150508681216,0.22172048484430237,28.161366905235962,6,4.69356115087266,0.3430814698131824,168
1,7,29,162,168,7,7,provisional,132.998505,3.43922803125281,,,,,yuno,,0,0,,diagnostic_only; no_auto_accept; no_auto_split,133.3236270312528,0.2187572124769773,13.334264534441761,6,2.2223774224069603,0.3318945374056869,168
1,7,30,162,168,7,7,provisional,133.673355,3.535278626731497,,,,large_chi2_ndf,yuno,,0,0,,diagnostic_only; no_auto_accept; no_auto_split,133.5206916267315,0.22283534373994351,32.5011319183598,6,5.416855319726634,0.3330039030269301,168
1,7,31,162,168,7,7,provisional,134.752441,3.7889975892483108,,,,large_chi2_ndf,yuno,,0,0,,diagnostic_only; no_auto_accept; no_auto_split,134.42068058924832,0.22881250643484555,32.22479830045112,6,5.370799716741853,0.3332221474893307,168
1,8,1,162,168,7,7,provisional,133.018036,4.050818833376411,,,,,yuno,,0,0,,diagnostic_only; no_auto_accept; no_auto_split,133.14218883337642,0.2510503937182761,19.483947646107634,6,3.2473246076846056,0.30687205661339384,168
1,8,2,162,168,7,7,provisional,129.771805,3.931040158522592,,,,large_chi2_ndf,yuno,,0,0,,diagnostic_only; no_auto_accept; no_auto_split,130.3208641585226,0.21923136533743248,37.944386113034625,6,6.324064352172438,0.35620666228509623,168
1,8,3,162,168,7,7,provisional,123.36541,1.9869557213330609,,,,,yuno,,0,0,,diagnostic_only; no_auto_accept; no_auto_split,123.21221372133306,0.3453041442398561,5.061830556312391,6,0.8436384260520652,0.37554899907984535,168
1,8,4,162,168,7,7,provisional,128.405411,1.4708337915404854,,,,,yuno,,0,0,,diagnostic_only; no_auto_accept; no_auto_split,128.28885520845952,0.20880094408942074,7.357912479906221,6,1.2263187466510368,0.3815706675972891,168
1,8,5,162,168,7,7,provisional,130.165405,1.7998102900871515,,,,,yuno,,0,0,,diagnostic_only; no_auto_accept; no_auto_split,130.64970929008715,0.22006370619526366,14.041116166194614,6,2.3401860276991022,0.39021025613194843,168
1,8,6,162,168,7,7,provisional,130.137024,2.5240047831216117,,,,,yuno,,0,0,,diagnostic_only; no_auto_accept; no_auto_split,129.3673887831216,0.20283798373516337,20.424748031637872,6,3.404124671939645,0.36923910569060386,168
1,8,7,162,168,7,7,provisional,129.699158,1.8147533719154296,,,,,yuno,,0,0,,diagnostic_only; no_auto_accept; no_auto_split,130.22994537191542,0.19630200205353535,17.60757520954818,6,2.93459586825803,0.38816964284351324,168
1,8,8,162,168,7,7,provisional,129.537521,2.405296031193913,,,,,yuno,,0,0,,diagnostic_only; no_auto_accept; no_auto_split,129.6377640311939,0.19114307378448675,23.738454139015854,6,3.956409023169309,0.38383524914387973,168
1,8,9,162,168,7,7,provisional,130.982086,1.3700049137288204,,,,,yuno,,0,0,,diagnostic_only; no_auto_accept; no_auto_split,130.8662470862712,0.20520829191966727,17.124025077036038,6,2.8540041795060063,0.3932850844742882,168
1,8,10,162,168,7,7,provisional,132.002762,0.6710428111392162,,,,,yuno,,0,0,,diagnostic_only; no_auto_accept; no_auto_split,132.03815518886077,0.21138229380940615,1.3916198836439042,6,0.23193664727398403,0.36835593484261386,168
1,8,11,162,168,7,7,provisional,133.778641,2.4991172274610562,,,,,yuno,,0,0,,diagnostic_only; no_auto_accept; no_auto_split,133.61288722746104,0.20858225652618137,13.162005478342202,6,2.1936675797237,0.39274657170067295,168
1,8,12,162,168,7,7,provisional,131.979385,1.3425155644802658,,,,,yuno,,0,0,,diagnostic_only; no_auto_accept; no_auto_split,132.10688956448027,0.20755800274126393,6.316837968426607,6,1.052806328071101,0.38183616494742645,168
1,8,13,162,168,7,7,provisional,134.016495,1.8550122595670189,,,,,yuno,,0,0,,diagnostic_only; no_auto_accept; no_auto_split,133.437059259567,0.21377870249630265,9.534786197680013,6,1.5891310329466688,0.3929488867952214,168
1,8,14,162,168,7,7,provisional,132.506363,4.188051206025051,,,,,yuno,,0,0,,diagnostic_only; no_auto_accept; no_auto_split,132.60139620602504,0.20977495864151635,8.748870299549816,6,1.4581450499249693,0.35427608123312393,168
1,8,15,162,168,7,7,provisional,133.77565,4.376179460797744,,,,,yuno,,0,0,,diagnostic_only; no_auto_accept; no_auto_split,133.52991753920224,0.21869314260578132,12.89873256347159,6,2.1497887605785984,0.3641815339340959,168
1,8,16,162,168,7,7,provisional,133.393707,3.455900216341405,,,,large_chi2_ndf,yuno,,0,0,,diagnostic_only; no_auto_accept; no_auto_split,133.7748542163414,0.21138300088056144,48.310868767403704,6,8.051811461233951,0.3588969115993951,168
1,8,17,162,168,7,7,provisional,135.53215,1.2642141191630856,,,,,yuno,,0,0,,diagnostic_only; no_auto_accept; no_auto_split,136.1169211191631,0.21389406673375122,12.190951504144351,6,2.031825250690725,0.3741480351086129,168
1,8,18,162,168,7,7,provisional,133.958694,3.6868264092958896,,,,,yuno,,0,0,,diagnostic_only; no_auto_accept; no_auto_split,134.15459940929588,0.22213962938661075,24.90406992966208,6,4.150678321610346,0.34164508963989215,168
1,8,19,162,168,7,7,provisional,132.763351,2.5961779811034944,,,,,yuno,,0,0,,diagnostic_only; no_auto_accept; no_auto_split,133.2106489811035,0.2239796591121574,16.769811100937794,6,2.7949685168229657,0.35509654971640875,168
1,8,20,162,168,7,7,provisional,135.534271,1.8344158821957421,,,,,yuno,,0,0,,diagnostic_only; no_auto_accept; no_auto_split,135.99435888219574,0.23180144942996442,6.977608049876082,6,1.162934674979347,0.3612083563188558,168
1,8,21,162,168,7,7,provisional,133.534149,2.5375778373020523,,,,large_chi2_ndf,yuno,,0,0,,diagnostic_only; no_auto_accept; no_auto_split,134.29740483730205,0.23970352213623342,34.331013939485594,6,5.721835656580932,0.34769620762569303,168
1,8,22,162,168,7,7,provisional,134.811737,1.976730138614812,,,,,yuno,,0,0,,diagnostic_only; no_auto_accept; no_auto_split,134.7538908613852,0.24472672800733677,7.343662736059175,6,1.2239437893431957,0.35693562708168985,168
1,8,23,162,168,7,7,provisional,135.477753,1.4510183790090707,,,,,yuno,,0,0,,diagnostic_only; no_auto_accept; no_auto_split,135.92663437900907,0.2469592289023261,17.668515823950766,6,2.9447526373251276,0.35856937247837634,168
1,8,24,162,168,7,7,provisional,130.08165,2.5050167186303725,,,,,yuno,,0,0,,diagnostic_only; no_auto_accept; no_auto_split,129.91560728136963,0.27165671386458135,10.21125155615766,6,1.7018752593596098,0.3544952190210916,168
1,8,25,162,168,7,7,provisional,124.825676,6.515782699218377,,,,,yuno,,0,0,,diagnostic_only; no_auto_accept; no_auto_split,125.00373330078163,0.33444386872755616,5.945925583518089,6,0.9909875972530148,0.3470425124554009,168
1,8,26,162,168,7,7,provisional,133.644241,5.688599017658703,,,,,yuno,,0,0,,diagnostic_only; no_auto_accept; no_auto_split,133.3306269823413,0.2734795513400107,13.104115601317938,6,2.184019266886323,0.38966314627433535,168
1,8,27,162,168,7,7,provisional,134.713791,2.2561865612486542,,,,,yuno,,0,0,,diagnostic_only; no_auto_accept; no_auto_split,134.62398643875136,0.23397348551985572,11.090425435959748,6,1.8484042393266247,0.3355187304921067,168
1,8,28,162,168,7,7,provisional,133.750214,2.518500974059606,,,,,yuno,,0,0,,diagnostic_only; no_auto_accept; no_auto_split,134.2410499740596,0.2626811876701931,15.943269739106508,6,2.657211623184418,0.33156472839189033,168
1,8,29,162,168,7,7,provisional,133.461914,2.5774554838440906,,,,,yuno,,0,0,,diagnostic_only; no_auto_accept; no_auto_split,133.6538104838441,0.2319606153747874,9.943678333864986,6,1.6572797223108309,0.3549745578465494,168
1,8,30,162,168,7,7,provisional,130.686691,4.342288685162913,,,,large_chi2_ndf,yuno,,0,0,,diagnostic_only; no_auto_accept; no_auto_split,131.6453126851629,0.22550759394550696,34.38657742080987,6,5.731096236801645,0.34488792518738587,168
1,8,31,162,168,7,7,provisional,130.091644,1.0758717452682447,,,,,yuno,,0,0,,diagnostic_only; no_auto_accept; no_auto_split,130.61415574526825,0.24275572363584605,10.714848994000937,6,1.7858081656668228,0.34159423073677436,168
1,9,1,162,168,7,7,provisional,129.981735,1.264225283321025,,,,,yuno,,0,0,,diagnostic_only; no_auto_accept; no_auto_split,130.05448471667899,0.27892966750311626,3.673122656788278,6,0.612187109464713,0.33930938849122094,168
1,9,2,162,168,7,7,provisional,128.858459,9.350046808932689,,,,,yuno,,0,0,,diagnostic_only; no_auto_accept; no_auto_split,128.2979171910673,0.25072391129877736,20.679622296267716,6,3.4466037160446192,0.3531574238116372,168
1,9,3,162,168,7,7,provisional,130.094681,0.8429570377861921,,,,,yuno,,0,0,,diagnostic_only; no_auto_accept; no_auto_split,129.70390296221382,0.24124375897900563,5.267148245133363,6,0.8778580408555605,0.35180144972717503,168
1,9,4,162,168,7,7,provisional,129.901505,1.1957886757093377,,,,,yuno,,0,0,,diagnostic_only; no_auto_accept; no_auto_split,129.96127032429067,0.2227625736688668,1.4962775157385488,6,0.24937958595642482,0.3804349034721493,168
1,9,5,162,168,7,7,provisional,129.984283,3.186174315092231,,,,,yuno,,0,0,,diagnostic_only; no_auto_accept; no_auto_split,129.84220331509223,0.1965015730121146,17.35890984126349,6,2.8931516402105815,0.3608316226009191,168
1,9,6,162,168,7,7,provisional,127.159012,3.110572288777462,,,,,yuno,,0,0,,diagnostic_only; no_auto_accept; no_auto_split,127.26490728877747,0.21400592449063077,13.188940366237189,6,2.198156727706198,0.36177799420214524,168
1,9,7,162,168,7,7,provisional,126.560814,2.4761871303867053,,,,,yuno,,0,0,,diagnostic_only; no_auto_accept; no_auto_split,126.76959813038671,0.22632183591659902,25.80410066691456,6,4.3006834444857605,0.3651434039769928,168
1,9,8,162,168,7,7,provisional,128.107147,1.735542227358593,,,,,yuno,,0,0,,diagnostic_only; no_auto_accept; no_auto_split,128.7673107726414,0.20245601858103268,20.996358849621735,6,3.4993931416036226,0.38262617905021834,168
1,9,9,162,168,7,7,provisional,129.116287,1.4349733762293226,,,,,yuno,,0,0,,diagnostic_only; no_auto_accept; no_auto_split,129.35874037622932,0.18037503506760055,13.764056313026344,6,2.2940093855043906,0.3570178489214924,168
1,9,10,162,168,7,7,provisional,132.619247,2.181671502757183,,,,,yuno,,0,0,,diagnostic_only; no_auto_accept; no_auto_split,132.5740964972428,0.22582056203947673,14.531347874116472,6,2.4218913123527455,0.38151970148475517,168
1,9,11,162,168,7,7,provisional,130.465027,1.1312645905057934,,,,,yuno,,0,0,,diagnostic_only; no_auto_accept; no_auto_split,130.59195759050579,0.22011459760966715,10.04089090554215,6,1.6734818175903585,0.3844899800693213,168
1,9,12,162,168,7,7,provisional,130.514008,2.2069871291672882,,,,,yuno,,0,0,,diagnostic_only; no_auto_accept; no_auto_split,130.2942061291673,0.23537381335741794,10.51319237036612,6,1.7521987283943534,0.3865131238031975,168
1,9,13,162,168,7,7,provisional,128.808029,4.046644051412883,,,,,yuno,,0,0,,diagnostic_only; no_auto_accept; no_auto_split,128.5031950514129,0.2522026327599666,15.679827195281543,6,2.6133045325469237,0.37418580580235455,168
1,9,14,162,168,7,7,provisional,132.767624,3.9733106290220235,,,,,yuno,,0,0,,diagnostic_only; no_auto_accept; no_auto_split,132.72682062902203,0.2467695592105217,12.015870128466753,6,2.0026450214111255,0.3754769182464177,168
1,9,15,162,168,7,7,provisional,130.276978,1.992296455200119,,,,,yuno,,0,0,,diagnostic_only; no_auto_accept; no_auto_split,130.4958674552001,0.2392734510904433,22.99871164981972,6,3.833118608303287,0.3762911181140804,168
1,9,16,162,168,7,7,provisional,133.523621,2.11832374198562,,,,,yuno,,0,0,,diagnostic_only; no_auto_accept; no_auto_split,133.4610517419856,0.22632897225274184,12.82043594715771,6,2.136739324526285,0.36452379364506377,168
1,9,17,162,168,7,7,provisional,130.266907,1.9999930147384646,,,,,yuno,,0,0,,diagnostic_only; no_auto_accept; no_auto_split,130.10344801473846,0.2220937616057361,17.95862200616793,6,2.9931036676946547,0.38982600134360834,168
1,9,18,162,168,7,7,provisional,132.896973,5.527201216859993,,,,,yuno,,0,0,,diagnostic_only; no_auto_accept; no_auto_split,132.82039378314002,0.2221823023441814,17.025196053191035,6,2.8375326755318393,0.36831505218124655,168
1,9,19,162,168,7,7,provisional,130.249466,3.1098795082092607,,,,,yuno,,0,0,,diagnostic_only; no_auto_accept; no_auto_split,130.48321650820927,0.2293655762036672,6.404438276436938,6,1.0674063794061563,0.37016035598267266,168
1,9,20,162,168,7,7,provisional,130.225571,2.4828754597870386,,,,,yuno,,0,0,,diagnostic_only; no_auto_accept; no_auto_split,130.55651445978702,0.22727081271057312,5.248938059999626,6,0.8748230099999376,0.359739136724133,168
1,9,21,162,168,7,7,provisional,128.880478,2.318954473637973,,,,,yuno,,0,0,,diagnostic_only; no_auto_accept; no_auto_split,128.66680147363797,0.24090874651872898,14.818105376377186,6,2.4696842293961976,0.3469874262064567,168
1,9,22,162,168,7,7,provisional,131.5672,5.219998613636889,,,,,yuno,,0,0,,diagnostic_only; no_auto_accept; no_auto_split,131.9747746136369,0.24195496533668445,9.937580823136228,6,1.6562634705227046,0.3738897529077111,168
1,9,23,162,168,7,7,provisional,127.679367,2.0350508261562794,,,,,yuno,,0,0,,diagnostic_only; no_auto_accept; no_auto_split,128.14154982615628,0.2510845122442811,6.592340119786628,6,1.0987233532977714,0.3873287963690602,168
1,9,24,162,168,7,7,provisional,128.075729,2.6089366425011207,,,,,yuno,,0,0,,diagnostic_only; no_auto_accept; no_auto_split,127.87955864250112,0.2851500972144292,15.90421055750635,6,2.6507017595843916,0.3451020220661631,168
1,9,25,162,168,7,7,provisional,128.017395,4.757802175685953,,,,,yuno,,0,0,,diagnostic_only; no_auto_accept; no_auto_split,128.34253417568596,0.3025122023660652,4.538687394908622,6,0.756447899151437,0.3524107228417027,168
1,9,26,162,168,7,7,provisional,134.524429,5.087620389466821,,,,,yuno,,0,0,,diagnostic_only; no_auto_accept; no_auto_split,134.3958023894668,0.24623870050666652,23.11304485072417,6,3.8521741417873616,0.3489367874868974,168
1,9,27,162,168,7,7,provisional,133.969971,2.647519939752442,,,,,yuno,,0,0,,diagnostic_only; no_auto_accept; no_auto_split,134.06133793975243,0.24379923679369928,9.35416386329265,6,1.5590273105487749,0.3702280787056923,168
1,9,28,162,168,7,7,provisional,136.773941,2.6501012721874417,,,,,yuno,,0,0,,diagnostic_only; no_auto_accept; no_auto_split,136.14720227218743,0.26932584666570736,15.115157840744512,6,2.5191929734574185,0.36926399695480977,168
1,9,29,162,168,7,7,provisional,133.849136,4.216693150426011,,,,,yuno,,0,0,,diagnostic_only; no_auto_accept; no_auto_split,133.527820150426,0.2658169518684596,28.389076758789404,6,4.731512793131567,0.34714730456474546,168
1,9,30,162,168,7,7,provisional,133.768982,4.6590357140542835,,,,,yuno,,0,0,,diagnostic_only; no_auto_accept; no_auto_split,134.2450037140543,0.2725561051854573,27.779041721820757,6,4.6298402869701265,0.32243488376946905,168
1,9,31,162,168,7,7,provisional,132.737183,2.0508851469373326,,,,,yuno,,0,0,,diagnostic_only; no_auto_accept; no_auto_split,132.69233414693733,0.24815832035641677,18.056551739629242,6,3.009425289938207,0.3380653966914616,168
1,10,1,162,168,7,7,provisional,132.76033,2.9624526638483246,,,,,yuno,,0,0,,diagnostic_only; no_auto_accept; no_auto_split,132.83906966384833,0.2290766490209429,11.506008447656303,6,1.9176680746093837,0.33267799704337453,168
1,10,2,162,168,7,7,provisional,130.252136,2.597632966545902,,,,,yuno,,0,0,,diagnostic_only; no_auto_accept; no_auto_split,130.5925819665459,0.26629231458390684,16.141093094182946,6,2.690182182363824,0.3647404067162325,168
1,10,3,162,168,7,7,provisional,129.832123,1.228853474520804,,,,,yuno,,0,0,,diagnostic_only; no_auto_accept; no_auto_split,129.1481755254792,0.2574950078364432,8.5727866175825,6,1.4287977695970833,0.34620187059685825,168
1,10,4,162,168,7,7,provisional,131.991028,2.489187239631633,,,,,yuno,,0,0,,diagnostic_only; no_auto_accept; no_auto_split,131.90402823963163,0.2015791252112946,8.087263906901029,6,1.3478773178168382,0.3593861696338311,168
1,10,5,162,168,7,7,provisional,130.826569,3.5740892941334153,,,,,yuno,,0,0,,diagnostic_only; no_auto_accept; no_auto_split,130.86412029413341,0.19534954664078075,14.496327966682493,6,2.416054661113749,0.35582735961684375,168
1,10,6,162,168,7,7,provisional,130.671692,1.7259887887401533,,,,,yuno,,0,0,,diagnostic_only; no_auto_accept; no_auto_split,131.08518078874016,0.20614602456593964,7.925624658638506,6,1.3209374431064178,0.3602971465597543,168
1,10,7,162,168,7,7,provisional,129.832886,2.634882127308785,,,,,yuno,,0,0,,diagnostic_only; no_auto_accept; no_auto_split,129.75553312730878,0.21846889907899367,12.01681414504737,6,2.002802357507895,0.3656555473328443,168
1,10,8,162,168,7,7,provisional,129.06282,1.934776201508484,,,,,yuno,,0,0,,diagnostic_only; no_auto_accept; no_auto_split,129.35680420150848,0.19696251794728503,6.829575779740551,6,1.1382626299567586,0.36790276295905094,168
1,10,9,162,168,7,7,provisional,130.048676,1.435611024774886,,,,,yuno,,0,0,,diagnostic_only; no_auto_accept; no_auto_split,130.29114997522512,0.19033351359683406,11.719169188503535,6,1.9531948647505892,0.37320952147137204,168
1,10,10,162,168,7,7,provisional,135.087265,5.582817163874353,,,,,yuno,,0,0,,diagnostic_only; no_auto_accept; no_auto_split,135.03986416387434,0.22787909492211994,13.22374702175019,6,2.2039578369583652,0.3881439374348054,168
1,10,11,162,168,7,7,provisional,131.937195,2.5831113909288774,,,,,yuno,,0,0,,diagnostic_only; no_auto_accept; no_auto_split,131.63183239092888,0.2122211123401629,18.846012953500843,6,3.141002158916807,0.3609501749076927,168
1,10,12,162,168,7,7,provisional,133.836029,1.3447758903776332,,,,,yuno,,0,0,,diagnostic_only; no_auto_accept; no_auto_split,133.85013189037764,0.21645106613329307,5.636837249586818,6,0.9394728749311363,0.3739500017737618,168
1,10,13,162,168,7,7,provisional,128.810883,1.737066678561277,,,,,yuno,,0,0,,diagnostic_only; no_auto_accept; no_auto_split,127.87127032143873,0.24077575487957903,19.948041036970697,6,3.324673506161783,0.3695049044513451,168
1,10,14,162,168,7,7,provisional,132.983002,1.594213505703749,,,,,yuno,,0,0,,diagnostic_only; no_auto_accept; no_auto_split,132.90818249429626,0.24450002591660241,8.065116768141447,6,1.3441861280235745,0.38243636464093134,168
1,10,15,162,168,7,7,provisional,132.638245,1.6364833120410651,,,,,yuno,,0,0,,diagnostic_only; no_auto_accept; no_auto_split,132.89328831204108,0.2376404341228969,8.677006089273195,6,1.4461676815455327,0.3734647900263138,168
1,10,16,162,168,7,7,provisional,133.284973,3.686972972831427,,,,,yuno,,0,0,,diagnostic_only; no_auto_accept; no_auto_split,133.65120802716856,0.22380943751240198,10.1062874685508,6,1.6843812447584667,0.36402459194681047,168
1,10,17,162,168,7,7,provisional,133.137238,7.267809094176187,,,,large_chi2_ndf,yuno,,0,0,,diagnostic_only; no_auto_accept; no_auto_split,133.0879799058238,0.22903916441771144,32.516159769620714,6,5.419359961603452,0.35261798533566674,168
1,10,18,162,168,7,7,provisional,133.096786,3.318560876193885,,,,,yuno,,0,0,,diagnostic_only; no_auto_accept; no_auto_split,133.60008587619387,0.23180283305576632,26.011121992586556,6,4.335186998764426,0.3704772028534579,168
1,10,19,162,168,7,7,provisional,132.583389,2.172630897421726,,,,,yuno,,0,0,,diagnostic_only; no_auto_accept; no_auto_split,132.57285389742174,0.22191602810845062,10.003163729380155,6,1.6671939548966925,0.3638797625560743,168
1,10,20,162,168,7,7,provisional,133.387177,1.1989852173607574,,,,,yuno,,0,0,,diagnostic_only; no_auto_accept; no_auto_split,133.89728821736077,0.22474020232089487,18.709580979577915,6,3.118263496596319,0.3665110756281735,168
1,10,21,162,168,7,7,provisional,131.69278,2.5010384562266665,,,,,yuno,,0,0,,diagnostic_only; no_auto_accept; no_auto_split,131.93945445622666,0.24230361026248282,27.079547808665684,6,4.513257968110947,0.35760044104897776,168
1,10,22,162,168,7,7,provisional,132.54364,3.364341072422917,,,,,yuno,,0,0,,diagnostic_only; no_auto_accept; no_auto_split,133.0845250724229,0.24546558018972947,18.832433073246754,6,3.1387388455411256,0.36093157083484717,168
1,10,23,162,168,7,7,provisional,134.524109,2.9892693059464364,,,,,yuno,,0,0,,diagnostic_only; no_auto_accept; no_auto_split,135.18648930594642,0.25520094373494256,23.480551060460463,6,3.9134251767434107,0.35347945747363696,168
1,10,24,162,168,7,7,provisional,136.459946,3.34370515154572,,,,,yuno,,0,0,,diagnostic_only; no_auto_accept; no_auto_split,135.92230315154572,0.2577254429908212,22.842912738991036,6,3.8071521231651726,0.35900540405590436,168
1,10,25,162,168,7,7,provisional,134.811203,3.6696741193618436,,,,,yuno,,0,0,,diagnostic_only; no_auto_accept; no_auto_split,135.90501011936183,0.25523744696158246,26.951444398735003,6,4.491907399789167,0.3598472881508178,168
1,10,26,162,168,7,7,provisional,128.369431,7.044644290595059,,,,,yuno,,0,0,,diagnostic_only; no_auto_accept; no_auto_split,128.96626729059506,0.2738916314252816,16.685382877709984,6,2.7808971462849974,0.3261472083837376,168
1,10,27,162,168,7,7,provisional,137.594864,6.048160367180969,,,,,yuno,,0,0,,diagnostic_only; no_auto_accept; no_auto_split,137.52997963281902,0.26610269809983317,20.697744855987327,6,3.4496241426645544,0.33716937369898825,168
1,10,28,162,168,7,7,provisional,133.36145,4.907869809073361,,,,,yuno,,0,0,,diagnostic_only; no_auto_accept; no_auto_split,134.31556980907337,0.24659600544970325,19.488791354532644,6,3.248131892422107,0.3441386418661179,168
1,10,29,162,168,7,7,provisional,132.915436,5.280341879973662,,,,large_chi2_ndf,yuno,,0,0,,diagnostic_only; no_auto_accept; no_auto_split,134.34651887997367,0.26946948802869086,39.943205071787666,6,6.657200845297944,0.3452563093024301,168
1,10,30,162,168,7,7,provisional,134.314484,3.2511378948265417,,,,large_chi2_ndf,yuno,,0,0,,diagnostic_only; no_auto_accept; no_auto_split,134.02529289482655,0.2406422950790793,35.81932782651415,6,5.969887971085691,0.33947356657979666,168
1,10,31,162,168,7,7,provisional,133.264526,3.411905850737867,,,,large_chi2_ndf,yuno,,0,0,,diagnostic_only; no_auto_accept; no_auto_split,134.07088685073788,0.30138252395038956,47.51126676062123,6,7.918544460103539,0.34687232504881144,168
1,11,1,162,168,7,7,provisional,131.849167,1.9797983256786722,,,,,yuno,,0,0,,diagnostic_only; no_auto_accept; no_auto_split,132.00631832567868,0.23036632699915388,20.772277091434386,6,3.462046181905731,0.3486219573071937,168
1,11,2,162,168,7,7,provisional,131.508453,2.213290914829088,,,,,yuno,,0,0,,diagnostic_only; no_auto_accept; no_auto_split,131.57821991482908,0.21575809397502727,17.843098130233383,6,2.9738496883722303,0.36082598870576305,168
1,11,3,162,168,7,7,provisional,128.718658,1.214214023067882,,,,,yuno,,0,0,,diagnostic_only; no_auto_accept; no_auto_split,128.9436379769321,0.1992017932740594,13.831308974556785,6,2.3052181624261308,0.363101532522727,168
1,11,4,162,168,7,7,provisional,129.835968,3.5415886177395066,,,,,yuno,,0,0,,diagnostic_only; no_auto_accept; no_auto_split,130.0306936177395,0.20835667276827635,21.967839317324646,6,3.661306552887441,0.362281375237268,168
1,11,5,162,168,7,7,provisional,131.085602,3.1655448057105104,,,,,yuno,,0,0,,diagnostic_only; no_auto_accept; no_auto_split,131.4838391942895,0.20079606907394162,27.725502692459457,6,4.62091711540991,0.3609789920748431,168
1,11,6,162,168,7,7,provisional,129.00882,3.215216899851896,,,,,yuno,,0,0,,diagnostic_only; no_auto_accept; no_auto_split,128.7123558998519,0.21017811139058157,15.832407573984568,6,2.638734595664095,0.36283219617164614,168
1,11,7,162,168,7,7,provisional,128.2556,2.03541156286623,,,,,yuno,,0,0,,diagnostic_only; no_auto_accept; no_auto_split,128.28521356286623,0.19349913812524885,18.47590978554738,6,3.07931829759123,0.37280176569843426,168
1,11,8,162,168,7,7,provisional,129.884598,4.2430032791418455,,,,,yuno,,0,0,,diagnostic_only; no_auto_accept; no_auto_split,130.18398227914184,0.19495147265767415,17.026570057145523,6,2.8377616761909206,0.38662936435710304,168
1,11,9,162,168,7,7,provisional,130.015259,3.581859488496633,,,,large_chi2_ndf,yuno,,0,0,,diagnostic_only; no_auto_accept; no_auto_split,130.14583148849664,0.18689437170361475,56.10880599574683,6,9.351467665957804,0.389865826417701,168
1,11,10,162,168,7,7,provisional,134.173126,2.7640774783293125,,,,,yuno,,0,0,,diagnostic_only; no_auto_accept; no_auto_split,134.14136352167068,0.2116760694612072,7.73937587489655,6,1.2898959791494249,0.37552687386031663,168
1,11,11,162,168,7,7,provisional,133.64212,4.765692074535366,,,,,yuno,,0,0,,diagnostic_only; no_auto_accept; no_auto_split,133.58466492546464,0.1985023169741082,17.24790581578298,6,2.874650969297163,0.3681088409736777,168
1,11,12,162,168,7,7,provisional,132.511734,1.8421735030554203,,,,,yuno,,0,0,,diagnostic_only; no_auto_accept; no_auto_split,132.71146650305542,0.22841277703336757,10.933978531768568,6,1.8223297552947615,0.37043252993661013,168
1,11,13,162,168,7,7,provisional,133.63385,3.1460104980694723,,,,,yuno,,0,0,,diagnostic_only; no_auto_accept; no_auto_split,133.42448349806946,0.2075562715518207,12.181641994276944,6,2.030273665712824,0.36312796071455244,168
1,11,14,162,168,7,7,provisional,134.990723,3.24214700747126,,,,,yuno,,0,0,,diagnostic_only; no_auto_accept; no_auto_split,135.16502900747125,0.22302290936595603,19.5196426363748,6,3.2532737727291337,0.3807466924809717,168
1,11,15,162,168,7,7,provisional,134.171402,4.736084446658879,,,,,yuno,,0,0,,diagnostic_only; no_auto_accept; no_auto_split,134.84893844665888,0.2454967640101121,16.208439768269944,6,2.7014066280449907,0.34960268717571197,168
1,11,16,162,168,7,7,provisional,136.00914,2.8739263655820366,,,,,yuno,,0,0,,diagnostic_only; no_auto_accept; no_auto_split,135.59411036558203,0.20867113504856313,18.16393817346226,6,3.0273230289103767,0.368928599052458,168
1,11,17,162,168,7,7,provisional,137.044281,4.460253878203247,,,,,yuno,,0,0,,diagnostic_only; no_auto_accept; no_auto_split,137.24261212179675,0.21204587527269686,16.87174767237165,6,2.811957945395275,0.3621380261100236,168
1,11,18,162,168,7,7,provisional,136.004364,3.11211096222641,,,,,yuno,,0,0,,diagnostic_only; no_auto_accept; no_auto_split,136.0197039622264,0.2137544123209522,14.052827776065214,6,2.3421379626775356,0.38337668681036374,168
1,11,19,162,168,7,7,provisional,134.994904,3.9443897642143213,,,,,yuno,,0,0,,diagnostic_only; no_auto_accept; no_auto_split,134.76305476421433,0.20551030629996989,22.84384613421634,6,3.8073076890360564,0.3677322883621015,168
1,11,20,162,168,7,7,provisional,135.832809,3.9976417079560918,,,,,yuno,,0,0,,diagnostic_only; no_auto_accept; no_auto_split,136.0900187079561,0.22780587998886045,16.04261077548121,6,2.673768462580202,0.361053771381517,168
1,11,21,162,168,7,7,provisional,135.130554,3.200260167692221,,,,,yuno,,0,0,,diagnostic_only; no_auto_accept; no_auto_split,134.92401516769223,0.22429365713277208,18.235403060085325,6,3.0392338433475543,0.3666424824465442,168
1,11,22,162,168,7,7,provisional,136.545883,2.8875701921289476,,,,,yuno,,0,0,,diagnostic_only; no_auto_accept; no_auto_split,136.51844519212895,0.24339471659508657,11.198842215911423,6,1.8664737026519038,0.36589823453782166,168
1,11,23,162,168,7,7,provisional,135.988892,3.4303001906756094,,,,,yuno,,0,0,,diagnostic_only; no_auto_accept; no_auto_split,136.1757071906756,0.23969624715797852,12.461422731433363,6,2.0769037885722272,0.34759301224698136,168
1,11,24,162,168,7,7,provisional,136.559723,3.3170194706362395,,,,,yuno,,0,0,,diagnostic_only; no_auto_accept; no_auto_split,136.12410247063625,0.23209688108719456,22.626982837648523,6,3.7711638062747537,0.3608561083385097,168
1,11,25,162,168,7,7,provisional,131.956116,4.5631426422733625,,,,,yuno,,0,0,,diagnostic_only; no_auto_accept; no_auto_split,131.93297764227336,0.2272089490735806,28.63830905708017,6,4.773051509513362,0.35867573872753045,168
1,11,26,162,168,7,7,provisional,135.695709,6.687947782076662,,,,,yuno,,0,0,,diagnostic_only; no_auto_accept; no_auto_split,135.82773821792333,0.2300456825794128,25.351353677446795,6,4.225225612907799,0.35880016581258367,168
1,11,27,162,168,7,7,provisional,134.588409,2.42423262503533,,,,,yuno,,0,0,,diagnostic_only; no_auto_accept; no_auto_split,134.84188062503534,0.22150085787936075,10.794087178692546,6,1.799014529782091,0.357362321462043,168
1,11,28,162,168,7,7,provisional,135.049789,3.35279891860219,,,,,yuno,,0,0,,diagnostic_only; no_auto_accept; no_auto_split,134.90946991860218,0.24827041757244844,12.303047649349407,6,2.0505079415582346,0.35664453707459126,168
1,11,29,162,168,7,7,provisional,132.24649,3.158378789016183,,,,,yuno,,0,0,,diagnostic_only; no_auto_accept; no_auto_split,132.29483778901619,0.23300157484412973,14.676661822558803,6,2.4461103037598004,0.35850465851901986,168
1,11,30,162,168,7,7,provisional,134.296829,2.697938367295052,,,,,yuno,,0,0,,diagnostic_only; no_auto_accept; no_auto_split,134.52523936729506,0.22724613763171703,15.176410082013327,6,2.5294016803355546,0.3475492534857107,168
1,11,31,162,168,7,7,provisional,132.867798,3.2367721784472963,,,,,yuno,,0,0,,diagnostic_only; no_auto_accept; no_auto_split,133.5870531784473,0.22243885189422402,17.17836799624961,6,2.863061332708268,0.3308938296685305,168
1,12,1,162,168,7,7,provisional,128.704269,3.0226893777473833,,,,,yuno,,0,0,,diagnostic_only; no_auto_accept; no_auto_split,128.8276066222526,0.3597411610819253,21.22053596473562,6,3.5367559941226037,0.33309162559633154,168
1,12,2,162,168,7,7,provisional,128.240738,4.092102859108223,,,,,yuno,,0,0,,diagnostic_only; no_auto_accept; no_auto_split,128.12857885910822,0.3033132925260502,15.019406548370757,6,2.5032344247284595,0.35281725932458413,168
1,12,3,162,168,7,7,provisional,126.911301,2.7725096151910975,,,,,yuno,,0,0,,diagnostic_only; no_auto_accept; no_auto_split,126.7676726151911,0.2851793001942715,25.30784458877133,6,4.217974098128555,0.34374922081617687,168
1,12,4,162,168,7,7,provisional,128.198959,2.627980783926432,,,,,yuno,,0,0,,diagnostic_only; no_auto_accept; no_auto_split,128.48974378392643,0.22380687311692338,19.57891414804843,6,3.2631523580080715,0.38495610411021,168
1,12,5,162,168,7,7,provisional,126.743584,3.195797080156069,,,,,yuno,,0,0,,diagnostic_only; no_auto_accept; no_auto_split,126.71274191984392,0.22839004663886492,22.40215000435362,6,3.7336916673922698,0.36374016534222825,168
1,12,6,162,168,7,7,provisional,130.784958,3.008174234963903,,,,,yuno,,0,0,,diagnostic_only; no_auto_accept; no_auto_split,130.8088712349639,0.21199509811023237,21.621471394485912,6,3.603578565747652,0.3850158589262114,168
1,12,7,162,168,7,7,provisional,127.403847,2.7327267810394176,,,,large_chi2_ndf,yuno,,0,0,,diagnostic_only; no_auto_accept; no_auto_split,128.3498377810394,0.21819851559204545,32.562170878066944,6,5.427028479677824,0.3592946138152637,168
1,12,8,162,168,7,7,provisional,129.022827,2.746188117874482,,,,,yuno,,0,0,,diagnostic_only; no_auto_accept; no_auto_split,129.54978411787448,0.21088374384944736,29.010699188318096,6,4.835116531386349,0.3711397408877437,168
1,12,9,162,168,7,7,provisional,127.977791,2.3637971168143252,,,,,yuno,,0,0,,diagnostic_only; no_auto_accept; no_auto_split,128.12605011681433,0.21931836153150966,7.516666515995272,6,1.2527777526658788,0.35949746035631236,168
1,12,10,162,168,7,7,provisional,131.710999,2.4440991060914143,,,,,yuno,,0,0,,diagnostic_only; no_auto_accept; no_auto_split,131.8635781060914,0.2578207233614944,7.315438568477928,6,1.219239761412988,0.37051147633068504,168
1,12,11,162,168,7,7,provisional,129.267258,3.824294561538977,,,,,yuno,,0,0,,diagnostic_only; no_auto_accept; no_auto_split,129.47756156153898,0.24457550429566674,10.90376483700779,6,1.8172941395012983,0.370640660906114,168
1,12,12,162,168,7,7,provisional,133.996613,3.757209637390133,,,,,yuno,,0,0,,diagnostic_only; no_auto_accept; no_auto_split,134.15569263739013,0.2471271363042758,9.82309658483634,6,1.6371827641393901,0.377238137311359,168
1,12,13,162,168,7,7,provisional,128.716965,5.650417468701733,,,,,yuno,,0,0,,diagnostic_only; no_auto_accept; no_auto_split,128.53760153129826,0.264951387327811,6.811512518289814,6,1.1352520863816358,0.3744057943701251,168
1,12,14,162,168,7,7,provisional,132.936508,2.6443133022654592,,,,,yuno,,0,0,,diagnostic_only; no_auto_accept; no_auto_split,132.84763630226547,0.24456871068669714,23.417991521055836,6,3.902998586842639,0.3825274087926206,168
1,12,15,162,168,7,7,provisional,133.379868,3.005420117664727,,,,,yuno,,0,0,,diagnostic_only; no_auto_accept; no_auto_split,133.56187088233528,0.2542513276521685,7.805418163609061,6,1.3009030272681767,0.35547791669754786,168
1,12,16,162,168,7,7,provisional,132.705505,3.1164562675403715,,,,,yuno,,0,0,,diagnostic_only; no_auto_accept; no_auto_split,132.64239373245962,0.24085108935216476,4.974093987834742,6,0.8290156646391237,0.3846722616503851,168
1,12,17,162,168,7,7,provisional,131.482574,4.432589112024502,,,,,yuno,,0,0,,diagnostic_only; no_auto_accept; no_auto_split,132.0826671120245,0.22873383449916462,23.918419140886694,6,3.9864031901477825,0.35835883149114023,168
1,12,18,162,168,7,7,provisional,132.912445,1.2397031719314668,,,,,yuno,,0,0,,diagnostic_only; no_auto_accept; no_auto_split,132.82070682806852,0.2614965509476083,2.9867924181787706,6,0.49779873636312844,0.3638846575559228,168
1,12,19,162,168,7,7,provisional,132.917145,2.18061353999164,,,,,yuno,,0,0,,diagnostic_only; no_auto_accept; no_auto_split,133.03075653999164,0.2443630214347367,4.214292611422177,6,0.7023821019036962,0.3751469126351501,168
1,12,20,162,168,7,7,provisional,132.816772,4.05554098465376,,,,,yuno,,0,0,,diagnostic_only; no_auto_accept; no_auto_split,133.23877101534623,0.26965639082095405,8.724484044023857,6,1.4540806740039762,0.3614192926712588,168
1,12,21,162,168,7,7,provisional,132.162735,3.416451350365236,,,,,yuno,,0,0,,diagnostic_only; no_auto_accept; no_auto_split,132.93390564963477,0.2651535768698453,19.57847712032944,6,3.2630795200549065,0.337453755735886,168
1,12,22,162,168,7,7,provisional,132.838501,5.055872728713695,,,,,yuno,,0,0,,diagnostic_only; no_auto_accept; no_auto_split,132.9063217287137,0.2611310316497961,22.069706535942128,6,3.6782844226570215,0.3686655970777896,168
1,12,23,162,168,7,7,provisional,128.640793,2.693851732790762,,,,,yuno,,0,0,,diagnostic_only; no_auto_accept; no_auto_split,128.73411973279076,0.25364445546916076,13.68953796997958,6,2.2815896616632636,0.35982252554524774,168
1,12,24,162,168,7,7,provisional,130.780914,1.684009689569848,,,,,yuno,,0,0,,diagnostic_only; no_auto_accept; no_auto_split,130.96548031043014,0.26478740594232353,8.439393146225079,6,1.4065655243708466,0.3513070897845561,168
1,12,25,162,168,7,7,provisional,132.983932,3.662875424730686,,,,,yuno,,0,0,,diagnostic_only; no_auto_accept; no_auto_split,132.9967074247307,0.2659720902535294,11.262469852270872,6,1.877078308711812,0.3624501088063817,168
1,12,26,162,168,7,7,provisional,131.314117,3.1361471002118435,,,,,yuno,,0,0,,diagnostic_only; no_auto_accept; no_auto_split,131.38556710021183,0.28275735215992504,17.215852333309,6,2.869308722218167,0.3275165598333714,168
1,12,27,162,168,7,7,provisional,131.684402,3.438111723925715,,,,,yuno,,0,0,,diagnostic_only; no_auto_accept; no_auto_split,132.1472487239257,0.26749467098981505,22.91415875750039,6,3.8190264595833985,0.3559683776634243,168
1,12,28,162,168,7,7,provisional,133.138672,3.3766480846837794,,,,,yuno,,0,0,,diagnostic_only; no_auto_accept; no_auto_split,132.87471008468378,0.28451652147380524,9.444771742991126,6,1.5741286238318544,0.3575140278578423,168
1,12,29,162,168,7,7,provisional,130.289337,3.439141847725125,,,,,yuno,,0,0,,diagnostic_only; no_auto_accept; no_auto_split,130.38370315227488,0.27784397854453086,10.530418173504174,6,1.755069695584029,0.33852563593927165,168
1,12,30,162,168,7,7,provisional,131.099808,2.7691971553782366,,,,,yuno,,0,0,,diagnostic_only; no_auto_accept; no_auto_split,131.66348415537823,0.24826437211792596,16.612772496472733,6,2.7687954160787887,0.3328060703231804,168
1,12,31,162,168,7,7,provisional,129.464081,4.038775166614826,,,,,yuno,,0,0,,diagnostic_only; no_auto_accept; no_auto_split,129.76880116661482,0.2712050161552204,18.656787814673613,6,3.1094646357789357,0.3465520228311168,168
