ew,pp,tt,period_start,period_end,n_found,n_used,status,median_mpv,max_abs_residual,missing_days,flagged_days,numeric_excluded_days,qa_flag,source,split_day,n_before,n_after,signed_median_shift,notes,constant,constant_error,chi2,ndf,chi2_ndf,max_weight_fraction,dominant_day
0,1,1,176,182,7,7,provisional,108.796722,5.312030029877619,,176;177;178;179;180;181;182,,different_from_nominal,ding,,0,0,,diagnostic_only; no_auto_accept; no_auto_split,108.04214002987761,0.9404312930651967,4.8914243552439345,6,0.8152373925406557,0.22787123487783162,181
0,1,2,176,182,7,7,provisional,122.697021,2.6346220958422606,,178,,different_from_nominal,ding,,0,0,,diagnostic_only; no_auto_accept; no_auto_split,122.56448509584226,0.532003359100433,3.5079247953739103,6,0.5846541325623184,0.2695390629355313,181
0,1,3,176,182,7,7,provisional,105.564636,4.116126582381725,,176;177;178;179;180;181;182,,different_from_nominal,ding,,0,0,,diagnostic_only; no_auto_accept; no_auto_split,106.76298458238172,1.2138939003295477,2.0562171950994257,6,0.3427028658499043,0.27023544209828393,180
0,1,4,176,182,7,7,provisional,128.973633,0.8198540906325604,,,,,ding,,0,0,,diagnostic_only; no_auto_accept; no_auto_split,128.95866490936743,0.2491174465670868,5.8669654267915,6,0.9778275711319168,0.22118878333525366,181
0,1,5,176,182,7,7,provisional,118.267311,3.0479579600186923,,176;178;179;180;181;182,,different_from_nominal,ding,,0,0,,diagnostic_only; no_auto_accept; no_auto_split,119.13353003998131,0.5888995768992686,8.612312218649269,6,1.4353853697748782,0.22698935339674794,181
0,1,6,176,182,7,7,provisional,125.943947,1.1696176286494335,,,,,ding,,0,0,,diagnostic_only; no_auto_accept; no_auto_split,126.14109862864943,0.23803301063476748,6.016634930439692,6,1.0027724884066154,0.2634380116912379,181
0,1,7,176,182,7,7,provisional,118.896744,3.831485022248941,,177;178;181;182,,different_from_nominal,ding,,0,0,,diagnostic_only; no_auto_accept; no_auto_split,120.45079302224894,0.40934785560783554,23.14203257361919,6,3.8570054289365316,0.2354521338055418,180
0,1,8,176,182,7,7,provisional,126.762688,0.9699724965617662,,,,,ding,,0,0,,diagnostic_only; no_auto_accept; no_auto_split,126.63146349656176,0.1868527073660796,10.248167770006638,6,1.7080279616677732,0.2138753896187751,181
0,1,9,176,182,7,7,provisional,124.788292,1.0930503669307683,,,,,ding,,0,0,,diagnostic_only; no_auto_accept; no_auto_split,125.04639636693076,0.2000808690089851,9.967679180555368,6,1.6612798634258947,0.21272965221434695,181
0,1,10,176,182,7,7,provisional,133.812668,0.7800987970022959,,,,,ding,,0,0,,diagnostic_only; no_auto_accept; no_auto_split,133.8825617970023,0.2000231345698254,3.499106953451507,6,0.5831844922419178,0.2255203800952258,181
0,1,11,176,182,7,7,provisional,132.893906,1.4054201829681006,,,,,ding,,0,0,,diagnostic_only; no_auto_accept; no_auto_split,132.9497738170319,0.22895453433352758,8.477873376400039,6,1.4129788960666732,0.2097335646961032,181
0,1,12,176,182,7,7,provisional,134.685654,0.5950242489830941,,,,,ding,,0,0,,diagnostic_only; no_auto_accept; no_auto_split,134.7673262489831,0.21805810817333998,4.046025430574158,6,0.6743375717623596,0.20299701386997882,182
0,1,13,176,182,7,7,provisional,134.120422,0.6833990349869907,,,,,ding,,0,0,,diagnostic_only; no_auto_accept; no_auto_split,134.250240965013,0.21987757040143974,4.474320636422629,6,0.7457201060704381,0.2230513945454621,182
0,1,14,176,182,7,7,provisional,134.421661,1.4096038169212761,,,,,ding,,0,0,,diagnostic_only; no_auto_accept; no_auto_split,134.23434181692127,0.2260870649750177,8.597050986983295,6,1.4328418311638824,0.21319468156805976,181
0,1,15,176,182,7,7,provisional,134.341553,1.015083338121599,,,,,ding,,0,0,,diagnostic_only; no_auto_accept; no_auto_split,134.3106463381216,0.2298661793136062,4.570864854865087,6,0.7618108091441812,0.21128368956187193,181
0,1,16,176,182,7,7,provisional,131.82048,1.654407567328434,,,,,ding,,0,0,,diagnostic_only; no_auto_accept; no_auto_split,131.66781243267155,0.18891889366934767,21.744752344805118,6,3.624125390800853,0.2247144128753886,181
0,1,17,176,182,7,7,provisional,131.670364,1.480659202550413,,,,,ding,,0,0,,diagnostic_only; no_auto_accept; no_auto_split,131.44541120255042,0.2086964536392337,15.382559016081075,6,2.5637598360135123,0.22152617483048204,181
0,1,18,176,182,7,7,provisional,133.573837,1.1065739344971917,,,,,ding,,0,0,,diagnostic_only; no_auto_accept; no_auto_split,133.27709093449718,0.1871959462970912,12.631116234194584,6,2.105186039032431,0.213460890574069,181
0,1,19,176,182,7,7,provisional,129.811813,2.188481429007439,,,,large_chi2_ndf,ding,,0,0,,diagnostic_only; no_auto_accept; no_auto_split,129.35052242900744,0.18684655347897833,47.59647362158888,6,7.932745603598146,0.21375018954041383,181
0,1,20,176,182,7,7,provisional,132.692627,1.4702995903863894,,,,,ding,,0,0,,diagnostic_only; no_auto_accept; no_auto_split,132.5280695903864,0.18778697194598676,18.251598662942218,6,3.0419331104903695,0.217615135695258,181
0,1,21,176,182,7,7,provisional,132.028,2.212818483468226,,,,large_chi2_ndf,ding,,0,0,,diagnostic_only; no_auto_accept; no_auto_split,131.46338348346822,0.20310757224412404,38.188375337169624,6,6.364729222861604,0.20985893215229795,181
0,1,22,176,182,7,7,provisional,132.287277,2.60907695666333,,,,large_chi2_ndf,ding,,0,0,,diagnostic_only; no_auto_accept; no_auto_split,131.62651795666332,0.20336485944424976,54.98364446875084,6,9.163940744791807,0.2135047982434853,182
0,1,23,176,182,7,7,provisional,132.975159,2.4313753135396894,,,,large_chi2_ndf,ding,,0,0,,diagnostic_only; no_auto_accept; no_auto_split,132.19593231353969,0.19816167495198408,48.28087617835069,6,8.04681269639178,0.22374444346151873,181
0,1,24,176,182,7,7,provisional,131.917969,3.5282144735953977,,,,large_chi2_ndf,ding,,0,0,,diagnostic_only; no_auto_accept; no_auto_split,131.3239885264046,0.23750871637417856,61.057952145431145,6,10.176325357571857,0.22208650004279115,182
0,1,25,176,182,7,7,provisional,130.657608,3.469533418091885,,,,large_chi2_ndf,ding,,0,0,,diagnostic_only; no_auto_accept; no_auto_split,130.45704158190813,0.23793297403123811,60.301470980679106,6,10.050245163446517,0.21768501045582073,181
0,1,26,176,182,7,7,provisional,133.741226,2.9499246938303543,,,,large_chi2_ndf,ding,,0,0,,diagnostic_only; no_auto_accept; no_auto_split,132.18413930616964,0.2366698425376118,81.32137166825649,6,13.553561944709415,0.2241885363380748,182
0,1,27,176,182,7,7,provisional,134.408981,2.709402657893577,,,,large_chi2_ndf,ding,,0,0,,diagnostic_only; no_auto_accept; no_auto_split,133.48172665789357,0.21735542238289488,74.10118527122678,6,12.350197545204464,0.2198702778449311,181
0,1,28,176,182,7,7,provisional,133.498474,3.466365754867411,,,,large_chi2_ndf,ding,,0,0,,diagnostic_only; no_auto_accept; no_auto_split,133.0247842451326,0.26588246464742643,44.71474944479033,6,7.452458240798388,0.20813626528529777,182
0,1,29,176,182,7,7,provisional,134.366302,3.2330339249798214,,,,large_chi2_ndf,ding,,0,0,,diagnostic_only; no_auto_accept; no_auto_split,132.95529392497983,0.2570604258770578,57.1634695614551,6,9.527244926909184,0.23539151141329345,182
0,1,30,176,182,7,7,provisional,131.500626,3.3348439976715696,,,,large_chi2_ndf,ding,,0,0,,diagnostic_only; no_auto_accept; no_auto_split,130.80168699767157,0.22681256633262387,85.21152720970046,6,14.201921201616743,0.23853578654421256,182
0,1,31,176,182,7,7,provisional,133.342834,3.28004450798241,,,,large_chi2_ndf,ding,,0,0,,diagnostic_only; no_auto_accept; no_auto_split,132.5411685079824,0.2697507272099627,53.65625953028456,6,8.942709921714092,0.2305687427743086,182
0,2,1,176,182,7,7,provisional,135.265091,1.092362806431396,,,,,ding,,0,0,,diagnostic_only; no_auto_accept; no_auto_split,135.2147201935686,0.28120797254571434,2.8167675261158585,6,0.4694612543526431,0.22005241851051477,181
0,2,2,176,182,7,7,provisional,132.383087,1.3163983669900858,,,,,ding,,0,0,,diagnostic_only; no_auto_accept; no_auto_split,132.4085463669901,0.2210328937300424,8.649190211005864,6,1.4415317018343108,0.19897497299129852,181
0,2,3,176,182,7,7,provisional,132.58017,1.1595695229364082,,,,,ding,,0,0,,diagnostic_only; no_auto_accept; no_auto_split,132.6741854770636,0.23114030399724939,11.634051617814023,6,1.939008602969004,0.21799219722067154,182
0,2,4,176,182,7,7,provisional,130.96077,1.2351609476421288,,,,,ding,,0,0,,diagnostic_only; no_auto_accept; no_auto_split,131.21187594764214,0.19824557516238267,7.788319381309565,6,1.2980532302182608,0.2206175688796433,181
0,2,5,176,182,7,7,provisional,132.606323,2.0877792326673728,,,,,ding,,0,0,,diagnostic_only; no_auto_accept; no_auto_split,132.51044723266736,0.19247415679283458,14.377838600181917,6,2.396306433363653,0.21633151898951522,181
0,2,6,176,182,7,7,provisional,131.122803,0.9783037733291735,,,,,ding,,0,0,,diagnostic_only; no_auto_accept; no_auto_split,131.07374422667084,0.17800370430035958,7.502914869776714,6,1.2504858116294524,0.2189638885870394,181
0,2,7,176,182,7,7,provisional,130.351913,1.3261621572658555,,,,,ding,,0,0,,diagnostic_only; no_auto_accept; no_auto_split,130.82079115726586,0.18080378785612078,16.210924487252658,6,2.701820747875443,0.21766168136684333,182
0,2,8,176,182,7,7,provisional,130.925934,1.4470658622662427,,,,,ding,,0,0,,diagnostic_only; no_auto_accept; no_auto_split,131.06117086226624,0.16770690956199136,11.726287826531482,6,1.9543813044219138,0.21888238825081183,181
0,2,9,176,182,7,7,provisional,131.256195,0.8475567274207094,,,,,ding,,0,0,,diagnostic_only; no_auto_accept; no_auto_split,131.62326827257928,0.16297179326661643,11.0646639549245,6,1.8441106591540832,0.2069369021901321,181
0,2,10,176,182,7,7,provisional,136.365631,0.7577194033647174,,,,,ding,,0,0,,diagnostic_only; no_auto_accept; no_auto_split,136.29479840336472,0.19560121553847098,2.451015485062692,6,0.40850258084378205,0.21925299208276824,181
0,2,11,176,182,7,7,provisional,137.799805,1.212303218640642,,,,,ding,,0,0,,diagnostic_only; no_auto_accept; no_auto_split,137.58835578135935,0.1941611584855514,12.095334632107251,6,2.0158891053512087,0.21551305208288327,181
0,2,12,176,182,7,7,provisional,137.40184,1.275444424953747,,,,,ding,,0,0,,diagnostic_only; no_auto_accept; no_auto_split,137.07355457504624,0.19169184767178823,10.707781196035357,6,1.7846301993392262,0.21450500002167813,181
0,2,13,176,182,7,7,provisional,137.387741,0.8479470315206754,,,,,ding,,0,0,,diagnostic_only; no_auto_accept; no_auto_split,137.49905503152067,0.20131912036288033,4.200049899773497,6,0.7000083166289163,0.21050602155838125,182
0,2,14,176,182,7,7,provisional,137.936386,0.902169839496139,,,,,ding,,0,0,,diagnostic_only; no_auto_accept; no_auto_split,138.00868816050385,0.18777034667020284,5.761626397186909,6,0.9602710661978181,0.22197144374142136,181
0,2,15,176,182,7,7,provisional,137.309189,0.511588324509745,,,,,ding,,0,0,,diagnostic_only; no_auto_accept; no_auto_split,137.41669567549025,0.19632526857948118,2.0841204904157116,6,0.34735341506928524,0.21400108564405518,182
0,2,16,176,182,7,7,provisional,135.373993,2.0680059337826435,,,,large_chi2_ndf,ding,,0,0,,diagnostic_only; no_auto_accept; no_auto_split,134.86727693378265,0.1861022638391533,36.4835242076164,6,6.080587367936066,0.21723549887490143,181
0,2,17,176,182,7,7,provisional,136.363602,1.7467797111011407,,,,,ding,,0,0,,diagnostic_only; no_auto_accept; no_auto_split,135.74278171110114,0.1860975717885559,29.823362298028805,6,4.970560383004801,0.22311720518116607,181
0,2,18,176,182,7,7,provisional,134.787704,2.1008756571638116,,,,large_chi2_ndf,ding,,0,0,,diagnostic_only; no_auto_accept; no_auto_split,134.7886203428362,0.1897280577183888,41.14687257398916,6,6.857812095664859,0.22242221939926515,182
0,2,19,176,182,7,7,provisional,134.911087,2.1131674938176275,,,,large_chi2_ndf,ding,,0,0,,diagnostic_only; no_auto_accept; no_auto_split,134.08704449381761,0.19531439962588085,42.77675263985883,6,7.129458773309804,0.221874443592491,181
0,2,20,176,182,7,7,provisional,136.868729,1.357553446979722,,,,,ding,,0,0,,diagnostic_only; no_auto_accept; no_auto_split,136.66966855302027,0.19264192829851412,24.939245427651876,6,4.156540904608646,0.21879862232357114,181
0,2,21,176,182,7,7,provisional,134.099472,1.925515037307207,,,,large_chi2_ndf,ding,,0,0,,diagnostic_only; no_auto_accept; no_auto_split,134.0734340373072,0.19313203722394595,35.09705316692819,6,5.849508861154699,0.2213740731797702,181
0,2,22,176,182,7,7,provisional,135.977585,1.9130110478699578,,,,large_chi2_ndf,ding,,0,0,,diagnostic_only; no_auto_accept; no_auto_split,135.79324504786996,0.18584951624800905,34.68577887033196,6,5.780963145055327,0.2117306670360287,181
0,2,23,176,182,7,7,provisional,134.566879,1.8281797900915535,,,,large_chi2_ndf,ding,,0,0,,diagnostic_only; no_auto_accept; no_auto_split,134.13985579009156,0.1950458544456896,38.58472841514697,6,6.430788069191162,0.2274279422668918,182
0,2,24,176,182,7,7,provisional,137.816605,2.581046076373866,,,,large_chi2_ndf,ding,,0,0,,diagnostic_only; no_auto_accept; no_auto_split,137.26822607637388,0.20415202267608357,52.995359079481574,6,8.832559846580262,0.21627682797540834,181
0,2,25,176,182,7,7,provisional,133.474899,2.21057451868586,,,,large_chi2_ndf,ding,,0,0,,diagnostic_only; no_auto_accept; no_auto_split,133.18211651868586,0.1963253328502921,42.95623849741493,6,7.159373082902488,0.22375501404734263,182
0,2,26,176,182,7,7,provisional,139.502289,2.1379510227430103,,,,large_chi2_ndf,ding,,0,0,,diagnostic_only; no_auto_accept; no_auto_split,138.851162022743,0.19955685981191812,35.543648911630946,6,5.923941485271825,0.22086989354856976,182
0,2,27,176,182,7,7,provisional,135.227707,2.2267588791720527,,,,large_chi2_ndf,ding,,0,0,,diagnostic_only; no_auto_accept; no_auto_split,134.95733812082796,0.20100838413862238,42.78998822042106,6,7.131664703403509,0.21562709683276743,181
0,2,28,176,182,7,7,provisional,137.904602,0.8693828080738797,,,,,ding,,0,0,,diagnostic_only; no_auto_accept; no_auto_split,137.8056168080739,0.2179313192506051,4.14650720609038,6,0.6910845343483967,0.20672875037410726,182
0,2,29,176,182,7,7,provisional,132.790115,2.4751883194562936,,,,large_chi2_ndf,ding,,0,0,,diagnostic_only; no_auto_accept; no_auto_split,132.41059831945628,0.21509162202690774,39.42216807509726,6,6.570361345849544,0.2169312927726679,182
0,2,30,176,182,7,7,provisional,136.765366,2.8758883353801252,,,,large_chi2_ndf,ding,,0,0,,diagnostic_only; no_auto_accept; no_auto_split,135.86624433538012,0.21787409761975784,61.26201940491774,6,10.210336567486289,0.22345605789643205,182
0,2,31,176,182,7,7,provisional,134.071152,2.519316107937101,,,,large_chi2_ndf,ding,,0,0,,diagnostic_only; no_auto_accept; no_auto_split,133.2014141079371,0.22555031225277358,38.482594021814606,6,6.413765670302435,0.21771569832772836,182
0,3,1,176,182,7,7,provisional,131.461685,1.3498419731743923,,,,,ding,,0,0,,diagnostic_only; no_auto_accept; no_auto_split,131.51565202682562,0.3239496913295862,2.7287703223412003,6,0.4547950537235334,0.2497542963662342,182
0,3,2,176,182,7,7,provisional,128.129425,3.08569916968122,,,,,ding,,0,0,,diagnostic_only; no_auto_accept; no_auto_split,128.22733916968122,0.3110700961653838,9.080868016434723,6,1.5134780027391204,0.23138989201586926,180
0,3,3,176,182,7,7,provisional,128.716522,1.5388887862446836,,,,,ding,,0,0,,diagnostic_only; no_auto_accept; no_auto_split,129.22181878624468,0.2806632051653539,8.016122762720778,6,1.3360204604534631,0.2397801079160281,181
0,3,4,176,182,7,7,provisional,131.838394,3.20769363257682,,,,,ding,,0,0,,diagnostic_only; no_auto_accept; no_auto_split,131.75261563257683,0.20165825632846185,19.502637914944863,6,3.2504396524908103,0.2058695224924526,181
0,3,5,176,182,7,7,provisional,131.357941,1.4826188876607773,,,,,ding,,0,0,,diagnostic_only; no_auto_accept; no_auto_split,131.38134911233922,0.17852027252291605,15.315968769032615,6,2.5526614615054357,0.2149170646939477,181
0,3,6,176,182,7,7,provisional,132.191132,2.117601268864405,,,,,ding,,0,0,,diagnostic_only; no_auto_accept; no_auto_split,132.13136426886442,0.17878944125739538,13.523910200301028,6,2.2539850333835045,0.2094043967661382,181
0,3,7,176,182,7,7,provisional,128.641373,0.7524158334905451,,,,,ding,,0,0,,diagnostic_only; no_auto_accept; no_auto_split,128.89659583349055,0.17649756003960324,7.500143886576767,6,1.2500239810961278,0.20292071300958922,182
0,3,8,176,182,7,7,provisional,130.311981,2.406985618427612,,,,,ding,,0,0,,diagnostic_only; no_auto_accept; no_auto_split,130.13564661842761,0.17796864076339014,17.404715260462726,6,2.9007858767437877,0.21769371227305379,181
0,3,9,176,182,7,7,provisional,130.540131,0.6538512992321444,,,,,ding,,0,0,,diagnostic_only; no_auto_accept; no_auto_split,130.86587870076787,0.174863716843175,6.658346935821837,6,1.1097244893036395,0.21128142247951703,181
0,3,10,176,182,7,7,provisional,137.225449,3.4330066719208503,,,,large_chi2_ndf,ding,,0,0,,diagnostic_only; no_auto_accept; no_auto_split,137.14780467192085,0.19427646403330584,41.973344188712545,6,6.995557364785424,0.20707178661225314,181
0,3,11,176,182,7,7,provisional,139.134201,1.5439068283658344,,,,,ding,,0,0,,diagnostic_only; no_auto_accept; no_auto_split,139.19860117163415,0.19735741669377102,12.73450000774433,6,2.1224166679573884,0.20735430518627151,181
0,3,12,176,182,7,7,provisional,137.344788,2.5531707877609335,,,,,ding,,0,0,,diagnostic_only; no_auto_accept; no_auto_split,137.27686478776093,0.1888336698080004,13.129248064378748,6,2.188208010729791,0.22124873531014325,181
0,3,13,176,182,7,7,provisional,136.118546,1.0489628432672191,,,,,ding,,0,0,,diagnostic_only; no_auto_accept; no_auto_split,136.01405084326723,0.19795911343188094,11.76344479588049,6,1.9605741326467483,0.2179617897366493,182
0,3,14,176,182,7,7,provisional,136.931992,1.4699005896252686,,,,,ding,,0,0,,diagnostic_only; no_auto_accept; no_auto_split,136.95851758962527,0.18809525946254155,9.441364088272024,6,1.5735606813786707,0.20579175579112538,182
0,3,15,176,182,7,7,provisional,136.149399,0.9928141293236479,,,,,ding,,0,0,,diagnostic_only; no_auto_accept; no_auto_split,136.35942212932366,0.1925002563634995,10.782141414208139,6,1.7970235690346898,0.20780571388850352,181
0,3,16,176,182,7,7,provisional,136.966309,1.1865653644105691,,,,,ding,,0,0,,diagnostic_only; no_auto_accept; no_auto_split,137.17042963558944,0.1875212688465371,14.306829139738044,6,2.384471523289674,0.2034851211690054,182
0,3,17,176,182,7,7,provisional,137.681732,1.2388540665332073,,,,,ding,,0,0,,diagnostic_only; no_auto_accept; no_auto_split,137.6847620665332,0.18883421182538285,13.499961424318908,6,2.249993570719818,0.20613224237116243,182
0,3,18,176,182,7,7,provisional,135.262772,1.3321295773942552,,,,,ding,,0,0,,diagnostic_only; no_auto_accept; no_auto_split,135.15857657739426,0.1898289418810978,7.681203221361763,6,1.2802005368936271,0.21784771888338791,181
0,3,19,176,182,7,7,provisional,135.947174,1.3702658863382737,,,,,ding,,0,0,,diagnostic_only; no_auto_accept; no_auto_split,135.97299611366174,0.19617538289303288,16.940180971734453,6,2.8233634952890756,0.21247219587768443,181
0,3,20,176,182,7,7,provisional,132.482574,0.6203294960473045,,,,,ding,,0,0,,diagnostic_only; no_auto_accept; no_auto_split,132.4141684960473,0.19294650156486925,2.409437795886249,6,0.4015729659810415,0.21826189421230283,181
0,3,21,176,182,7,7,provisional,135.403,1.2801349971744003,,,,,ding,,0,0,,diagnostic_only; no_auto_accept; no_auto_split,135.3397659971744,0.1885228360338819,6.831763886343447,6,1.1386273143905745,0.22274360914992955,181
0,3,22,176,182,7,7,provisional,136.021606,0.7943000301273173,,,,,ding,,0,0,,diagnostic_only; no_auto_accept; no_auto_split,136.2756619698727,0.20222767987325468,5.647258317405857,6,0.9412097195676429,0.2268600595054107,181
0,3,23,176,182,7,7,provisional,135.532074,1.189495758286597,,,,,ding,,0,0,,diagnostic_only; no_auto_accept; no_auto_split,135.7392612417134,0.19051058937725612,13.561807522698356,6,2.260301253783059,0.20761920264107933,182
0,3,24,176,182,7,7,provisional,136.364029,2.1122177035423135,,,,large_chi2_ndf,ding,,0,0,,diagnostic_only; no_auto_accept; no_auto_split,136.0980727035423,0.2136902696324714,33.42540305442692,6,5.570900509071154,0.21917867380276287,182
0,3,25,176,182,7,7,provisional,137.037949,1.8508786588452324,,,,,ding,,0,0,,diagnostic_only; no_auto_accept; no_auto_split,136.78567234115476,0.22059446074755304,18.113572190416743,6,3.0189286984027905,0.21365352947521618,181
0,3,26,176,182,7,7,provisional,136.918732,1.8397543710170225,,,,,ding,,0,0,,diagnostic_only; no_auto_accept; no_auto_split,136.58408862898298,0.21467518781697484,25.040189623289496,6,4.173364937214916,0.2167816098243573,181
0,3,27,176,182,7,7,provisional,138.946503,1.3468463975983127,,,,,ding,,0,0,,diagnostic_only; no_auto_accept; no_auto_split,138.22955239759833,0.22083033745666397,21.272087318058137,6,3.545347886343023,0.23048836970544456,181
0,3,28,176,182,7,7,provisional,137.033997,2.1616525661387413,,,,,ding,,0,0,,diagnostic_only; no_auto_accept; no_auto_split,137.25041143386125,0.24604536923538123,15.563701156554492,6,2.593950192759082,0.21198523809646283,182
0,3,29,176,182,7,7,provisional,134.943069,1.9062268008966896,,,,,ding,,0,0,,diagnostic_only; no_auto_accept; no_auto_split,134.68703519910332,0.2249509872936338,27.195290070622157,6,4.5325483451036925,0.23845234735879478,182
0,3,30,176,182,7,7,provisional,134.135468,1.5982422876310522,,,,,ding,,0,0,,diagnostic_only; no_auto_accept; no_auto_split,133.83359428763106,0.249906404325725,19.751027925404905,6,3.2918379875674844,0.223139322723884,181
0,3,31,176,182,7,7,provisional,134.523376,1.6132887052931721,,,,,ding,,0,0,,diagnostic_only; no_auto_accept; no_auto_split,134.17290470529318,0.22671972877660065,18.029228104140675,6,3.0048713506901126,0.23464775150886819,182
0,4,1,176,182,7,7,provisional,137.939301,1.7600930914088906,,,,,ding,,0,0,,diagnostic_only; no_auto_accept; no_auto_split,138.2600329085911,0.24057663376973784,11.058284092634901,6,1.8430473487724834,0.22162956441490173,182
0,4,2,176,182,7,7,provisional,130.496078,0.7875067838006373,,,,,ding,,0,0,,diagnostic_only; no_auto_accept; no_auto_split,130.26989778380064,0.22089645504100996,7.798493641144657,6,1.2997489401907762,0.2163963716645143,182
0,4,3,176,182,7,7,provisional,132.12915,1.4822078075582965,,,,,ding,,0,0,,diagnostic_only; no_auto_accept; no_auto_split,132.3140721924417,0.21219943596198265,9.562813038323014,6,1.5938021730538356,0.21698213352915144,181
0,4,4,176,182,7,7,provisional,131.793533,1.2031461517955222,,,,,ding,,0,0,,diagnostic_only; no_auto_accept; no_auto_split,131.87368184820448,0.21075289423511284,11.54310465740389,6,1.9238507762339816,0.22385093769232015,181
0,4,5,176,182,7,7,provisional,134.047562,1.3833654776027515,,,,,ding,,0,0,,diagnostic_only; no_auto_accept; no_auto_split,134.12886447760275,0.1813748419275818,11.41236497474333,6,1.9020608291238883,0.22222469653971172,181
0,4,6,176,182,7,7,provisional,131.500275,1.3363755101883896,,,,,ding,,0,0,,diagnostic_only; no_auto_accept; no_auto_split,131.6824844898116,0.19119270793134313,15.04407687012708,6,2.50734614502118,0.21144259465141138,182
0,4,7,176,182,7,7,provisional,133.982666,1.0979366489343079,,,,,ding,,0,0,,diagnostic_only; no_auto_accept; no_auto_split,133.9312073510657,0.16907562461219391,7.062527912099218,6,1.1770879853498697,0.21276737321998052,181
0,4,8,176,182,7,7,provisional,133.110809,0.5630629015941508,,,,,ding,,0,0,,diagnostic_only; no_auto_accept; no_auto_split,133.30134709840584,0.16566468218969005,5.721889166314412,6,0.9536481943857353,0.21233707627358778,181
0,4,9,176,182,7,7,provisional,130.344727,1.1248633423353454,,,,,ding,,0,0,,diagnostic_only; no_auto_accept; no_auto_split,130.64198265766464,0.15529977066243833,11.777180519768619,6,1.9628634199614365,0.203387284301303,181
0,4,10,176,182,7,7,provisional,138.253998,0.5724011002787108,,,,,ding,,0,0,,diagnostic_only; no_auto_accept; no_auto_split,138.2314318997213,0.18940198413467618,4.265241533884141,6,0.7108735889806902,0.21827700566997857,181
0,4,11,176,182,7,7,provisional,138.296936,1.3284507752169645,,,,,ding,,0,0,,diagnostic_only; no_auto_accept; no_auto_split,138.60474622478304,0.17768002520275827,18.525249857126525,6,3.0875416428544207,0.21249128080801802,182
0,4,12,176,182,7,7,provisional,139.225296,0.929866289311434,,,,,ding,,0,0,,diagnostic_only; no_auto_accept; no_auto_split,139.15221071068856,0.2049632165646025,10.565377337216601,6,1.7608962228694336,0.20926890819301716,182
0,4,13,176,182,7,7,provisional,135.923508,2.5411779859076375,,,,,ding,,0,0,,diagnostic_only; no_auto_accept; no_auto_split,136.21867901409237,0.196865140382903,17.93906156081138,6,2.989843593468563,0.22535297071058077,181
0,4,14,176,182,7,7,provisional,140.556778,0.7618902090833615,,,,,ding,,0,0,,diagnostic_only; no_auto_accept; no_auto_split,140.50803020908336,0.21372187399253736,3.392728080757852,6,0.5654546801263086,0.21413264752847,181
0,4,15,176,182,7,7,provisional,137.985626,2.1904071267512677,,,,,ding,,0,0,,diagnostic_only; no_auto_accept; no_auto_split,137.94019312675127,0.19482436110819915,10.527031378496055,6,1.7545052297493424,0.2183943920954289,181
0,4,16,176,182,7,7,provisional,137.2276,0.9974168357335316,,,,,ding,,0,0,,diagnostic_only; no_auto_accept; no_auto_split,137.48096116426646,0.1811087346750246,7.981311721187502,6,1.3302186201979171,0.20950316807839667,181
0,4,17,176,182,7,7,provisional,136.017212,0.8359075742388313,,,,,ding,,0,0,,diagnostic_only; no_auto_accept; no_auto_split,136.21948257423884,0.17485488720134895,7.927007113250094,6,1.321167852208349,0.21990191833560066,181
0,4,18,176,182,7,7,provisional,137.98201,1.1685023991273908,,,,,ding,,0,0,,diagnostic_only; no_auto_accept; no_auto_split,137.85125739912738,0.1820247824284346,5.615745212282689,6,0.9359575353804481,0.22468129883325438,181
0,4,19,176,182,7,7,provisional,137.186249,0.44029858752438145,,,,,ding,,0,0,,diagnostic_only; no_auto_accept; no_auto_split,137.2747255875244,0.18149751638997147,1.7229688520248891,6,0.28716147533748154,0.21821435390163996,181
0,4,20,176,182,7,7,provisional,136.443893,1.7677879970493109,,,,,ding,,0,0,,diagnostic_only; no_auto_accept; no_auto_split,136.5961719970493,0.18193485549377064,16.51080710586557,6,2.7518011843109282,0.21476982657316215,182
0,4,21,176,182,7,7,provisional,135.010773,0.9473903580321519,,,,,ding,,0,0,,diagnostic_only; no_auto_accept; no_auto_split,135.15364335803216,0.1871123210637927,5.010518844920091,6,0.8350864741533485,0.20958870243233382,181
0,4,22,176,182,7,7,provisional,136.509995,0.690617295499294,,,,,ding,,0,0,,diagnostic_only; no_auto_accept; no_auto_split,136.5396922954993,0.18904461565905742,3.857779051745863,6,0.6429631752909771,0.20792950541052563,181
0,4,23,176,182,7,7,provisional,135.017166,1.3740298780046203,,,,,ding,,0,0,,diagnostic_only; no_auto_accept; no_auto_split,135.19518412199537,0.17751661322831555,13.838264308077603,6,2.3063773846796005,0.21569261888461452,181
0,4,24,176,182,7,7,provisional,139.344376,1.8129917967108327,,,,large_chi2_ndf,ding,,0,0,,diagnostic_only; no_auto_accept; no_auto_split,139.31859179671082,0.18797458769267392,44.793586844747054,6,7.465597807457843,0.22064827935872955,182
0,4,25,176,182,7,7,provisional,135.156342,2.061982155554773,,,,large_chi2_ndf,ding,,0,0,,diagnostic_only; no_auto_accept; no_auto_split,135.04029915555478,0.18031858221238628,40.886770034451594,6,6.814461672408599,0.216861946740147,181
0,4,26,176,182,7,7,provisional,137.395721,1.8560105277722414,,,,large_chi2_ndf,ding,,0,0,,diagnostic_only; no_auto_accept; no_auto_split,136.88497152777225,0.19339062596773257,35.83342406472472,6,5.972237344120786,0.2167060047298249,181
0,4,27,176,182,7,7,provisional,135.329102,2.3501354462345034,,,,large_chi2_ndf,ding,,0,0,,diagnostic_only; no_auto_accept; no_auto_split,134.6142654462345,0.17696331049305036,70.86750702121779,6,11.811251170202965,0.2106208825053331,181
0,4,28,176,182,7,7,provisional,138.25499,2.2199172071156283,,,,large_chi2_ndf,ding,,0,0,,diagnostic_only; no_auto_accept; no_auto_split,137.44176520711562,0.21444504842269033,45.351239973721555,6,7.558539995620259,0.2205586466598223,181
0,4,29,176,182,7,7,provisional,135.827469,1.6136590593337985,,,,large_chi2_ndf,ding,,0,0,,diagnostic_only; no_auto_accept; no_auto_split,135.1050380593338,0.20123360698518952,30.995142744287524,6,5.16585712404792,0.21911198496407128,181
0,4,30,176,182,7,7,provisional,136.302338,2.3467686768901217,,,,large_chi2_ndf,ding,,0,0,,diagnostic_only; no_auto_accept; no_auto_split,136.12325767689012,0.21853343606836234,36.710006462187636,6,6.118334410364606,0.21293599545071148,181
0,4,31,176,182,7,7,provisional,135.351456,2.564130484673484,,,,large_chi2_ndf,ding,,0,0,,diagnostic_only; no_auto_accept; no_auto_split,134.7872444846735,0.2142197321379002,40.643001288988074,6,6.773833548164679,0.22295429664185687,181
0,5,1,176,182,7,7,provisional,131.851166,1.5262316289562818,,,,,ding,,0,0,,diagnostic_only; no_auto_accept; no_auto_split,131.52217262895627,0.28144075633415144,7.97391966144626,6,1.3289866102410433,0.2105001701646622,181
0,5,2,176,182,7,7,provisional,134.608185,0.9969387014714357,,,,,ding,,0,0,,diagnostic_only; no_auto_accept; no_auto_split,134.73607470147144,0.2132557766495982,8.384835702638616,6,1.397472617106436,0.21222074901980884,182
0,5,3,176,182,7,7,provisional,132.482697,0.7495341372956545,,,,,ding,,0,0,,diagnostic_only; no_auto_accept; no_auto_split,132.50846013729566,0.2441680770443351,3.967811055290936,6,0.6613018425484893,0.21965731284131546,182
0,5,4,176,182,7,7,provisional,133.806793,1.5562390706282372,,,,,ding,,0,0,,diagnostic_only; no_auto_accept; no_auto_split,133.78959207062823,0.20894305860236037,4.602843497683465,6,0.7671405829472442,0.2255502582569751,181
0,5,5,176,182,7,7,provisional,130.284805,0.6741788695674131,,,,,ding,,0,0,,diagnostic_only; no_auto_accept; no_auto_split,130.51650986956741,0.20759799207046692,3.2586187208311657,6,0.5431031201385276,0.2195636391778575,181
0,5,6,176,182,7,7,provisional,133.199905,2.391613165003264,,,,,ding,,0,0,,diagnostic_only; no_auto_accept; no_auto_split,133.23968116500328,0.21127622096123752,19.40158345104957,6,3.2335972418415952,0.21468893017020804,181
0,5,7,176,182,7,7,provisional,129.397522,1.540391908195545,,,,,ding,,0,0,,diagnostic_only; no_auto_accept; no_auto_split,129.65207090819555,0.20392782733594436,9.762290338874505,6,1.6270483898124175,0.2155937826020391,181
0,5,8,176,182,7,7,provisional,131.106964,2.6242695360901678,,,,,ding,,0,0,,diagnostic_only; no_auto_accept; no_auto_split,131.10261753609018,0.1865990202288545,23.07113959267156,6,3.8451899321119267,0.21343447016344627,181
0,5,9,176,182,7,7,provisional,130.674835,0.8053901164650767,,,,,ding,,0,0,,diagnostic_only; no_auto_accept; no_auto_split,130.82232588353492,0.18421083298187352,6.365846960885972,6,1.0609744934809953,0.22272371892184242,181
0,5,10,176,182,7,7,provisional,130.78096,0.6378115115974481,,,,,ding,,0,0,,diagnostic_only; no_auto_accept; no_auto_split,130.79847151159746,0.16615309813489398,4.173635208331134,6,0.695605868055189,0.2067900897141469,182
0,5,11,176,182,7,7,provisional,133.998047,0.9460487120061885,,,,,ding,,0,0,,diagnostic_only; no_auto_accept; no_auto_split,134.1886937120062,0.2092015955983612,4.109722431440369,6,0.6849537385733949,0.20828309917563467,181
0,5,12,176,182,7,7,provisional,137.364822,0.8407034839921437,,,,,ding,,0,0,,diagnostic_only; no_auto_accept; no_auto_split,137.57596851600786,0.16803979581615106,6.094943435781148,6,1.0158239059635246,0.22113061345205393,181
0,5,13,176,182,7,7,provisional,131.884872,1.2829778353619758,,,,,ding,,0,0,,diagnostic_only; no_auto_accept; no_auto_split,132.01400416463804,0.19966881782228882,10.044101847694098,6,1.674016974615683,0.21331228405862052,181
0,5,14,176,182,7,7,provisional,129.299377,0.8577829492894011,,,,,ding,,0,0,,diagnostic_only; no_auto_accept; no_auto_split,129.3202410507106,0.15379676560772151,4.728098741033459,6,0.7880164568389098,0.20211848263018206,182
0,5,15,176,182,7,7,provisional,132.346863,0.6736953447072835,,,,,ding,,0,0,,diagnostic_only; no_auto_accept; no_auto_split,132.4341173447073,0.20306265733524811,3.5039995811821956,6,0.5839999301970326,0.21716474656642862,181
0,5,16,176,182,7,7,provisional,131.532837,1.6057670595141644,,,,,ding,,0,0,,diagnostic_only; no_auto_accept; no_auto_split,131.37046105951416,0.18057455781794327,10.492905274763311,6,1.7488175457938853,0.2164003688874318,181
0,5,17,176,182,7,7,provisional,134.815384,0.9890433790053237,,,,,ding,,0,0,,diagnostic_only; no_auto_accept; no_auto_split,134.79756262099468,0.21119027541013347,10.699489287459953,6,1.7832482145766588,0.21419099662244148,182
0,5,18,176,182,7,7,provisional,132.45874,1.1180286442560146,,,,,ding,,0,0,,diagnostic_only; no_auto_accept; no_auto_split,132.231855355744,0.18915615921554202,13.767933106447773,6,2.2946555177412953,0.21137894688472175,182
0,5,19,176,182,7,7,provisional,132.550491,2.6425148218875165,,,,large_chi2_ndf,ding,,0,0,,diagnostic_only; no_auto_accept; no_auto_split,132.15035782188752,0.18629685749484634,38.118030483690234,6,6.353005080615039,0.22435547094474817,182
0,5,20,176,182,7,7,provisional,133.018417,2.8113366605120973,,,,large_chi2_ndf,ding,,0,0,,diagnostic_only; no_auto_accept; no_auto_split,133.2142606605121,0.18476554595642528,35.01778198903424,6,5.836296998172373,0.22047040431243567,182
0,5,21,176,182,7,7,provisional,134.442444,0.8217603976875978,,,,,ding,,0,0,,diagnostic_only; no_auto_accept; no_auto_split,134.8033616023124,0.2061409338084277,6.001246277060406,6,1.000207712843401,0.21687598544165898,181
0,5,22,176,182,7,7,provisional,135.504501,1.3355833673093116,,,,,ding,,0,0,,diagnostic_only; no_auto_accept; no_auto_split,135.17283336730932,0.18922353874533068,17.435732181637572,6,2.905955363606262,0.2186591318261711,182
0,5,23,176,182,7,7,provisional,132.572342,2.3987356473004127,,,,,ding,,0,0,,diagnostic_only; no_auto_accept; no_auto_split,132.68112964730042,0.21272294164169386,22.049639603955683,6,3.6749399339926136,0.2153642185953268,182
0,5,24,176,182,7,7,provisional,134.217758,2.0197196770690766,,,,large_chi2_ndf,ding,,0,0,,diagnostic_only; no_auto_accept; no_auto_split,134.01747667706908,0.19273301996503775,37.52883881040524,6,6.254806468400873,0.2127356427988303,181
0,5,25,176,182,7,7,provisional,129.873123,2.3211451699953187,,,,large_chi2_ndf,ding,,0,0,,diagnostic_only; no_auto_accept; no_auto_split,129.51978416999532,0.22338099170216058,30.710576187865854,6,5.118429364644309,0.20904283248033198,181
0,5,26,176,182,7,7,provisional,132.78038,2.70293085886496,,,,large_chi2_ndf,ding,,0,0,,diagnostic_only; no_auto_accept; no_auto_split,132.16872085886496,0.1957939014351414,57.11717228227008,6,9.519528713711681,0.2225860493276913,181
0,5,27,176,182,7,7,provisional,131.534012,1.872559489839233,,,,large_chi2_ndf,ding,,0,0,,diagnostic_only; no_auto_accept; no_auto_split,131.67623851016077,0.2173114281730402,30.325465564393337,6,5.054244260732223,0.21354391762350133,181
0,5,28,176,182,7,7,provisional,133.680618,2.5478187700988144,,,,large_chi2_ndf,ding,,0,0,,diagnostic_only; no_auto_accept; no_auto_split,133.05711177009883,0.21470191013025694,45.50508491520007,6,7.584180819200012,0.22016254820820286,181
0,5,29,176,182,7,7,provisional,130.3013,2.2799798037745376,,,,large_chi2_ndf,ding,,0,0,,diagnostic_only; no_auto_accept; no_auto_split,129.94287480377454,0.21321419839603026,37.82199606867054,6,6.303666011445091,0.21447594669574266,181
0,5,30,176,182,7,7,provisional,133.992584,1.931585923349786,,,,large_chi2_ndf,ding,,0,0,,diagnostic_only; no_auto_accept; no_auto_split,133.54126592334978,0.20625623015897385,33.274007237580626,6,5.545667872930104,0.23449721585393532,181
0,5,31,176,182,7,7,provisional,133.481598,3.3459745254403117,,,,large_chi2_ndf,ding,,0,0,,diagnostic_only; no_auto_accept; no_auto_split,132.6467255254403,0.22393652083001853,62.3500962593668,6,10.391682709894466,0.21889208534742843,181
0,6,1,176,182,7,7,provisional,124.645508,2.904857418581628,,,,,ding,,0,0,,diagnostic_only; no_auto_accept; no_auto_split,124.27633241858163,0.6246478572208232,6.743460674356691,6,1.123910112392782,0.2080312972991062,180
0,6,2,176,182,7,7,provisional,117.968796,3.046587381838293,,176;178;179;180;181;182,,different_from_nominal,ding,,0,0,,diagnostic_only; no_auto_accept; no_auto_split,117.98840861816171,0.6541356941923939,5.562195846292822,6,0.9270326410488036,0.2572373643421372,179
0,6,3,176,182,7,7,provisional,123.414162,3.640821422703098,,178,,different_from_nominal,ding,,0,0,,diagnostic_only; no_auto_accept; no_auto_split,123.1507854227031,0.5533327529603969,7.207240779443937,6,1.2012067965739894,0.233148743976346,181
0,6,4,176,182,7,7,provisional,130.849472,1.0882029335019183,,,,,ding,,0,0,,diagnostic_only; no_auto_accept; no_auto_split,130.7256090664981,0.267396678759821,5.054732665962735,6,0.8424554443271225,0.20398635371216217,181
0,6,5,176,182,7,7,provisional,122.34185,3.780448212730903,,179,,different_from_nominal,ding,,0,0,,diagnostic_only; no_auto_accept; no_auto_split,123.2983922127309,0.4603653259101881,13.63253581741221,6,2.272089302902035,0.20618290776457524,177
0,6,6,176,182,7,7,provisional,130.571289,1.1441456347255894,,,,,ding,,0,0,,diagnostic_only; no_auto_accept; no_auto_split,130.7552756347256,0.23692166852834068,4.989635433898316,6,0.8316059056497194,0.21588755957302008,182
0,6,7,176,182,7,7,provisional,131.76561,1.490722829630613,,,,,ding,,0,0,,diagnostic_only; no_auto_accept; no_auto_split,131.7272948296306,0.22716548760724808,8.440241180079697,6,1.4067068633466162,0.22494635404381336,182
0,6,8,176,182,7,7,provisional,131.168808,0.9682027541074376,,,,,ding,,0,0,,diagnostic_only; no_auto_accept; no_auto_split,131.37596375410743,0.17481088746288084,4.0625978035913874,6,0.6770996339318979,0.21587043775409945,181
0,6,9,176,182,7,7,provisional,130.014557,0.6961235099912244,,,,,ding,,0,0,,diagnostic_only; no_auto_accept; no_auto_split,130.19844250999122,0.19943960930308,5.5078001957452045,6,0.9179666992908674,0.21716411267716607,181
0,6,10,176,182,7,7,provisional,132.348648,1.458627848831668,,,,,ding,,0,0,,diagnostic_only; no_auto_accept; no_auto_split,132.12372784883166,0.18455576987519168,15.263772886923269,6,2.5439621478205448,0.21234687610324673,182
0,6,11,176,182,7,7,provisional,134.256958,0.9278140078738772,,,,,ding,,0,0,,diagnostic_only; no_auto_accept; no_auto_split,134.47689499212612,0.19015640262345096,8.79846581940119,6,1.4664109699001984,0.2217444248745993,181
0,6,12,176,182,7,7,provisional,135.65361,1.138916823371261,,,,,ding,,0,0,,diagnostic_only; no_auto_accept; no_auto_split,135.70034717662872,0.21146959569571214,8.949962270782972,6,1.4916603784638287,0.20747861287919067,182
0,6,13,176,182,7,7,provisional,135.610489,1.586867655832748,,,,,ding,,0,0,,diagnostic_only; no_auto_accept; no_auto_split,135.95658765583275,0.2128601292214293,15.047837129987897,6,2.5079728549979827,0.22145600402777138,181
0,6,14,176,182,7,7,provisional,135.586258,1.183246941752003,,,,,ding,,0,0,,diagnostic_only; no_auto_accept; no_auto_split,135.809711941752,0.2096251028418946,5.844969074823536,6,0.9741615124705892,0.22093155972380707,182
0,6,15,176,182,7,7,provisional,139.057251,0.667261794278005,,,,,ding,,0,0,,diagnostic_only; no_auto_accept; no_auto_split,139.247034794278,0.20350930576393592,4.020718571088672,6,0.670119761848112,0.2113749389625396,182
0,6,16,176,182,7,7,provisional,134.868652,0.8091272140314061,,,,,ding,,0,0,,diagnostic_only; no_auto_accept; no_auto_split,135.0283042140314,0.19604485099332503,7.178461673637844,6,1.1964102789396407,0.21356930720821232,182
0,6,17,176,182,7,7,provisional,136.310745,1.090938413211461,,,,,ding,,0,0,,diagnostic_only; no_auto_accept; no_auto_split,136.07502341321145,0.21009690595155506,9.826361299543322,6,1.6377268832572203,0.21144849652943382,181
0,6,18,176,182,7,7,provisional,134.638748,1.0060654404436775,,,,,ding,,0,0,,diagnostic_only; no_auto_accept; no_auto_split,134.6543195595563,0.20319122755815242,5.199049698213026,6,0.8665082830355043,0.19882670893481108,181
0,6,19,176,182,7,7,provisional,131.738663,1.136824730211714,,,,,ding,,0,0,,diagnostic_only; no_auto_accept; no_auto_split,131.97036826978828,0.2179995139578956,8.431706127703425,6,1.4052843546172376,0.21291431393842733,181
0,6,20,176,182,7,7,provisional,136.774704,1.6447326117794319,,,,,ding,,0,0,,diagnostic_only; no_auto_accept; no_auto_split,136.48002338822056,0.19353362020286488,18.752155548400978,6,3.1253592580668297,0.2208556521919019,182
0,6,21,176,182,7,7,provisional,134.824066,1.115583122847795,,,,,ding,,0,0,,diagnostic_only; no_auto_accept; no_auto_split,134.69595587715222,0.20877883848584763,10.172129678038456,6,1.6953549463397426,0.2191375841251442,181
0,6,22,176,182,7,7,provisional,139.355438,1.1113760878417338,,,,,ding,,0,0,,diagnostic_only; no_auto_accept; no_auto_split,139.13496608784175,0.2012529587224744,8.680628347010426,6,1.4467713911684044,0.21437651332897587,182
0,6,23,176,182,7,7,provisional,134.776398,0.914752689063846,,,,,ding,,0,0,,diagnostic_only; no_auto_accept; no_auto_split,134.67044468906386,0.19097611038760354,9.252071954210425,6,1.5420119923684041,0.21013212504479928,181
0,6,24,176,182,7,7,provisional,134.538513,3.009747948111084,,,,large_chi2_ndf,ding,,0,0,,diagnostic_only; no_auto_accept; no_auto_split,133.73034394811108,0.20628137247689166,79.35596867246329,6,13.225994778743882,0.23054145049280292,182
0,6,25,176,182,7,7,provisional,133.511108,3.669349410569282,,,,large_chi2_ndf,ding,,0,0,,diagnostic_only; no_auto_accept; no_auto_split,132.44747141056928,0.2221683985579652,91.88773825854135,6,15.314623043090224,0.24751915910775277,181
0,6,26,176,182,7,7,provisional,132.583237,2.264422884076197,,,,large_chi2_ndf,ding,,0,0,,diagnostic_only; no_auto_accept; no_auto_split,132.4576758840762,0.20683525065747044,56.98095197698143,6,9.496825329496906,0.22084379262512646,182
0,6,27,176,182,7,7,provisional,129.886658,3.2635562171984844,,,,large_chi2_ndf,ding,,0,0,,diagnostic_only; no_auto_accept; no_auto_split,129.56098821719849,0.2507762887952555,54.06083888932048,6,9.010139814886747,0.20472355153812538,182
0,6,28,176,182,7,7,provisional,136.802521,3.4957497220138976,,,,large_chi2_ndf,ding,,0,0,,diagnostic_only; no_auto_accept; no_auto_split,135.8490667220139,0.22239379812120016,80.61275697962398,6,13.435459496603997,0.22905866680769607,182
0,6,29,176,182,7,7,provisional,132.384415,2.0495137957109364,,,,,ding,,0,0,,diagnostic_only; no_auto_accept; no_auto_split,131.69764579571094,0.22793644291742712,28.47627339789002,6,4.746045566315003,0.20440059106016273,182
0,6,30,176,182,7,7,provisional,131.262909,2.5579581207445017,,,,large_chi2_ndf,ding,,0,0,,diagnostic_only; no_auto_accept; no_auto_split,130.5227918792555,0.23229782407506436,49.23476581740322,6,8.205794302900538,0.22981724528854372,182
0,6,31,176,182,7,7,provisional,134.309692,2.9178974381960074,,,,large_chi2_ndf,ding,,0,0,,diagnostic_only; no_auto_accept; no_auto_split,133.200795438196,0.22261696096777428,62.64436518642043,6,10.440727531070072,0.2374764654762971,181
0,7,1,176,182,7,7,provisional,128.976471,2.2157132848767134,,,,,ding,,0,0,,diagnostic_only; no_auto_accept; no_auto_split,129.16314628487672,0.34069014982094986,13.782519778505753,6,2.2970866297509587,0.21637203835218194,181
0,7,2,176,182,7,7,provisional,129.467865,1.386189382191617,,,,,ding,,0,0,,diagnostic_only; no_auto_accept; no_auto_split,129.43503238219162,0.3244953444393518,3.857364099500326,6,0.6428940165833877,0.20257683497248402,181
0,7,3,176,182,7,7,provisional,128.704269,3.449772911820446,,,,,ding,,0,0,,diagnostic_only; no_auto_accept; no_auto_split,128.80433208817956,0.33057139241412614,10.121704096796549,6,1.6869506827994247,0.20851619201524096,181
0,7,4,176,182,7,7,provisional,131.486664,1.3237659902149517,,,,,ding,,0,0,,diagnostic_only; no_auto_accept; no_auto_split,131.42842599021495,0.23926018893333745,12.979143137121811,6,2.1631905228536352,0.20417646152490898,181
0,7,5,176,182,7,7,provisional,129.770355,1.8651448842220617,,,,,ding,,0,0,,diagnostic_only; no_auto_accept; no_auto_split,129.75597588422207,0.22424237035611952,16.423463833951867,6,2.7372439723253112,0.19559191882386817,181
0,7,6,176,182,7,7,provisional,130.830139,1.5838394152999058,,,,,ding,,0,0,,diagnostic_only; no_auto_accept; no_auto_split,130.84665641529992,0.2245561580985584,4.619344235612022,6,0.769890705935337,0.21243083273639105,182
0,7,7,176,182,7,7,provisional,130.405777,1.2427730985419885,,,,,ding,,0,0,,diagnostic_only; no_auto_accept; no_auto_split,130.11899790145802,0.2167839447590659,7.340295473356279,6,1.223382578892713,0.2055978453098062,181
0,7,8,176,182,7,7,provisional,133.302475,1.2118942122490637,,,,,ding,,0,0,,diagnostic_only; no_auto_accept; no_auto_split,133.22423821224908,0.19078605085224531,8.526229966902317,6,1.4210383278170529,0.21933971916638742,182
0,7,9,176,182,7,7,provisional,129.400406,0.7841060712259207,,,,,ding,,0,0,,diagnostic_only; no_auto_accept; no_auto_split,129.43333192877407,0.18849449823095765,6.0288128255551205,6,1.00480213759252,0.2003625549441761,181
0,7,10,176,182,7,7,provisional,136.201752,1.0595857950617926,,,,,ding,,0,0,,diagnostic_only; no_auto_accept; no_auto_split,136.01466379506178,0.20509243833855473,9.495725321501675,6,1.5826208869169458,0.2253207159864972,181
0,7,11,176,182,7,7,provisional,137.604202,2.676760522698771,,,,,ding,,0,0,,diagnostic_only; no_auto_accept; no_auto_split,137.71289352269878,0.2136400367810561,21.051086333656247,6,3.5085143889427077,0.20920298082133187,182
0,7,12,176,182,7,7,provisional,134.318069,0.9395745027781288,,,,,ding,,0,0,,diagnostic_only; no_auto_accept; no_auto_split,134.35223449722187,0.1982114685602356,6.591030394632574,6,1.0985050657720956,0.22548049012650279,181
0,7,13,176,182,7,7,provisional,136.04158,1.107469114217139,,,,,ding,,0,0,,diagnostic_only; no_auto_accept; no_auto_split,135.79318411421713,0.21495631620511857,3.4489897925820743,6,0.5748316320970124,0.21575768487523736,181
0,7,14,176,182,7,7,provisional,138.944717,0.8702278382989448,,,,,ding,,0,0,,diagnostic_only; no_auto_accept; no_auto_split,138.94031183829895,0.20228832913614758,7.929924254798913,6,1.3216540424664855,0.2130502015870211,181
0,7,15,176,182,7,7,provisional,135.443665,0.9943696908553932,,,,,ding,,0,0,,diagnostic_only; no_auto_accept; no_auto_split,135.6956633091446,0.20478018097474784,5.530394849693576,6,0.9217324749489294,0.2119486554375277,181
0,7,16,176,182,7,7,provisional,136.965332,1.1641240208436159,,,,,ding,,0,0,,diagnostic_only; no_auto_accept; no_auto_split,137.1434319791564,0.19473599031527622,11.290128351625565,6,1.8816880586042608,0.21813561258530628,181
0,7,17,176,182,7,7,provisional,135.760956,1.570095190965361,,,,,ding,,0,0,,diagnostic_only; no_auto_accept; no_auto_split,135.39256680903463,0.19840888027815815,13.884363141509281,6,2.3140605235848803,0.22006466483640316,182
0,7,18,176,182,7,7,provisional,136.730362,1.213159403860118,,,,,ding,,0,0,,diagnostic_only; no_auto_accept; no_auto_split,136.8530175961399,0.20701437681476997,11.477830287801398,6,1.9129717146335663,0.2091245258984358,181
0,7,19,176,182,7,7,provisional,136.151443,1.080160351513939,,,,,ding,,0,0,,diagnostic_only; no_auto_accept; no_auto_split,135.98631835151394,0.1906340207712809,8.29297103248768,6,1.3821618387479466,0.21421449953114086,182
0,7,20,176,182,7,7,provisional,137.561951,0.8380811806570421,,,,,ding,,0,0,,diagnostic_only; no_auto_accept; no_auto_split,137.57344818065704,0.20602060886518753,6.515904843654712,6,1.0859841406091186,0.22007155537713952,181
0,7,21,176,182,7,7,provisional,135.763397,2.299828784178146,,,,,ding,,0,0,,diagnostic_only; no_auto_accept; no_auto_split,135.78363721582184,0.22238942997871092,18.486002866269505,6,3.081000477711584,0.2252959969794582,182
0,7,22,176,182,7,7,provisional,138.616684,0.830413793245043,,,,,ding,,0,0,,diagnostic_only; no_auto_accept; no_auto_split,138.54980479324504,0.20265121724733282,7.423035374057791,6,1.237172562342965,0.21085472711207004,181
0,7,23,176,182,7,7,provisional,135.512238,0.7743002723445045,,,,,ding,,0,0,,diagnostic_only; no_auto_accept; no_auto_split,135.8126747276555,0.21564412674497074,6.1653677690624,6,1.0275612948437334,0.20910504561349022,182
0,7,24,176,182,7,7,provisional,134.795639,1.3574974266463187,,,,,ding,,0,0,,diagnostic_only; no_auto_accept; no_auto_split,134.5107114266463,0.20149077633834736,8.332646858429623,6,1.3887744764049372,0.21657422348372998,182
0,7,25,176,182,7,7,provisional,131.132797,1.5647306591970676,,,,,ding,,0,0,,diagnostic_only; no_auto_accept; no_auto_split,131.06235065919708,0.20556562257884747,8.464410490794439,6,1.4107350817990731,0.21963139044282867,181
0,7,26,176,182,7,7,provisional,135.891052,1.28782044131367,,,,,ding,,0,0,,diagnostic_only; no_auto_accept; no_auto_split,135.86847844131367,0.19638192808420588,14.735436226804472,6,2.4559060378007453,0.22051234379335038,181
0,7,27,176,182,7,7,provisional,134.341095,1.9088526314227465,,,,,ding,,0,0,,diagnostic_only; no_auto_accept; no_auto_split,134.36299963142275,0.21901094792716888,13.123761278493534,6,2.187293546415589,0.21134845805660052,182
0,7,28,176,182,7,7,provisional,137.370529,1.283456666674681,,,,,ding,,0,0,,diagnostic_only; no_auto_accept; no_auto_split,137.5122743333253,0.2175790014867586,11.52989773283292,6,1.92164962213882,0.22233084399970712,181
0,7,29,176,182,7,7,provisional,135.330338,1.451839690701064,,,,,ding,,0,0,,diagnostic_only; no_auto_accept; no_auto_split,135.17651730929893,0.23355328346174897,6.810653168082526,6,1.1351088613470877,0.21341578793810476,182
0,7,30,176,182,7,7,provisional,136.849075,1.568824716467816,,,,,ding,,0,0,,diagnostic_only; no_auto_accept; no_auto_split,136.61443371646783,0.23136702024535802,16.11816547949058,6,2.6863609132484303,0.2315646074850714,182
0,7,31,176,182,7,7,provisional,129.631577,1.3874269809127782,,,,,ding,,0,0,,diagnostic_only; no_auto_accept; no_auto_split,129.66458798091278,0.2580380201150203,4.313000857322632,6,0.7188334762204387,0.22803896072951257,181
0,8,1,176,182,7,7,provisional,134.143066,1.6580612854190804,,,,,ding,,0,0,,diagnostic_only; no_auto_accept; no_auto_split,134.21630428541908,0.2719784606797327,9.166594202373897,6,1.5277657003956495,0.19769787521910698,181
0,8,2,176,182,7,7,provisional,128.17305,1.2501666275325363,,,,,ding,,0,0,,diagnostic_only; no_auto_accept; no_auto_split,128.26284937246746,0.34235566919738886,6.407629570088103,6,1.0679382616813504,0.19346226179889786,182
0,8,3,176,182,7,7,provisional,133.656815,0.6132080529399957,,,,,ding,,0,0,,diagnostic_only; no_auto_accept; no_auto_split,133.58522305294,0.2566913848327118,1.0353560880636743,6,0.17255934801061237,0.20783165277705745,181
0,8,4,176,182,7,7,provisional,130.562012,1.0897039145714302,,,,,ding,,0,0,,diagnostic_only; no_auto_accept; no_auto_split,130.45380891457143,0.22539489589445963,8.325963709644563,6,1.3876606182740938,0.2135987329554106,182
0,8,5,176,182,7,7,provisional,130.120529,1.1463635613849021,,,,,ding,,0,0,,diagnostic_only; no_auto_accept; no_auto_split,130.4097915613849,0.21950544117476084,10.27419657012689,6,1.7123660950211483,0.21633195988353923,182
0,8,6,176,182,7,7,provisional,130.424118,0.993720635454082,,,,,ding,,0,0,,diagnostic_only; no_auto_accept; no_auto_split,130.6483686354541,0.19808143714138354,8.117916614563311,6,1.3529861024272185,0.21319500318824916,181
0,8,7,176,182,7,7,provisional,133.842239,0.9421953439211563,,,,,ding,,0,0,,diagnostic_only; no_auto_accept; no_auto_split,134.09225034392117,0.20238614298858007,9.258724426991467,6,1.5431207378319112,0.20883870166299054,182
0,8,8,176,182,7,7,provisional,131.67038,1.2283370948075572,,,,,ding,,0,0,,diagnostic_only; no_auto_accept; no_auto_split,131.87991809480755,0.17919749204658889,11.458046086736758,6,1.9096743477894595,0.21524749874924656,181
0,8,9,176,182,7,7,provisional,132.158005,0.6020181082983811,,,,,ding,,0,0,,diagnostic_only; no_auto_accept; no_auto_split,132.04411110829838,0.17604494118887054,5.143069061882223,6,0.8571781769803705,0.21150536778397105,182
0,8,10,176,182,7,7,provisional,141.328186,2.0348310055757395,,,,,ding,,0,0,,diagnostic_only; no_auto_accept; no_auto_split,141.35082500557573,0.20248911248832743,19.02947803072641,6,3.1715796717877347,0.20926856757734752,182
0,8,11,176,182,7,7,provisional,139.965408,0.9276533081676916,,,,,ding,,0,0,,diagnostic_only; no_auto_accept; no_auto_split,139.9355423081677,0.20037352643726788,4.627556476882625,6,0.7712594128137709,0.2127752185585238,181
0,8,12,176,182,7,7,provisional,140.963455,1.627180259144012,,,,,ding,,0,0,,diagnostic_only; no_auto_accept; no_auto_split,140.97155625914402,0.20792224736253206,11.337852710587615,6,1.8896421184312693,0.21111107098433451,181
0,8,13,176,182,7,7,provisional,138.801224,0.7945755950118496,,,,,ding,,0,0,,diagnostic_only; no_auto_accept; no_auto_split,138.63318359501184,0.20490495707831044,8.517204576066675,6,1.4195340960111125,0.21076033499452262,181
0,8,14,176,182,7,7,provisional,140.193832,1.4083150142066927,,,,,ding,,0,0,,diagnostic_only; no_auto_accept; no_auto_split,140.2845559857933,0.20847630648339177,8.270025001713355,6,1.3783375002855591,0.21792599354666817,181
0,8,15,176,182,7,7,provisional,140.243271,1.2295394739283836,,,,,ding,,0,0,,diagnostic_only; no_auto_accept; no_auto_split,140.5855855260716,0.20617687223810974,9.996414716428891,6,1.6660691194048152,0.20752937675496202,181
0,8,16,176,182,7,7,provisional,140.658325,1.0470546422270388,,,,,ding,,0,0,,diagnostic_only; no_auto_accept; no_auto_split,140.97063864222704,0.20927238858215402,8.842804516505112,6,1.4738007527508519,0.2204209401954033,182
0,8,17,176,182,7,7,provisional,137.652618,0.6468814032438672,,,,,ding,,0,0,,diagnostic_only; no_auto_accept; no_auto_split,137.81079059675614,0.2030112975316162,3.9620259011173844,6,0.6603376501862307,0.2185610462746466,182
0,8,18,176,182,7,7,provisional,138.764038,1.7348505555910094,,,,,ding,,0,0,,diagnostic_only; no_auto_accept; no_auto_split,138.60011044440898,0.2126319682678387,6.402035303665037,6,1.0670058839441727,0.2158180195595758,182
0,8,19,176,182,7,7,provisional,135.708664,0.7917817314882143,,,,,ding,,0,0,,diagnostic_only; no_auto_accept; no_auto_split,135.92629726851177,0.20466594331141869,4.616797119832615,6,0.7694661866387692,0.21050845952180666,182
0,8,20,176,182,7,7,provisional,139.77446,2.00843473912758,,,,,ding,,0,0,,diagnostic_only; no_auto_accept; no_auto_split,139.8095732608724,0.20525061832000197,6.24778541813423,6,1.0412975696890383,0.21851618784233415,182
0,8,21,176,182,7,7,provisional,137.431595,0.7806693507624516,,,,,ding,,0,0,,diagnostic_only; no_auto_accept; no_auto_split,137.50033535076244,0.20970065602816373,5.238913382738734,6,0.8731522304564557,0.21272776273049024,181
0,8,22,176,182,7,7,provisional,141.077057,1.3177660948563812,,,,,ding,,0,0,,diagnostic_only; no_auto_accept; no_auto_split,141.1461810948564,0.21807206812208343,6.174190207184415,6,1.0290317011974024,0.226092694139541,181
0,8,23,176,182,7,7,provisional,136.759171,2.20797253876907,,,,,ding,,0,0,,diagnostic_only; no_auto_accept; no_auto_split,136.60825653876907,0.20252926384617126,9.855691727058352,6,1.6426152878430587,0.2085103460085967,181
0,8,24,176,182,7,7,provisional,135.932938,0.9823201649921316,,,,,ding,,0,0,,diagnostic_only; no_auto_accept; no_auto_split,135.85669416499212,0.20337876331483154,7.371681088156236,6,1.228613514692706,0.21685589439837416,182
0,8,25,176,182,7,7,provisional,133.345703,1.7907364421585044,,,,,ding,,0,0,,diagnostic_only; no_auto_accept; no_auto_split,133.3673354421585,0.20435995105179702,8.467054003594953,6,1.4111756672658256,0.2208394606931014,181
0,8,26,176,182,7,7,provisional,135.16713,1.1929953339633244,,,,,ding,,0,0,,diagnostic_only; no_auto_accept; no_auto_split,135.2899803339633,0.2061643937125586,7.736122699013513,6,1.2893537831689188,0.20469776723816685,181
0,8,27,176,182,7,7,provisional,133.928574,1.1996217020255244,,,,,ding,,0,0,,diagnostic_only; no_auto_accept; no_auto_split,134.49556570202552,0.2033900275942849,20.75269227359492,6,3.4587820455991536,0.21928334925790405,182
0,8,28,176,182,7,7,provisional,132.932495,0.5623612414608488,,,,,ding,,0,0,,diagnostic_only; no_auto_accept; no_auto_split,133.04537824146084,0.21707256912758985,3.009611314309768,6,0.5016018857182947,0.21426957915839792,181
0,8,29,176,182,7,7,provisional,134.398544,1.0099751125148657,,,,,ding,,0,0,,diagnostic_only; no_auto_accept; no_auto_split,134.45048111251486,0.2098054354490844,3.9164457495349185,6,0.6527409582558198,0.21367950084387774,181
0,8,30,176,182,7,7,provisional,134.685089,0.8667743726165611,,,,,ding,,0,0,,diagnostic_only; no_auto_accept; no_auto_split,134.63391037261655,0.22599179013656706,6.56011622514484,6,1.0933527041908067,0.22756294538385957,181
0,8,31,176,182,7,7,provisional,131.141815,2.4497804180291496,,,,,ding,,0,0,,diagnostic_only; no_auto_accept; no_auto_split,131.17222341802915,0.22469055197357402,14.671081455071247,6,2.4451802425118747,0.2160966196761403,181
0,9,1,176,182,7,7,provisional,133.823273,2.079323662630344,,,,,ding,,0,0,,diagnostic_only; no_auto_accept; no_auto_split,134.12143633736966,0.29638446728045037,7.653713151895048,6,1.2756188586491748,0.23372715249226625,182
0,9,2,176,182,7,7,provisional,131.195663,2.275998590165301,,,,,ding,,0,0,,diagnostic_only; no_auto_accept; no_auto_split,131.0528535901653,0.29216450990047926,5.723855131815943,6,0.9539758553026573,0.21535885348847744,181
0,9,3,176,182,7,7,provisional,130.751648,1.0080936229804536,,,,,ding,,0,0,,diagnostic_only; no_auto_accept; no_auto_split,131.29111637701953,0.25301206630422607,8.361100385671227,6,1.3935167309452046,0.21522465231187568,181
0,9,4,176,182,7,7,provisional,130.019394,2.2302267719651354,,,,,ding,,0,0,,diagnostic_only; no_auto_accept; no_auto_split,130.16185977196514,0.21698930034789085,20.43637594009236,6,3.40606265668206,0.22743119207722676,181
0,9,5,176,182,7,7,provisional,131.086044,0.8078812598546392,,,,,ding,,0,0,,diagnostic_only; no_auto_accept; no_auto_split,131.23214274014535,0.2342031748327399,3.486062354600246,6,0.5810103924333744,0.21276208874089803,181
0,9,6,176,182,7,7,provisional,128.287888,0.9259013312327511,,,,,ding,,0,0,,diagnostic_only; no_auto_accept; no_auto_split,128.29876866876725,0.22665499654704224,5.665965664328201,6,0.9443276107213668,0.22431942264876575,181
0,9,7,176,182,7,7,provisional,131.05275,0.7480512694190509,,,,,ding,,0,0,,diagnostic_only; no_auto_accept; no_auto_split,131.00078873058095,0.20021447470559245,6.134426908929364,6,1.0224044848215608,0.21864737821024338,181
0,9,8,176,182,7,7,provisional,127.582024,1.0356523346301714,,,,,ding,,0,0,,diagnostic_only; no_auto_accept; no_auto_split,127.39300533463017,0.19266206367485306,9.920379789253705,6,1.6533966315422841,0.20762582540040106,182
0,9,9,176,182,7,7,provisional,130.978836,0.5937607191102643,,,,,ding,,0,0,,diagnostic_only; no_auto_accept; no_auto_split,131.14021728088974,0.18185780099296578,4.695966393345516,6,0.782661065557586,0.2187076252617404,181
0,9,10,176,182,7,7,provisional,135.02829,1.5193144030265557,,,,,ding,,0,0,,diagnostic_only; no_auto_accept; no_auto_split,135.00772459697345,0.217904759686377,19.96452210211612,6,3.327420350352687,0.21745331622193545,182
0,9,11,176,182,7,7,provisional,135.201782,0.9466680863789918,,,,,ding,,0,0,,diagnostic_only; no_auto_accept; no_auto_split,135.383745913621,0.2140501619276772,5.452766286398231,6,0.9087943810663718,0.22407382850595384,181
0,9,12,176,182,7,7,provisional,135.585251,0.8283703309202224,,,,,ding,,0,0,,diagnostic_only; no_auto_accept; no_auto_split,135.68092433092022,0.21787829558553334,6.717393469445243,6,1.1195655782408738,0.21655623149193234,181
0,9,13,176,182,7,7,provisional,134.543747,1.1159527399904619,,,,,ding,,0,0,,diagnostic_only; no_auto_accept; no_auto_split,134.82075426000955,0.22608705266670487,6.89164104584679,6,1.148606840974465,0.21750226685698926,182
0,9,14,176,182,7,7,provisional,139.989273,0.8090036754963421,,,,,ding,,0,0,,diagnostic_only; no_auto_accept; no_auto_split,139.97546167549635,0.21279563003761862,3.6350786259070462,6,0.6058464376511744,0.20627778339972874,182
0,9,15,176,182,7,7,provisional,135.623764,1.1778582495886951,,,,,ding,,0,0,,diagnostic_only; no_auto_accept; no_auto_split,135.7100082495887,0.21130428840847668,8.770144987448013,6,1.4616908312413355,0.2201018614716951,181
0,9,16,176,182,7,7,provisional,137.976059,1.173907280490596,,,,,ding,,0,0,,diagnostic_only; no_auto_accept; no_auto_split,137.7665282804906,0.1971460703304665,6.358996871138857,6,1.0598328118564762,0.22009092877831715,181
0,9,17,176,182,7,7,provisional,137.373764,1.261801580326022,,,,,ding,,0,0,,diagnostic_only; no_auto_accept; no_auto_split,137.40163541967397,0.20676993892942708,13.819024109231744,6,2.3031706848719575,0.20957896553085373,181
0,9,18,176,182,7,7,provisional,139.119522,1.1240602190208904,,,,,ding,,0,0,,diagnostic_only; no_auto_accept; no_auto_split,138.7385347809791,0.20472195818870162,8.788615119945979,6,1.464769186657663,0.2146359536987759,182
0,9,19,176,182,7,7,provisional,135.451248,1.2629119191246048,,,,,ding,,0,0,,diagnostic_only; no_auto_accept; no_auto_split,135.3655670808754,0.210463262861142,8.174771165900447,6,1.3624618609834078,0.22190202342054088,181
0,9,20,176,182,7,7,provisional,137.19838,0.7829165728325052,,,,,ding,,0,0,,diagnostic_only; no_auto_accept; no_auto_split,137.3392675728325,0.21006074297950442,5.634549528408429,6,0.9390915880680715,0.20954182116680964,182
0,9,21,176,182,7,7,provisional,140.65448,0.8885777017281384,,,,,ding,,0,0,,diagnostic_only; no_auto_accept; no_auto_split,140.38295229827187,0.20326369671214742,7.959137015753454,6,1.326522835958909,0.2126339107708691,181
0,9,22,176,182,7,7,provisional,140.92012,0.5263395848316748,,,,,ding,,0,0,,diagnostic_only; no_auto_accept; no_auto_split,140.77325141516832,0.21353807484223802,2.1413059259324436,6,0.3568843209887406,0.21848156354887488,181
0,9,23,176,182,7,7,provisional,137.078888,0.6403862486017431,,,,,ding,,0,0,,diagnostic_only; no_auto_accept; no_auto_split,137.28639724860173,0.21818602539797058,2.6195798401104597,6,0.43659664001841,0.21207586559615976,181
0,9,24,176,182,7,7,provisional,133.83548,1.716026415399682,,,,,ding,,0,0,,diagnostic_only; no_auto_accept; no_auto_split,133.84719058460033,0.19106168432729143,10.60829104667631,6,1.768048507779385,0.22302162274141518,181
0,9,25,176,182,7,7,provisional,132.496887,1.760126729882984,,,,,ding,,0,0,,diagnostic_only; no_auto_accept; no_auto_split,132.764089270117,0.21140435239537075,20.193289991318956,6,3.3655483318864925,0.21816608327229897,181
0,9,26,176,182,7,7,provisional,137.082825,1.6079980221865355,,,,,ding,,0,0,,diagnostic_only; no_auto_accept; no_auto_split,136.61164502218654,0.2039299050188912,12.407049090991313,6,2.067841515165219,0.20402024184144832,181
0,9,27,176,182,7,7,provisional,135.652191,0.8894964876811855,,,,,ding,,0,0,,diagnostic_only; no_auto_accept; no_auto_split,135.44540351231882,0.21152720846570477,9.303750765742699,6,1.550625127623783,0.2145720549669808,182
0,9,28,176,182,7,7,provisional,133.816132,1.1582444785242956,,,,,ding,,0,0,,diagnostic_only; no_auto_accept; no_auto_split,133.6023145214757,0.21925636172700635,9.859818525110883,6,1.6433030875184806,0.2169818417751246,182
0,9,29,176,182,7,7,provisional,134.776901,0.7335110699177676,,,,,ding,,0,0,,diagnostic_only; no_auto_accept; no_auto_split,134.86829593008224,0.21270201206674993,4.425958178152651,6,0.7376596963587753,0.22318483959647611,181
0,9,30,176,182,7,7,provisional,139.033707,0.8082572907979113,,,,,ding,,0,0,,diagnostic_only; no_auto_accept; no_auto_split,139.1508472907979,0.2167500707716538,2.5631764076608694,6,0.42719606794347825,0.21962410143280245,181
0,9,31,176,182,7,7,provisional,133.447632,1.3263117935808282,,,,,ding,,0,0,,diagnostic_only; no_auto_accept; no_auto_split,133.38525679358082,0.2267226689885333,4.014933679252637,6,0.6691556132087729,0.22010413007443705,181
0,10,1,176,182,7,7,provisional,131.66507,0.8810829591799632,,,,,ding,,0,0,,diagnostic_only; no_auto_accept; no_auto_split,131.59674604082005,0.28931184284692274,2.8612486053729382,6,0.47687476756215635,0.22496600486319301,181
0,10,2,176,182,7,7,provisional,131.886078,1.5256352646314326,,,,,ding,,0,0,,diagnostic_only; no_auto_accept; no_auto_split,131.80993726463143,0.22806616294137635,18.583681926378624,6,3.097280321063104,0.22492298165682287,182
0,10,3,176,182,7,7,provisional,129.16481,1.593008206747001,,,,,ding,,0,0,,diagnostic_only; no_auto_accept; no_auto_split,129.077566206747,0.3541689682160949,4.564482336895561,6,0.7607470561492602,0.22931718547018184,181
0,10,4,176,182,7,7,provisional,129.824539,1.1043550613218542,,,,,ding,,0,0,,diagnostic_only; no_auto_accept; no_auto_split,129.89291393867813,0.19882704405762883,11.574485488736391,6,1.9290809147893986,0.2202282029285485,181
0,10,5,176,182,7,7,provisional,129.104416,1.0331795863865523,,,,,ding,,0,0,,diagnostic_only; no_auto_accept; no_auto_split,129.18352458638654,0.19163808368683388,5.883527520510313,6,0.9805879200850521,0.2070777038447406,181
0,10,6,176,182,7,7,provisional,129.942612,0.883507173867514,,,,,ding,,0,0,,diagnostic_only; no_auto_accept; no_auto_split,129.6270831738675,0.18984185373295906,8.6648842509667,6,1.4441473751611167,0.206858227772071,182
0,10,7,176,182,7,7,provisional,130.279587,1.2830112544909298,,,,,ding,,0,0,,diagnostic_only; no_auto_accept; no_auto_split,129.99028625449094,0.1893014796076257,16.5838664609968,6,2.7639777434994666,0.20588249254742796,181
0,10,8,176,182,7,7,provisional,132.495285,0.9546718277299249,,,,,ding,,0,0,,diagnostic_only; no_auto_accept; no_auto_split,132.70990917227007,0.17504181699447408,11.308137390501216,6,1.884689565083536,0.22590456035505205,181
0,10,9,176,182,7,7,provisional,134.500732,1.3922164439767926,,,,,ding,,0,0,,diagnostic_only; no_auto_accept; no_auto_split,134.4522815560232,0.16575158870663598,6.95833334348196,6,1.15972222391366,0.21757310231406443,181
0,10,10,176,182,7,7,provisional,139.639603,0.9636150751279047,,,,,ding,,0,0,,diagnostic_only; no_auto_accept; no_auto_split,139.5915450751279,0.1976937207706413,9.304063872128882,6,1.5506773120214803,0.22019056658361605,182
0,10,11,176,182,7,7,provisional,140.410828,1.026841297400722,,,,,ding,,0,0,,diagnostic_only; no_auto_accept; no_auto_split,140.23274329740073,0.20698658976304007,7.838424040039751,6,1.3064040066732918,0.22449969842897455,181
0,10,12,176,182,7,7,provisional,139.195114,1.3550131138136123,,,,,ding,,0,0,,diagnostic_only; no_auto_accept; no_auto_split,139.1679101138136,0.20195371977174437,13.022027152215824,6,2.1703378587026374,0.21256901894296157,182
0,10,13,176,182,7,7,provisional,138.957565,1.1638990255258932,,,,,ding,,0,0,,diagnostic_only; no_auto_accept; no_auto_split,139.35828102552588,0.2283721201487561,7.18160458326826,6,1.1969340972113767,0.21265423229643257,182
0,10,14,176,182,7,7,provisional,139.690094,1.1189388324269203,,,,,ding,,0,0,,diagnostic_only; no_auto_accept; no_auto_split,139.4052698324269,0.19849520842167281,6.786911022683933,6,1.1311518371139888,0.2102776453535692,182
0,10,15,176,182,7,7,provisional,137.2379,0.7248723556669461,,,,,ding,,0,0,,diagnostic_only; no_auto_accept; no_auto_split,137.55624064433306,0.21032360313915913,5.947697848448926,6,0.9912829747414876,0.20399411604895676,181
0,10,16,176,182,7,7,provisional,141.950989,1.2139248756103314,,,,,ding,,0,0,,diagnostic_only; no_auto_accept; no_auto_split,141.95753812438966,0.2004810692726339,8.037772551249036,6,1.339628758541506,0.2070726837748569,182
0,10,17,176,182,7,7,provisional,141.316986,1.0157119597040207,,,,,ding,,0,0,,diagnostic_only; no_auto_accept; no_auto_split,141.375966040296,0.2056267407629757,6.1339399347912495,6,1.0223233224652082,0.21369121428293542,181
0,10,18,176,182,7,7,provisional,139.268433,1.0423493649777527,,,,,ding,,0,0,,diagnostic_only; no_auto_accept; no_auto_split,139.44562436497776,0.2094101759660734,5.61245109724036,6,0.9354085162067266,0.21304409033727323,181
0,10,19,176,182,7,7,provisional,139.567352,0.6649886158338916,,,,,ding,,0,0,,diagnostic_only; no_auto_accept; no_auto_split,139.5424243841661,0.21147022504798935,2.753875665912798,6,0.45897927765213303,0.21118257232503465,181
0,10,20,176,182,7,7,provisional,139.669678,1.8672126538585019,,,,,ding,,0,0,,diagnostic_only; no_auto_accept; no_auto_split,139.4987736538585,0.19751611364138666,16.87803343986198,6,2.81300557331033,0.21278258445965575,182
0,10,21,176,182,7,7,provisional,141.184875,1.9486778413504453,,,,,ding,,0,0,,diagnostic_only; no_auto_accept; no_auto_split,140.93308215864957,0.21900426684290933,11.815204475005778,6,1.9692007458342964,0.21744483758601413,182
0,10,22,176,182,7,7,provisional,140.237366,1.1559431491839405,,,,,ding,,0,0,,diagnostic_only; no_auto_accept; no_auto_split,140.18229885081607,0.20524236747325805,9.099272255555864,6,1.5165453759259773,0.21935305934187832,182
0,10,23,176,182,7,7,provisional,141.276077,0.7733547325920256,,,,,ding,,0,0,,diagnostic_only; no_auto_accept; no_auto_split,141.34993873259202,0.23087443759114668,2.842875532855177,6,0.4738125888091962,0.2102372294805393,182
0,10,24,176,182,7,7,provisional,134.2771,1.4552159157129267,,,,,ding,,0,0,,diagnostic_only; no_auto_accept; no_auto_split,134.57162408428707,0.21719178393883481,9.760388053127846,6,1.6267313421879743,0.21996526361599533,181
0,10,25,176,182,7,7,provisional,135.875107,0.42665748753307753,,,,,ding,,0,0,,diagnostic_only; no_auto_accept; no_auto_split,136.0527585124669,0.20669493312689088,1.831834526306174,6,0.3053057543843623,0.22055627894370583,181
0,10,26,176,182,7,7,provisional,135.700775,0.8476809545769299,,,,,ding,,0,0,,diagnostic_only; no_auto_accept; no_auto_split,135.81233804542308,0.21189118656799005,3.67737467260815,6,0.612895778768025,0.21735205172225747,181
0,10,27,176,182,7,7,provisional,138.452087,1.5927941499008966,,,,,ding,,0,0,,diagnostic_only; no_auto_accept; no_auto_split,138.4490608500991,0.20752680672572366,15.963069848663991,6,2.6605116414439984,0.21951613538707843,181
0,10,28,176,182,7,7,provisional,130.372299,0.9448614801752626,,,,,ding,,0,0,,diagnostic_only; no_auto_accept; no_auto_split,130.36634151982474,0.2491128963917017,3.486785451973,6,0.5811309086621667,0.21429715247745557,182
0,10,29,176,182,7,7,provisional,136.601562,1.589202442600083,,,,,ding,,0,0,,diagnostic_only; no_auto_accept; no_auto_split,136.45347544260008,0.21761748164952435,8.59783553293512,6,1.43297258882252,0.21826069761246328,181
0,10,30,176,182,7,7,provisional,137.865814,0.7208919965116252,,,,,ding,,0,0,,diagnostic_only; no_auto_accept; no_auto_split,137.95759000348838,0.23394103617129486,1.8618771947812367,6,0.3103128657968728,0.2118519224533314,181
0,10,31,176,182,7,7,provisional,134.227417,0.9812676807633807,,,,,ding,,0,0,,diagnostic_only; no_auto_accept; no_auto_split,134.06574431923661,0.23509584417273047,7.075023542532379,6,1.179170590422063,0.21961077392935735,181
0,11,1,176,182,7,7,provisional,131.076492,1.8977854124687497,,,,,ding,,0,0,,diagnostic_only; no_auto_accept; no_auto_split,130.82996041246875,0.333906748592906,4.743071703756611,6,0.7905119506261018,0.21891902457883386,181
0,11,2,176,182,7,7,provisional,127.767555,1.5763614639557773,,,,,ding,,0,0,,diagnostic_only; no_auto_accept; no_auto_split,127.82222853604424,0.31662556059825525,9.254870994718319,6,1.5424784991197198,0.2501193644233552,182
0,11,3,176,182,7,7,provisional,134.330612,1.4948596126807558,,,,,ding,,0,0,,diagnostic_only; no_auto_accept; no_auto_split,134.20553761268076,0.3467082921807599,8.314751056710284,6,1.3857918427850473,0.21507381979618204,182
0,11,4,176,182,7,7,provisional,131.944839,1.6579634944864665,,,,,ding,,0,0,,diagnostic_only; no_auto_accept; no_auto_split,131.97474250551355,0.20935910511414021,12.508589801173459,6,2.084764966862243,0.21892759456783165,181
0,11,5,176,182,7,7,provisional,132.216293,1.0988694204298497,,,,,ding,,0,0,,diagnostic_only; no_auto_accept; no_auto_split,132.08892042042984,0.20540906007427379,2.9303242820446855,6,0.48838738034078094,0.22087225706424313,181
0,11,6,176,182,7,7,provisional,133.130035,1.3310237168381889,,,,,ding,,0,0,,diagnostic_only; no_auto_accept; no_auto_split,133.24032571683819,0.24022732095807,11.151271637015704,6,1.8585452728359506,0.21074950559950825,182
0,11,7,176,182,7,7,provisional,131.063049,1.023533511853202,,,,,ding,,0,0,,diagnostic_only; no_auto_accept; no_auto_split,131.0350385118532,0.20671383764697698,2.8825490695950555,6,0.48042484493250925,0.20478508271044651,181
0,11,8,176,182,7,7,provisional,128.560867,1.458351040404338,,,,,ding,,0,0,,diagnostic_only; no_auto_accept; no_auto_split,128.67806204040434,0.174306245716202,17.011424343061716,6,2.835237390510286,0.2110211278781046,182
0,11,9,176,182,7,7,provisional,131.341827,1.3640398197593981,,,,,ding,,0,0,,diagnostic_only; no_auto_accept; no_auto_split,131.3094438197594,0.197773799741532,10.802185911964063,6,1.8003643186606773,0.21211084124419677,182
0,11,10,176,182,7,7,provisional,134.65239,1.1949499786569788,,,,,ding,,0,0,,diagnostic_only; no_auto_accept; no_auto_split,134.49731797865698,0.20422831752467466,3.1104843958131294,6,0.5184140659688549,0.21178752834292158,181
0,11,11,176,182,7,7,provisional,135.520554,0.7870762022554914,,,,,ding,,0,0,,diagnostic_only; no_auto_accept; no_auto_split,135.66702579774451,0.2186483779441082,6.368974935680848,6,1.0614958226134747,0.21405768092355903,181
0,11,12,176,182,7,7,provisional,138.177658,1.1545578592702839,,,,,ding,,0,0,,diagnostic_only; no_auto_accept; no_auto_split,138.0199748592703,0.22056121290299477,4.156217108808841,6,0.6927028514681401,0.21299869944015332,182
0,11,13,176,182,7,7,provisional,135.45047,0.9521953008265598,,,,,ding,,0,0,,diagnostic_only; no_auto_accept; no_auto_split,135.30786069917343,0.2082719174710539,8.319527133167048,6,1.3865878555278413,0.21826751104032724,181
0,11,14,176,182,7,7,provisional,132.694717,1.0894517428264692,,,,,ding,,0,0,,diagnostic_only; no_auto_accept; no_auto_split,132.47516374282648,0.19437160657299432,9.939173831154568,6,1.6565289718590945,0.21518330875885075,181
0,11,15,176,182,7,7,provisional,134.767517,2.0229294403033578,,,,,ding,,0,0,,diagnostic_only; no_auto_accept; no_auto_split,134.71468644030335,0.21444559290933082,11.150893826350895,6,1.858482304391816,0.20564302814325539,181
0,11,16,176,182,7,7,provisional,137.305725,1.1621990645402036,,,,,ding,,0,0,,diagnostic_only; no_auto_accept; no_auto_split,137.1845380645402,0.2018155897745246,8.347123434950648,6,1.3911872391584412,0.20592855394703236,182
0,11,17,176,182,7,7,provisional,132.666061,0.9486769181848445,,,,,ding,,0,0,,diagnostic_only; no_auto_accept; no_auto_split,132.60195191818485,0.20307364443745057,10.07160006578056,6,1.6786000109634267,0.21607507321332914,182
0,11,18,176,182,7,7,provisional,132.711884,1.5361401656146256,,,,,ding,,0,0,,diagnostic_only; no_auto_accept; no_auto_split,132.80104816561462,0.19806045440411854,18.14591532110856,6,3.02431922018476,0.2121438039252919,182
0,11,19,176,182,7,7,provisional,131.956863,1.658096594266567,,,,,ding,,0,0,,diagnostic_only; no_auto_accept; no_auto_split,131.72383159426656,0.20158361508336844,12.105982545050603,6,2.017663757508434,0.2057690009365709,181
0,11,20,176,182,7,7,provisional,135.382874,1.6471306381395436,,,,,ding,,0,0,,diagnostic_only; no_auto_accept; no_auto_split,135.49335736186046,0.22143873611838713,15.343994422572488,6,2.5573324037620813,0.21711069300887195,182
0,11,21,176,182,7,7,provisional,131.553009,1.9332745237031475,,,,,ding,,0,0,,diagnostic_only; no_auto_accept; no_auto_split,131.79521047629686,0.20318502944420644,9.27995028489726,6,1.5466583808162102,0.22189626163231183,181
0,11,22,176,182,7,7,provisional,134.128387,0.8797080765882299,,,,,ding,,0,0,,diagnostic_only; no_auto_accept; no_auto_split,134.03167007658823,0.2086178761464964,2.7899248745167866,6,0.4649874790861311,0.22174829799984694,181
0,11,23,176,182,7,7,provisional,132.178452,1.480480526629151,,,,,ding,,0,0,,diagnostic_only; no_auto_accept; no_auto_split,131.94329452662916,0.21250711962919838,12.259661629673442,6,2.043276938278907,0.2108371473157009,181
0,11,24,176,182,7,7,provisional,136.621643,1.587813278034389,,,,,ding,,0,0,,diagnostic_only; no_auto_accept; no_auto_split,136.5307627219656,0.2159015524047527,12.260068876921965,6,2.0433448128203273,0.22510427813414377,181
0,11,25,176,182,7,7,provisional,134.363251,1.333528949403501,,,,,ding,,0,0,,diagnostic_only; no_auto_accept; no_auto_split,133.9658379494035,0.21877272569957396,13.531479177177843,6,2.2552465295296407,0.233780722217366,182
0,11,26,176,182,7,7,provisional,136.465027,1.4467320260707481,,,,,ding,,0,0,,diagnostic_only; no_auto_accept; no_auto_split,136.40425097392927,0.21755719714283894,12.969226658262608,6,2.1615377763771013,0.21488083438149802,181
0,11,27,176,182,7,7,provisional,134.400024,2.505177829712636,,,,,ding,,0,0,,diagnostic_only; no_auto_accept; no_auto_split,134.53317782971263,0.22212113227894484,19.526719311817704,6,3.254453218636284,0.21168856988121137,182
0,11,28,176,182,7,7,provisional,135.711777,0.6148981744084665,,,,,ding,,0,0,,diagnostic_only; no_auto_accept; no_auto_split,135.87593082559152,0.22694702422236918,3.015162979210448,6,0.5025271632017413,0.20869667676828127,182
0,11,29,176,182,7,7,provisional,133.27211,1.3526697737371478,,,,,ding,,0,0,,diagnostic_only; no_auto_accept; no_auto_split,132.82317222626284,0.22923241107168438,15.286955214691778,6,2.547825869115296,0.23707138469335484,182
0,11,30,176,182,7,7,provisional,135.853775,1.876924477717921,,,,,ding,,0,0,,diagnostic_only; no_auto_accept; no_auto_split,136.1485575222821,0.24063964960803896,9.135162000493663,6,1.5225270000822773,0.22216806386623125,181
0,11,31,176,182,7,7,provisional,132.69635,1.4739833387330066,,,,,ding,,0,0,,diagnostic_only; no_auto_accept; no_auto_split,132.805572661267,0.23535866879022038,2.2308730486909765,6,0.37181217478182943,0.22000207631849697,182
0,12,1,176,182,7,7,provisional,136.525589,1.3627929405761847,,,,,ding,,0,0,,diagnostic_only; no_auto_accept; no_auto_split,136.4130399405762,0.2607798244411362,7.485007326650995,6,1.247501221108499,0.21501394119787778,181
0,12,2,176,182,7,7,provisional,127.865891,1.2771904961733895,,,,,ding,,0,0,,diagnostic_only; no_auto_accept; no_auto_split,127.93116850382661,0.30312202210464506,4.283611431360802,6,0.7139352385601336,0.22161034762998183,182
0,12,3,176,182,7,7,provisional,127.168198,1.3870715667560631,,,,,ding,,0,0,,diagnostic_only; no_auto_accept; no_auto_split,127.42378043324395,0.3010405678711413,6.750235358381171,6,1.1250392263968618,0.2033325862676595,182
0,12,4,176,182,7,7,provisional,132.434937,0.6399750528446475,,,,,ding,,0,0,,diagnostic_only; no_auto_accept; no_auto_split,132.41057694715536,0.19599088844335133,3.3392899946776526,6,0.5565483324462754,0.22125098526778558,181
0,12,5,176,182,7,7,provisional,133.337921,1.2713705803472521,,,,,ding,,0,0,,diagnostic_only; no_auto_accept; no_auto_split,133.31050958034726,0.18990858156463006,7.177723005646622,6,1.1962871676077704,0.20468549976620085,181
0,12,6,176,182,7,7,provisional,131.831589,1.0141434109414718,,,,,ding,,0,0,,diagnostic_only; no_auto_accept; no_auto_split,131.94000141094148,0.18139636032937592,4.357561587960294,6,0.726260264660049,0.2111948260152355,181
0,12,7,176,182,7,7,provisional,130.375351,1.3678343182117771,,,,,ding,,0,0,,diagnostic_only; no_auto_accept; no_auto_split,130.20360431821177,0.19182963637255046,11.417101401191472,6,1.902850233531912,0.20869435332996633,181
0,12,8,176,182,7,7,provisional,133.638565,0.6826402699189202,,,,,ding,,0,0,,diagnostic_only; no_auto_accept; no_auto_split,133.55895226991893,0.18057663468952093,5.6902153314870585,6,0.9483692219145098,0.2219624262869875,181
0,12,9,176,182,7,7,provisional,134.140396,1.5853578591143958,,,,,ding,,0,0,,diagnostic_only; no_auto_accept; no_auto_split,133.9167328591144,0.16929889801119974,10.763911147810358,6,1.7939851913017264,0.21026910556522393,182
0,12,10,176,182,7,7,provisional,136.369095,0.7040233745620981,,,,,ding,,0,0,,diagnostic_only; no_auto_accept; no_auto_split,136.5177626254379,0.19373930290174973,6.38023271228453,6,1.0633721187140883,0.2185526861712586,181
0,12,11,176,182,7,7,provisional,136.839096,1.5748127020595462,,,,,ding,,0,0,,diagnostic_only; no_auto_accept; no_auto_split,136.78039470205954,0.18376975860702097,11.257647955518356,6,1.8762746592530595,0.2129394608490599,181
0,12,12,176,182,7,7,provisional,136.056915,1.4290670041941382,,,,,ding,,0,0,,diagnostic_only; no_auto_accept; no_auto_split,136.25058500419414,0.1928606506851944,14.172064248993403,6,2.3620107081655672,0.21929893978793852,181
0,12,13,176,182,7,7,provisional,135.908905,0.9564977702475517,,,,,ding,,0,0,,diagnostic_only; no_auto_accept; no_auto_split,135.78010577024756,0.18729696451301675,3.9408539273083294,6,0.6568089878847215,0.2243922837874342,181
0,12,14,176,182,7,7,provisional,134.550339,1.34456510475718,,,,,ding,,0,0,,diagnostic_only; no_auto_accept; no_auto_split,134.14018910475718,0.18614656339239852,21.57329851543509,6,3.595549752572515,0.2230874484231286,181
0,12,15,176,182,7,7,provisional,137.299423,1.0858447194645464,,,,,ding,,0,0,,diagnostic_only; no_auto_accept; no_auto_split,137.32086328053546,0.19079315544501277,7.142118125248338,6,1.190353020874723,0.2160163198410582,181
0,12,16,176,182,7,7,provisional,139.718063,0.9504009036860452,,,,,ding,,0,0,,diagnostic_only; no_auto_accept; no_auto_split,139.64646090368603,0.19048789900901986,10.756650356969262,6,1.792775059494877,0.21367866947304337,181
0,12,17,176,182,7,7,provisional,135.720947,2.3770505879482755,,,,,ding,,0,0,,diagnostic_only; no_auto_accept; no_auto_split,135.83335241205174,0.17834877056111398,19.535152092481894,6,3.2558586820803157,0.21484787417569196,182
0,12,18,176,182,7,7,provisional,136.967819,1.6012042224943173,,,,,ding,,0,0,,diagnostic_only; no_auto_accept; no_auto_split,136.63686377750568,0.20112290755270734,13.029256138484719,6,2.171542689747453,0.21478485817736326,181
0,12,19,176,182,7,7,provisional,136.908218,0.697621342595653,,,,,ding,,0,0,,diagnostic_only; no_auto_accept; no_auto_split,136.92838034259566,0.19312108791799276,5.0501523716974965,6,0.8416920619495828,0.20810515552539138,181
0,12,20,176,182,7,7,provisional,136.676849,0.5763096901664255,,,,,ding,,0,0,,diagnostic_only; no_auto_accept; no_auto_split,136.8301086901664,0.18780988269142496,5.57801422656222,6,0.92966903776037,0.20999975780222505,182
0,12,21,176,182,7,7,provisional,137.441772,1.8740204598590537,,,,,ding,,0,0,,diagnostic_only; no_auto_accept; no_auto_split,137.33723145985905,0.17974154481548582,11.350442044865364,6,1.891740340810894,0.21678766919769019,182
0,12,22,176,182,7,7,provisional,133.516708,0.8219678238005201,,,,,ding,,0,0,,diagnostic_only; no_auto_accept; no_auto_split,133.4270248238005,0.18184110024538072,9.631795220649698,6,1.6052992034416163,0.21568649569463405,182
0,12,23,176,182,7,7,provisional,136.259628,0.6824443224959964,,,,,ding,,0,0,,diagnostic_only; no_auto_accept; no_auto_split,136.337651677504,0.18219031721813156,2.5274581126265847,6,0.42124301877109743,0.21640074810481372,181
0,12,24,176,182,7,7,provisional,138.759842,1.20017760422229,,,,,ding,,0,0,,diagnostic_only; no_auto_accept; no_auto_split,138.5534233957777,0.1933825059322838,15.232605200003984,6,2.5387675333339974,0.20843943162018785,182
0,12,25,176,182,7,7,provisional,135.109528,1.1728762536068587,,,,,ding,,0,0,,diagnostic_only; no_auto_accept; no_auto_split,135.04720525360685,0.2074702721681822,9.659568854749898,6,1.6099281424583163,0.21679762838515473,182
0,12,26,176,182,7,7,provisional,136.478683,1.2401775548653404,,,,,ding,,0,0,,diagnostic_only; no_auto_accept; no_auto_split,136.78283244513466,0.2018484573669471,18.866406160441635,6,3.1444010267402724,0.21991450489021094,182
0,12,27,176,182,7,7,provisional,135.546204,1.925484248450374,,,,,ding,,0,0,,diagnostic_only; no_auto_accept; no_auto_split,135.34023324845037,0.20289294017269088,9.473355349928584,6,1.5788925583214306,0.21466349472170543,181
0,12,28,176,182,7,7,provisional,136.695816,1.434985690969711,,,,,ding,,0,0,,diagnostic_only; no_auto_accept; no_auto_split,136.7943756909697,0.21198599351311373,5.133712684597094,6,0.8556187807661823,0.21417633985852072,181
0,12,29,176,182,7,7,provisional,136.27475,1.0272047764485421,,,,,ding,,0,0,,diagnostic_only; no_auto_accept; no_auto_split,136.43794422355145,0.21381969040734555,4.984767952253459,6,0.8307946587089098,0.21616509675585194,181
0,12,30,176,182,7,7,provisional,136.354324,1.0951651966089457,,,,,ding,,0,0,,diagnostic_only; no_auto_accept; no_auto_split,136.34462380339104,0.22124140010483834,7.0499240440617985,6,1.1749873406769664,0.21883512387649642,182
0,12,31,176,182,7,7,provisional,136.555984,0.7715349093010673,,,,,ding,,0,0,,diagnostic_only; no_auto_accept; no_auto_split,136.54890890930108,0.23629170624882986,2.3224887726940766,6,0.38708146211567945,0.216209007634579,181
1,1,1,176,182,7,7,provisional,131.869843,0.8068397841898616,,,,,ding,,0,0,,diagnostic_only; no_auto_accept; no_auto_split,131.74227821581013,0.2648979305726221,2.7400426024179305,6,0.45667376706965507,0.21329825571158031,181
1,1,2,176,182,7,7,provisional,128.721939,3.017329273400591,,,,,ding,,0,0,,diagnostic_only; no_auto_accept; no_auto_split,128.9534482734006,0.34414794996497455,17.88042439997665,6,2.9800707333294416,0.22778476737763997,182
1,1,3,176,182,7,7,provisional,131.230881,1.0605241416239437,,,,,ding,,0,0,,diagnostic_only; no_auto_accept; no_auto_split,131.26485385837606,0.28375165244987993,6.007506287475176,6,1.0012510479125294,0.20883808285934718,182
1,1,4,176,182,7,7,provisional,130.255951,1.0362378223347832,,,,,ding,,0,0,,diagnostic_only; no_auto_accept; no_auto_split,130.32217617766523,0.24194014884205722,6.7391366034735665,6,1.123189433912261,0.2097660649539876,182
1,1,5,176,182,7,7,provisional,130.711288,1.6899441810966778,,,,,ding,,0,0,,diagnostic_only; no_auto_accept; no_auto_split,130.69613381890332,0.22353092860498977,6.88589770591863,6,1.147649617653105,0.2093784034974614,182
1,1,6,176,182,7,0,manual_review,,,,176;177;178;179;180;181;182,,insufficient_points,ding,,0,0,,diagnostic_only; no_auto_accept; no_auto_split,,,,,,,
1,1,7,176,182,7,7,provisional,136.676376,0.6405062989661872,,,,,ding,,0,0,,diagnostic_only; no_auto_accept; no_auto_split,136.59273129896619,0.24254196008196988,3.377149192814731,6,0.5628581988024551,0.20824539157960606,182
1,1,8,176,182,7,7,provisional,133.065781,0.6459800322862748,,,,,ding,,0,0,,diagnostic_only; no_auto_accept; no_auto_split,133.22106996771373,0.23783317311573762,2.168332632323324,6,0.3613887720538873,0.21239837840700013,181
1,1,9,176,182,7,7,provisional,132.812698,1.4536674659625248,,,,,ding,,0,0,,diagnostic_only; no_auto_accept; no_auto_split,133.11862853403747,0.21581850164596322,12.210258857721048,6,2.035043142953508,0.21397832731729827,182
1,1,10,176,182,7,7,provisional,134.5383,0.9601808943334333,,,,,ding,,0,0,,diagnostic_only; no_auto_accept; no_auto_split,134.72297010566658,0.2238585989810108,8.894638054365759,6,1.4824396757276264,0.2200895789491859,181
1,1,11,176,182,7,7,provisional,134.234329,0.9748994556877335,,,,,ding,,0,0,,diagnostic_only; no_auto_accept; no_auto_split,134.13591045568774,0.2198628926295711,8.925358085329805,6,1.4875596808883007,0.21194645768824857,182
1,1,12,176,182,7,7,provisional,133.803986,1.1560971767395074,,,,,ding,,0,0,,diagnostic_only; no_auto_accept; no_auto_split,133.5036168232605,0.2300514770116652,8.283768636438264,6,1.380628106073044,0.21066458619242168,181
1,1,13,176,182,7,7,provisional,134.573166,0.9707434754995745,,,,,ding,,0,0,,diagnostic_only; no_auto_accept; no_auto_split,134.50151652450043,0.2532219176246922,4.891781896876625,6,0.8152969828127709,0.21489250912264166,182
1,1,14,176,182,7,7,provisional,133.591644,0.817608221302379,,,,,ding,,0,0,,diagnostic_only; no_auto_accept; no_auto_split,133.78469522130237,0.2308340312123073,4.753730732679949,6,0.7922884554466582,0.21356688028866735,181
1,1,15,176,182,7,7,provisional,134.880966,1.1443275359635265,,,,,ding,,0,0,,diagnostic_only; no_auto_accept; no_auto_split,135.27599146403648,0.2363571754549938,9.793139249282177,6,1.632189874880363,0.2124939515167935,182
1,1,16,176,182,7,7,provisional,133.305786,1.6299000420124798,,,,,ding,,0,0,,diagnostic_only; no_auto_accept; no_auto_split,132.92267004201247,0.21997113025196258,28.068352663377002,6,4.6780587772295,0.21673801925173805,182
1,1,17,176,182,7,7,provisional,130.867111,1.8995408130413125,,,,,ding,,0,0,,diagnostic_only; no_auto_accept; no_auto_split,130.48584481304133,0.21380775908264552,26.56669555062715,6,4.427782591771192,0.21554907288990718,181
1,1,18,176,182,7,7,provisional,133.878983,1.8649681988114537,,,,,ding,,0,0,,diagnostic_only; no_auto_accept; no_auto_split,133.74182780118855,0.22770060611319928,14.325571041207052,6,2.3875951735345087,0.20919127322841535,182
1,1,19,176,182,7,7,provisional,134.338486,1.609011646853162,,,,,ding,,0,0,,diagnostic_only; no_auto_accept; no_auto_split,133.50361964685317,0.22145842996304724,23.16318055875447,6,3.8605300931257447,0.22666154373204314,181
1,1,20,176,182,7,7,provisional,133.984055,1.8182315614432696,,,,,ding,,0,0,,diagnostic_only; no_auto_accept; no_auto_split,133.52938256144327,0.23554120272197382,22.403188536332287,6,3.733864756055381,0.2107850416677344,182
1,1,21,176,182,7,7,provisional,130.430908,1.7079105545076345,,,,,ding,,0,0,,diagnostic_only; no_auto_accept; no_auto_split,129.90720555450764,0.23371214733393839,21.55518526250168,6,3.5925308770836133,0.23076034270785956,181
1,1,22,176,182,7,7,provisional,134.048294,2.2719064181703175,,,,large_chi2_ndf,ding,,0,0,,diagnostic_only; no_auto_accept; no_auto_split,134.1625415818297,0.23103004646797068,37.75395824728793,6,6.292326374547989,0.21430713370267995,182
1,1,23,176,182,7,7,provisional,133.676163,1.4611543642454308,,,,,ding,,0,0,,diagnostic_only; no_auto_accept; no_auto_split,133.36040036424544,0.23085026741694292,13.285225167003942,6,2.214204194500657,0.2176546898470052,182
1,1,24,176,182,7,7,provisional,138.527542,2.131629484983307,,,,,ding,,0,0,,diagnostic_only; no_auto_accept; no_auto_split,138.33443451501668,0.25374074323227186,16.356863305227222,6,2.726143884204537,0.21530312617408595,182
1,1,25,176,182,7,7,provisional,135.542557,2.157075565089883,,,,large_chi2_ndf,ding,,0,0,,diagnostic_only; no_auto_accept; no_auto_split,134.61136056508988,0.25275252919924013,33.6286904857739,6,5.604781747628984,0.22585379454869384,181
1,1,26,176,182,7,7,provisional,136.51091,2.4646790550216053,,,,large_chi2_ndf,ding,,0,0,,diagnostic_only; no_auto_accept; no_auto_split,135.2450900550216,0.251901819341247,37.765795980208495,6,6.294299330034749,0.2389332483990533,181
1,1,27,176,182,7,7,provisional,137.815826,1.8373062878651467,,,,,ding,,0,0,,diagnostic_only; no_auto_accept; no_auto_split,137.37558471213487,0.27624979635918984,20.086208346453844,6,3.3477013910756406,0.2362435599634863,181
1,1,28,176,182,7,7,provisional,137.598358,1.7024492149533899,,,,,ding,,0,0,,diagnostic_only; no_auto_accept; no_auto_split,137.0784347850466,0.2596494729648699,15.555788507802971,6,2.5926314179671617,0.21717526220018227,181
1,1,29,176,182,7,7,provisional,135.186508,2.1703191204255177,,,,,ding,,0,0,,diagnostic_only; no_auto_accept; no_auto_split,135.24020287957447,0.2701660357798755,18.506630681485913,6,3.084438446914319,0.21648293363684,182
1,1,30,176,182,7,7,provisional,136.417938,2.097533308293947,,,,,ding,,0,0,,diagnostic_only; no_auto_accept; no_auto_split,135.53340269170604,0.23686190861173081,28.625885672653553,6,4.7709809454422585,0.24830599617353255,182
1,1,31,176,182,7,7,provisional,135.658142,1.569197209986072,,,,,ding,,0,0,,diagnostic_only; no_auto_accept; no_auto_split,135.13125779001393,0.2515412950873357,15.26373704382652,6,2.5439561739710865,0.22342537623012604,181
1,2,1,176,182,7,7,provisional,132.945953,1.8161430834857697,,,,,ding,,0,0,,diagnostic_only; no_auto_accept; no_auto_split,132.46007908348577,0.30763383627770413,15.75336548561415,6,2.625560914269025,0.21620417741562284,182
1,2,2,176,182,7,7,provisional,130.896561,1.2854681056195432,,,,,ding,,0,0,,diagnostic_only; no_auto_accept; no_auto_split,130.46802589438045,0.251440441160163,9.492499024361118,6,1.582083170726853,0.21089694284409524,181
1,2,3,176,182,7,7,provisional,132.112732,1.0170542701559668,,,,,ding,,0,0,,diagnostic_only; no_auto_accept; no_auto_split,131.55628427015597,0.24515491451028748,8.195351925147094,6,1.3658919875245157,0.2013096506572679,181
1,2,4,176,182,7,7,provisional,133.537064,1.66574485869927,,,,,ding,,0,0,,diagnostic_only; no_auto_accept; no_auto_split,133.37905514130074,0.20954378797629278,15.022146966536415,6,2.5036911610894026,0.2233639366460542,181
1,2,5,176,182,7,7,provisional,134.885208,1.8964524480910825,,,,,ding,,0,0,,diagnostic_only; no_auto_accept; no_auto_split,135.1908735519089,0.20815250185532172,17.061508537220128,6,2.8435847562033545,0.22201917870887117,181
1,2,6,176,182,7,7,provisional,134.181992,0.9846217705087099,,,,,ding,,0,0,,diagnostic_only; no_auto_accept; no_auto_split,134.4323092294913,0.20960858557832704,8.169210237879646,6,1.3615350396466077,0.22877364777632453,182
1,2,7,176,182,7,7,provisional,135.283081,1.270775933084991,,,,,ding,,0,0,,diagnostic_only; no_auto_accept; no_auto_split,135.48706706691502,0.23256161121405142,13.038313820565048,6,2.1730523034275078,0.21331186067911947,181
1,2,8,176,182,7,7,provisional,134.774963,1.090276949292445,,,,,ding,,0,0,,diagnostic_only; no_auto_accept; no_auto_split,134.86118194929244,0.21812246539018368,10.127630335620745,6,1.6879383892701243,0.2230424955734231,181
1,2,9,176,182,7,7,provisional,138.135696,0.7758858240850941,,,,,ding,,0,0,,diagnostic_only; no_auto_accept; no_auto_split,137.7819301759149,0.21192337967867894,5.776484540252082,6,0.962747423375347,0.21936077260974177,181
1,2,10,176,182,7,0,manual_review,,,,176;177;178;179;180;181;182,,insufficient_points,ding,,0,0,,diagnostic_only; no_auto_accept; no_auto_split,,,,,,,
1,2,11,176,182,7,7,provisional,135.940933,1.759972675216261,,,,,ding,,0,0,,diagnostic_only; no_auto_accept; no_auto_split,136.02405667521626,0.22861522417920496,24.38229326604376,6,4.063715544340627,0.2176966853819302,182
1,2,12,176,182,7,7,provisional,131.390778,1.468171772523931,,,,,ding,,0,0,,diagnostic_only; no_auto_accept; no_auto_split,131.52943222747606,0.21884239407438108,12.087302712557147,6,2.0145504520928577,0.20830870978455546,181
1,2,13,176,182,7,7,provisional,131.903564,1.9661618985009852,,,,,ding,,0,0,,diagnostic_only; no_auto_accept; no_auto_split,131.873605101499,0.23533775028482776,16.4625851705079,6,2.74376419508465,0.2095167357261718,181
1,2,14,176,182,7,7,provisional,131.870316,1.118349090760148,,,,,ding,,0,0,,diagnostic_only; no_auto_accept; no_auto_split,131.76920890923986,0.21861464718846985,5.515928436530815,6,0.9193214060884691,0.2220370841374263,181
1,2,15,176,182,7,7,provisional,130.023361,0.7110382308441103,,,,,ding,,0,0,,diagnostic_only; no_auto_accept; no_auto_split,129.9180357691559,0.22391142831507543,3.658700975777313,6,0.6097834959628855,0.20244543796585926,181
1,2,16,176,182,7,7,provisional,130.999222,1.73826905141118,,,,large_chi2_ndf,ding,,0,0,,diagnostic_only; no_auto_accept; no_auto_split,131.08013594858883,0.22343087544840318,31.929669680804544,6,5.321611613467424,0.22327473758530017,181
1,2,17,176,182,7,7,provisional,132.952469,1.9890704021868828,,,,,ding,,0,0,,diagnostic_only; no_auto_accept; no_auto_split,133.0294454021869,0.23128490628306528,27.96406471202289,6,4.660677452003815,0.23822992600841586,181
1,2,18,176,182,7,7,provisional,133.088425,2.1648339686736904,,,,,ding,,0,0,,diagnostic_only; no_auto_accept; no_auto_split,132.67600296867369,0.23805033633918177,26.142773560291918,6,4.35712892671532,0.21038248349205302,181
1,2,19,176,182,7,7,provisional,131.171417,1.5832202130985706,,,,,ding,,0,0,,diagnostic_only; no_auto_accept; no_auto_split,131.32453821309858,0.23145229936246564,16.98863735616145,6,2.8314395593602417,0.20157359745918704,182
1,2,20,176,182,7,7,provisional,135.260422,1.8319416138382678,,,,,ding,,0,0,,diagnostic_only; no_auto_accept; no_auto_split,135.17841938616172,0.2262278972852239,26.237438030840057,6,4.372906338473343,0.21659757185826903,182
1,2,21,176,182,7,7,provisional,132.930573,2.0202708159921485,,,,,ding,,0,0,,diagnostic_only; no_auto_accept; no_auto_split,132.59096481599215,0.24095576947750338,27.38348009957647,6,4.563913349929412,0.2336918984118881,182
1,2,22,176,182,7,7,provisional,134.574173,2.269207251562733,,,,large_chi2_ndf,ding,,0,0,,diagnostic_only; no_auto_accept; no_auto_split,133.60885974843725,0.23829030693552095,35.60535076973569,6,5.934225128289282,0.22593637503053987,182
1,2,23,176,182,7,7,provisional,131.677551,2.115262723503889,,,,,ding,,0,0,,diagnostic_only; no_auto_accept; no_auto_split,131.4878517235039,0.2377275719142456,26.608166007892585,6,4.434694334648764,0.21395583180851704,181
1,2,24,176,182,7,7,provisional,136.400238,1.9999527720647166,,,,,ding,,0,0,,diagnostic_only; no_auto_accept; no_auto_split,136.0457747720647,0.27296366435763186,15.596885563880038,6,2.5994809273133397,0.20249193530241896,182
1,2,25,176,182,7,7,provisional,131.747498,1.681251343205446,,,,,ding,,0,0,,diagnostic_only; no_auto_accept; no_auto_split,131.68767534320546,0.2851257247405482,14.044987522675298,6,2.3408312537792164,0.23198907820427117,182
1,2,26,176,182,7,7,provisional,134.94902,1.8625483373778309,,,,,ding,,0,0,,diagnostic_only; no_auto_accept; no_auto_split,134.57119766262218,0.2501740428245402,19.815169585225544,6,3.3025282642042573,0.24802722011700282,182
1,2,27,176,182,7,7,provisional,133.378189,1.9461296834832353,,,,,ding,,0,0,,diagnostic_only; no_auto_accept; no_auto_split,133.30228331651676,0.26505539297780356,12.678851952649278,6,2.113141992108213,0.21136397840398222,181
1,2,28,176,182,7,7,provisional,133.334793,1.5102461054510457,,,,,ding,,0,0,,diagnostic_only; no_auto_accept; no_auto_split,132.96881889454895,0.2389830883481645,18.917392595264538,6,3.152898765877423,0.21665403451057952,182
1,2,29,176,182,7,7,provisional,134.3423,1.7036471589020437,,,,,ding,,0,0,,diagnostic_only; no_auto_accept; no_auto_split,134.23962084109795,0.25609161504507205,10.35513846546871,6,1.7258564109114518,0.2283642234412342,181
1,2,30,176,182,7,7,provisional,134.259354,1.8043386651818025,,,,,ding,,0,0,,diagnostic_only; no_auto_accept; no_auto_split,133.85844666518182,0.24084503416208128,18.403712320072867,6,3.0672853866788112,0.23795101585583844,182
1,2,31,176,182,7,7,provisional,134.991516,2.2246437872318836,,,,,ding,,0,0,,diagnostic_only; no_auto_accept; no_auto_split,134.6237987872319,0.26760621516090743,24.584733330763893,6,4.097455555127316,0.220377887210954,181
1,3,1,176,182,7,7,provisional,120.310989,3.416847030080845,,177;180;181,,different_from_nominal,ding,,0,0,,diagnostic_only; no_auto_accept; no_auto_split,121.98602303008084,0.6856305133205634,17.065137277026764,6,2.8441895461711275,0.326781344066664,182
1,3,2,176,182,7,7,provisional,132.224716,1.8619978682829696,,,,,ding,,0,0,,diagnostic_only; no_auto_accept; no_auto_split,131.94959886828298,0.2649912904317524,10.548311365094202,6,1.758051894182367,0.19057242536769203,182
1,3,3,176,182,7,7,provisional,131.330643,0.7998611968276634,,,,,ding,,0,0,,diagnostic_only; no_auto_accept; no_auto_split,131.21798219682768,0.2767887589252461,2.1509661863906606,6,0.35849436439844345,0.196962256316143,182
1,3,4,176,182,7,7,provisional,131.877975,0.9134040426419858,,,,,ding,,0,0,,diagnostic_only; no_auto_accept; no_auto_split,131.864976957358,0.23608371159955496,4.288621375930512,6,0.7147702293217519,0.2110128476248387,181
1,3,5,176,182,7,7,provisional,132.534424,1.4922630544406275,,,,,ding,,0,0,,diagnostic_only; no_auto_accept; no_auto_split,132.64828405444064,0.2540456415212944,11.369034192748371,6,1.8948390321247286,0.1990530060913727,180
1,3,6,176,182,7,7,provisional,135.652267,2.6903588445534297,,,,large_chi2_ndf,ding,,0,0,,diagnostic_only; no_auto_accept; no_auto_split,135.70598384455343,0.2286379655393777,39.10338580522098,6,6.51723096753683,0.21719531779926915,181
1,3,7,176,182,7,7,provisional,133.118652,3.5539359252633744,,,,large_chi2_ndf,ding,,0,0,,diagnostic_only; no_auto_accept; no_auto_split,132.51388192526338,0.2367624149350838,58.499013004715856,6,9.749835500785975,0.19971384455802296,181
1,3,8,176,182,7,7,provisional,134.740158,1.518796565215041,,,,,ding,,0,0,,diagnostic_only; no_auto_accept; no_auto_split,134.25445356521504,0.22095404662288903,12.200638392113405,6,2.0334397320189006,0.20060311403229078,181
1,3,9,176,182,7,7,provisional,132.289307,3.377121750876597,,,,large_chi2_ndf,ding,,0,0,,diagnostic_only; no_auto_accept; no_auto_split,131.7682047508766,0.24236152809922895,46.97650386738111,6,7.829417311230185,0.20180783633884317,181
1,3,10,176,182,7,7,provisional,132.212723,1.4588070567291425,,,,,ding,,0,0,,diagnostic_only; no_auto_accept; no_auto_split,132.17308605672915,0.2241956008574201,15.673994293767503,6,2.612332382294584,0.2165609143568451,182
1,3,11,176,182,7,7,provisional,130.735611,2.7744311727736033,,,,,ding,,0,0,,diagnostic_only; no_auto_accept; no_auto_split,130.6950321727736,0.24381811026129319,10.778876071852526,6,1.7964793453087544,0.22113177525401728,182
1,3,12,176,182,7,7,provisional,135.540619,1.5309820051752467,,,,,ding,,0,0,,diagnostic_only; no_auto_accept; no_auto_split,135.14858299482475,0.23820178193964517,12.363324521141715,6,2.0605540868569525,0.21167844636050576,182
1,3,13,176,182,7,7,provisional,130.495026,1.5195477626168383,,,,,ding,,0,0,,diagnostic_only; no_auto_accept; no_auto_split,130.76779023738317,0.2668854840992216,7.044351260859109,6,1.1740585434765183,0.22138274730513324,181
1,3,14,176,182,7,7,provisional,132.96431,0.9446742484990125,,,,,ding,,0,0,,diagnostic_only; no_auto_accept; no_auto_split,133.02481324849902,0.22310794565692987,3.409290562363977,6,0.5682150937273295,0.2117215746418738,181
1,3,15,176,182,7,7,provisional,132.657715,0.6861224975540665,,,,,ding,,0,0,,diagnostic_only; no_auto_accept; no_auto_split,132.36193449755407,0.23319115336039378,3.6607242882558833,6,0.6101207147093138,0.21357409929520124,182
1,3,16,176,182,7,7,provisional,131.678329,2.336609848448518,,,,large_chi2_ndf,ding,,0,0,,diagnostic_only; no_auto_accept; no_auto_split,132.01722784844853,0.21606747174546112,50.78692205358564,6,8.46448700893094,0.2181505226546213,182
1,3,17,176,182,7,7,provisional,131.838791,2.568544411830999,,,,large_chi2_ndf,ding,,0,0,,diagnostic_only; no_auto_accept; no_auto_split,131.310197411831,0.23099309245014596,48.57411095176362,6,8.095685158627271,0.21918915410039888,182
1,3,18,176,182,7,7,provisional,133.486374,2.3511164557249344,,,,large_chi2_ndf,ding,,0,0,,diagnostic_only; no_auto_accept; no_auto_split,133.08401145572495,0.23273769779798956,43.83363065924712,6,7.30560510987452,0.21979126675829846,181
1,3,19,176,182,7,7,provisional,131.306671,3.1238414466563,,,,large_chi2_ndf,ding,,0,0,,diagnostic_only; no_auto_accept; no_auto_split,130.5379114466563,0.24449845494626307,59.788063063913995,6,9.964677177318999,0.22495024689320992,181
1,3,20,176,182,7,7,provisional,135.316544,3.1987182649615136,,,,large_chi2_ndf,ding,,0,0,,diagnostic_only; no_auto_accept; no_auto_split,133.6224392649615,0.23692807639036687,83.35288641489548,6,13.892147735815913,0.229338650019488,181
1,3,21,176,182,7,7,provisional,134.957108,2.6968619125411237,,,,large_chi2_ndf,ding,,0,0,,diagnostic_only; no_auto_accept; no_auto_split,134.27933591254111,0.24378269808721573,55.85206401906549,6,9.308677336510915,0.2609173534251897,182
1,3,22,176,182,7,7,provisional,133.621414,2.878619903284658,,,,large_chi2_ndf,ding,,0,0,,diagnostic_only; no_auto_accept; no_auto_split,132.66241790328465,0.24578214628441344,51.84451292068037,6,8.640752153446728,0.23007380049274523,182
1,3,23,176,182,7,7,provisional,131.433914,3.3822634004523593,,,,large_chi2_ndf,ding,,0,0,,diagnostic_only; no_auto_accept; no_auto_split,130.30387940045236,0.25695161773268294,56.88952623108491,6,9.481587705180818,0.2339745353323197,181
1,3,24,176,182,7,7,provisional,130.477524,1.327818782349084,,,,,ding,,0,0,,diagnostic_only; no_auto_accept; no_auto_split,130.01295621765092,0.26323449227305024,6.318199827269325,6,1.0530333045448874,0.21575114523977396,182
1,3,25,176,182,7,7,provisional,132.921875,1.3378420955004913,,,,,ding,,0,0,,diagnostic_only; no_auto_accept; no_auto_split,132.9973629044995,0.267065413561797,6.702238054924926,6,1.117039675820821,0.20839031807680305,181
1,3,26,176,182,7,7,provisional,135.717499,2.046849915018953,,,,,ding,,0,0,,diagnostic_only; no_auto_accept; no_auto_split,135.32773391501894,0.265508214962228,21.13836829395907,6,3.5230613823265116,0.2175018114449954,181
1,3,27,176,182,7,7,provisional,132.260635,3.2858146871943745,,,,,ding,,0,0,,diagnostic_only; no_auto_accept; no_auto_split,131.92916631280562,0.25237123626168506,22.675817333090713,6,3.779302888848452,0.22793047123477042,181
1,3,28,176,182,7,7,provisional,133.660538,2.2014964577706166,,,,,ding,,0,0,,diagnostic_only; no_auto_accept; no_auto_split,133.44620854222939,0.3038576300472495,19.438814540701728,6,3.239802423450288,0.21777074948034394,182
1,3,29,176,182,7,7,provisional,136.857788,2.158958623552394,,,,,ding,,0,0,,diagnostic_only; no_auto_accept; no_auto_split,136.6989053764476,0.2851738331956172,16.498415268860878,6,2.7497358781434795,0.2526835312809051,181
1,3,30,176,182,7,7,provisional,133.376953,2.5584219984771153,,,,,ding,,0,0,,diagnostic_only; no_auto_accept; no_auto_split,133.4893380015229,0.33622265538090934,11.677013890646096,6,1.9461689817743493,0.2130525060912147,182
1,3,31,176,182,7,7,provisional,134.577286,2.433104136340347,,,,large_chi2_ndf,ding,,0,0,,diagnostic_only; no_auto_accept; no_auto_split,133.33599713634035,0.26557125691510747,37.02534630552712,6,6.170891050921187,0.2293264204553274,182
1,4,1,176,182,7,7,provisional,135.661819,3.040766509618976,,,,,ding,,0,0,,diagnostic_only; no_auto_accept; no_auto_split,136.03496249038102,0.25146733168093327,21.549882882722777,6,3.591647147120463,0.22288169006432926,182
1,4,2,176,182,7,7,provisional,128.910583,2.0920224704209147,,,,,ding,,0,0,,diagnostic_only; no_auto_accept; no_auto_split,129.1773255295791,0.3520211533835144,5.745616155597564,6,0.9576026925995941,0.20894012329847023,181
1,4,3,176,182,7,7,provisional,132.81189,1.3907770613336368,,,,,ding,,0,0,,diagnostic_only; no_auto_accept; no_auto_split,133.11526406133365,0.2579637328269426,8.980864543222918,6,1.4968107572038196,0.21523817205663265,181
1,4,4,176,182,7,7,provisional,134.135941,1.1135273371181995,,,,,ding,,0,0,,diagnostic_only; no_auto_accept; no_auto_split,134.1140003371182,0.23779566871147145,9.004001144931765,6,1.5006668574886275,0.21313434907776685,182
1,4,5,176,182,7,7,provisional,135.377548,0.7756593502384135,,,,,ding,,0,0,,diagnostic_only; no_auto_accept; no_auto_split,135.3968143502384,0.21015759088576252,6.390827643379661,6,1.0651379405632768,0.20827652572842675,182
1,4,6,176,182,7,7,provisional,138.494934,1.211682194358616,,,,,ding,,0,0,,diagnostic_only; no_auto_accept; no_auto_split,138.06666219435863,0.23140088627205688,14.230118121435185,6,2.3716863535725308,0.20652064882760218,182
1,4,7,176,182,7,7,provisional,138.878281,1.2404188129865474,,,,,ding,,0,0,,diagnostic_only; no_auto_accept; no_auto_split,138.83209118701345,0.22304077694278182,8.170903426429938,6,1.3618172377383229,0.22707784318139704,181
1,4,8,176,182,7,7,provisional,138.115143,1.3354256080367577,,,,,ding,,0,0,,diagnostic_only; no_auto_accept; no_auto_split,138.35553660803677,0.22018672299274547,7.046325791795292,6,1.174387631965882,0.20570673691430863,182
1,4,9,176,182,7,7,provisional,139.148468,1.067723861677706,,,,,ding,,0,0,,diagnostic_only; no_auto_accept; no_auto_split,138.9490718616777,0.21936694690010305,9.116069123442918,6,1.519344853907153,0.2146994009361352,181
1,4,10,176,182,7,7,provisional,133.895645,2.307589888957466,,,,,ding,,0,0,,diagnostic_only; no_auto_accept; no_auto_split,133.62912288895745,0.21124362026009946,18.812757751137905,6,3.1354596251896507,0.21375829972399596,181
1,4,11,176,182,7,7,provisional,133.974533,1.340431558471181,,,,,ding,,0,0,,diagnostic_only; no_auto_accept; no_auto_split,133.92676544152883,0.22132512472414878,10.115897561046236,6,1.6859829268410393,0.21317310743829015,182
1,4,12,176,182,7,7,provisional,133.614258,1.5946703988020658,,,,,ding,,0,0,,diagnostic_only; no_auto_accept; no_auto_split,133.79701739880207,0.22510817736911526,12.93640804517926,6,2.1560680075298766,0.21050220040254602,181
1,4,13,176,182,7,7,provisional,133.084641,2.7124117335232256,,,,,ding,,0,0,,diagnostic_only; no_auto_accept; no_auto_split,133.08205573352322,0.22588819860676884,21.828915063222667,6,3.638152510537111,0.21414726181837282,182
1,4,14,176,182,7,7,provisional,133.844788,1.6325995404073979,,,,,ding,,0,0,,diagnostic_only; no_auto_accept; no_auto_split,133.7430275404074,0.2150721916328657,6.032879068309466,6,1.0054798447182443,0.20972732039581227,181
1,4,15,176,182,7,7,provisional,133.047485,0.6393338231677603,,,,,ding,,0,0,,diagnostic_only; no_auto_accept; no_auto_split,133.15915817683225,0.23086759213873456,2.709708392748263,6,0.4516180654580438,0.20873471863498244,181
1,4,16,176,182,7,7,provisional,139.086594,2.4498218033753574,,,,large_chi2_ndf,ding,,0,0,,diagnostic_only; no_auto_accept; no_auto_split,137.97006980337537,0.23810218101109956,42.048979611092875,6,7.008163268515479,0.22298797471169468,182
1,4,17,176,182,7,7,provisional,138.907654,1.9885995493285975,,,,large_chi2_ndf,ding,,0,0,,diagnostic_only; no_auto_accept; no_auto_split,138.5313395493286,0.23092614695803257,39.149179539216114,6,6.524863256536019,0.2192487203826364,181
1,4,18,176,182,7,7,provisional,138.458359,2.730044870588131,,,,large_chi2_ndf,ding,,0,0,,diagnostic_only; no_auto_accept; no_auto_split,137.47857312941187,0.23363509459763881,67.72380357604422,6,11.28730059600737,0.22688192891687434,182
1,4,19,176,182,7,7,provisional,137.509659,1.8867826214184333,,,,,ding,,0,0,,diagnostic_only; no_auto_accept; no_auto_split,137.17164337858156,0.2484210865947064,27.946435457419753,6,4.657739242903292,0.2180127104407048,182
1,4,20,176,182,7,7,provisional,139.093689,3.2709376590134127,,,,large_chi2_ndf,ding,,0,0,,diagnostic_only; no_auto_accept; no_auto_split,137.7094446590134,0.26650326139437813,58.351570365082374,6,9.725261727513729,0.2341969378824911,182
1,4,21,176,182,7,7,provisional,141.542267,2.139423654315351,,,,large_chi2_ndf,ding,,0,0,,diagnostic_only; no_auto_accept; no_auto_split,140.73013765431534,0.2515350474191328,30.166622471280228,6,5.027770411880038,0.22519313150362938,182
1,4,22,176,182,7,7,provisional,135.77536,2.1690107103579805,,,,,ding,,0,0,,diagnostic_only; no_auto_accept; no_auto_split,135.708439710358,0.26992480237555505,28.909629428530977,6,4.818271571421829,0.21355423953187533,181
1,4,23,176,182,7,7,provisional,139.72403,2.3486267808276864,,,,large_chi2_ndf,ding,,0,0,,diagnostic_only; no_auto_accept; no_auto_split,139.4063197808277,0.2453587876875316,32.531718607487406,6,5.421953101247901,0.21889197282556033,182
1,4,24,176,182,7,7,provisional,136.228317,2.5361468526374153,,,,,ding,,0,0,,diagnostic_only; no_auto_accept; no_auto_split,136.0270241473626,0.27421383359385954,17.802141818745753,6,2.9670236364576255,0.22137152163971605,181
1,4,25,176,182,7,7,provisional,136.519928,1.462504430876237,,,,,ding,,0,0,,diagnostic_only; no_auto_accept; no_auto_split,136.50809156912376,0.27769604969782286,5.561298950659448,6,0.9268831584432413,0.21392184874254405,181
1,4,26,176,182,7,7,provisional,137.253098,2.679968074991905,,,,large_chi2_ndf,ding,,0,0,,diagnostic_only; no_auto_accept; no_auto_split,136.4883630749919,0.2784992258346264,31.09572913574173,6,5.182621522623622,0.22284120039954688,181
1,4,27,176,182,7,7,provisional,136.556381,1.475631995210449,,,,,ding,,0,0,,diagnostic_only; no_auto_accept; no_auto_split,136.56697099521045,0.2793385342655239,11.533021901537436,6,1.922170316922906,0.22703356157740665,182
1,4,28,176,182,7,7,provisional,138.549118,2.639814021657088,,,,,ding,,0,0,,diagnostic_only; no_auto_accept; no_auto_split,138.20430197834293,0.26748859707793127,16.562741949659443,6,2.760456991609907,0.2266008664606149,181
1,4,29,176,182,7,7,provisional,142.580139,2.0695782789205737,,,,,ding,,0,0,,diagnostic_only; no_auto_accept; no_auto_split,142.15135027892057,0.3012494841432855,19.35562165865184,6,3.2259369431086404,0.2274514040356046,182
1,4,30,176,182,7,7,provisional,138.160828,1.7224387808309416,,,,,ding,,0,0,,diagnostic_only; no_auto_accept; no_auto_split,137.73187621916907,0.2787323369208992,15.271284281032843,6,2.545214046838807,0.22156041810438765,181
1,4,31,176,182,7,7,provisional,135.642075,1.4660359069173978,,,,,ding,,0,0,,diagnostic_only; no_auto_accept; no_auto_split,135.5858440930826,0.30687013119711354,13.073208055096321,6,2.1788680091827204,0.23236124231371366,181
1,5,1,176,182,7,7,provisional,130.820267,2.924936230984514,,,,,ding,,0,0,,diagnostic_only; no_auto_accept; no_auto_split,130.59877576901548,0.34857579953830764,10.16890146615415,6,1.6948169110256917,0.21641629334889834,182
1,5,2,176,182,7,7,provisional,128.337051,4.810292661310967,,,,,ding,,0,0,,diagnostic_only; no_auto_accept; no_auto_split,128.73837066131097,0.34567106120279245,27.30516049832487,6,4.550860083054145,0.22542952277745346,182
1,5,3,176,182,7,7,provisional,127.46788,2.9158037254343157,,,,,ding,,0,0,,diagnostic_only; no_auto_accept; no_auto_split,127.60221727456569,0.37650480193502545,9.146152113274725,6,1.5243586855457876,0.23298944336788893,182
1,5,4,176,182,7,7,provisional,130.425598,0.7882090805717041,,,,,ding,,0,0,,diagnostic_only; no_auto_accept; no_auto_split,130.2464889194283,0.24133578610665024,1.758322738592586,6,0.293053789765431,0.20765352006203042,181
1,5,5,176,182,7,7,provisional,132.568329,0.7669423444295376,,,,,ding,,0,0,,diagnostic_only; no_auto_accept; no_auto_split,132.57365934442953,0.21125912433461075,3.344909780147771,6,0.5574849633579618,0.2121520943509947,182
1,5,6,176,182,7,7,provisional,129.897644,0.6215456832630082,,,,,ding,,0,0,,diagnostic_only; no_auto_accept; no_auto_split,129.668771683263,0.22508963238172894,2.779486687123751,6,0.4632477811872919,0.20391882859059676,182
1,5,7,176,182,7,7,provisional,129.579636,1.046112415525812,,,,,ding,,0,0,,diagnostic_only; no_auto_accept; no_auto_split,129.5111075844742,0.25074584031856567,3.0034168862971646,6,0.5005694810495275,0.235902314894526,182
1,5,8,176,182,7,7,provisional,130.816803,0.2743921599027601,,,,,ding,,0,0,,diagnostic_only; no_auto_accept; no_auto_split,130.89406484009723,0.22188362191152836,0.6328315195647553,6,0.1054719199274592,0.2154694058377454,182
1,5,9,176,182,7,7,provisional,133.954025,0.9386121763886024,,,,,ding,,0,0,,diagnostic_only; no_auto_accept; no_auto_split,134.1362291763886,0.20111568488456646,7.022549041083288,6,1.170424840180548,0.21512123869582073,182
1,5,10,176,182,7,7,provisional,128.291901,2.2708888879529923,,,,,ding,,0,0,,diagnostic_only; no_auto_accept; no_auto_split,128.476378887953,0.24701014231534862,22.26914909825107,6,3.711524849708512,0.22177136354740867,181
1,5,11,176,182,7,7,provisional,135.151642,0.9958101547023261,,,,,ding,,0,0,,diagnostic_only; no_auto_accept; no_auto_split,135.03783584529768,0.2245621783074191,7.336585522832022,6,1.222764253805337,0.2118191900506979,182
1,5,12,176,182,7,7,provisional,132.545944,1.3378146856418311,,,,,ding,,0,0,,diagnostic_only; no_auto_accept; no_auto_split,132.43951468564183,0.2331514124579455,11.513359944856909,6,1.918893324142818,0.2144011573161713,182
1,5,13,176,182,7,7,provisional,132.104782,1.8867237355703708,,,,,ding,,0,0,,diagnostic_only; no_auto_accept; no_auto_split,131.85781326442964,0.26461180187283295,13.95766122313437,6,2.326276870522395,0.2536510299750644,182
1,5,14,176,182,7,7,provisional,134.757278,1.9000048935595828,,,,,ding,,0,0,,diagnostic_only; no_auto_accept; no_auto_split,134.55470710644042,0.24519287735488327,24.086286031282754,6,4.014381005213792,0.222604359605548,182
1,5,15,176,182,7,7,provisional,131.381165,1.655841940053051,,,,,ding,,0,0,,diagnostic_only; no_auto_accept; no_auto_split,131.21004094005306,0.2672367288666314,12.632324382983635,6,2.105387397163939,0.21576120087551853,181
1,5,16,176,182,7,7,provisional,134.319321,2.528564923513983,,,,large_chi2_ndf,ding,,0,0,,diagnostic_only; no_auto_accept; no_auto_split,133.98065107648603,0.2352125974778458,42.94611962917435,6,7.157686604862391,0.21305394922624576,181
1,5,17,176,182,7,7,provisional,132.343109,1.6045351457574952,,,,,ding,,0,0,,diagnostic_only; no_auto_accept; no_auto_split,132.28967585424252,0.22849106069854566,15.333150663086263,6,2.555525110514377,0.21380819324461478,182
1,5,18,176,182,7,7,provisional,133.703079,2.3454375539742216,,,,large_chi2_ndf,ding,,0,0,,diagnostic_only; no_auto_accept; no_auto_split,133.53675255397422,0.25172907151220775,30.33995140731292,6,5.056658567885487,0.21434400389447322,182
1,5,19,176,182,7,7,provisional,136.243179,3.0710011581087997,,,,large_chi2_ndf,ding,,0,0,,diagnostic_only; no_auto_accept; no_auto_split,135.6326311581088,0.23403694862231533,59.21829450836684,6,9.869715751394473,0.21892588196141813,181
1,5,20,176,182,7,7,provisional,133.885101,2.4876508065445364,,,,large_chi2_ndf,ding,,0,0,,diagnostic_only; no_auto_accept; no_auto_split,134.28222180654453,0.2555978201163151,42.19265955952604,6,7.032109926587673,0.21336225956668706,181
1,5,21,176,182,7,7,provisional,133.391052,2.7580140040458616,,,,large_chi2_ndf,ding,,0,0,,diagnostic_only; no_auto_accept; no_auto_split,132.85221499595414,0.24214732106901396,42.030220388943654,6,7.005036731490609,0.22307609452690846,182
1,5,22,176,182,7,7,provisional,135.482254,3.2523337668836803,,,,large_chi2_ndf,ding,,0,0,,diagnostic_only; no_auto_accept; no_auto_split,135.9917612331163,0.26923467243752985,57.904420835215774,6,9.650736805869295,0.21610875248119532,181
1,5,23,176,182,7,7,provisional,130.878815,2.26346464356547,,,,,ding,,0,0,,diagnostic_only; no_auto_accept; no_auto_split,130.24772564356547,0.29132286182659284,26.62622544171204,6,4.43770424028534,0.227449111485981,182
1,5,24,176,182,7,7,provisional,134.376068,2.9949574782632453,,,,,ding,,0,0,,diagnostic_only; no_auto_accept; no_auto_split,133.65259647826323,0.25224323790838016,25.15451477509714,6,4.1924191291828565,0.2196464774956375,182
1,5,25,176,182,7,7,provisional,135.49295,2.875889086889316,,,,large_chi2_ndf,ding,,0,0,,diagnostic_only; no_auto_accept; no_auto_split,134.76839791311068,0.26916130950322814,44.569231452773714,6,7.428205242128953,0.2415902216490959,182
1,5,26,176,182,7,7,provisional,134.642426,1.2794856323396004,,,,,ding,,0,0,,diagnostic_only; no_auto_accept; no_auto_split,134.0460106323396,0.2626784992086404,11.605532777774693,6,1.9342554629624489,0.21933560879140118,182
1,5,27,176,182,7,7,provisional,134.28096,2.847643213407565,,,,,ding,,0,0,,diagnostic_only; no_auto_accept; no_auto_split,134.36974878659242,0.2825868781814652,21.358018784194226,6,3.559669797365704,0.21889718297497793,182
1,5,28,176,182,7,7,provisional,135.026749,2.548229979939407,,,,,ding,,0,0,,diagnostic_only; no_auto_accept; no_auto_split,135.1454960200606,0.264726606232379,20.318863881057634,6,3.3864773135096056,0.2130402693157473,181
1,5,29,176,182,7,7,provisional,132.756348,1.4965610839209376,,,,,ding,,0,0,,diagnostic_only; no_auto_accept; no_auto_split,132.49838791607905,0.29727829817768675,7.955529945745756,6,1.3259216576242927,0.21216177702291816,181
1,5,30,176,182,7,7,provisional,135.27066,2.0731201234589776,,,,,ding,,0,0,,diagnostic_only; no_auto_accept; no_auto_split,134.654831123459,0.27350081008828725,21.76245864156704,6,3.6270764402611735,0.225368304631328,182
1,5,31,176,182,7,7,provisional,132.496857,3.0902286881331236,,,,,ding,,0,0,,diagnostic_only; no_auto_accept; no_auto_split,132.48052631186687,0.26748018296759296,25.308257133325213,6,4.218042855554202,0.22481476549153645,181
1,6,1,176,182,7,7,provisional,100.238625,1.6870353476227535,,176;177;178;179;180;181;182,,different_from_nominal,ding,,0,0,,diagnostic_only; no_auto_accept; no_auto_split,100.68006865237724,0.7687097580012874,2.5447721489974424,6,0.4241286914995737,0.21923302513328866,182
1,6,2,176,182,7,7,provisional,131.560165,1.689081676620816,,,,,ding,,0,0,,diagnostic_only; no_auto_accept; no_auto_split,131.15670267662082,0.2527899610857774,18.56802177735596,6,3.0946702962259933,0.20966001729940156,182
1,6,3,176,182,7,7,provisional,133.147842,1.6360761485710213,,,,,ding,,0,0,,diagnostic_only; no_auto_accept; no_auto_split,133.33717214857103,0.24542555043958808,16.2172805973721,6,2.7028800995620164,0.22446302713126043,182
1,6,4,176,182,7,7,provisional,135.336639,0.7281247108358571,,,,,ding,,0,0,,diagnostic_only; no_auto_accept; no_auto_split,135.32179871083585,0.2095039255550953,3.014933282112034,6,0.5024888803520057,0.20887004670581807,181
1,6,5,176,182,7,7,provisional,134.702789,1.393189736170143,,,,,ding,,0,0,,diagnostic_only; no_auto_accept; no_auto_split,134.87823573617015,0.20285414965041743,7.917224953290463,6,1.319537492215077,0.2080094903665853,181
1,6,6,176,182,7,7,provisional,132.035202,0.8009988203141631,,,,,ding,,0,0,,diagnostic_only; no_auto_accept; no_auto_split,132.03256582031418,0.20110762296823692,1.4707600828940322,6,0.24512668048233868,0.20697327695818982,181
1,6,7,176,182,7,7,provisional,133.81308,1.4445546116031664,,,,,ding,,0,0,,diagnostic_only; no_auto_accept; no_auto_split,133.83621761160316,0.19409513251505867,14.40178257987957,6,2.400297096646595,0.2024056819010614,181
1,6,8,176,182,7,7,provisional,131.712509,0.6041096994252655,,,,,ding,,0,0,,diagnostic_only; no_auto_accept; no_auto_split,131.71049630057473,0.18950448042718246,4.18097707376281,6,0.6968295122938016,0.20641136035289429,181
1,6,9,176,182,7,7,provisional,133.145599,0.7199949256099103,,,,,ding,,0,0,,diagnostic_only; no_auto_accept; no_auto_split,133.07836292560992,0.1922695607263811,7.816642893928072,6,1.3027738156546786,0.21025106272843302,182
1,6,10,176,182,7,7,provisional,132.580429,0.820617038250731,,,,,ding,,0,0,,diagnostic_only; no_auto_accept; no_auto_split,132.53967396174926,0.2127275641336076,3.95978267697583,6,0.6599637794959717,0.21251001936601338,182
1,6,11,176,182,7,7,provisional,135.754105,1.0261439972739765,,,,,ding,,0,0,,diagnostic_only; no_auto_accept; no_auto_split,135.90230800272602,0.21878380236775205,8.957883002061651,6,1.4929805003436085,0.22706564095801438,181
1,6,12,176,182,7,7,provisional,134.563446,1.1799964589698675,,,,,ding,,0,0,,diagnostic_only; no_auto_accept; no_auto_split,134.88795054103014,0.21666396890711073,10.2695420133227,6,1.7115903355537834,0.20647010351746156,182
1,6,13,176,182,7,7,provisional,133.119156,1.2158456127089607,,,,,ding,,0,0,,diagnostic_only; no_auto_accept; no_auto_split,133.39792438729103,0.23908846491350288,7.217306623597133,6,1.2028844372661889,0.20710078627854522,182
1,6,14,176,182,7,7,provisional,134.288284,0.8140293058111183,,,,,ding,,0,0,,diagnostic_only; no_auto_accept; no_auto_split,134.4134636941889,0.2074691364245559,2.5156755493324767,6,0.41927925822207945,0.20948956106329822,182
1,6,15,176,182,7,7,provisional,134.210403,1.5565847690456565,,,,,ding,,0,0,,diagnostic_only; no_auto_accept; no_auto_split,134.12085923095435,0.24247704937119863,5.740061367269141,6,0.9566768945448568,0.2158663711286718,181
1,6,16,176,182,7,7,provisional,130.800385,2.218352050630102,,,,large_chi2_ndf,ding,,0,0,,diagnostic_only; no_auto_accept; no_auto_split,129.6589040506301,0.20632148486837443,79.45293831446047,6,13.242156385743412,0.22096732744978226,181
1,6,17,176,182,7,7,provisional,130.68898,1.9830097917423473,,,,large_chi2_ndf,ding,,0,0,,diagnostic_only; no_auto_accept; no_auto_split,130.28768120825765,0.22359583544208778,37.93991129734337,6,6.323318549557229,0.21709933861646039,182
1,6,18,176,182,7,7,provisional,133.231781,1.5316626768244248,,,,,ding,,0,0,,diagnostic_only; no_auto_accept; no_auto_split,132.53665132317556,0.21559195448181664,22.23237777182493,6,3.705396295304155,0.2040424113057095,181
1,6,19,176,182,7,7,provisional,135.47084,1.6257476021144726,,,,,ding,,0,0,,diagnostic_only; no_auto_accept; no_auto_split,135.25457739788553,0.23177413759208412,17.765099073319764,6,2.960849845553294,0.21700710033281886,182
1,6,20,176,182,7,7,provisional,135.032486,1.7168380663463836,,,,large_chi2_ndf,ding,,0,0,,diagnostic_only; no_auto_accept; no_auto_split,134.93674193365362,0.2132772069098724,32.445013980944964,6,5.407502330157494,0.22128926242246624,181
1,6,21,176,182,7,7,provisional,136.48674,2.470643334230431,,,,large_chi2_ndf,ding,,0,0,,diagnostic_only; no_auto_accept; no_auto_split,136.14315933423043,0.25122738386322796,40.18375718563214,6,6.697292864272023,0.20772725052831487,181
1,6,22,176,182,7,7,provisional,135.391891,2.4248231896011987,,,,large_chi2_ndf,ding,,0,0,,diagnostic_only; no_auto_accept; no_auto_split,134.9883611896012,0.23013833022516442,43.25140106636982,6,7.20856684439497,0.22902686230683267,182
1,6,23,176,182,7,7,provisional,133.172577,2.4429703454767377,,,,large_chi2_ndf,ding,,0,0,,diagnostic_only; no_auto_accept; no_auto_split,132.48436734547673,0.25429433410109353,33.143855489221366,6,5.523975914870228,0.22666406723900834,182
1,6,24,176,182,7,7,provisional,136.494827,1.9758611335900298,,,,large_chi2_ndf,ding,,0,0,,diagnostic_only; no_auto_accept; no_auto_split,135.76823513359003,0.22054784286123386,32.52353286167232,6,5.42058881027872,0.24181576297185342,182
1,6,25,176,182,7,7,provisional,133.757828,2.417418498836099,,,,large_chi2_ndf,ding,,0,0,,diagnostic_only; no_auto_accept; no_auto_split,133.1058034988361,0.2567434450082848,30.860106511720346,6,5.143351085286724,0.22349175905445995,181
1,6,26,176,182,7,7,provisional,134.292633,1.9140834659815766,,,,large_chi2_ndf,ding,,0,0,,diagnostic_only; no_auto_accept; no_auto_split,134.54728153401842,0.21511534329395893,31.106402221604533,6,5.184400370267422,0.22097842049401392,181
1,6,27,176,182,7,7,provisional,135.226929,1.601054497727631,,,,,ding,,0,0,,diagnostic_only; no_auto_accept; no_auto_split,135.14751749772762,0.24430534738656787,18.993369784964386,6,3.1655616308273977,0.21361965347186895,181
1,6,28,176,182,7,7,provisional,134.416351,1.7618796036173023,,,,,ding,,0,0,,diagnostic_only; no_auto_accept; no_auto_split,134.4556343963827,0.2358699793343574,18.757053404988802,6,3.1261755674981337,0.2333928349295026,181
1,6,29,176,182,7,7,provisional,133.032852,1.8878962162750383,,,,,ding,,0,0,,diagnostic_only; no_auto_accept; no_auto_split,132.99200178372496,0.24898385264297637,17.1005173323157,6,2.850086222052617,0.22083569628785626,182
1,6,30,176,182,7,7,provisional,135.471603,1.9510027161600476,,,,,ding,,0,0,,diagnostic_only; no_auto_accept; no_auto_split,135.88571328383995,0.24169504213870002,29.600314387566076,6,4.933385731261013,0.2139790258629194,181
1,6,31,176,182,7,7,provisional,133.972351,1.4284952615817588,,,,,ding,,0,0,,diagnostic_only; no_auto_accept; no_auto_split,133.74675173841825,0.23880938077586203,11.344739616322611,6,1.8907899360537685,0.2443581857828647,182
1,7,1,176,182,7,7,provisional,131.371094,3.084816495914623,,,,,ding,,0,0,,diagnostic_only; no_auto_accept; no_auto_split,131.6313855040854,0.3395402747395218,9.900114352430315,6,1.6500190587383858,0.2008637252700836,181
1,7,2,176,182,7,7,provisional,130.861816,1.1107943079807967,,,,,ding,,0,0,,diagnostic_only; no_auto_accept; no_auto_split,130.7577816920192,0.2761232410668795,5.861448718886219,6,0.9769081198143699,0.2181512184414317,182
1,7,3,176,182,7,7,provisional,130.564285,1.1269811821769053,,,,,ding,,0,0,,diagnostic_only; no_auto_accept; no_auto_split,130.4614738178231,0.28146286627635414,3.226726387427556,6,0.537787731237926,0.22565881798979115,181
1,7,4,176,182,7,7,provisional,130.408401,1.5102860151477273,,,,,ding,,0,0,,diagnostic_only; no_auto_accept; no_auto_split,130.93891698485228,0.26009782522228764,21.103910219710414,6,3.517318369951736,0.22391195077919726,182
1,7,5,176,182,7,7,provisional,133.868393,1.350958804224689,,,,,ding,,0,0,,diagnostic_only; no_auto_accept; no_auto_split,133.8401408042247,0.2178583057357672,5.539995840307097,6,0.9233326400511829,0.20987089698030248,181
1,7,6,176,182,7,7,provisional,129.491531,1.3797733999056447,,,,,ding,,0,0,,diagnostic_only; no_auto_accept; no_auto_split,129.31503560009435,0.23009784201269298,11.367905579415876,6,1.894650929902646,0.21998138793550426,182
1,7,7,176,182,7,7,provisional,128.999786,1.7614881275998613,,,,,ding,,0,0,,diagnostic_only; no_auto_accept; no_auto_split,128.70474812759986,0.20857205808126794,10.708601542327111,6,1.7847669237211852,0.21893830679040832,182
1,7,8,176,182,7,7,provisional,128.656952,1.2414254379702925,,,,,ding,,0,0,,diagnostic_only; no_auto_accept; no_auto_split,128.7552325620297,0.20697821035614417,5.496568460926368,6,0.916094743487728,0.22447535580837658,181
1,7,9,176,182,7,7,provisional,129.113968,0.7536504831500679,,,,,ding,,0,0,,diagnostic_only; no_auto_accept; no_auto_split,129.28692948315006,0.1905928408034205,6.555696142937489,6,1.0926160238229148,0.21539922221483734,181
1,7,10,176,182,7,7,provisional,134.332733,1.0726532652155356,,,,,ding,,0,0,,diagnostic_only; no_auto_accept; no_auto_split,134.45073526521554,0.2200076563728687,6.554802362723445,6,1.0924670604539075,0.22305756243438515,182
1,7,11,176,182,7,7,provisional,135.157272,1.5941229720532988,,,,,ding,,0,0,,diagnostic_only; no_auto_accept; no_auto_split,134.9419009720533,0.21136144805582927,8.67400662210359,6,1.4456677703505985,0.21034143318365126,181
1,7,12,176,182,7,7,provisional,134.140976,1.107973357141958,,,,,ding,,0,0,,diagnostic_only; no_auto_accept; no_auto_split,133.68588064285805,0.25493623542400773,8.276205275935956,6,1.379367545989326,0.2120866525411562,182
1,7,13,176,182,7,7,provisional,135.52655,1.8731228010919665,,,,,ding,,0,0,,diagnostic_only; no_auto_accept; no_auto_split,135.20336919890804,0.23065890764234895,16.434258279935296,6,2.739043046655883,0.2146613751253363,182
1,7,14,176,182,7,7,provisional,129.325012,1.0538246158022844,,,,,ding,,0,0,,diagnostic_only; no_auto_accept; no_auto_split,129.5411463841977,0.21613428234037468,4.9221976819384885,6,0.8203662803230815,0.2196193504945528,182
1,7,15,176,182,7,7,provisional,134.212936,1.0772134982979935,,,,,ding,,0,0,,diagnostic_only; no_auto_accept; no_auto_split,134.174076498298,0.2054995434438922,6.300378882686643,6,1.0500631471144406,0.22092937773731916,181
1,7,16,176,182,7,7,provisional,130.496399,0.8665120493687084,,,,,ding,,0,0,,diagnostic_only; no_auto_accept; no_auto_split,130.5751910493687,0.23529072161407155,1.360934440292212,6,0.22682240671536869,0.21113790273311642,181
1,7,17,176,182,7,7,provisional,135.454956,0.7986949413259197,,,,,ding,,0,0,,diagnostic_only; no_auto_accept; no_auto_split,135.36139294132593,0.21805867289842495,4.972437746440068,6,0.828739624406678,0.22982483870447903,181
1,7,18,176,182,7,7,provisional,130.099915,0.8187742532232107,,,,,ding,,0,0,,diagnostic_only; no_auto_accept; no_auto_split,129.8062472532232,0.26651856395206813,3.6756772758737757,6,0.6126128793122959,0.2147762810078098,182
1,7,19,176,182,7,7,provisional,135.600174,1.647914723810345,,,,,ding,,0,0,,diagnostic_only; no_auto_accept; no_auto_split,135.68471127618966,0.2200849848153203,8.325830485374988,6,1.3876384142291647,0.2212626720354815,181
1,7,20,176,182,7,7,provisional,135.105988,1.63087639879447,,,,,ding,,0,0,,diagnostic_only; no_auto_accept; no_auto_split,135.09842139879447,0.25415309385770424,7.05895015847588,6,1.1764916930793132,0.20428845396849873,182
1,7,21,176,182,7,7,provisional,133.664795,1.0318101412729845,,,,,ding,,0,0,,diagnostic_only; no_auto_accept; no_auto_split,134.08369885872702,0.21634187838936048,9.00648778069213,6,1.5010812967820215,0.21237818572554104,182
1,7,22,176,182,7,7,provisional,133.651001,1.499056851318585,,,,,ding,,0,0,,diagnostic_only; no_auto_accept; no_auto_split,133.55236514868142,0.2573326215496705,3.728516047543782,6,0.621419341257297,0.21144254123681036,181
1,7,23,176,182,7,7,provisional,135.559769,1.211723408802925,,,,,ding,,0,0,,diagnostic_only; no_auto_accept; no_auto_split,135.3420644088029,0.21743549937570644,10.176032760662252,6,1.6960054601103753,0.20992049801301862,181
1,7,24,176,182,7,7,provisional,134.723587,0.5249381636598116,,,,,ding,,0,0,,diagnostic_only; no_auto_accept; no_auto_split,134.78659616365982,0.2757404858703698,1.0068711197187794,6,0.16781185328646323,0.21047619902330128,181
1,7,25,176,182,7,7,provisional,136.883255,1.1243571782225956,,,,,ding,,0,0,,diagnostic_only; no_auto_accept; no_auto_split,136.5725418217774,0.24188790633307655,11.950238930914221,6,1.9917064884857034,0.214640962117098,182
1,7,26,176,182,7,7,provisional,132.223785,1.0920476185523853,,,,,ding,,0,0,,diagnostic_only; no_auto_accept; no_auto_split,132.2538216185524,0.25210965067385366,6.5558130112191435,6,1.0926355018698573,0.2087727407793001,182
1,7,27,176,182,7,7,provisional,134.052628,0.9882728267060372,,,,,ding,,0,0,,diagnostic_only; no_auto_accept; no_auto_split,134.09299382670605,0.2389093701191766,7.774104453506467,6,1.2956840755844112,0.20526173558739183,181
1,7,28,176,182,7,7,provisional,133.256104,2.123725258078224,,,,,ding,,0,0,,diagnostic_only; no_auto_accept; no_auto_split,133.16419125807823,0.2458607146719965,4.839669935147237,6,0.8066116558578728,0.22554699725153238,181
1,7,29,176,182,7,7,provisional,133.983612,0.6710582798733071,,,,,ding,,0,0,,diagnostic_only; no_auto_accept; no_auto_split,134.0440757201267,0.2433316774050481,2.926970653978615,6,0.4878284423297692,0.2319714363483194,181
1,7,30,176,182,7,7,provisional,134.731674,1.0820108211443369,,,,,ding,,0,0,,diagnostic_only; no_auto_accept; no_auto_split,134.86621617885567,0.26290549238821403,5.55762533949701,6,0.9262708899161683,0.22760708693952933,181
1,7,31,176,182,7,7,provisional,134.733887,1.3347429394146388,,,,,ding,,0,0,,diagnostic_only; no_auto_accept; no_auto_split,134.65216506058536,0.26243835978322627,8.060562027211654,6,1.3434270045352756,0.2168220338428327,182
1,8,1,176,182,7,7,provisional,134.740845,1.4082284689914388,,,,,ding,,0,0,,diagnostic_only; no_auto_accept; no_auto_split,133.95412153100855,0.26894176750842214,9.632510644443025,6,1.605418440740504,0.22640423253904232,182
1,8,2,176,182,7,7,provisional,130.946121,1.8097522425011903,,,,,ding,,0,0,,diagnostic_only; no_auto_accept; no_auto_split,131.0526722425012,0.24610407635084638,15.639198492378078,6,2.606533082063013,0.19900893772103717,182
1,8,3,176,182,7,7,provisional,119.935394,1.4193905421127653,,176;177;179;180;181;182,,different_from_nominal,ding,,0,0,,diagnostic_only; no_auto_accept; no_auto_split,119.63328054211277,0.6096174053521743,0.9019756995266781,6,0.15032928325444636,0.2502502670147411,182
1,8,4,176,182,7,7,provisional,129.353928,1.5924534416089386,,,,,ding,,0,0,,diagnostic_only; no_auto_accept; no_auto_split,129.44950855839107,0.22617825360021687,12.29045120954111,6,2.0484085349235186,0.24058685272866115,182
1,8,5,176,182,7,7,provisional,131.427155,1.4326890046968686,,,,,ding,,0,0,,diagnostic_only; no_auto_accept; no_auto_split,131.96254399530312,0.21476878420457718,17.185068824775428,6,2.8641781374625714,0.22696510354601596,181
1,8,6,176,182,7,7,provisional,130.338165,1.4963796365729536,,,,,ding,,0,0,,diagnostic_only; no_auto_accept; no_auto_split,130.02727863657296,0.21679941125081648,16.80337707429018,6,2.80056284571503,0.2280164754230646,182
1,8,7,176,182,7,7,provisional,130.176102,0.8742592518648848,,,,,ding,,0,0,,diagnostic_only; no_auto_accept; no_auto_split,130.12624474813512,0.20838989911412517,5.940708286335706,6,0.9901180477226177,0.2091666716915814,182
1,8,8,176,182,7,7,provisional,129.910339,1.1220808527165218,,,,,ding,,0,0,,diagnostic_only; no_auto_accept; no_auto_split,129.84415114728347,0.19964411355475425,11.835650569030843,6,1.9726084281718073,0.22185026656095935,182
1,8,9,176,182,7,7,provisional,130.361664,1.1051515021655405,,,,,ding,,0,0,,diagnostic_only; no_auto_accept; no_auto_split,130.53628249783446,0.2102575112338385,9.246671734890628,6,1.5411119558151045,0.2140463804020018,181
1,8,10,176,182,7,7,provisional,131.568451,1.4550601110293826,,,,,ding,,0,0,,diagnostic_only; no_auto_accept; no_auto_split,131.66920788897062,0.22530917577043363,8.004603792840491,6,1.334100632140082,0.21700703984497532,181
1,8,11,176,182,7,7,provisional,134.570938,1.4101973610561913,,,,,ding,,0,0,,diagnostic_only; no_auto_accept; no_auto_split,134.92804463894382,0.22388044935985052,15.057083770685026,6,2.5095139617808377,0.2105523156442102,181
1,8,12,176,182,7,7,provisional,131.80983,2.711487089964578,,,,,ding,,0,0,,diagnostic_only; no_auto_accept; no_auto_split,131.81674191003543,0.22279788578618215,15.169452648291683,6,2.5282421080486137,0.2116648741317438,182
1,8,13,176,182,7,7,provisional,133.299759,1.2791569509813598,,,,,ding,,0,0,,diagnostic_only; no_auto_accept; no_auto_split,133.71877795098135,0.2242411076193292,12.535160803441725,6,2.0891934672402876,0.20266799443756753,181
1,8,14,176,182,7,7,provisional,132.322495,0.7013450670314683,,,,,ding,,0,0,,diagnostic_only; no_auto_accept; no_auto_split,132.13569093296854,0.21997330622894165,3.703346818677449,6,0.6172244697795749,0.20877528161605827,181
1,8,15,176,182,7,7,provisional,134.451889,1.703387908573177,,,,,ding,,0,0,,diagnostic_only; no_auto_accept; no_auto_split,134.3177219085732,0.2351370318351877,9.083184137520506,6,1.5138640229200844,0.20936223686674604,182
1,8,16,176,182,7,7,provisional,134.056702,1.7404897813764535,,,,,ding,,0,0,,diagnostic_only; no_auto_accept; no_auto_split,134.10336721862356,0.22406561384160872,10.681740956532323,6,1.780290159422054,0.24379956520314136,181
1,8,17,176,182,7,7,provisional,135.868301,1.906647470630503,,,,,ding,,0,0,,diagnostic_only; no_auto_accept; no_auto_split,136.1810145293695,0.22831142188299974,11.14346916444955,6,1.8572448607415917,0.22099733142769515,182
1,8,18,176,182,7,7,provisional,134.300171,1.1202814425518852,,,,,ding,,0,0,,diagnostic_only; no_auto_accept; no_auto_split,134.19714755744812,0.23818627428985434,6.590586632172902,6,1.0984311053621503,0.2233031453814656,182
1,8,19,176,182,7,7,provisional,132.87294,2.926197924936929,,,,,ding,,0,0,,diagnostic_only; no_auto_accept; no_auto_split,132.94510392493692,0.23273534963795894,15.903638574158144,6,2.6506064290263573,0.22218012656116776,181
1,8,20,176,182,7,7,provisional,135.628494,0.9617632594912777,,,,,ding,,0,0,,diagnostic_only; no_auto_accept; no_auto_split,135.45474074050873,0.25080230822902916,4.0474752094219015,6,0.6745792015703169,0.20751627837320405,182
1,8,21,176,182,7,7,provisional,133.815613,2.015047117518151,,,,,ding,,0,0,,diagnostic_only; no_auto_accept; no_auto_split,133.75524688248186,0.2609939671569295,8.541472130046682,6,1.4235786883411137,0.21212847125139528,181
1,8,22,176,182,7,7,provisional,134.807861,2.6291647173573836,,,,,ding,,0,0,,diagnostic_only; no_auto_accept; no_auto_split,135.13934271735738,0.27138989219648424,15.46604183096717,6,2.5776736384945282,0.23020827479141023,181
1,8,23,176,182,7,7,provisional,136.169098,0.9952438497856235,,,,,ding,,0,0,,diagnostic_only; no_auto_accept; no_auto_split,136.31067384978562,0.2731211421804359,2.6229215785836977,6,0.4371535964306163,0.2203671139860793,181
1,8,24,176,182,7,7,provisional,130.733948,1.586754373052031,,,,,ding,,0,0,,diagnostic_only; no_auto_accept; no_auto_split,130.31183637305202,0.3039960583840924,10.119328847428017,6,1.6865548079046695,0.2208113144245576,181
1,8,25,176,182,7,7,provisional,125.678543,3.38460746484769,,,,,ding,,0,0,,diagnostic_only; no_auto_accept; no_auto_split,125.45186846484769,0.38266158783458887,7.796337572159037,6,1.2993895953598396,0.21837237414179994,182
1,8,26,176,182,7,7,provisional,133.34903,1.3042713034921576,,,,,ding,,0,0,,diagnostic_only; no_auto_accept; no_auto_split,133.12393569650783,0.3063829123032097,4.707157101885186,6,0.784526183647531,0.21171811044062225,181
1,8,27,176,182,7,7,provisional,134.758514,0.5828939857975399,,,,,ding,,0,0,,diagnostic_only; no_auto_accept; no_auto_split,134.93830001420247,0.25748097400649295,1.6604998883897935,6,0.2767499813982989,0.2049101522280469,181
1,8,28,176,182,7,7,provisional,134.451416,2.4439860092124945,,,,,ding,,0,0,,diagnostic_only; no_auto_accept; no_auto_split,134.5553450092125,0.29736253128123824,7.036918823297866,6,1.1728198038829778,0.22469398842775426,182
1,8,29,176,182,7,7,provisional,134.695435,0.8098338307483175,,,,,ding,,0,0,,diagnostic_only; no_auto_accept; no_auto_split,134.61433016925167,0.2636066553774232,3.5405712074863556,6,0.590095201247726,0.2224052657222971,181
1,8,30,176,182,7,7,provisional,132.716568,1.3720027079490933,,,,,ding,,0,0,,diagnostic_only; no_auto_accept; no_auto_split,132.6194237079491,0.26070510476417447,5.1559375144572765,6,0.8593229190762127,0.21051861133731806,182
1,8,31,176,182,7,7,provisional,131.499435,1.429558783739509,,,,,ding,,0,0,,diagnostic_only; no_auto_accept; no_auto_split,132.0580362162605,0.2883076674272505,8.930699535982722,6,1.488449922663787,0.20703625609703577,181
1,9,1,176,182,7,7,provisional,129.700882,1.4510097282154675,,,,,ding,,0,0,,diagnostic_only; no_auto_accept; no_auto_split,130.30837427178454,0.31381261038359487,11.95159432127344,6,1.9919323868789067,0.21505063468404081,181
1,9,2,176,182,7,7,provisional,129.425613,1.7193994056231077,,,,,ding,,0,0,,diagnostic_only; no_auto_accept; no_auto_split,129.20476459437688,0.2894681268655648,8.024604820138443,6,1.3374341366897404,0.21986468626913863,181
1,9,3,176,182,7,7,provisional,130.184235,1.0919211389071677,,,,,ding,,0,0,,diagnostic_only; no_auto_accept; no_auto_split,130.44585986109283,0.26845522405965916,4.299113352091056,6,0.716518892015176,0.18440667516840736,181
1,9,4,176,182,7,7,provisional,130.197311,0.8812785383656205,,,,,ding,,0,0,,diagnostic_only; no_auto_accept; no_auto_split,130.2154624616344,0.2414979418411629,7.353785950186093,6,1.2256309916976822,0.20215336999782527,182
1,9,5,176,182,7,7,provisional,130.396423,1.0161112281544433,,,,,ding,,0,0,,diagnostic_only; no_auto_accept; no_auto_split,130.53238077184557,0.20941545175741988,6.436597320093065,6,1.0727662200155108,0.20861902986299355,182
1,9,6,176,182,7,7,provisional,127.253517,0.9689452155476204,,,,,ding,,0,0,,diagnostic_only; no_auto_accept; no_auto_split,127.24245921554763,0.23290642741012837,7.165610716123271,6,1.1942684526872118,0.2143294930897969,182
1,9,7,176,182,7,7,provisional,127.968109,2.8752452960421095,,,,,ding,,0,0,,diagnostic_only; no_auto_accept; no_auto_split,127.84927529604211,0.2533456994075726,10.552090996618352,6,1.7586818327697253,0.19344252271174484,181
1,9,8,176,182,7,7,provisional,129.397705,0.7835946980837036,,,,,ding,,0,0,,diagnostic_only; no_auto_accept; no_auto_split,129.0791833019163,0.2185837016998154,5.550096194466077,6,0.9250160324110128,0.2138251748153145,181
1,9,9,176,182,7,7,provisional,129.730759,0.6944818106081527,,,,,ding,,0,0,,diagnostic_only; no_auto_accept; no_auto_split,129.95087481060816,0.19824044526684023,2.7046050506367325,6,0.4507675084394554,0.22227664955755902,181
1,9,10,176,182,7,7,provisional,132.479462,1.729806275221108,,,,,ding,,0,0,,diagnostic_only; no_auto_accept; no_auto_split,132.1942197247789,0.2429465603855708,9.338076470921777,6,1.556346078486963,0.2146131811397018,181
1,9,11,176,182,7,7,provisional,130.064011,1.5532228557777046,,,,,ding,,0,0,,diagnostic_only; no_auto_accept; no_auto_split,130.3160091442223,0.23467878435907355,12.477952169153859,6,2.0796586948589764,0.2032104352384482,182
1,9,12,176,182,7,7,provisional,129.745422,1.1192478924030524,,,,,ding,,0,0,,diagnostic_only; no_auto_accept; no_auto_split,129.47080910759695,0.25553182912654565,7.310671979702715,6,1.2184453299504525,0.22019371176633953,182
1,9,13,176,182,7,7,provisional,128.074524,0.9070492186447154,,,,,ding,,0,0,,diagnostic_only; no_auto_accept; no_auto_split,128.1596512186447,0.27389106516815176,3.3853196505262817,6,0.5642199417543803,0.22786627656181968,181
1,9,14,176,182,7,7,provisional,132.962311,1.30664647267173,,,,,ding,,0,0,,diagnostic_only; no_auto_accept; no_auto_split,132.88493947267173,0.2675835584232515,3.4820796806916956,6,0.5803466134486159,0.21458225521512708,181
1,9,15,176,182,7,7,provisional,130.581726,2.2947892945078934,,,,,ding,,0,0,,diagnostic_only; no_auto_accept; no_auto_split,130.5120282945079,0.25605035489898237,6.008333653223092,6,1.0013889422038487,0.21641669358079352,182
1,9,16,176,182,7,7,provisional,134.630234,0.7860000785911438,,,,,ding,,0,0,,diagnostic_only; no_auto_accept; no_auto_split,134.35755492140885,0.24923124993622947,5.279960175561469,6,0.8799933625935782,0.2090949087779963,181
1,9,17,176,182,7,7,provisional,129.627182,1.3931156260525768,,,,,ding,,0,0,,diagnostic_only; no_auto_accept; no_auto_split,129.62434762605258,0.23433356247150502,7.441766673417151,6,1.240294445569525,0.21336280851508166,182
1,9,18,176,182,7,7,provisional,132.338745,2.516600061359952,,,,,ding,,0,0,,diagnostic_only; no_auto_accept; no_auto_split,132.30395406135995,0.2379279986684383,14.42341583039535,6,2.403902638399225,0.22297836113461725,182
1,9,19,176,182,7,7,provisional,129.395416,1.2128897482141383,,,,,ding,,0,0,,diagnostic_only; no_auto_accept; no_auto_split,129.70756625178586,0.2416458377309365,6.724119079813977,6,1.1206865133023294,0.2347421505629986,181
1,9,20,176,182,7,7,provisional,129.740265,2.219151813185846,,,,,ding,,0,0,,diagnostic_only; no_auto_accept; no_auto_split,129.96316281318585,0.24348851135951333,17.15791854689385,6,2.859653091148975,0.21695045144687877,181
1,9,21,176,182,7,7,provisional,128.363052,2.7880403849912625,,,,,ding,,0,0,,diagnostic_only; no_auto_accept; no_auto_split,128.06486538499126,0.2643776046338114,14.882191677803338,6,2.4803652796338898,0.22659242927428871,181
1,9,22,176,182,7,7,provisional,131.060059,1.3919888517571053,,,,,ding,,0,0,,diagnostic_only; no_auto_accept; no_auto_split,131.2290891482429,0.2627815828718545,7.67500882821619,6,1.2791681380360316,0.21312112244922904,181
1,9,23,176,182,7,7,provisional,127.957153,2.9685585582617193,,,,,ding,,0,0,,diagnostic_only; no_auto_accept; no_auto_split,127.88581755826172,0.2754397974879266,14.4160452863183,6,2.402674214386383,0.20342581964529602,182
1,9,24,176,182,7,7,provisional,127.613693,1.5169338522629374,,,,,ding,,0,0,,diagnostic_only; no_auto_accept; no_auto_split,127.32925085226293,0.30290006150968163,7.466242868769391,6,1.2443738114615652,0.21804480357877626,181
1,9,25,176,182,7,7,provisional,128.080734,1.700038938659219,,,,,ding,,0,0,,diagnostic_only; no_auto_accept; no_auto_split,127.84528693865921,0.34414146639179205,8.050700655995222,6,1.3417834426658704,0.2141529184453813,182
1,9,26,176,182,7,7,provisional,134.805542,1.353137955276651,,,,,ding,,0,0,,diagnostic_only; no_auto_accept; no_auto_split,134.58228704472336,0.27189282223395256,5.822846319543489,6,0.9704743865905815,0.2167798311951235,182
1,9,27,176,182,7,7,provisional,134.743179,1.4558352991126355,,,,,ding,,0,0,,diagnostic_only; no_auto_accept; no_auto_split,134.68729629911263,0.27533885024923355,9.853716689909414,6,1.6422861149849022,0.22127252215964002,181
1,9,28,176,182,7,7,provisional,137.124039,0.986611688892026,,,,,ding,,0,0,,diagnostic_only; no_auto_accept; no_auto_split,137.18260831110797,0.3025338522765182,5.685043667415474,6,0.947507277902579,0.2105935389852967,181
1,9,29,176,182,7,7,provisional,134.709976,1.0440686122816203,,,,,ding,,0,0,,diagnostic_only; no_auto_accept; no_auto_split,134.52355838771837,0.2993676214861765,3.418446934771234,6,0.5697411557952057,0.2177547261582788,182
1,9,30,176,182,7,7,provisional,134.48317,2.134270011266125,,,,,ding,,0,0,,diagnostic_only; no_auto_accept; no_auto_split,134.49471298873388,0.3112292104475909,10.519935109940556,6,1.753322518323426,0.22748586221611697,182
1,9,31,176,182,7,7,provisional,133.086929,1.2862959956860607,,,,,ding,,0,0,,diagnostic_only; no_auto_accept; no_auto_split,132.62337799568607,0.2761176455232561,7.74857704851276,6,1.29142950808546,0.22680278335634388,182
1,10,1,176,182,7,7,provisional,134.044693,0.9892399761023682,,,,,ding,,0,0,,diagnostic_only; no_auto_accept; no_auto_split,133.55781802389762,0.25325647954173386,5.69885980217604,6,0.94980996702934,0.2127729051527168,182
1,10,2,176,182,7,7,provisional,131.525848,1.5502740178846182,,,,,ding,,0,0,,diagnostic_only; no_auto_accept; no_auto_split,131.32983001788463,0.2898363899102486,5.582621394580341,6,0.9304368990967236,0.22131767244840103,182
1,10,3,176,182,7,7,provisional,129.459625,1.423933364286654,,,,,ding,,0,0,,diagnostic_only; no_auto_accept; no_auto_split,129.71148863571335,0.2812653694880482,8.124526226607186,6,1.354087704434531,0.20401375615665104,181
1,10,4,176,182,7,7,provisional,132.530457,1.149861470171487,,,,,ding,,0,0,,diagnostic_only; no_auto_accept; no_auto_split,132.5291494701715,0.21146794209496383,5.995407227586398,6,0.9992345379310663,0.21514196257188634,181
1,10,5,176,182,7,7,provisional,132.015823,2.4334254047574007,,,,,ding,,0,0,,diagnostic_only; no_auto_accept; no_auto_split,131.9416804047574,0.21355640167288695,11.513202312814332,6,1.918867052135722,0.21508459373522745,181
1,10,6,176,182,7,7,provisional,131.748703,1.198676705789552,,,,,ding,,0,0,,diagnostic_only; no_auto_accept; no_auto_split,131.44486229421045,0.21657797056568254,12.267649436801161,6,2.0446082394668603,0.21480226495370142,182
1,10,7,176,182,7,7,provisional,129.938675,1.4519129205378363,,,,,ding,,0,0,,diagnostic_only; no_auto_accept; no_auto_split,129.64836992053785,0.2330720181522915,8.395251640095106,6,1.3992086066825176,0.21237833316681679,182
1,10,8,176,182,7,7,provisional,130.232162,1.223829141938154,,,,,ding,,0,0,,diagnostic_only; no_auto_accept; no_auto_split,130.78981185806185,0.21586351610491766,14.898347276994505,6,2.4830578794990843,0.2130672086254963,182
1,10,9,176,182,7,7,provisional,130.227966,1.5557323517384987,,,,,ding,,0,0,,diagnostic_only; no_auto_accept; no_auto_split,130.3165666482615,0.21062699446975713,9.496159693119994,6,1.5826932821866657,0.20533639038324264,181
1,10,10,176,182,7,7,provisional,135.649277,1.1096888260352955,,,,,ding,,0,0,,diagnostic_only; no_auto_accept; no_auto_split,135.6248558260353,0.246976346544474,6.556638122456362,6,1.0927730204093937,0.20465131005240225,181
1,10,11,176,182,7,7,provisional,131.429352,1.477224207950087,,,,,ding,,0,0,,diagnostic_only; no_auto_accept; no_auto_split,131.5531407920499,0.22616956005259622,7.117506515988985,6,1.1862510859981643,0.23676391458067747,181
1,10,12,176,182,7,7,provisional,134.160248,1.2768636153810462,,,,,ding,,0,0,,diagnostic_only; no_auto_accept; no_auto_split,134.31543761538106,0.23880031319769274,17.629134166837872,6,2.938189027806312,0.22123146904081345,182
1,10,13,176,182,7,7,provisional,126.635849,1.0806274152414375,,,,,ding,,0,0,,diagnostic_only; no_auto_accept; no_auto_split,126.80220041524144,0.2598367084295229,5.036291530877007,6,0.8393819218128344,0.20954163639980422,181
1,10,14,176,182,7,7,provisional,132.12912,1.8045372643860844,,,,,ding,,0,0,,diagnostic_only; no_auto_accept; no_auto_split,132.18796026438608,0.2630570102189066,17.461375171561848,6,2.910229195260308,0.23175499343577688,181
1,10,15,176,182,7,7,provisional,132.72168,1.3173035531321773,,,,,ding,,0,0,,diagnostic_only; no_auto_accept; no_auto_split,132.83271455313218,0.2519860906397709,3.8835458997666414,6,0.6472576499611069,0.21348035080834382,181
1,10,16,176,182,7,7,provisional,133.763046,0.8296413265247793,,,,,ding,,0,0,,diagnostic_only; no_auto_accept; no_auto_split,133.65798367347523,0.24083695884002063,4.902677309293636,6,0.8171128848822726,0.22736981285437527,181
1,10,17,176,182,7,7,provisional,133.816544,0.9424716352520193,,,,,ding,,0,0,,diagnostic_only; no_auto_accept; no_auto_split,133.55800136474798,0.25160343267536733,4.832314680284784,6,0.8053857800474641,0.2022320662728252,181
1,10,18,176,182,7,7,provisional,133.330231,0.8149717460730983,,,,,ding,,0,0,,diagnostic_only; no_auto_accept; no_auto_split,133.26266474607309,0.2426758049314678,4.998514451385624,6,0.833085741897604,0.21144373798946323,181
1,10,19,176,182,7,7,provisional,132.590179,1.3829041883104765,,,,,ding,,0,0,,diagnostic_only; no_auto_accept; no_auto_split,132.30207818831047,0.2453796874507408,9.257306574156654,6,1.542884429026109,0.21719794959434807,181
1,10,20,176,182,7,7,provisional,134.444,1.555594154067137,,,,,ding,,0,0,,diagnostic_only; no_auto_accept; no_auto_split,134.44123184593286,0.2384290302248296,5.0026731035782035,6,0.8337788505963672,0.21556999741706262,182
1,10,21,176,182,7,7,provisional,131.510818,1.1933508381964089,,,,,ding,,0,0,,diagnostic_only; no_auto_accept; no_auto_split,131.5474021618036,0.2642659700096927,5.778802023643831,6,0.9631336706073051,0.20727354456420735,182
1,10,22,176,182,7,7,provisional,133.466904,0.9564573917166399,,,,,ding,,0,0,,diagnostic_only; no_auto_accept; no_auto_split,133.27010139171665,0.2708742552567833,3.075277545717077,6,0.5125462576195129,0.20977287061336874,181
1,10,23,176,182,7,7,provisional,135.645996,1.3839614818939197,,,,,ding,,0,0,,diagnostic_only; no_auto_accept; no_auto_split,135.3642685181061,0.2781197652140406,7.63272836193019,6,1.2721213936550317,0.21644064031961083,181
1,10,24,176,182,7,7,provisional,136.464615,1.7054700691458038,,,,,ding,,0,0,,diagnostic_only; no_auto_accept; no_auto_split,136.0341849308542,0.2847815309393795,19.447820817408033,6,3.2413034695680056,0.2244591995659869,181
1,10,25,176,182,7,7,provisional,136.51445,2.2199091039145173,,,,,ding,,0,0,,diagnostic_only; no_auto_accept; no_auto_split,136.17556789608548,0.2786194521888373,13.094696188862251,6,2.1824493648103753,0.22168187638664666,182
1,10,26,176,182,7,7,provisional,129.551392,1.7564525427928288,,,,,ding,,0,0,,diagnostic_only; no_auto_accept; no_auto_split,129.29899745720718,0.3041094828470679,12.707693924196297,6,2.1179489873660495,0.22637148719643885,181
1,10,27,176,182,7,7,provisional,138.57901,0.8125882129609181,,,,,ding,,0,0,,diagnostic_only; no_auto_accept; no_auto_split,138.48265378703908,0.2960236507422666,3.4014755828983265,6,0.5669125971497211,0.20993926392241824,182
1,10,28,176,182,7,7,provisional,135.507385,0.9201062722887059,,,,,ding,,0,0,,diagnostic_only; no_auto_accept; no_auto_split,135.4799512722887,0.26686494937208394,3.967027819866884,6,0.6611713033111474,0.21388422804077198,181
1,10,29,176,182,7,7,provisional,133.661697,4.5263579746936955,,,,,ding,,0,0,,diagnostic_only; no_auto_accept; no_auto_split,133.7468810253063,0.30618982160727726,13.98082133225795,6,2.3301368887096583,0.21767229721724995,181
1,10,30,176,182,7,7,provisional,135.14772,0.8590405134341381,,,,,ding,,0,0,,diagnostic_only; no_auto_accept; no_auto_split,134.91482651343415,0.2846541796114897,4.86492414809009,6,0.8108206913483483,0.2233071831536885,181
1,10,31,176,182,7,7,provisional,135.352371,1.724940919685281,,,,,ding,,0,0,,diagnostic_only; no_auto_accept; no_auto_split,135.4820969196853,0.35019298827456324,5.034641814878826,6,0.8391069691464711,0.2338616566278597,181
1,11,1,176,182,7,7,provisional,133.208939,0.8608955551433439,,,,,ding,,0,0,,diagnostic_only; no_auto_accept; no_auto_split,132.86365755514333,0.2507076637873402,5.114821982115972,6,0.852470330352662,0.22668252734067162,182
1,11,2,176,182,7,7,provisional,131.522247,2.1600704258330836,,,,,ding,,0,0,,diagnostic_only; no_auto_accept; no_auto_split,131.24464942583307,0.23290960010672151,24.84384500031466,6,4.140640833385777,0.1983639508056251,181
1,11,3,176,182,7,7,provisional,129.755188,1.1912181615111308,,,,,ding,,0,0,,diagnostic_only; no_auto_accept; no_auto_split,129.46907583848886,0.2285799754847574,9.81417960862552,6,1.6356966014375869,0.2140534587625143,182
1,11,4,176,182,7,7,provisional,130.843124,1.041588909959529,,,,,ding,,0,0,,diagnostic_only; no_auto_accept; no_auto_split,130.54881909004047,0.23062441378072035,3.7694984219107748,6,0.6282497369851291,0.18860341255103732,182
1,11,5,176,182,7,7,provisional,132.86557,1.3791120506137418,,,,,ding,,0,0,,diagnostic_only; no_auto_accept; no_auto_split,132.58718094938627,0.21486222734257315,22.681794275529406,6,3.7802990459215677,0.21027600867187993,182
1,11,6,176,182,7,7,provisional,129.520401,1.5789442105023,,,,,ding,,0,0,,diagnostic_only; no_auto_accept; no_auto_split,129.5089157894977,0.2287204428732631,11.399423760526554,6,1.899903960087759,0.242598028976567,181
1,11,7,176,182,7,7,provisional,128.618057,1.015940315720087,,,,,ding,,0,0,,diagnostic_only; no_auto_accept; no_auto_split,128.59007768427992,0.2075311350040832,6.5883057996719145,6,1.0980509666119858,0.20249675077558194,182
1,11,8,176,182,7,7,provisional,130.708832,0.9792989430614512,,,,,ding,,0,0,,diagnostic_only; no_auto_accept; no_auto_split,130.48227905693855,0.2061530931654327,5.355848671394063,6,0.8926414452323438,0.21853561676442365,181
1,11,9,176,182,7,7,provisional,129.441223,0.5725046300840688,,,,,ding,,0,0,,diagnostic_only; no_auto_accept; no_auto_split,129.60489863008408,0.19707251255901465,2.918321461174646,6,0.48638691019577435,0.21541795528982738,182
1,11,10,176,182,7,7,provisional,134.402924,1.6377133334823384,,,,,ding,,0,0,,diagnostic_only; no_auto_accept; no_auto_split,134.60171266651767,0.2333792863035069,11.125307999441969,6,1.8542179999069948,0.21836726594876482,181
1,11,11,176,182,7,7,provisional,133.049774,0.907775054339595,,,,,ding,,0,0,,diagnostic_only; no_auto_accept; no_auto_split,133.3001090543396,0.21266589744732697,5.196046379569943,6,0.8660077299283239,0.21218814161794033,182
1,11,12,176,182,7,7,provisional,132.196701,1.6758410931861363,,,,,ding,,0,0,,diagnostic_only; no_auto_accept; no_auto_split,132.20320009318613,0.23056493851174434,6.144582208079357,6,1.0240970346798928,0.21997055473266539,182
1,11,13,176,182,7,7,provisional,133.503479,1.069930061258134,,,,,ding,,0,0,,diagnostic_only; no_auto_accept; no_auto_split,133.63407806125812,0.22262386352140143,11.881835118395058,6,1.980305853065843,0.20805720617139153,181
1,11,14,176,182,7,7,provisional,134.892776,1.514823805791508,,,,,ding,,0,0,,diagnostic_only; no_auto_accept; no_auto_split,135.1426771942085,0.23119051138921354,12.18701945284247,6,2.0311699088070783,0.22567587661533972,181
1,11,15,176,182,7,7,provisional,134.987198,1.1670515181230599,,,,,ding,,0,0,,diagnostic_only; no_auto_accept; no_auto_split,134.54931848187695,0.2641565290356263,7.398125529070494,6,1.2330209215117491,0.21528152745113432,182
1,11,16,176,182,7,7,provisional,135.235962,1.1696928932821038,,,,,ding,,0,0,,diagnostic_only; no_auto_accept; no_auto_split,134.9729158932821,0.21923481545120274,11.837449455723295,6,1.972908242620549,0.21709321765924203,182
1,11,17,176,182,7,7,provisional,136.60675,1.2806349969562234,,,,,ding,,0,0,,diagnostic_only; no_auto_accept; no_auto_split,136.8711750030438,0.22725044271329578,8.751318231776276,6,1.4585530386293792,0.21617866585993895,182
1,11,18,176,182,7,7,provisional,136.311249,1.3741176895344154,,,,,ding,,0,0,,diagnostic_only; no_auto_accept; no_auto_split,136.2847626895344,0.23078659029362525,8.285658478196172,6,1.380943079699362,0.2101189976965621,182
1,11,19,176,182,7,7,provisional,135.365189,1.40358495067656,,,,,ding,,0,0,,diagnostic_only; no_auto_accept; no_auto_split,135.17770895067656,0.2237896957923062,17.060054575711476,6,2.843342429285246,0.20795030195265682,182
1,11,20,176,182,7,7,provisional,136.538239,1.745482687636553,,,,,ding,,0,0,,diagnostic_only; no_auto_accept; no_auto_split,136.36401268763655,0.2525882912072982,6.457687899029494,6,1.0762813165049157,0.2168725986429209,181
1,11,21,176,182,7,7,provisional,135.204834,1.116341391371975,,,,,ding,,0,0,,diagnostic_only; no_auto_accept; no_auto_split,135.46976360862803,0.2390260955707815,7.8518471257224505,6,1.3086411876204085,0.20396505754737126,181
1,11,22,176,182,7,7,provisional,137.255554,1.7687987031827106,,,,,ding,,0,0,,diagnostic_only; no_auto_accept; no_auto_split,137.1098022968173,0.2702024469278131,17.701100245343255,6,2.950183374223876,0.20981853469142536,182
1,11,23,176,182,7,7,provisional,136.232697,1.6059978444839373,,,,,ding,,0,0,,diagnostic_only; no_auto_accept; no_auto_split,136.17534884448395,0.268509295138191,12.584161851788005,6,2.0973603086313344,0.22077428923747683,181
1,11,24,176,182,7,7,provisional,137.398743,1.0132358939912933,,,,,ding,,0,0,,diagnostic_only; no_auto_accept; no_auto_split,137.1198638939913,0.2527222772251286,7.495754155308761,6,1.2492923592181269,0.22337230355060061,181
1,11,25,176,182,7,7,provisional,133.295334,1.0471338391135419,,,,,ding,,0,0,,diagnostic_only; no_auto_accept; no_auto_split,132.92782583911355,0.2470656997682055,11.3467153413951,6,1.89111922356585,0.21820827172819032,182
1,11,26,176,182,7,7,provisional,136.621429,0.8151689245109139,,,,,ding,,0,0,,diagnostic_only; no_auto_accept; no_auto_split,136.50990192451093,0.2526043501377344,4.83883430420295,6,0.806472384033825,0.21361638793581467,181
1,11,27,176,182,7,7,provisional,135.437119,1.3382971964481385,,,,,ding,,0,0,,diagnostic_only; no_auto_accept; no_auto_split,135.46826680355187,0.2509941324543791,4.876838200927818,6,0.8128063668213029,0.22535257133733422,181
1,11,28,176,182,7,7,provisional,135.679688,1.6436912731884377,,,,,ding,,0,0,,diagnostic_only; no_auto_accept; no_auto_split,135.76296927318845,0.27351222737274533,8.398704942473591,6,1.3997841570789318,0.2240737081011894,181
1,11,29,176,182,7,7,provisional,133.070724,1.3835040734838344,,,,,ding,,0,0,,diagnostic_only; no_auto_accept; no_auto_split,133.09128792651617,0.2673989611085757,9.239503455609112,6,1.5399172426015186,0.20924366934052954,182
1,11,30,176,182,7,7,provisional,135.976822,0.804669343598249,,,,,ding,,0,0,,diagnostic_only; no_auto_accept; no_auto_split,135.71204834359824,0.2688161973595623,4.547705771385422,6,0.7579509618975703,0.21111204964273644,182
1,11,31,176,182,7,7,provisional,134.306412,1.2930920840461795,,,,,ding,,0,0,,diagnostic_only; no_auto_accept; no_auto_split,134.56427108404617,0.25853454935977804,4.675456834799949,6,0.7792428057999915,0.21615367604633204,182
1,12,1,176,182,7,7,provisional,128.920807,2.8556155622756307,,,,,ding,,0,0,,diagnostic_only; no_auto_accept; no_auto_split,128.59261556227563,0.46972774181147103,13.412725558979213,6,2.235454259829869,0.20898220945660748,181
1,12,2,176,182,7,7,provisional,129.304321,3.600104624952735,,,,,ding,,0,0,,diagnostic_only; no_auto_accept; no_auto_split,129.04115262495273,0.3536057547315031,11.163152337245217,6,1.8605253895408695,0.1990103761957021,180
1,12,3,176,182,7,7,provisional,127.273178,1.483247844801653,,,,,ding,,0,0,,diagnostic_only; no_auto_accept; no_auto_split,127.17266284480165,0.3260344221108719,5.936351499452852,6,0.9893919165754753,0.20702452009753927,181
1,12,4,176,182,7,7,provisional,129.965271,1.4184832194262356,,,,,ding,,0,0,,diagnostic_only; no_auto_accept; no_auto_split,129.63487678057376,0.25042726068300525,11.524780898838102,6,1.9207968164730171,0.22201441938020472,182
1,12,5,176,182,7,7,provisional,127.75473,1.2250314828513638,,,,,ding,,0,0,,diagnostic_only; no_auto_accept; no_auto_split,128.01489751714863,0.23400586411142918,5.612221939949912,6,0.9353703233249853,0.20014151277400832,181
1,12,6,176,182,7,7,provisional,132.647583,1.1122663916290492,,,,,ding,,0,0,,diagnostic_only; no_auto_accept; no_auto_split,132.04476139162904,0.23303724738650955,10.07221800277779,6,1.678703000462965,0.22245314762462906,182
1,12,7,176,182,7,7,provisional,129.113998,0.4286122335295488,,,,,ding,,0,0,,diagnostic_only; no_auto_accept; no_auto_split,129.01488476647046,0.24600812321992196,1.739790472560908,6,0.2899650787601513,0.21548854344396048,182
1,12,8,176,182,7,7,provisional,130.362,2.219069344686176,,,,,ding,,0,0,,diagnostic_only; no_auto_accept; no_auto_split,130.37032934468618,0.22710040470021106,12.788022353253126,6,2.131337058875521,0.21103753777192197,182
1,12,9,176,182,7,7,provisional,128.724854,0.709599418703192,,,,,ding,,0,0,,diagnostic_only; no_auto_accept; no_auto_split,128.7720074187032,0.23541618063395767,4.100060429769427,6,0.6833434049615712,0.22209335131237284,181
1,12,10,176,182,7,7,provisional,131.340347,2.158330178247269,,,,,ding,,0,0,,diagnostic_only; no_auto_accept; no_auto_split,131.55529282175274,0.27527801332491203,10.705531571878037,6,1.7842552619796728,0.2025502718053904,182
1,12,11,176,182,7,7,provisional,127.852257,2.2460441221994074,,,,,ding,,0,0,,diagnostic_only; no_auto_accept; no_auto_split,127.98996387780059,0.25582488325743363,25.17195900333938,6,4.195326500556564,0.20900120195027885,182
1,12,12,176,182,7,7,provisional,132.39798,2.302573842617818,,,,,ding,,0,0,,diagnostic_only; no_auto_accept; no_auto_split,132.7033771573822,0.25497995337295587,15.200606324115999,6,2.5334343873526666,0.2076192071733374,182
1,12,13,176,182,7,7,provisional,127.999809,1.3094362268836193,,,,,ding,,0,0,,diagnostic_only; no_auto_accept; no_auto_split,127.85265777311638,0.2845948278235403,5.931953946259451,6,0.9886589910432418,0.2096904868260978,181
1,12,14,176,182,7,7,provisional,131.745911,0.8007096360512378,,,,,ding,,0,0,,diagnostic_only; no_auto_accept; no_auto_split,131.83457436394878,0.2671238894278319,2.0911402974734337,6,0.34852338291223894,0.21407461535175676,182
1,12,15,176,182,7,7,provisional,133.081741,1.719054114662498,,,,,ding,,0,0,,diagnostic_only; no_auto_accept; no_auto_split,133.0942998853375,0.2722891754445798,11.079629903260951,6,1.8466049838768253,0.2119973465685304,182
1,12,16,176,182,7,7,provisional,132.231949,1.0524528479619732,,,,,ding,,0,0,,diagnostic_only; no_auto_accept; no_auto_split,132.27017915203803,0.2616782129537284,4.9180188156656675,6,0.8196698026109446,0.2253594336202331,181
1,12,17,176,182,7,7,provisional,131.998108,0.6474565194103263,,,,,ding,,0,0,,diagnostic_only; no_auto_accept; no_auto_split,131.87968051941033,0.2438689272333325,2.53717774759016,6,0.4228629579316933,0.22120263021624323,181
1,12,18,176,182,7,7,provisional,133.622467,2.732551596162807,,,,large_chi2_ndf,ding,,0,0,,diagnostic_only; no_auto_accept; no_auto_split,133.76537359616282,0.2837259591845242,33.259588356870616,6,5.543264726145103,0.2106505634357988,181
1,12,19,176,182,7,7,provisional,133.056412,1.9693176551383829,,,,,ding,,0,0,,diagnostic_only; no_auto_accept; no_auto_split,133.4046293448616,0.26307173750008517,18.8439404608486,6,3.1406567434747665,0.2111737278403328,182
1,12,20,176,182,7,7,provisional,134.019485,3.5441022292991136,,,,,ding,,0,0,,diagnostic_only; no_auto_accept; no_auto_split,134.0275377707009,0.3029482570774859,14.996138045229984,6,2.499356340871664,0.21779377151702137,181
1,12,21,176,182,7,7,provisional,133.130646,2.333331225284354,,,,,ding,,0,0,,diagnostic_only; no_auto_accept; no_auto_split,133.47218622528436,0.2905946162272036,9.370376111229548,6,1.5617293518715913,0.21248802111986947,181
1,12,22,176,182,7,7,provisional,133.796921,1.092493167202207,,,,,ding,,0,0,,diagnostic_only; no_auto_accept; no_auto_split,133.7453208327978,0.2918906125708416,4.84892817332285,6,0.8081546955538084,0.21244540361608338,182
1,12,23,176,182,7,7,provisional,129.36496,1.8653862721892551,,,,,ding,,0,0,,diagnostic_only; no_auto_accept; no_auto_split,129.29823372781075,0.29251505422486085,9.813764433480793,6,1.6356274055801323,0.2008149444595094,181
1,12,24,176,182,7,7,provisional,131.972275,1.2844413314230394,,,,,ding,,0,0,,diagnostic_only; no_auto_accept; no_auto_split,132.18741033142305,0.3013979946551073,5.65664815406149,6,0.9427746923435817,0.19768795125639826,182
1,12,25,176,182,7,7,provisional,133.816147,1.0334765626692501,,,,,ding,,0,0,,diagnostic_only; no_auto_accept; no_auto_split,133.28224343733075,0.2900924259617483,5.321691218586264,6,0.886948536431044,0.23375303069085263,181
1,12,26,176,182,7,7,provisional,132.213989,1.1773268756260507,,,,,ding,,0,0,,diagnostic_only; no_auto_accept; no_auto_split,132.24518912437395,0.32060932226529204,4.929200111301165,6,0.8215333518835276,0.2198902066191333,182
1,12,27,176,182,7,7,provisional,132.839554,1.1847676402163074,,,,,ding,,0,0,,diagnostic_only; no_auto_accept; no_auto_split,132.88461435978368,0.2975795558347335,2.7477855639787157,6,0.4579642606631193,0.20965106392656238,181
1,12,28,176,182,7,7,provisional,133.145233,1.3770786535559978,,,,,ding,,0,0,,diagnostic_only; no_auto_accept; no_auto_split,133.52193065355598,0.3230350339060111,5.018096966551571,6,0.8363494944252619,0.22073269964137976,181
1,12,29,176,182,7,7,provisional,130.458618,1.396704847908353,,,,,ding,,0,0,,diagnostic_only; no_auto_accept; no_auto_split,130.70694684790834,0.3144963837312084,6.382745496909279,6,1.0637909161515464,0.20499664263402162,181
1,12,30,176,182,7,7,provisional,132.377655,1.0758816779010374,,,,,ding,,0,0,,diagnostic_only; no_auto_accept; no_auto_split,133.04356432209897,0.27703154166980953,6.628254566506129,6,1.1047090944176883,0.21244187459084812,181
1,12,31,176,182,7,7,provisional,130.167633,1.2099113228189537,,,,,ding,,0,0,,diagnostic_only; no_auto_accept; no_auto_split,130.47850467718104,0.30956178890505703,5.576860580901645,6,0.9294767634836075,0.2127171210797249,182
