period_start,period_end,ew,pp,tt,calibration_mpv,constant_error,offset,status,qa_flag,source_qa,segment_reason,calibration_source,source_artifact,notes
190,190,1,3,6,124.49881,0.816442,0,accepted_single_day_segment,insufficient_points,data/derived/qa/qa_190_only/period_qa.csv,localized_persistent_regime_boundary_after_day190,period_qa,,diagnostic_only; no_auto_accept; no_auto_split
190,190,1,3,7,122.460701,0.80713,0,accepted_single_day_segment,insufficient_points,data/derived/qa/qa_190_only/period_qa.csv,localized_persistent_regime_boundary_after_day190,period_qa,,diagnostic_only; no_auto_accept; no_auto_split
190,190,1,3,8,123.852135,0.877615,0,accepted_single_day_segment,insufficient_points,data/derived/qa/qa_190_only/period_qa.csv,localized_persistent_regime_boundary_after_day190,period_qa,,diagnostic_only; no_auto_accept; no_auto_split
190,190,1,3,9,121.397797,0.920511,0,accepted_single_day_segment,insufficient_points,data/derived/qa/qa_190_only/period_qa.csv,localized_persistent_regime_boundary_after_day190,period_qa,,diagnostic_only; no_auto_accept; no_auto_split
190,191,0,5,10,131.3264572022303,0.2151729828592775,0,provisional_segment,,data/derived/qa/qa_190_191_v2/period_qa.csv,localized_persistent_change_point_day192,period_qa,,diagnostic_only; no_auto_accept; no_auto_split
190,191,0,5,11,132.78738905931516,0.26265872190559225,0,provisional_segment,,data/derived/qa/qa_190_191_v2/period_qa.csv,localized_persistent_change_point_day192,period_qa,,diagnostic_only; no_auto_accept; no_auto_split
190,191,0,5,12,137.04118577844952,0.21655379649009815,0,provisional_segment,,data/derived/qa/qa_190_191_v2/period_qa.csv,localized_persistent_change_point_day192,period_qa,,diagnostic_only; no_auto_accept; no_auto_split
190,191,0,5,13,132.2471742371821,0.26154873232920617,0,provisional_segment,,data/derived/qa/qa_190_191_v2/period_qa.csv,localized_persistent_change_point_day192,period_qa,,diagnostic_only; no_auto_accept; no_auto_split
190,191,0,5,14,129.73318909441247,0.19986674347229336,0,provisional_segment,,data/derived/qa/qa_190_191_v2/period_qa.csv,localized_persistent_change_point_day192,period_qa,,diagnostic_only; no_auto_accept; no_auto_split
190,191,0,5,15,131.52286365736796,0.2553118365034899,0,provisional_segment,,data/derived/qa/qa_190_191_v2/period_qa.csv,localized_persistent_change_point_day192,period_qa,,diagnostic_only; no_auto_accept; no_auto_split
190,191,0,6,10,132.6944307071536,0.23672340112709075,0,provisional_segment,,data/derived/qa/qa_190_191_v2/period_qa.csv,localized_persistent_change_point_day192,period_qa,,diagnostic_only; no_auto_accept; no_auto_split
190,191,0,6,11,133.72980102765237,0.2437494781847203,0,provisional_segment,,data/derived/qa/qa_190_191_v2/period_qa.csv,localized_persistent_change_point_day192,period_qa,,diagnostic_only; no_auto_accept; no_auto_split
190,206,0,1,1,106.72184466003962,0.33450892484949735,0,provisional,different_from_nominal,data/derived/qa/qa_190_206_review_v6/period_qa.csv,,period_qa,,diagnostic_only; no_auto_accept; no_auto_split
190,206,0,1,2,121.8072142877392,0.19282132733019167,0,provisional,different_from_nominal;large_chi2_ndf,data/derived/qa/qa_190_206_review_v6/period_qa.csv,,period_qa,,diagnostic_only; no_auto_accept; no_auto_split
190,206,0,1,3,105.69411593444524,0.4297281201659095,0,provisional,different_from_nominal,data/derived/qa/qa_190_206_review_v6/period_qa.csv,,period_qa,,diagnostic_only; no_auto_accept; no_auto_split
190,206,0,1,4,127.94340788016335,0.09351697111803618,0,provisional,,data/derived/qa/qa_190_206_review_v6/period_qa.csv,,period_qa,,diagnostic_only; no_auto_accept; no_auto_split
190,206,0,1,5,119.47921514510708,0.20376527145576512,0,provisional,different_from_nominal,data/derived/qa/qa_190_206_review_v6/period_qa.csv,,period_qa,,diagnostic_only; no_auto_accept; no_auto_split
190,206,0,1,6,124.98566046115403,0.09260129197079917,0,provisional,,data/derived/qa/qa_190_206_review_v6/period_qa.csv,,period_qa,,diagnostic_only; no_auto_accept; no_auto_split
190,206,0,1,7,119.37255589648429,0.15453095078808618,0,provisional,different_from_nominal,data/derived/qa/qa_190_206_review_v6/period_qa.csv,,period_qa,,diagnostic_only; no_auto_accept; no_auto_split
190,206,0,1,8,125.31471955391402,0.06575366563163725,0,provisional,,data/derived/qa/qa_190_206_review_v6/period_qa.csv,,period_qa,,diagnostic_only; no_auto_accept; no_auto_split
190,206,0,1,9,124.32426111392859,0.07361448107283773,0,provisional,large_chi2_ndf,data/derived/qa/qa_190_206_review_v6/period_qa.csv,,period_qa,,diagnostic_only; no_auto_accept; no_auto_split
190,206,0,1,10,132.43179634047843,0.07116822275876894,0,provisional,,data/derived/qa/qa_190_206_review_v6/period_qa.csv,,period_qa,,diagnostic_only; no_auto_accept; no_auto_split
190,206,0,1,11,131.8292671322456,0.08137421993049751,0,provisional,,data/derived/qa/qa_190_206_review_v6/period_qa.csv,,period_qa,,diagnostic_only; no_auto_accept; no_auto_split
190,206,0,1,12,134.13143893066515,0.07815916871992955,0,provisional,,data/derived/qa/qa_190_206_review_v6/period_qa.csv,,period_qa,,diagnostic_only; no_auto_accept; no_auto_split
190,206,0,1,13,132.7244796031863,0.07999451745858228,0,provisional,,data/derived/qa/qa_190_206_review_v6/period_qa.csv,,period_qa,,diagnostic_only; no_auto_accept; no_auto_split
190,206,0,1,14,133.16918062463697,0.08060802881025962,0,provisional,,data/derived/qa/qa_190_206_review_v6/period_qa.csv,,period_qa,,diagnostic_only; no_auto_accept; no_auto_split
190,206,0,1,15,133.45364769604737,0.08291135260678979,0,provisional,,data/derived/qa/qa_190_206_review_v6/period_qa.csv,,period_qa,,diagnostic_only; no_auto_accept; no_auto_split
190,206,0,1,16,130.7838997597323,0.06767232758541418,0,provisional,large_chi2_ndf,data/derived/qa/qa_190_206_review_v6/period_qa.csv,,period_qa,,diagnostic_only; no_auto_accept; no_auto_split
190,206,0,1,17,130.28731819412263,0.07486469755381708,0,provisional,,data/derived/qa/qa_190_206_review_v6/period_qa.csv,,period_qa,,diagnostic_only; no_auto_accept; no_auto_split
190,206,0,1,18,133.0951225612738,0.06852949123721216,0,provisional,,data/derived/qa/qa_190_206_review_v6/period_qa.csv,,period_qa,,diagnostic_only; no_auto_accept; no_auto_split
190,206,0,1,19,129.1010345856699,0.06812393153980613,0,provisional,,data/derived/qa/qa_190_206_review_v6/period_qa.csv,,period_qa,,diagnostic_only; no_auto_accept; no_auto_split
190,206,0,1,20,131.5121516540511,0.0679321044622665,0,provisional,,data/derived/qa/qa_190_206_review_v6/period_qa.csv,,period_qa,,diagnostic_only; no_auto_accept; no_auto_split
190,206,0,1,21,130.86475730766048,0.073909963985968,0,provisional,,data/derived/qa/qa_190_206_review_v6/period_qa.csv,,period_qa,,diagnostic_only; no_auto_accept; no_auto_split
190,206,0,1,22,131.37366645138732,0.07338346769878212,0,provisional,,data/derived/qa/qa_190_206_review_v6/period_qa.csv,,period_qa,,diagnostic_only; no_auto_accept; no_auto_split
190,206,0,1,23,131.90078590438287,0.07240455237421792,0,provisional,,data/derived/qa/qa_190_206_review_v6/period_qa.csv,,period_qa,,diagnostic_only; no_auto_accept; no_auto_split
190,206,0,1,24,130.1942066172865,0.08293489282903846,0,provisional,,data/derived/qa/qa_190_206_review_v6/period_qa.csv,,period_qa,,diagnostic_only; no_auto_accept; no_auto_split
190,206,0,1,25,130.50700253998178,0.08597774483555981,0,provisional,,data/derived/qa/qa_190_206_review_v6/period_qa.csv,,period_qa,,diagnostic_only; no_auto_accept; no_auto_split
190,206,0,1,26,132.01639155670216,0.0871600841188318,0,provisional,,data/derived/qa/qa_190_206_review_v6/period_qa.csv,,period_qa,,diagnostic_only; no_auto_accept; no_auto_split
190,206,0,1,27,132.49389880638265,0.07467541781701977,0,provisional,large_chi2_ndf,data/derived/qa/qa_190_206_review_v6/period_qa.csv,,period_qa,,diagnostic_only; no_auto_accept; no_auto_split
190,206,0,1,28,132.33175894785674,0.09358542644935235,0,provisional,,data/derived/qa/qa_190_206_review_v6/period_qa.csv,,period_qa,,diagnostic_only; no_auto_accept; no_auto_split
190,206,0,1,29,132.15654750043797,0.09133474582159387,0,provisional,,data/derived/qa/qa_190_206_review_v6/period_qa.csv,,period_qa,,diagnostic_only; no_auto_accept; no_auto_split
190,206,0,1,30,130.98935410810216,0.08311344334655431,0,provisional,,data/derived/qa/qa_190_206_review_v6/period_qa.csv,,period_qa,,diagnostic_only; no_auto_accept; no_auto_split
190,206,0,1,31,132.25493778055036,0.09566283918685727,0,provisional,large_chi2_ndf,data/derived/qa/qa_190_206_review_v6/period_qa.csv,,period_qa,,diagnostic_only; no_auto_accept; no_auto_split
190,206,0,2,1,135.67352383026608,0.10024420022621858,0,provisional,,data/derived/qa/qa_190_206_review_v6/period_qa.csv,,period_qa,,diagnostic_only; no_auto_accept; no_auto_split
190,206,0,2,2,131.39918065431013,0.0788990524841247,0,provisional,large_chi2_ndf,data/derived/qa/qa_190_206_review_v6/period_qa.csv,,period_qa,,diagnostic_only; no_auto_accept; no_auto_split
190,206,0,2,3,132.19353494412493,0.08277728729812862,0,provisional,,data/derived/qa/qa_190_206_review_v6/period_qa.csv,,period_qa,,diagnostic_only; no_auto_accept; no_auto_split
190,206,0,2,4,130.3140854405504,0.0724711068609306,0,provisional,,data/derived/qa/qa_190_206_review_v6/period_qa.csv,,period_qa,,diagnostic_only; no_auto_accept; no_auto_split
190,206,0,2,5,131.72072902546105,0.0699606539966756,0,provisional,,data/derived/qa/qa_190_206_review_v6/period_qa.csv,,period_qa,,diagnostic_only; no_auto_accept; no_auto_split
190,206,0,2,6,130.6439604758981,0.06410861723257741,0,provisional,,data/derived/qa/qa_190_206_review_v6/period_qa.csv,,period_qa,,diagnostic_only; no_auto_accept; no_auto_split
190,206,0,2,7,130.18291189973354,0.06433671861037038,0,provisional,,data/derived/qa/qa_190_206_review_v6/period_qa.csv,,period_qa,,diagnostic_only; no_auto_accept; no_auto_split
190,206,0,2,8,130.02088801339292,0.05928551636279337,0,provisional,,data/derived/qa/qa_190_206_review_v6/period_qa.csv,,period_qa,,diagnostic_only; no_auto_accept; no_auto_split
190,206,0,2,9,131.00103230162173,0.05912845537342555,0,provisional,,data/derived/qa/qa_190_206_review_v6/period_qa.csv,,period_qa,,diagnostic_only; no_auto_accept; no_auto_split
190,206,0,2,10,135.39148041671382,0.06861114049322285,0,provisional,,data/derived/qa/qa_190_206_review_v6/period_qa.csv,,period_qa,,diagnostic_only; no_auto_accept; no_auto_split
190,206,0,2,11,137.3421055365934,0.06932144563890386,0,provisional,,data/derived/qa/qa_190_206_review_v6/period_qa.csv,,period_qa,,diagnostic_only; no_auto_accept; no_auto_split
190,206,0,2,12,136.18055084054936,0.06851898061908142,0,provisional,,data/derived/qa/qa_190_206_review_v6/period_qa.csv,,period_qa,,diagnostic_only; no_auto_accept; no_auto_split
190,206,0,2,13,136.7439109569319,0.07323556962809417,0,provisional,,data/derived/qa/qa_190_206_review_v6/period_qa.csv,,period_qa,,diagnostic_only; no_auto_accept; no_auto_split
190,206,0,2,14,137.36720947393025,0.06811710428298062,0,provisional,,data/derived/qa/qa_190_206_review_v6/period_qa.csv,,period_qa,,diagnostic_only; no_auto_accept; no_auto_split
190,206,0,2,15,136.9404852943071,0.07129811822866425,0,provisional,,data/derived/qa/qa_190_206_review_v6/period_qa.csv,,period_qa,,diagnostic_only; no_auto_accept; no_auto_split
190,206,0,2,16,134.74381072096625,0.06790932078140136,0,provisional,large_chi2_ndf,data/derived/qa/qa_190_206_review_v6/period_qa.csv,,period_qa,,diagnostic_only; no_auto_accept; no_auto_split
190,206,0,2,17,135.32632443638855,0.06737669247642995,0,provisional,,data/derived/qa/qa_190_206_review_v6/period_qa.csv,,period_qa,,diagnostic_only; no_auto_accept; no_auto_split
190,206,0,2,18,133.72580704445872,0.06911816342303305,0,provisional,,data/derived/qa/qa_190_206_review_v6/period_qa.csv,,period_qa,,diagnostic_only; no_auto_accept; no_auto_split
190,206,0,2,19,133.02735469520388,0.0694079138526157,0,provisional,large_chi2_ndf,data/derived/qa/qa_190_206_review_v6/period_qa.csv,,period_qa,,diagnostic_only; no_auto_accept; no_auto_split
190,206,0,2,20,136.24410024465374,0.06932858387475634,0,provisional,large_chi2_ndf,data/derived/qa/qa_190_206_review_v6/period_qa.csv,,period_qa,,diagnostic_only; no_auto_accept; no_auto_split
190,206,0,2,21,133.96180865849266,0.07072550098795015,0,provisional,,data/derived/qa/qa_190_206_review_v6/period_qa.csv,,period_qa,,diagnostic_only; no_auto_accept; no_auto_split
190,206,0,2,22,135.67186948270628,0.06825670962034287,0,provisional,large_chi2_ndf,data/derived/qa/qa_190_206_review_v6/period_qa.csv,,period_qa,,diagnostic_only; no_auto_accept; no_auto_split
190,206,0,2,23,134.47389286562256,0.0721819999280992,0,provisional,,data/derived/qa/qa_190_206_review_v6/period_qa.csv,,period_qa,,diagnostic_only; no_auto_accept; no_auto_split
190,206,0,2,24,136.819782441706,0.07321873728006421,0,provisional,,data/derived/qa/qa_190_206_review_v6/period_qa.csv,,period_qa,,diagnostic_only; no_auto_accept; no_auto_split
190,206,0,2,25,133.14881561550106,0.07165676147791457,0,provisional,,data/derived/qa/qa_190_206_review_v6/period_qa.csv,,period_qa,,diagnostic_only; no_auto_accept; no_auto_split
190,206,0,2,26,138.8824836959039,0.07419807935055361,0,provisional,,data/derived/qa/qa_190_206_review_v6/period_qa.csv,,period_qa,,diagnostic_only; no_auto_accept; no_auto_split
190,206,0,2,27,134.92587889111627,0.07346598067444268,0,provisional,,data/derived/qa/qa_190_206_review_v6/period_qa.csv,,period_qa,,diagnostic_only; no_auto_accept; no_auto_split
190,206,0,2,28,137.09783932483933,0.07889791676129007,0,provisional,,data/derived/qa/qa_190_206_review_v6/period_qa.csv,,period_qa,,diagnostic_only; no_auto_accept; no_auto_split
190,206,0,2,29,132.84643024910713,0.07880450437627902,0,provisional,,data/derived/qa/qa_190_206_review_v6/period_qa.csv,,period_qa,,diagnostic_only; no_auto_accept; no_auto_split
190,206,0,2,30,135.61074700243367,0.0786391312936372,0,provisional,,data/derived/qa/qa_190_206_review_v6/period_qa.csv,,period_qa,,diagnostic_only; no_auto_accept; no_auto_split
190,206,0,2,31,133.57858813753103,0.07882543148328598,0,provisional,,data/derived/qa/qa_190_206_review_v6/period_qa.csv,,period_qa,,diagnostic_only; no_auto_accept; no_auto_split
190,206,0,3,1,131.3683261589169,0.11413909944804512,0,provisional,,data/derived/qa/qa_190_206_review_v6/period_qa.csv,,period_qa,,diagnostic_only; no_auto_accept; no_auto_split
190,206,0,3,2,127.29199357992954,0.11039193815208986,0,provisional,large_chi2_ndf,data/derived/qa/qa_190_206_review_v6/period_qa.csv,,period_qa,,diagnostic_only; no_auto_accept; no_auto_split
190,206,0,3,3,128.44389981517742,0.10371412574362414,0,provisional,,data/derived/qa/qa_190_206_review_v6/period_qa.csv,,period_qa,,diagnostic_only; no_auto_accept; no_auto_split
190,206,0,3,4,130.64513687363467,0.07197410585568549,0,provisional,large_chi2_ndf,data/derived/qa/qa_190_206_review_v6/period_qa.csv,,period_qa,,diagnostic_only; no_auto_accept; no_auto_split
190,206,0,3,5,130.82102322139536,0.06523119008864632,0,provisional,,data/derived/qa/qa_190_206_review_v6/period_qa.csv,,period_qa,,diagnostic_only; no_auto_accept; no_auto_split
190,206,0,3,6,130.70823823374522,0.06374571948012163,0,provisional,large_chi2_ndf,data/derived/qa/qa_190_206_review_v6/period_qa.csv,,period_qa,,diagnostic_only; no_auto_accept; no_auto_split
190,206,0,3,7,128.16810612691833,0.06291067462811434,0,provisional,,data/derived/qa/qa_190_206_review_v6/period_qa.csv,,period_qa,,diagnostic_only; no_auto_accept; no_auto_split
190,206,0,3,8,128.7660631178738,0.06398396950791711,0,provisional,large_chi2_ndf,data/derived/qa/qa_190_206_review_v6/period_qa.csv,,period_qa,,diagnostic_only; no_auto_accept; no_auto_split
190,206,0,3,9,130.22416800372085,0.06233023791033218,0,provisional,,data/derived/qa/qa_190_206_review_v6/period_qa.csv,,period_qa,,diagnostic_only; no_auto_accept; no_auto_split
190,206,0,3,10,135.4291832537277,0.06960889334364509,0,provisional,large_chi2_ndf,data/derived/qa/qa_190_206_review_v6/period_qa.csv,,period_qa,,diagnostic_only; no_auto_accept; no_auto_split
190,206,0,3,11,138.18014580649316,0.07052168961113651,0,provisional,,data/derived/qa/qa_190_206_review_v6/period_qa.csv,,period_qa,,diagnostic_only; no_auto_accept; no_auto_split
190,206,0,3,12,136.1086594476959,0.06770484285719645,0,provisional,large_chi2_ndf,data/derived/qa/qa_190_206_review_v6/period_qa.csv,,period_qa,,diagnostic_only; no_auto_accept; no_auto_split
190,206,0,3,13,135.4256052559178,0.07070053539736204,0,provisional,,data/derived/qa/qa_190_206_review_v6/period_qa.csv,,period_qa,,diagnostic_only; no_auto_accept; no_auto_split
190,206,0,3,14,135.84523245914204,0.06763495774788317,0,provisional,large_chi2_ndf,data/derived/qa/qa_190_206_review_v6/period_qa.csv,,period_qa,,diagnostic_only; no_auto_accept; no_auto_split
190,206,0,3,15,135.93182425453693,0.07051886184895961,0,provisional,,data/derived/qa/qa_190_206_review_v6/period_qa.csv,,period_qa,,diagnostic_only; no_auto_accept; no_auto_split
190,206,0,3,16,135.54225721792017,0.06676651610268762,0,provisional,,data/derived/qa/qa_190_206_review_v6/period_qa.csv,,period_qa,,diagnostic_only; no_auto_accept; no_auto_split
190,206,0,3,17,137.23760287786985,0.06887359228422521,0,provisional,,data/derived/qa/qa_190_206_review_v6/period_qa.csv,,period_qa,,diagnostic_only; no_auto_accept; no_auto_split
190,206,0,3,18,134.31110310278402,0.0689068447808429,0,provisional,large_chi2_ndf,data/derived/qa/qa_190_206_review_v6/period_qa.csv,,period_qa,,diagnostic_only; no_auto_accept; no_auto_split
190,206,0,3,19,134.86847526637567,0.06989518101682389,0,provisional,,data/derived/qa/qa_190_206_review_v6/period_qa.csv,,period_qa,,diagnostic_only; no_auto_accept; no_auto_split
190,206,0,3,20,131.15031491635636,0.06862498278181405,0,provisional,,data/derived/qa/qa_190_206_review_v6/period_qa.csv,,period_qa,,diagnostic_only; no_auto_accept; no_auto_split
190,206,0,3,21,133.88661445838756,0.06795299342110833,0,provisional,,data/derived/qa/qa_190_206_review_v6/period_qa.csv,,period_qa,,diagnostic_only; no_auto_accept; no_auto_split
190,206,0,3,22,135.0524006532628,0.07300234609205156,0,provisional,,data/derived/qa/qa_190_206_review_v6/period_qa.csv,,period_qa,,diagnostic_only; no_auto_accept; no_auto_split
190,206,0,3,23,134.91188990490377,0.06852850934829027,0,provisional,,data/derived/qa/qa_190_206_review_v6/period_qa.csv,,period_qa,,diagnostic_only; no_auto_accept; no_auto_split
190,206,0,3,24,136.10017954276304,0.07858189439985112,0,provisional,,data/derived/qa/qa_190_206_review_v6/period_qa.csv,,period_qa,,diagnostic_only; no_auto_accept; no_auto_split
190,206,0,3,25,136.10057670103055,0.07843770285842869,0,provisional,,data/derived/qa/qa_190_206_review_v6/period_qa.csv,,period_qa,,diagnostic_only; no_auto_accept; no_auto_split
190,206,0,3,26,136.3940211763206,0.07756782630166703,0,provisional,,data/derived/qa/qa_190_206_review_v6/period_qa.csv,,period_qa,,diagnostic_only; no_auto_accept; no_auto_split
190,206,0,3,27,137.30570268769927,0.07957864941345046,0,provisional,,data/derived/qa/qa_190_206_review_v6/period_qa.csv,,period_qa,,diagnostic_only; no_auto_accept; no_auto_split
190,206,0,3,28,137.2008538054719,0.08986372662921328,0,provisional,,data/derived/qa/qa_190_206_review_v6/period_qa.csv,,period_qa,,diagnostic_only; no_auto_accept; no_auto_split
190,206,0,3,29,134.55711352983496,0.0834182203775802,0,provisional,,data/derived/qa/qa_190_206_review_v6/period_qa.csv,,period_qa,,diagnostic_only; no_auto_accept; no_auto_split
190,206,0,3,30,133.8754118967119,0.09144545116639345,0,provisional,,data/derived/qa/qa_190_206_review_v6/period_qa.csv,,period_qa,,diagnostic_only; no_auto_accept; no_auto_split
190,206,0,3,31,134.23354792639213,0.08464083518526326,0,provisional,,data/derived/qa/qa_190_206_review_v6/period_qa.csv,,period_qa,,diagnostic_only; no_auto_accept; no_auto_split
190,206,0,4,1,137.5823720731329,0.08700216513520698,0,provisional,,data/derived/qa/qa_190_206_review_v6/period_qa.csv,,period_qa,,diagnostic_only; no_auto_accept; no_auto_split
190,206,0,4,2,129.85871762676572,0.08047282220087074,0,provisional,,data/derived/qa/qa_190_206_review_v6/period_qa.csv,,period_qa,,diagnostic_only; no_auto_accept; no_auto_split
190,206,0,4,3,131.380139389109,0.07443805173485114,0,provisional,,data/derived/qa/qa_190_206_review_v6/period_qa.csv,,period_qa,,diagnostic_only; no_auto_accept; no_auto_split
190,206,0,4,4,130.7614620879743,0.07565201425511452,0,provisional,,data/derived/qa/qa_190_206_review_v6/period_qa.csv,,period_qa,,diagnostic_only; no_auto_accept; no_auto_split
190,206,0,4,5,133.2637333363975,0.06472618373483978,0,provisional,,data/derived/qa/qa_190_206_review_v6/period_qa.csv,,period_qa,,diagnostic_only; no_auto_accept; no_auto_split
190,206,0,4,6,131.39558097486636,0.0694542846236893,0,provisional,,data/derived/qa/qa_190_206_review_v6/period_qa.csv,,period_qa,,diagnostic_only; no_auto_accept; no_auto_split
190,206,0,4,7,132.76150567102684,0.06043932994654874,0,provisional,,data/derived/qa/qa_190_206_review_v6/period_qa.csv,,period_qa,,diagnostic_only; no_auto_accept; no_auto_split
190,206,0,4,8,132.51107887910285,0.06054409669287926,0,provisional,,data/derived/qa/qa_190_206_review_v6/period_qa.csv,,period_qa,,diagnostic_only; no_auto_accept; no_auto_split
190,206,0,4,9,129.88588872381595,0.05616905457516367,0,provisional,,data/derived/qa/qa_190_206_review_v6/period_qa.csv,,period_qa,,diagnostic_only; no_auto_accept; no_auto_split
190,206,0,4,10,137.01566661081924,0.06715421239918665,0,provisional,,data/derived/qa/qa_190_206_review_v6/period_qa.csv,,period_qa,,diagnostic_only; no_auto_accept; no_auto_split
190,206,0,4,11,138.64674145637508,0.06537811474184879,0,provisional,large_chi2_ndf,data/derived/qa/qa_190_206_review_v6/period_qa.csv,,period_qa,,diagnostic_only; no_auto_accept; no_auto_split
190,206,0,4,12,138.496205149373,0.07400376834238816,0,provisional,,data/derived/qa/qa_190_206_review_v6/period_qa.csv,,period_qa,,diagnostic_only; no_auto_accept; no_auto_split
190,206,0,4,13,135.9374259175809,0.07129005390273645,0,provisional,large_chi2_ndf,data/derived/qa/qa_190_206_review_v6/period_qa.csv,,period_qa,,diagnostic_only; no_auto_accept; no_auto_split
190,206,0,4,14,139.66309037160107,0.07593531270476583,0,provisional,large_chi2_ndf,data/derived/qa/qa_190_206_review_v6/period_qa.csv,,period_qa,,diagnostic_only; no_auto_accept; no_auto_split
190,206,0,4,15,137.0418896343531,0.07052355868770126,0,provisional,large_chi2_ndf,data/derived/qa/qa_190_206_review_v6/period_qa.csv,,period_qa,,diagnostic_only; no_auto_accept; no_auto_split
190,206,0,4,16,136.6013813278493,0.06486335418069021,0,provisional,,data/derived/qa/qa_190_206_review_v6/period_qa.csv,,period_qa,,diagnostic_only; no_auto_accept; no_auto_split
190,206,0,4,17,134.9946665908785,0.06277848043139445,0,provisional,,data/derived/qa/qa_190_206_review_v6/period_qa.csv,,period_qa,,diagnostic_only; no_auto_accept; no_auto_split
190,206,0,4,18,136.6112460038385,0.0656351437848102,0,provisional,,data/derived/qa/qa_190_206_review_v6/period_qa.csv,,period_qa,,diagnostic_only; no_auto_accept; no_auto_split
190,206,0,4,19,136.4756723803773,0.06484144847574876,0,provisional,large_chi2_ndf,data/derived/qa/qa_190_206_review_v6/period_qa.csv,,period_qa,,diagnostic_only; no_auto_accept; no_auto_split
190,206,0,4,20,135.1352305130215,0.0653383110666845,0,provisional,,data/derived/qa/qa_190_206_review_v6/period_qa.csv,,period_qa,,diagnostic_only; no_auto_accept; no_auto_split
190,206,0,4,21,134.00821026405177,0.06800908486502052,0,provisional,large_chi2_ndf,data/derived/qa/qa_190_206_review_v6/period_qa.csv,,period_qa,,diagnostic_only; no_auto_accept; no_auto_split
190,206,0,4,22,136.16971537691848,0.06815677202324594,0,provisional,,data/derived/qa/qa_190_206_review_v6/period_qa.csv,,period_qa,,diagnostic_only; no_auto_accept; no_auto_split
190,206,0,4,23,134.74711587322744,0.06422616374531144,0,provisional,,data/derived/qa/qa_190_206_review_v6/period_qa.csv,,period_qa,,diagnostic_only; no_auto_accept; no_auto_split
190,206,0,4,24,138.60473834537424,0.06879345218346274,0,provisional,,data/derived/qa/qa_190_206_review_v6/period_qa.csv,,period_qa,,diagnostic_only; no_auto_accept; no_auto_split
190,206,0,4,25,134.19375815562267,0.06377084067344498,0,provisional,,data/derived/qa/qa_190_206_review_v6/period_qa.csv,,period_qa,,diagnostic_only; no_auto_accept; no_auto_split
190,206,0,4,26,136.51078291814537,0.07051145015535967,0,provisional,,data/derived/qa/qa_190_206_review_v6/period_qa.csv,,period_qa,,diagnostic_only; no_auto_accept; no_auto_split
190,206,0,4,27,134.01356447932838,0.06464544925065999,0,provisional,,data/derived/qa/qa_190_206_review_v6/period_qa.csv,,period_qa,,diagnostic_only; no_auto_accept; no_auto_split
190,206,0,4,28,136.77452197192514,0.07713388326784461,0,provisional,,data/derived/qa/qa_190_206_review_v6/period_qa.csv,,period_qa,,diagnostic_only; no_auto_accept; no_auto_split
190,206,0,4,29,135.37789527935627,0.07366031066863454,0,provisional,large_chi2_ndf,data/derived/qa/qa_190_206_review_v6/period_qa.csv,,period_qa,,diagnostic_only; no_auto_accept; no_auto_split
190,206,0,4,30,135.1868662684259,0.07792467306504303,0,provisional,,data/derived/qa/qa_190_206_review_v6/period_qa.csv,,period_qa,,diagnostic_only; no_auto_accept; no_auto_split
190,206,0,4,31,134.38344659313515,0.0763110153164838,0,provisional,,data/derived/qa/qa_190_206_review_v6/period_qa.csv,,period_qa,,diagnostic_only; no_auto_accept; no_auto_split
190,206,0,5,1,130.93139428918212,0.10225871836134857,0,provisional,,data/derived/qa/qa_190_206_review_v6/period_qa.csv,,period_qa,,diagnostic_only; no_auto_accept; no_auto_split
190,206,0,5,2,134.43364872207778,0.0769408095640162,0,provisional,,data/derived/qa/qa_190_206_review_v6/period_qa.csv,,period_qa,,diagnostic_only; no_auto_accept; no_auto_split
190,206,0,5,3,131.65285840194306,0.0837336067463395,0,provisional,,data/derived/qa/qa_190_206_review_v6/period_qa.csv,,period_qa,,diagnostic_only; no_auto_accept; no_auto_split
190,206,0,5,4,133.256833262,0.07276610921852045,0,provisional,,data/derived/qa/qa_190_206_review_v6/period_qa.csv,,period_qa,,diagnostic_only; no_auto_accept; no_auto_split
190,206,0,5,5,129.77568908458886,0.0747895152129022,0,provisional,,data/derived/qa/qa_190_206_review_v6/period_qa.csv,,period_qa,,diagnostic_only; no_auto_accept; no_auto_split
190,206,0,5,6,132.11625897094245,0.07365765142560622,0,provisional,,data/derived/qa/qa_190_206_review_v6/period_qa.csv,,period_qa,,diagnostic_only; no_auto_accept; no_auto_split
190,206,0,5,7,129.14697249138476,0.0738698469054697,0,provisional,,data/derived/qa/qa_190_206_review_v6/period_qa.csv,,period_qa,,diagnostic_only; no_auto_accept; no_auto_split
190,206,0,5,8,129.99523789329783,0.06687284572946933,0,provisional,,data/derived/qa/qa_190_206_review_v6/period_qa.csv,,period_qa,,diagnostic_only; no_auto_accept; no_auto_split
190,206,0,5,9,129.7614054165405,0.0670434283073058,0,provisional,,data/derived/qa/qa_190_206_review_v6/period_qa.csv,,period_qa,,diagnostic_only; no_auto_accept; no_auto_split
190,206,0,5,16,130.71572852212853,0.0657442614587162,0,provisional,,data/derived/qa/qa_190_206_review_v6/period_qa.csv,,period_qa,,diagnostic_only; no_auto_accept; no_auto_split
190,206,0,5,17,133.77301704124977,0.07619654280861773,0,provisional,,data/derived/qa/qa_190_206_review_v6/period_qa.csv,,period_qa,,diagnostic_only; no_auto_accept; no_auto_split
190,206,0,5,18,131.4882440876749,0.06917182834074319,0,provisional,,data/derived/qa/qa_190_206_review_v6/period_qa.csv,,period_qa,,diagnostic_only; no_auto_accept; no_auto_split
190,206,0,5,19,130.4556129109372,0.06680877632424062,0,provisional,,data/derived/qa/qa_190_206_review_v6/period_qa.csv,,period_qa,,diagnostic_only; no_auto_accept; no_auto_split
190,206,0,5,20,132.23022225811778,0.06662996855974684,0,provisional,large_chi2_ndf,data/derived/qa/qa_190_206_review_v6/period_qa.csv,,period_qa,,diagnostic_only; no_auto_accept; no_auto_split
190,206,0,5,21,134.2850245012555,0.07381284702504746,0,provisional,large_chi2_ndf,data/derived/qa/qa_190_206_review_v6/period_qa.csv,,period_qa,,diagnostic_only; no_auto_accept; no_auto_split
190,206,0,5,22,134.46759805051815,0.06871739941835141,0,provisional,large_chi2_ndf,data/derived/qa/qa_190_206_review_v6/period_qa.csv,,period_qa,,diagnostic_only; no_auto_accept; no_auto_split
190,206,0,5,23,131.79041750276917,0.0761427298067378,0,provisional,,data/derived/qa/qa_190_206_review_v6/period_qa.csv,,period_qa,,diagnostic_only; no_auto_accept; no_auto_split
190,206,0,5,24,134.33310479289287,0.07156209431860587,0,provisional,,data/derived/qa/qa_190_206_review_v6/period_qa.csv,,period_qa,,diagnostic_only; no_auto_accept; no_auto_split
190,206,0,5,25,129.45114654897478,0.08192663944327763,0,provisional,large_chi2_ndf,data/derived/qa/qa_190_206_review_v6/period_qa.csv,,period_qa,,diagnostic_only; no_auto_accept; no_auto_split
190,206,0,5,26,132.67452895806534,0.07310395663562845,0,provisional,,data/derived/qa/qa_190_206_review_v6/period_qa.csv,,period_qa,,diagnostic_only; no_auto_accept; no_auto_split
190,206,0,5,27,131.59174316290597,0.0778347514764932,0,provisional,,data/derived/qa/qa_190_206_review_v6/period_qa.csv,,period_qa,,diagnostic_only; no_auto_accept; no_auto_split
190,206,0,5,28,132.9222172978554,0.07673333799852396,0,provisional,large_chi2_ndf,data/derived/qa/qa_190_206_review_v6/period_qa.csv,,period_qa,,diagnostic_only; no_auto_accept; no_auto_split
190,206,0,5,29,129.93327973336136,0.07948232005698498,0,provisional,,data/derived/qa/qa_190_206_review_v6/period_qa.csv,,period_qa,,diagnostic_only; no_auto_accept; no_auto_split
190,206,0,5,30,133.80525909605296,0.07550183249560039,0,provisional,,data/derived/qa/qa_190_206_review_v6/period_qa.csv,,period_qa,,diagnostic_only; no_auto_accept; no_auto_split
190,206,0,5,31,132.7762919433537,0.08261788741324692,0,provisional,,data/derived/qa/qa_190_206_review_v6/period_qa.csv,,period_qa,,diagnostic_only; no_auto_accept; no_auto_split
190,206,0,6,1,123.99578637156203,0.2352509838707003,0,provisional,different_from_nominal,data/derived/qa/qa_190_206_review_v6/period_qa.csv,,period_qa,,diagnostic_only; no_auto_accept; no_auto_split
190,206,0,6,2,116.47281865964204,0.2892078424420709,0,provisional,different_from_nominal,data/derived/qa/qa_190_206_review_v6/period_qa.csv,,period_qa,,diagnostic_only; no_auto_accept; no_auto_split
190,206,0,6,3,123.06984961330153,0.19258730313813427,0,provisional,,data/derived/qa/qa_190_206_review_v6/period_qa.csv,,period_qa,,diagnostic_only; no_auto_accept; no_auto_split
190,206,0,6,4,130.443463051951,0.09712472182768968,0,provisional,,data/derived/qa/qa_190_206_review_v6/period_qa.csv,,period_qa,,diagnostic_only; no_auto_accept; no_auto_split
190,206,0,6,5,123.05362548014728,0.15665201352426367,0,provisional,,data/derived/qa/qa_190_206_review_v6/period_qa.csv,,period_qa,,diagnostic_only; no_auto_accept; no_auto_split
190,206,0,6,6,130.44131119166425,0.08040391163048133,0,provisional,,data/derived/qa/qa_190_206_review_v6/period_qa.csv,,period_qa,,diagnostic_only; no_auto_accept; no_auto_split
190,206,0,6,7,131.23255520281666,0.07922856948734125,0,provisional,,data/derived/qa/qa_190_206_review_v6/period_qa.csv,,period_qa,,diagnostic_only; no_auto_accept; no_auto_split
190,206,0,6,8,130.80603465706318,0.0631222465243037,0,provisional,,data/derived/qa/qa_190_206_review_v6/period_qa.csv,,period_qa,,diagnostic_only; no_auto_accept; no_auto_split
190,206,0,6,9,129.3367601741744,0.07144697152446765,0,provisional,,data/derived/qa/qa_190_206_review_v6/period_qa.csv,,period_qa,,diagnostic_only; no_auto_accept; no_auto_split
190,206,0,6,12,134.57076324969583,0.07476552233108384,0,provisional,,data/derived/qa/qa_190_206_review_v6/period_qa.csv,,period_qa,,diagnostic_only; no_auto_accept; no_auto_split
190,206,0,6,13,135.21087293257156,0.07637417382049612,0,provisional,,data/derived/qa/qa_190_206_review_v6/period_qa.csv,,period_qa,,diagnostic_only; no_auto_accept; no_auto_split
190,206,0,6,14,134.81721951951428,0.07531563804669827,0,provisional,,data/derived/qa/qa_190_206_review_v6/period_qa.csv,,period_qa,,diagnostic_only; no_auto_accept; no_auto_split
190,206,0,6,15,137.9953082302829,0.07252758942431481,0,provisional,,data/derived/qa/qa_190_206_review_v6/period_qa.csv,,period_qa,,diagnostic_only; no_auto_accept; no_auto_split
190,206,0,6,16,134.61250035042826,0.07015159933459646,0,provisional,large_chi2_ndf,data/derived/qa/qa_190_206_review_v6/period_qa.csv,,period_qa,,diagnostic_only; no_auto_accept; no_auto_split
190,206,0,6,17,135.57139265917297,0.07508528601764441,0,provisional,,data/derived/qa/qa_190_206_review_v6/period_qa.csv,,period_qa,,diagnostic_only; no_auto_accept; no_auto_split
190,206,0,6,18,134.2095624371652,0.0725310026164271,0,provisional,large_chi2_ndf,data/derived/qa/qa_190_206_review_v6/period_qa.csv,,period_qa,,diagnostic_only; no_auto_accept; no_auto_split
190,206,0,6,19,131.19227632432683,0.07709828936353452,0,provisional,,data/derived/qa/qa_190_206_review_v6/period_qa.csv,,period_qa,,diagnostic_only; no_auto_accept; no_auto_split
190,206,0,6,20,135.72820841578314,0.06904126077764756,0,provisional,large_chi2_ndf,data/derived/qa/qa_190_206_review_v6/period_qa.csv,,period_qa,,diagnostic_only; no_auto_accept; no_auto_split
190,206,0,6,21,133.84592200520515,0.0757486084519267,0,provisional,large_chi2_ndf,data/derived/qa/qa_190_206_review_v6/period_qa.csv,,period_qa,,diagnostic_only; no_auto_accept; no_auto_split
190,206,0,6,22,138.32285270205074,0.07210962647002704,0,provisional,,data/derived/qa/qa_190_206_review_v6/period_qa.csv,,period_qa,,diagnostic_only; no_auto_accept; no_auto_split
190,206,0,6,23,134.0019083704623,0.06905042111843013,0,provisional,large_chi2_ndf,data/derived/qa/qa_190_206_review_v6/period_qa.csv,,period_qa,,diagnostic_only; no_auto_accept; no_auto_split
190,206,0,6,24,133.47639210896867,0.07502688578035277,0,provisional,,data/derived/qa/qa_190_206_review_v6/period_qa.csv,,period_qa,,diagnostic_only; no_auto_accept; no_auto_split
190,206,0,6,25,133.5664462644681,0.07750577370621736,0,provisional,large_chi2_ndf,data/derived/qa/qa_190_206_review_v6/period_qa.csv,,period_qa,,diagnostic_only; no_auto_accept; no_auto_split
190,206,0,6,26,133.2414354798845,0.07451386832005355,0,provisional,,data/derived/qa/qa_190_206_review_v6/period_qa.csv,,period_qa,,diagnostic_only; no_auto_accept; no_auto_split
190,206,0,6,27,129.31586208622684,0.09334618413032215,0,provisional,,data/derived/qa/qa_190_206_review_v6/period_qa.csv,,period_qa,,diagnostic_only; no_auto_accept; no_auto_split
190,206,0,6,28,135.51142034608156,0.07679222465369902,0,provisional,large_chi2_ndf,data/derived/qa/qa_190_206_review_v6/period_qa.csv,,period_qa,,diagnostic_only; no_auto_accept; no_auto_split
190,206,0,6,29,131.57165781868014,0.08065662043251876,0,provisional,,data/derived/qa/qa_190_206_review_v6/period_qa.csv,,period_qa,,diagnostic_only; no_auto_accept; no_auto_split
190,206,0,6,30,130.256475536813,0.08467503825187457,0,provisional,,data/derived/qa/qa_190_206_review_v6/period_qa.csv,,period_qa,,diagnostic_only; no_auto_accept; no_auto_split
190,206,0,6,31,133.29088043353502,0.07903841031598322,0,provisional,large_chi2_ndf,data/derived/qa/qa_190_206_review_v6/period_qa.csv,,period_qa,,diagnostic_only; no_auto_accept; no_auto_split
190,206,0,7,1,128.541047480112,0.12677026428189114,0,provisional,,data/derived/qa/qa_190_206_review_v6/period_qa.csv,,period_qa,,diagnostic_only; no_auto_accept; no_auto_split
190,206,0,7,2,128.0877390584628,0.12221832851403232,0,provisional,,data/derived/qa/qa_190_206_review_v6/period_qa.csv,,period_qa,,diagnostic_only; no_auto_accept; no_auto_split
190,206,0,7,3,128.16746898230224,0.11531815452033374,0,provisional,,data/derived/qa/qa_190_206_review_v6/period_qa.csv,,period_qa,,diagnostic_only; no_auto_accept; no_auto_split
190,206,0,7,4,130.134484470757,0.08485352610090603,0,provisional,,data/derived/qa/qa_190_206_review_v6/period_qa.csv,,period_qa,,diagnostic_only; no_auto_accept; no_auto_split
190,206,0,7,5,129.71650825899172,0.08037535090276392,0,provisional,,data/derived/qa/qa_190_206_review_v6/period_qa.csv,,period_qa,,diagnostic_only; no_auto_accept; no_auto_split
190,206,0,7,6,129.63131482352057,0.08048980839215761,0,provisional,,data/derived/qa/qa_190_206_review_v6/period_qa.csv,,period_qa,,diagnostic_only; no_auto_accept; no_auto_split
190,206,0,7,7,128.85998921482064,0.07802293953093897,0,provisional,,data/derived/qa/qa_190_206_review_v6/period_qa.csv,,period_qa,,diagnostic_only; no_auto_accept; no_auto_split
190,206,0,7,8,131.66148481894257,0.06677514225927807,0,provisional,,data/derived/qa/qa_190_206_review_v6/period_qa.csv,,period_qa,,diagnostic_only; no_auto_accept; no_auto_split
190,206,0,7,9,128.67947410793562,0.06668821993053416,0,provisional,,data/derived/qa/qa_190_206_review_v6/period_qa.csv,,period_qa,,diagnostic_only; no_auto_accept; no_auto_split
190,206,0,7,10,133.92884298175136,0.0726010019779079,0,provisional,,data/derived/qa/qa_190_206_review_v6/period_qa.csv,,period_qa,,diagnostic_only; no_auto_accept; no_auto_split
190,206,0,7,11,136.4893207127725,0.07545991014798044,0,provisional,,data/derived/qa/qa_190_206_review_v6/period_qa.csv,,period_qa,,diagnostic_only; no_auto_accept; no_auto_split
190,206,0,7,12,132.38163447633062,0.07136727793335783,0,provisional,,data/derived/qa/qa_190_206_review_v6/period_qa.csv,,period_qa,,diagnostic_only; no_auto_accept; no_auto_split
190,206,0,7,13,134.6728135558667,0.07592043539563158,0,provisional,,data/derived/qa/qa_190_206_review_v6/period_qa.csv,,period_qa,,diagnostic_only; no_auto_accept; no_auto_split
190,206,0,7,14,137.63568036706613,0.07230995667683,0,provisional,,data/derived/qa/qa_190_206_review_v6/period_qa.csv,,period_qa,,diagnostic_only; no_auto_accept; no_auto_split
190,206,0,7,15,134.90972725972694,0.073426751854829,0,provisional,,data/derived/qa/qa_190_206_review_v6/period_qa.csv,,period_qa,,diagnostic_only; no_auto_accept; no_auto_split
190,206,0,7,16,136.4723759288774,0.07006778033768833,0,provisional,,data/derived/qa/qa_190_206_review_v6/period_qa.csv,,period_qa,,diagnostic_only; no_auto_accept; no_auto_split
190,206,0,7,17,134.96628058281144,0.07209461916874091,0,provisional,,data/derived/qa/qa_190_206_review_v6/period_qa.csv,,period_qa,,diagnostic_only; no_auto_accept; no_auto_split
190,206,0,7,18,135.2162180369859,0.07466823767631436,0,provisional,large_chi2_ndf,data/derived/qa/qa_190_206_review_v6/period_qa.csv,,period_qa,,diagnostic_only; no_auto_accept; no_auto_split
190,206,0,7,19,135.05901283261943,0.06829674014062254,0,provisional,,data/derived/qa/qa_190_206_review_v6/period_qa.csv,,period_qa,,diagnostic_only; no_auto_accept; no_auto_split
190,206,0,7,20,136.03065674567827,0.07437812258107218,0,provisional,,data/derived/qa/qa_190_206_review_v6/period_qa.csv,,period_qa,,diagnostic_only; no_auto_accept; no_auto_split
190,206,0,7,21,135.37719162062317,0.07909015081709374,0,provisional,,data/derived/qa/qa_190_206_review_v6/period_qa.csv,,period_qa,,diagnostic_only; no_auto_accept; no_auto_split
190,206,0,7,22,137.14118158375962,0.07262050752397219,0,provisional,,data/derived/qa/qa_190_206_review_v6/period_qa.csv,,period_qa,,diagnostic_only; no_auto_accept; no_auto_split
190,206,0,7,23,134.9465109672728,0.07810406822919898,0,provisional,,data/derived/qa/qa_190_206_review_v6/period_qa.csv,,period_qa,,diagnostic_only; no_auto_accept; no_auto_split
190,206,0,7,24,133.28005618889713,0.07189834367570291,0,provisional,,data/derived/qa/qa_190_206_review_v6/period_qa.csv,,period_qa,,diagnostic_only; no_auto_accept; no_auto_split
190,206,0,7,25,129.9482058854448,0.0739077097001349,0,provisional,,data/derived/qa/qa_190_206_review_v6/period_qa.csv,,period_qa,,diagnostic_only; no_auto_accept; no_auto_split
190,206,0,7,26,135.4095188237755,0.07130349512391393,0,provisional,,data/derived/qa/qa_190_206_review_v6/period_qa.csv,,period_qa,,diagnostic_only; no_auto_accept; no_auto_split
190,206,0,7,27,133.6196685700698,0.07803856474893556,0,provisional,,data/derived/qa/qa_190_206_review_v6/period_qa.csv,,period_qa,,diagnostic_only; no_auto_accept; no_auto_split
190,206,0,7,28,135.81666173795753,0.07681413237150672,0,provisional,,data/derived/qa/qa_190_206_review_v6/period_qa.csv,,period_qa,,diagnostic_only; no_auto_accept; no_auto_split
190,206,0,7,29,134.6706645145692,0.08493639715908254,0,provisional,,data/derived/qa/qa_190_206_review_v6/period_qa.csv,,period_qa,,diagnostic_only; no_auto_accept; no_auto_split
190,206,0,7,30,136.04867714736307,0.08284017058203647,0,provisional,,data/derived/qa/qa_190_206_review_v6/period_qa.csv,,period_qa,,diagnostic_only; no_auto_accept; no_auto_split
190,206,0,7,31,129.0154735767181,0.09164276317085966,0,provisional,,data/derived/qa/qa_190_206_review_v6/period_qa.csv,,period_qa,,diagnostic_only; no_auto_accept; no_auto_split
190,206,0,8,1,133.62251677240897,0.09820002046646964,0,provisional,,data/derived/qa/qa_190_206_review_v6/period_qa.csv,,period_qa,,diagnostic_only; no_auto_accept; no_auto_split
190,206,0,8,2,128.06251204622592,0.12010926966924049,0,provisional,,data/derived/qa/qa_190_206_review_v6/period_qa.csv,,period_qa,,diagnostic_only; no_auto_accept; no_auto_split
190,206,0,8,3,133.0795675229672,0.09244214850572431,0,provisional,,data/derived/qa/qa_190_206_review_v6/period_qa.csv,,period_qa,,diagnostic_only; no_auto_accept; no_auto_split
190,206,0,8,4,129.92874695373465,0.08114961843618106,0,provisional,large_chi2_ndf,data/derived/qa/qa_190_206_review_v6/period_qa.csv,,period_qa,,diagnostic_only; no_auto_accept; no_auto_split
190,206,0,8,5,129.9841581529319,0.0796448102339669,0,provisional,,data/derived/qa/qa_190_206_review_v6/period_qa.csv,,period_qa,,diagnostic_only; no_auto_accept; no_auto_split
190,206,0,8,6,130.1349157342265,0.07278402826795748,0,provisional,,data/derived/qa/qa_190_206_review_v6/period_qa.csv,,period_qa,,diagnostic_only; no_auto_accept; no_auto_split
190,206,0,8,7,132.60730729066114,0.07206358609241206,0,provisional,,data/derived/qa/qa_190_206_review_v6/period_qa.csv,,period_qa,,diagnostic_only; no_auto_accept; no_auto_split
190,206,0,8,8,131.02926076917169,0.06318597991314451,0,provisional,,data/derived/qa/qa_190_206_review_v6/period_qa.csv,,period_qa,,diagnostic_only; no_auto_accept; no_auto_split
190,206,0,8,9,131.09921591979924,0.06356927686250245,0,provisional,,data/derived/qa/qa_190_206_review_v6/period_qa.csv,,period_qa,,diagnostic_only; no_auto_accept; no_auto_split
190,206,0,8,10,140.39964209817333,0.07162935609861873,0,provisional,,data/derived/qa/qa_190_206_review_v6/period_qa.csv,,period_qa,,diagnostic_only; no_auto_accept; no_auto_split
190,206,0,8,11,138.26479608056695,0.07122686713994708,0,provisional,,data/derived/qa/qa_190_206_review_v6/period_qa.csv,,period_qa,,diagnostic_only; no_auto_accept; no_auto_split
190,206,0,8,12,140.24870339010855,0.07386447747923854,0,provisional,,data/derived/qa/qa_190_206_review_v6/period_qa.csv,,period_qa,,diagnostic_only; no_auto_accept; no_auto_split
190,206,0,8,13,137.65759988701274,0.07268962488943057,0,provisional,,data/derived/qa/qa_190_206_review_v6/period_qa.csv,,period_qa,,diagnostic_only; no_auto_accept; no_auto_split
190,206,0,8,14,139.726029903814,0.07442143401030747,0,provisional,,data/derived/qa/qa_190_206_review_v6/period_qa.csv,,period_qa,,diagnostic_only; no_auto_accept; no_auto_split
190,206,0,8,15,139.2374384162526,0.0745218418349721,0,provisional,,data/derived/qa/qa_190_206_review_v6/period_qa.csv,,period_qa,,diagnostic_only; no_auto_accept; no_auto_split
190,206,0,8,16,140.1598640301997,0.07481065758633809,0,provisional,,data/derived/qa/qa_190_206_review_v6/period_qa.csv,,period_qa,,diagnostic_only; no_auto_accept; no_auto_split
190,206,0,8,17,137.18823212726525,0.07268320504999674,0,provisional,,data/derived/qa/qa_190_206_review_v6/period_qa.csv,,period_qa,,diagnostic_only; no_auto_accept; no_auto_split
190,206,0,8,18,138.02417849431495,0.07666508300779537,0,provisional,,data/derived/qa/qa_190_206_review_v6/period_qa.csv,,period_qa,,diagnostic_only; no_auto_accept; no_auto_split
190,206,0,8,19,135.41037801075905,0.07466649225661329,0,provisional,,data/derived/qa/qa_190_206_review_v6/period_qa.csv,,period_qa,,diagnostic_only; no_auto_accept; no_auto_split
190,206,0,8,20,138.4766725389959,0.07452146260078722,0,provisional,,data/derived/qa/qa_190_206_review_v6/period_qa.csv,,period_qa,,diagnostic_only; no_auto_accept; no_auto_split
190,206,0,8,21,136.5907363021555,0.0760897395188779,0,provisional,,data/derived/qa/qa_190_206_review_v6/period_qa.csv,,period_qa,,diagnostic_only; no_auto_accept; no_auto_split
190,206,0,8,22,139.817855776148,0.07795110112454502,0,provisional,,data/derived/qa/qa_190_206_review_v6/period_qa.csv,,period_qa,,diagnostic_only; no_auto_accept; no_auto_split
190,206,0,8,23,136.5133611045279,0.07442863862770371,0,provisional,,data/derived/qa/qa_190_206_review_v6/period_qa.csv,,period_qa,,diagnostic_only; no_auto_accept; no_auto_split
190,206,0,8,24,134.9830092942134,0.07288042875663268,0,provisional,,data/derived/qa/qa_190_206_review_v6/period_qa.csv,,period_qa,,diagnostic_only; no_auto_accept; no_auto_split
190,206,0,8,25,132.708480960833,0.07351175960063279,0,provisional,,data/derived/qa/qa_190_206_review_v6/period_qa.csv,,period_qa,,diagnostic_only; no_auto_accept; no_auto_split
190,206,0,8,26,134.06285294378307,0.0733386750111094,0,provisional,,data/derived/qa/qa_190_206_review_v6/period_qa.csv,,period_qa,,diagnostic_only; no_auto_accept; no_auto_split
190,206,0,8,27,133.23180587628227,0.0732962509568427,0,provisional,,data/derived/qa/qa_190_206_review_v6/period_qa.csv,,period_qa,,diagnostic_only; no_auto_accept; no_auto_split
190,206,0,8,28,131.81759024709066,0.07819192916637062,0,provisional,,data/derived/qa/qa_190_206_review_v6/period_qa.csv,,period_qa,,diagnostic_only; no_auto_accept; no_auto_split
190,206,0,8,29,133.73773100110262,0.07582929720765891,0,provisional,,data/derived/qa/qa_190_206_review_v6/period_qa.csv,,period_qa,,diagnostic_only; no_auto_accept; no_auto_split
190,206,0,8,30,134.16356183950168,0.08099712451895096,0,provisional,,data/derived/qa/qa_190_206_review_v6/period_qa.csv,,period_qa,,diagnostic_only; no_auto_accept; no_auto_split
190,206,0,8,31,130.20109086488702,0.0810977296970798,0,provisional,,data/derived/qa/qa_190_206_review_v6/period_qa.csv,,period_qa,,diagnostic_only; no_auto_accept; no_auto_split
190,206,0,9,1,133.7109767000841,0.10245620374368243,0,provisional,,data/derived/qa/qa_190_206_review_v6/period_qa.csv,,period_qa,,diagnostic_only; no_auto_accept; no_auto_split
190,206,0,9,2,130.38054363174174,0.1036196624749834,0,provisional,large_chi2_ndf,data/derived/qa/qa_190_206_review_v6/period_qa.csv,,period_qa,,diagnostic_only; no_auto_accept; no_auto_split
190,206,0,9,3,130.4744530336608,0.08946551555876178,0,provisional,,data/derived/qa/qa_190_206_review_v6/period_qa.csv,,period_qa,,diagnostic_only; no_auto_accept; no_auto_split
190,206,0,9,4,129.70223934173922,0.07952390522789547,0,provisional,,data/derived/qa/qa_190_206_review_v6/period_qa.csv,,period_qa,,diagnostic_only; no_auto_accept; no_auto_split
190,206,0,9,5,130.54500590506925,0.0841210009849005,0,provisional,,data/derived/qa/qa_190_206_review_v6/period_qa.csv,,period_qa,,diagnostic_only; no_auto_accept; no_auto_split
190,206,0,9,6,128.16396947876564,0.08119883382876898,0,provisional,,data/derived/qa/qa_190_206_review_v6/period_qa.csv,,period_qa,,diagnostic_only; no_auto_accept; no_auto_split
190,206,0,9,7,131.27261766864308,0.07196906665159056,0,provisional,,data/derived/qa/qa_190_206_review_v6/period_qa.csv,,period_qa,,diagnostic_only; no_auto_accept; no_auto_split
190,206,0,9,8,127.48958330343028,0.07024259571175792,0,provisional,,data/derived/qa/qa_190_206_review_v6/period_qa.csv,,period_qa,,diagnostic_only; no_auto_accept; no_auto_split
190,206,0,9,9,130.9662760181532,0.06611753833644374,0,provisional,,data/derived/qa/qa_190_206_review_v6/period_qa.csv,,period_qa,,diagnostic_only; no_auto_accept; no_auto_split
190,206,0,9,10,134.294563555889,0.07882837103946976,0,provisional,,data/derived/qa/qa_190_206_review_v6/period_qa.csv,,period_qa,,diagnostic_only; no_auto_accept; no_auto_split
190,206,0,9,11,134.4665817618622,0.07810440076769692,0,provisional,,data/derived/qa/qa_190_206_review_v6/period_qa.csv,,period_qa,,diagnostic_only; no_auto_accept; no_auto_split
190,206,0,9,12,134.7642969466044,0.07883554834704037,0,provisional,,data/derived/qa/qa_190_206_review_v6/period_qa.csv,,period_qa,,diagnostic_only; no_auto_accept; no_auto_split
190,206,0,9,13,133.33298333986184,0.07936235759542364,0,provisional,,data/derived/qa/qa_190_206_review_v6/period_qa.csv,,period_qa,,diagnostic_only; no_auto_accept; no_auto_split
190,206,0,9,14,139.01895540832868,0.07557532680372425,0,provisional,,data/derived/qa/qa_190_206_review_v6/period_qa.csv,,period_qa,,diagnostic_only; no_auto_accept; no_auto_split
190,206,0,9,15,134.8479849904541,0.07556868204418789,0,provisional,,data/derived/qa/qa_190_206_review_v6/period_qa.csv,,period_qa,,diagnostic_only; no_auto_accept; no_auto_split
190,206,0,9,16,137.18631985401467,0.07049067071520267,0,provisional,,data/derived/qa/qa_190_206_review_v6/period_qa.csv,,period_qa,,diagnostic_only; no_auto_accept; no_auto_split
190,206,0,9,17,136.57923079096622,0.07400478784964076,0,provisional,,data/derived/qa/qa_190_206_review_v6/period_qa.csv,,period_qa,,diagnostic_only; no_auto_accept; no_auto_split
190,206,0,9,18,138.04158332716332,0.0728763470740981,0,provisional,,data/derived/qa/qa_190_206_review_v6/period_qa.csv,,period_qa,,diagnostic_only; no_auto_accept; no_auto_split
190,206,0,9,19,134.46631599271313,0.07550775465750689,0,provisional,,data/derived/qa/qa_190_206_review_v6/period_qa.csv,,period_qa,,diagnostic_only; no_auto_accept; no_auto_split
190,206,0,9,20,137.14574087228317,0.07520330474827717,0,provisional,,data/derived/qa/qa_190_206_review_v6/period_qa.csv,,period_qa,,diagnostic_only; no_auto_accept; no_auto_split
190,206,0,9,21,139.3965304700175,0.07242929410852036,0,provisional,,data/derived/qa/qa_190_206_review_v6/period_qa.csv,,period_qa,,diagnostic_only; no_auto_accept; no_auto_split
190,206,0,9,22,139.8793689291487,0.07687544972805417,0,provisional,,data/derived/qa/qa_190_206_review_v6/period_qa.csv,,period_qa,,diagnostic_only; no_auto_accept; no_auto_split
190,206,0,9,23,136.5507155895279,0.07904623964132541,0,provisional,,data/derived/qa/qa_190_206_review_v6/period_qa.csv,,period_qa,,diagnostic_only; no_auto_accept; no_auto_split
190,206,0,9,24,133.19860370998006,0.06802647977869067,0,provisional,large_chi2_ndf,data/derived/qa/qa_190_206_review_v6/period_qa.csv,,period_qa,,diagnostic_only; no_auto_accept; no_auto_split
190,206,0,9,25,131.60450816419848,0.07573449135085067,0,provisional,,data/derived/qa/qa_190_206_review_v6/period_qa.csv,,period_qa,,diagnostic_only; no_auto_accept; no_auto_split
190,206,0,9,26,134.95327306891323,0.07316115327308283,0,provisional,,data/derived/qa/qa_190_206_review_v6/period_qa.csv,,period_qa,,diagnostic_only; no_auto_accept; no_auto_split
190,206,0,9,27,134.18041713815035,0.07576150204201065,0,provisional,,data/derived/qa/qa_190_206_review_v6/period_qa.csv,,period_qa,,diagnostic_only; no_auto_accept; no_auto_split
190,206,0,9,28,132.76084572852577,0.07783497866222168,0,provisional,,data/derived/qa/qa_190_206_review_v6/period_qa.csv,,period_qa,,diagnostic_only; no_auto_accept; no_auto_split
190,206,0,9,29,133.51566614636948,0.07495402150787098,0,provisional,,data/derived/qa/qa_190_206_review_v6/period_qa.csv,,period_qa,,diagnostic_only; no_auto_accept; no_auto_split
190,206,0,9,30,138.2485958395791,0.0782207382205814,0,provisional,,data/derived/qa/qa_190_206_review_v6/period_qa.csv,,period_qa,,diagnostic_only; no_auto_accept; no_auto_split
190,206,0,9,31,133.0011512096064,0.07833126112062024,0,provisional,large_chi2_ndf,data/derived/qa/qa_190_206_review_v6/period_qa.csv,,period_qa,,diagnostic_only; no_auto_accept; no_auto_split
190,206,0,10,1,131.37886806194467,0.10245611631714958,0,provisional,,data/derived/qa/qa_190_206_review_v6/period_qa.csv,,period_qa,,diagnostic_only; no_auto_accept; no_auto_split
190,206,0,10,2,131.12839948263502,0.08219349338129847,0,provisional,,data/derived/qa/qa_190_206_review_v6/period_qa.csv,,period_qa,,diagnostic_only; no_auto_accept; no_auto_split
190,206,0,10,3,128.66461876765433,0.12311656857462866,0,provisional,,data/derived/qa/qa_190_206_review_v6/period_qa.csv,,period_qa,,diagnostic_only; no_auto_accept; no_auto_split
190,206,0,10,4,129.51599513768258,0.07466331414476547,0,provisional,,data/derived/qa/qa_190_206_review_v6/period_qa.csv,,period_qa,,diagnostic_only; no_auto_accept; no_auto_split
190,206,0,10,5,128.86887571507498,0.06959044853381079,0,provisional,,data/derived/qa/qa_190_206_review_v6/period_qa.csv,,period_qa,,diagnostic_only; no_auto_accept; no_auto_split
190,206,0,10,6,129.72144101593733,0.06843184890875238,0,provisional,,data/derived/qa/qa_190_206_review_v6/period_qa.csv,,period_qa,,diagnostic_only; no_auto_accept; no_auto_split
190,206,0,10,7,130.0670254226849,0.0683250093782462,0,provisional,large_chi2_ndf,data/derived/qa/qa_190_206_review_v6/period_qa.csv,,period_qa,,diagnostic_only; no_auto_accept; no_auto_split
190,206,0,10,8,133.0776565593139,0.06353582144704172,0,provisional,,data/derived/qa/qa_190_206_review_v6/period_qa.csv,,period_qa,,diagnostic_only; no_auto_accept; no_auto_split
190,206,0,10,9,134.20600195598368,0.06047703416061209,0,provisional,,data/derived/qa/qa_190_206_review_v6/period_qa.csv,,period_qa,,diagnostic_only; no_auto_accept; no_auto_split
190,206,0,10,10,139.20955786649262,0.0721577228961233,0,provisional,,data/derived/qa/qa_190_206_review_v6/period_qa.csv,,period_qa,,diagnostic_only; no_auto_accept; no_auto_split
190,206,0,10,11,139.9245528227072,0.07562546398659852,0,provisional,,data/derived/qa/qa_190_206_review_v6/period_qa.csv,,period_qa,,diagnostic_only; no_auto_accept; no_auto_split
190,206,0,10,12,138.66186430843325,0.07303062211005397,0,provisional,,data/derived/qa/qa_190_206_review_v6/period_qa.csv,,period_qa,,diagnostic_only; no_auto_accept; no_auto_split
190,206,0,10,13,139.04641228930058,0.0835247943883864,0,provisional,,data/derived/qa/qa_190_206_review_v6/period_qa.csv,,period_qa,,diagnostic_only; no_auto_accept; no_auto_split
190,206,0,10,14,138.42571336757283,0.07121892749985174,0,provisional,,data/derived/qa/qa_190_206_review_v6/period_qa.csv,,period_qa,,diagnostic_only; no_auto_accept; no_auto_split
190,206,0,10,15,137.0494945832852,0.07485253696523858,0,provisional,,data/derived/qa/qa_190_206_review_v6/period_qa.csv,,period_qa,,diagnostic_only; no_auto_accept; no_auto_split
190,206,0,10,16,141.6625248302221,0.07220458314408369,0,provisional,,data/derived/qa/qa_190_206_review_v6/period_qa.csv,,period_qa,,diagnostic_only; no_auto_accept; no_auto_split
190,206,0,10,17,140.70704762964925,0.07437322432867294,0,provisional,,data/derived/qa/qa_190_206_review_v6/period_qa.csv,,period_qa,,diagnostic_only; no_auto_accept; no_auto_split
190,206,0,10,18,139.89469059936573,0.07657160969436695,0,provisional,,data/derived/qa/qa_190_206_review_v6/period_qa.csv,,period_qa,,diagnostic_only; no_auto_accept; no_auto_split
190,206,0,10,19,138.88743562469355,0.07617713874667643,0,provisional,,data/derived/qa/qa_190_206_review_v6/period_qa.csv,,period_qa,,diagnostic_only; no_auto_accept; no_auto_split
190,206,0,10,20,139.1656995433466,0.07158484428264186,0,provisional,,data/derived/qa/qa_190_206_review_v6/period_qa.csv,,period_qa,,diagnostic_only; no_auto_accept; no_auto_split
190,206,0,10,21,141.24492017377824,0.07923818254505412,0,provisional,,data/derived/qa/qa_190_206_review_v6/period_qa.csv,,period_qa,,diagnostic_only; no_auto_accept; no_auto_split
190,206,0,10,22,139.91092074410918,0.07441363077533736,0,provisional,,data/derived/qa/qa_190_206_review_v6/period_qa.csv,,period_qa,,diagnostic_only; no_auto_accept; no_auto_split
190,206,0,10,23,141.4144275225733,0.08240603683884547,0,provisional,,data/derived/qa/qa_190_206_review_v6/period_qa.csv,,period_qa,,diagnostic_only; no_auto_accept; no_auto_split
190,206,0,10,24,134.20846785504608,0.07744116879722218,0,provisional,large_chi2_ndf,data/derived/qa/qa_190_206_review_v6/period_qa.csv,,period_qa,,diagnostic_only; no_auto_accept; no_auto_split
190,206,0,10,25,135.39516896889313,0.07497191740457824,0,provisional,,data/derived/qa/qa_190_206_review_v6/period_qa.csv,,period_qa,,diagnostic_only; no_auto_accept; no_auto_split
190,206,0,10,26,135.6860988489618,0.07810806002573226,0,provisional,large_chi2_ndf,data/derived/qa/qa_190_206_review_v6/period_qa.csv,,period_qa,,diagnostic_only; no_auto_accept; no_auto_split
190,206,0,10,27,138.67998470427221,0.07551681355138086,0,provisional,,data/derived/qa/qa_190_206_review_v6/period_qa.csv,,period_qa,,diagnostic_only; no_auto_accept; no_auto_split
190,206,0,10,28,129.3736851344603,0.09109051242765821,0,provisional,large_chi2_ndf,data/derived/qa/qa_190_206_review_v6/period_qa.csv,,period_qa,,diagnostic_only; no_auto_accept; no_auto_split
190,206,0,10,29,137.71989944447216,0.08015606813245096,0,provisional,large_chi2_ndf,data/derived/qa/qa_190_206_review_v6/period_qa.csv,,period_qa,,diagnostic_only; no_auto_accept; no_auto_split
190,206,0,10,30,137.37123556343718,0.08461337145428359,0,provisional,large_chi2_ndf,data/derived/qa/qa_190_206_review_v6/period_qa.csv,,period_qa,,diagnostic_only; no_auto_accept; no_auto_split
190,206,0,10,31,133.441575516285,0.08461910434025839,0,provisional,large_chi2_ndf,data/derived/qa/qa_190_206_review_v6/period_qa.csv,,period_qa,,diagnostic_only; no_auto_accept; no_auto_split
190,206,0,11,1,130.3397167665075,0.1217980550842,0,provisional,,data/derived/qa/qa_190_206_review_v6/period_qa.csv,,period_qa,,diagnostic_only; no_auto_accept; no_auto_split
190,206,0,11,2,127.31091024291096,0.1143013355021081,0,provisional,,data/derived/qa/qa_190_206_review_v6/period_qa.csv,,period_qa,,diagnostic_only; no_auto_accept; no_auto_split
190,206,0,11,3,133.10230887883466,0.12524521265987226,0,provisional,,data/derived/qa/qa_190_206_review_v6/period_qa.csv,,period_qa,,diagnostic_only; no_auto_accept; no_auto_split
190,206,0,11,4,131.61644416695543,0.07430363288692718,0,provisional,,data/derived/qa/qa_190_206_review_v6/period_qa.csv,,period_qa,,diagnostic_only; no_auto_accept; no_auto_split
190,206,0,11,5,131.90530689465558,0.07371218383655305,0,provisional,,data/derived/qa/qa_190_206_review_v6/period_qa.csv,,period_qa,,diagnostic_only; no_auto_accept; no_auto_split
190,206,0,11,6,133.76510219454306,0.08589895668116665,0,provisional,,data/derived/qa/qa_190_206_review_v6/period_qa.csv,,period_qa,,diagnostic_only; no_auto_accept; no_auto_split
190,206,0,11,7,130.69136863081363,0.07490348218138294,0,provisional,large_chi2_ndf,data/derived/qa/qa_190_206_review_v6/period_qa.csv,,period_qa,,diagnostic_only; no_auto_accept; no_auto_split
190,206,0,11,8,127.95105485407993,0.0637094208258169,0,provisional,,data/derived/qa/qa_190_206_review_v6/period_qa.csv,,period_qa,,diagnostic_only; no_auto_accept; no_auto_split
190,206,0,11,9,130.80803297252322,0.07239188598866397,0,provisional,,data/derived/qa/qa_190_206_review_v6/period_qa.csv,,period_qa,,diagnostic_only; no_auto_accept; no_auto_split
190,206,0,11,10,134.07103725250147,0.07288289522943685,0,provisional,large_chi2_ndf,data/derived/qa/qa_190_206_review_v6/period_qa.csv,,period_qa,,diagnostic_only; no_auto_accept; no_auto_split
190,206,0,11,11,134.77212364914007,0.07913698026253105,0,provisional,large_chi2_ndf,data/derived/qa/qa_190_206_review_v6/period_qa.csv,,period_qa,,diagnostic_only; no_auto_accept; no_auto_split
190,206,0,11,12,137.66809130408558,0.07918111298625634,0,provisional,,data/derived/qa/qa_190_206_review_v6/period_qa.csv,,period_qa,,diagnostic_only; no_auto_accept; no_auto_split
190,206,0,11,13,134.80363745491653,0.07559109431807934,0,provisional,,data/derived/qa/qa_190_206_review_v6/period_qa.csv,,period_qa,,diagnostic_only; no_auto_accept; no_auto_split
190,206,0,11,14,131.99082931767182,0.0702790100612704,0,provisional,large_chi2_ndf,data/derived/qa/qa_190_206_review_v6/period_qa.csv,,period_qa,,diagnostic_only; no_auto_accept; no_auto_split
190,206,0,11,15,133.66384358725904,0.07680618229356809,0,provisional,large_chi2_ndf,data/derived/qa/qa_190_206_review_v6/period_qa.csv,,period_qa,,diagnostic_only; no_auto_accept; no_auto_split
190,206,0,11,16,136.86135425080911,0.07216630458671394,0,provisional,,data/derived/qa/qa_190_206_review_v6/period_qa.csv,,period_qa,,diagnostic_only; no_auto_accept; no_auto_split
190,206,0,11,17,131.77738118879256,0.07290462114193909,0,provisional,,data/derived/qa/qa_190_206_review_v6/period_qa.csv,,period_qa,,diagnostic_only; no_auto_accept; no_auto_split
190,206,0,11,18,132.19806283560519,0.0722736946947725,0,provisional,,data/derived/qa/qa_190_206_review_v6/period_qa.csv,,period_qa,,diagnostic_only; no_auto_accept; no_auto_split
190,206,0,11,19,130.54176508534357,0.07305823720559465,0,provisional,,data/derived/qa/qa_190_206_review_v6/period_qa.csv,,period_qa,,diagnostic_only; no_auto_accept; no_auto_split
190,206,0,11,20,135.19371531629562,0.07953286406342921,0,provisional,,data/derived/qa/qa_190_206_review_v6/period_qa.csv,,period_qa,,diagnostic_only; no_auto_accept; no_auto_split
190,206,0,11,21,132.4589650989102,0.073620863397761,0,provisional,,data/derived/qa/qa_190_206_review_v6/period_qa.csv,,period_qa,,diagnostic_only; no_auto_accept; no_auto_split
190,206,0,11,22,133.3658118124521,0.07411144365670554,0,provisional,,data/derived/qa/qa_190_206_review_v6/period_qa.csv,,period_qa,,diagnostic_only; no_auto_accept; no_auto_split
190,206,0,11,23,130.9996913552181,0.07838590364887951,0,provisional,,data/derived/qa/qa_190_206_review_v6/period_qa.csv,,period_qa,,diagnostic_only; no_auto_accept; no_auto_split
190,206,0,11,24,135.90226848202573,0.07816607343057405,0,provisional,,data/derived/qa/qa_190_206_review_v6/period_qa.csv,,period_qa,,diagnostic_only; no_auto_accept; no_auto_split
190,206,0,11,25,133.22379486844048,0.07873635037062926,0,provisional,,data/derived/qa/qa_190_206_review_v6/period_qa.csv,,period_qa,,diagnostic_only; no_auto_accept; no_auto_split
190,206,0,11,26,137.00318496359017,0.08090562863590053,0,provisional,,data/derived/qa/qa_190_206_review_v6/period_qa.csv,,period_qa,,diagnostic_only; no_auto_accept; no_auto_split
190,206,0,11,27,133.2601105114888,0.07782740735193443,0,provisional,,data/derived/qa/qa_190_206_review_v6/period_qa.csv,,period_qa,,diagnostic_only; no_auto_accept; no_auto_split
190,206,0,11,28,135.00617092074856,0.08145287807141056,0,provisional,,data/derived/qa/qa_190_206_review_v6/period_qa.csv,,period_qa,,diagnostic_only; no_auto_accept; no_auto_split
190,206,0,11,29,131.7310379952294,0.08140698967524262,0,provisional,,data/derived/qa/qa_190_206_review_v6/period_qa.csv,,period_qa,,diagnostic_only; no_auto_accept; no_auto_split
190,206,0,11,30,135.21075059616317,0.08579830738048647,0,provisional,,data/derived/qa/qa_190_206_review_v6/period_qa.csv,,period_qa,,diagnostic_only; no_auto_accept; no_auto_split
190,206,0,11,31,132.32042614920343,0.08373150110637777,0,provisional,,data/derived/qa/qa_190_206_review_v6/period_qa.csv,,period_qa,,diagnostic_only; no_auto_accept; no_auto_split
190,206,0,12,1,136.353951343441,0.09181807734524951,0,provisional,,data/derived/qa/qa_190_206_review_v6/period_qa.csv,,period_qa,,diagnostic_only; no_auto_accept; no_auto_split
190,206,0,12,2,127.58760814490914,0.10930033556877566,0,provisional,,data/derived/qa/qa_190_206_review_v6/period_qa.csv,,period_qa,,diagnostic_only; no_auto_accept; no_auto_split
190,206,0,12,3,126.76768803470296,0.11103285202375945,0,provisional,,data/derived/qa/qa_190_206_review_v6/period_qa.csv,,period_qa,,diagnostic_only; no_auto_accept; no_auto_split
190,206,0,12,4,131.45653322309968,0.06922805005998578,0,provisional,,data/derived/qa/qa_190_206_review_v6/period_qa.csv,,period_qa,,diagnostic_only; no_auto_accept; no_auto_split
190,206,0,12,5,133.1655455654047,0.06889110362942699,0,provisional,,data/derived/qa/qa_190_206_review_v6/period_qa.csv,,period_qa,,diagnostic_only; no_auto_accept; no_auto_split
190,206,0,12,6,131.7237281032897,0.06612396601292767,0,provisional,,data/derived/qa/qa_190_206_review_v6/period_qa.csv,,period_qa,,diagnostic_only; no_auto_accept; no_auto_split
190,206,0,12,7,129.86181659356552,0.06839811384769613,0,provisional,,data/derived/qa/qa_190_206_review_v6/period_qa.csv,,period_qa,,diagnostic_only; no_auto_accept; no_auto_split
190,206,0,12,8,133.56214579877297,0.06410168850841566,0,provisional,,data/derived/qa/qa_190_206_review_v6/period_qa.csv,,period_qa,,diagnostic_only; no_auto_accept; no_auto_split
190,206,0,12,9,133.92964475024291,0.06108053601299928,0,provisional,,data/derived/qa/qa_190_206_review_v6/period_qa.csv,,period_qa,,diagnostic_only; no_auto_accept; no_auto_split
190,206,0,12,10,135.28416198064699,0.06907873591152644,0,provisional,large_chi2_ndf,data/derived/qa/qa_190_206_review_v6/period_qa.csv,,period_qa,,diagnostic_only; no_auto_accept; no_auto_split
190,206,0,12,11,136.26214971537308,0.06542427864789949,0,provisional,,data/derived/qa/qa_190_206_review_v6/period_qa.csv,,period_qa,,diagnostic_only; no_auto_accept; no_auto_split
190,206,0,12,12,135.38797638887414,0.06981452135018323,0,provisional,,data/derived/qa/qa_190_206_review_v6/period_qa.csv,,period_qa,,diagnostic_only; no_auto_accept; no_auto_split
190,206,0,12,13,135.31339745960818,0.06708193711936465,0,provisional,,data/derived/qa/qa_190_206_review_v6/period_qa.csv,,period_qa,,diagnostic_only; no_auto_accept; no_auto_split
190,206,0,12,14,133.62268287260378,0.06775082438589208,0,provisional,,data/derived/qa/qa_190_206_review_v6/period_qa.csv,,period_qa,,diagnostic_only; no_auto_accept; no_auto_split
190,206,0,12,15,136.56917647628418,0.06853578086622632,0,provisional,large_chi2_ndf,data/derived/qa/qa_190_206_review_v6/period_qa.csv,,period_qa,,diagnostic_only; no_auto_accept; no_auto_split
190,206,0,12,16,139.4256625868205,0.0687783642408106,0,provisional,,data/derived/qa/qa_190_206_review_v6/period_qa.csv,,period_qa,,diagnostic_only; no_auto_accept; no_auto_split
190,206,0,12,17,135.7509456134024,0.06438213561279395,0,provisional,,data/derived/qa/qa_190_206_review_v6/period_qa.csv,,period_qa,,diagnostic_only; no_auto_accept; no_auto_split
190,206,0,12,18,136.2367530072973,0.07245293322888663,0,provisional,,data/derived/qa/qa_190_206_review_v6/period_qa.csv,,period_qa,,diagnostic_only; no_auto_accept; no_auto_split
190,206,0,12,19,136.55896252829933,0.06903275223151326,0,provisional,,data/derived/qa/qa_190_206_review_v6/period_qa.csv,,period_qa,,diagnostic_only; no_auto_accept; no_auto_split
190,206,0,12,20,135.42553887701513,0.06795955486353782,0,provisional,large_chi2_ndf,data/derived/qa/qa_190_206_review_v6/period_qa.csv,,period_qa,,diagnostic_only; no_auto_accept; no_auto_split
190,206,0,12,21,136.79136975561238,0.06577009679449705,0,provisional,,data/derived/qa/qa_190_206_review_v6/period_qa.csv,,period_qa,,diagnostic_only; no_auto_accept; no_auto_split
190,206,0,12,22,132.64376462879935,0.06533176115882093,0,provisional,,data/derived/qa/qa_190_206_review_v6/period_qa.csv,,period_qa,,diagnostic_only; no_auto_accept; no_auto_split
190,206,0,12,23,136.24451426887885,0.06637701315826039,0,provisional,,data/derived/qa/qa_190_206_review_v6/period_qa.csv,,period_qa,,diagnostic_only; no_auto_accept; no_auto_split
190,206,0,12,24,138.29299752863307,0.07039151306826308,0,provisional,large_chi2_ndf,data/derived/qa/qa_190_206_review_v6/period_qa.csv,,period_qa,,diagnostic_only; no_auto_accept; no_auto_split
190,206,0,12,25,134.25076073891708,0.07378100265799481,0,provisional,large_chi2_ndf,data/derived/qa/qa_190_206_review_v6/period_qa.csv,,period_qa,,diagnostic_only; no_auto_accept; no_auto_split
190,206,0,12,26,137.12097284178313,0.07478620761203768,0,provisional,large_chi2_ndf,data/derived/qa/qa_190_206_review_v6/period_qa.csv,,period_qa,,diagnostic_only; no_auto_accept; no_auto_split
190,206,0,12,27,134.79710982748816,0.07446147338619888,0,provisional,large_chi2_ndf,data/derived/qa/qa_190_206_review_v6/period_qa.csv,,period_qa,,diagnostic_only; no_auto_accept; no_auto_split
190,206,0,12,28,136.0456578012102,0.07820563190869843,0,provisional,,data/derived/qa/qa_190_206_review_v6/period_qa.csv,,period_qa,,diagnostic_only; no_auto_accept; no_auto_split
190,206,0,12,29,136.33219363865317,0.07847097953169221,0,provisional,large_chi2_ndf,data/derived/qa/qa_190_206_review_v6/period_qa.csv,,period_qa,,diagnostic_only; no_auto_accept; no_auto_split
190,206,0,12,30,136.25236297398428,0.08030251018094828,0,provisional,,data/derived/qa/qa_190_206_review_v6/period_qa.csv,,period_qa,,diagnostic_only; no_auto_accept; no_auto_split
190,206,0,12,31,136.2911933283828,0.08608942561503469,0,provisional,,data/derived/qa/qa_190_206_review_v6/period_qa.csv,,period_qa,,diagnostic_only; no_auto_accept; no_auto_split
190,206,1,1,1,131.26529077365524,0.09606892018908939,0,provisional,,data/derived/qa/qa_190_206_review_v6/period_qa.csv,,period_qa,,diagnostic_only; no_auto_accept; no_auto_split
190,206,1,1,2,128.85991981562512,0.12527453625265852,0,provisional,,data/derived/qa/qa_190_206_review_v6/period_qa.csv,,period_qa,,diagnostic_only; no_auto_accept; no_auto_split
190,206,1,1,3,131.1924017874787,0.10111458823016643,0,provisional,,data/derived/qa/qa_190_206_review_v6/period_qa.csv,,period_qa,,diagnostic_only; no_auto_accept; no_auto_split
190,206,1,1,4,130.037932395466,0.08703771111006364,0,provisional,,data/derived/qa/qa_190_206_review_v6/period_qa.csv,,period_qa,,diagnostic_only; no_auto_accept; no_auto_split
190,206,1,1,5,130.65311336763529,0.08003032133162902,0,provisional,,data/derived/qa/qa_190_206_review_v6/period_qa.csv,,period_qa,,diagnostic_only; no_auto_accept; no_auto_split
190,206,1,1,6,,,,known_dead_tile,insufficient_points,data/derived/qa/qa_190_206_review_v6/period_qa.csv,,none,,No usable calibration observations; excluded from period fit.
190,206,1,1,7,135.43359038592158,0.08597130518597682,0,provisional,,data/derived/qa/qa_190_206_review_v6/period_qa.csv,,period_qa,,diagnostic_only; no_auto_accept; no_auto_split
190,206,1,1,8,132.77040553340535,0.08608041944272715,0,provisional,,data/derived/qa/qa_190_206_review_v6/period_qa.csv,,period_qa,,diagnostic_only; no_auto_accept; no_auto_split
190,206,1,1,9,132.9576356168117,0.07834481675181236,0,provisional,,data/derived/qa/qa_190_206_review_v6/period_qa.csv,,period_qa,,diagnostic_only; no_auto_accept; no_auto_split
190,206,1,1,10,133.69065311796484,0.08079215753944873,0,provisional,,data/derived/qa/qa_190_206_review_v6/period_qa.csv,,period_qa,,diagnostic_only; no_auto_accept; no_auto_split
190,206,1,1,11,133.40872410524557,0.07945963312313675,0,provisional,,data/derived/qa/qa_190_206_review_v6/period_qa.csv,,period_qa,,diagnostic_only; no_auto_accept; no_auto_split
190,206,1,1,12,131.15333909871836,0.0801696581240383,0,provisional,,data/derived/qa/qa_190_206_review_v6/period_qa.csv,,period_qa,,diagnostic_only; no_auto_accept; no_auto_split
190,206,1,1,13,132.68330961379826,0.08785002966265074,0,provisional,,data/derived/qa/qa_190_206_review_v6/period_qa.csv,,period_qa,,diagnostic_only; no_auto_accept; no_auto_split
190,206,1,1,14,132.64064740073593,0.08217087132044326,0,provisional,,data/derived/qa/qa_190_206_review_v6/period_qa.csv,,period_qa,,diagnostic_only; no_auto_accept; no_auto_split
190,206,1,1,15,133.39998419786951,0.08161199612808238,0,provisional,,data/derived/qa/qa_190_206_review_v6/period_qa.csv,,period_qa,,diagnostic_only; no_auto_accept; no_auto_split
190,206,1,1,16,132.9860727754336,0.07913562714958979,0,provisional,,data/derived/qa/qa_190_206_review_v6/period_qa.csv,,period_qa,,diagnostic_only; no_auto_accept; no_auto_split
190,206,1,1,17,130.2249424286864,0.07879197696322175,0,provisional,,data/derived/qa/qa_190_206_review_v6/period_qa.csv,,period_qa,,diagnostic_only; no_auto_accept; no_auto_split
190,206,1,1,18,133.50303955624344,0.08385277871990636,0,provisional,,data/derived/qa/qa_190_206_review_v6/period_qa.csv,,period_qa,,diagnostic_only; no_auto_accept; no_auto_split
190,206,1,1,19,133.27410984240217,0.08058516608512452,0,provisional,large_chi2_ndf,data/derived/qa/qa_190_206_review_v6/period_qa.csv,,period_qa,,diagnostic_only; no_auto_accept; no_auto_split
190,206,1,1,20,133.33156277410257,0.08471775495001929,0,provisional,,data/derived/qa/qa_190_206_review_v6/period_qa.csv,,period_qa,,diagnostic_only; no_auto_accept; no_auto_split
190,206,1,1,21,129.71482128958596,0.08356710898207859,0,provisional,,data/derived/qa/qa_190_206_review_v6/period_qa.csv,,period_qa,,diagnostic_only; no_auto_accept; no_auto_split
190,206,1,1,22,134.44674538416314,0.08453111917190707,0,provisional,,data/derived/qa/qa_190_206_review_v6/period_qa.csv,,period_qa,,diagnostic_only; no_auto_accept; no_auto_split
190,206,1,1,23,133.13714457512805,0.08384811831437086,0,provisional,,data/derived/qa/qa_190_206_review_v6/period_qa.csv,,period_qa,,diagnostic_only; no_auto_accept; no_auto_split
190,206,1,1,24,138.96871832208944,0.09296880234642398,0,provisional,,data/derived/qa/qa_190_206_review_v6/period_qa.csv,,period_qa,,diagnostic_only; no_auto_accept; no_auto_split
190,206,1,1,25,134.26354231030817,0.0899740113385371,0,provisional,,data/derived/qa/qa_190_206_review_v6/period_qa.csv,,period_qa,,diagnostic_only; no_auto_accept; no_auto_split
190,206,1,1,26,134.9414260193729,0.09104367438415457,0,provisional,,data/derived/qa/qa_190_206_review_v6/period_qa.csv,,period_qa,,diagnostic_only; no_auto_accept; no_auto_split
190,206,1,1,27,136.75194066898783,0.09953057559066031,0,provisional,,data/derived/qa/qa_190_206_review_v6/period_qa.csv,,period_qa,,diagnostic_only; no_auto_accept; no_auto_split
190,206,1,1,28,137.21075839941645,0.09363928837636157,0,provisional,,data/derived/qa/qa_190_206_review_v6/period_qa.csv,,period_qa,,diagnostic_only; no_auto_accept; no_auto_split
190,206,1,1,29,135.08004959022313,0.09471733310064757,0,provisional,,data/derived/qa/qa_190_206_review_v6/period_qa.csv,,period_qa,,diagnostic_only; no_auto_accept; no_auto_split
190,206,1,1,30,135.11504327998856,0.08764275645468096,0,provisional,,data/derived/qa/qa_190_206_review_v6/period_qa.csv,,period_qa,,diagnostic_only; no_auto_accept; no_auto_split
190,206,1,1,31,134.80330531790887,0.08989927412866551,0,provisional,,data/derived/qa/qa_190_206_review_v6/period_qa.csv,,period_qa,,diagnostic_only; no_auto_accept; no_auto_split
190,206,1,2,1,132.14502128391462,0.11299378685288114,0,provisional,,data/derived/qa/qa_190_206_review_v6/period_qa.csv,,period_qa,,diagnostic_only; no_auto_accept; no_auto_split
190,206,1,2,2,129.92986725646753,0.09192747581469513,0,provisional,,data/derived/qa/qa_190_206_review_v6/period_qa.csv,,period_qa,,diagnostic_only; no_auto_accept; no_auto_split
190,206,1,2,3,131.06382829300034,0.08781907622449567,0,provisional,,data/derived/qa/qa_190_206_review_v6/period_qa.csv,,period_qa,,diagnostic_only; no_auto_accept; no_auto_split
190,206,1,2,4,132.8569631720074,0.07547776216588198,0,provisional,large_chi2_ndf,data/derived/qa/qa_190_206_review_v6/period_qa.csv,,period_qa,,diagnostic_only; no_auto_accept; no_auto_split
190,206,1,2,5,134.47662006287365,0.07464136932704885,0,provisional,,data/derived/qa/qa_190_206_review_v6/period_qa.csv,,period_qa,,diagnostic_only; no_auto_accept; no_auto_split
190,206,1,2,6,133.97259967393066,0.07490266276575559,0,provisional,,data/derived/qa/qa_190_206_review_v6/period_qa.csv,,period_qa,,diagnostic_only; no_auto_accept; no_auto_split
190,206,1,2,7,134.73140898301418,0.08124818906234482,0,provisional,,data/derived/qa/qa_190_206_review_v6/period_qa.csv,,period_qa,,diagnostic_only; no_auto_accept; no_auto_split
190,206,1,2,8,134.20318703970406,0.07947216087173882,0,provisional,,data/derived/qa/qa_190_206_review_v6/period_qa.csv,,period_qa,,diagnostic_only; no_auto_accept; no_auto_split
190,206,1,2,9,136.33613840777696,0.07407314737286755,0,provisional,,data/derived/qa/qa_190_206_review_v6/period_qa.csv,,period_qa,,diagnostic_only; no_auto_accept; no_auto_split
190,206,1,2,10,,,,known_dead_tile,insufficient_points,data/derived/qa/qa_190_206_review_v6/period_qa.csv,,none,,No usable calibration observations; excluded from period fit.
190,206,1,2,11,135.703014003309,0.08263506658223997,0,provisional,,data/derived/qa/qa_190_206_review_v6/period_qa.csv,,period_qa,,diagnostic_only; no_auto_accept; no_auto_split
190,206,1,2,12,130.96911043539308,0.07841609225174043,0,provisional,,data/derived/qa/qa_190_206_review_v6/period_qa.csv,,period_qa,,diagnostic_only; no_auto_accept; no_auto_split
190,206,1,2,13,131.12561696994615,0.08248155731053572,0,provisional,,data/derived/qa/qa_190_206_review_v6/period_qa.csv,,period_qa,,diagnostic_only; no_auto_accept; no_auto_split
190,206,1,2,14,131.55348342567854,0.0792830670601351,0,provisional,large_chi2_ndf,data/derived/qa/qa_190_206_review_v6/period_qa.csv,,period_qa,,diagnostic_only; no_auto_accept; no_auto_split
190,206,1,2,15,128.95911875995742,0.07908105561846926,0,provisional,,data/derived/qa/qa_190_206_review_v6/period_qa.csv,,period_qa,,diagnostic_only; no_auto_accept; no_auto_split
190,206,1,2,16,130.94975741453067,0.07988203648640334,0,provisional,,data/derived/qa/qa_190_206_review_v6/period_qa.csv,,period_qa,,diagnostic_only; no_auto_accept; no_auto_split
190,206,1,2,17,132.03045080092295,0.0833253084953118,0,provisional,,data/derived/qa/qa_190_206_review_v6/period_qa.csv,,period_qa,,diagnostic_only; no_auto_accept; no_auto_split
190,206,1,2,18,131.6030764927917,0.08262584061575658,0,provisional,,data/derived/qa/qa_190_206_review_v6/period_qa.csv,,period_qa,,diagnostic_only; no_auto_accept; no_auto_split
190,206,1,2,19,130.68215103632284,0.08389231205288368,0,provisional,,data/derived/qa/qa_190_206_review_v6/period_qa.csv,,period_qa,,diagnostic_only; no_auto_accept; no_auto_split
190,206,1,2,20,134.79627349263308,0.0834500132317486,0,provisional,,data/derived/qa/qa_190_206_review_v6/period_qa.csv,,period_qa,,diagnostic_only; no_auto_accept; no_auto_split
190,206,1,2,21,131.95923495893885,0.08574919467507737,0,provisional,,data/derived/qa/qa_190_206_review_v6/period_qa.csv,,period_qa,,diagnostic_only; no_auto_accept; no_auto_split
190,206,1,2,22,132.51558118461512,0.08382092495690677,0,provisional,,data/derived/qa/qa_190_206_review_v6/period_qa.csv,,period_qa,,diagnostic_only; no_auto_accept; no_auto_split
190,206,1,2,23,131.77776159517404,0.08704293724690941,0,provisional,,data/derived/qa/qa_190_206_review_v6/period_qa.csv,,period_qa,,diagnostic_only; no_auto_accept; no_auto_split
190,206,1,2,24,134.88339721321017,0.09753246459910127,0,provisional,,data/derived/qa/qa_190_206_review_v6/period_qa.csv,,period_qa,,diagnostic_only; no_auto_accept; no_auto_split
190,206,1,2,25,131.10380425523599,0.1000585113686095,0,provisional,,data/derived/qa/qa_190_206_review_v6/period_qa.csv,,period_qa,,diagnostic_only; no_auto_accept; no_auto_split
190,206,1,2,26,134.49654750546537,0.09148499724776703,0,provisional,,data/derived/qa/qa_190_206_review_v6/period_qa.csv,,period_qa,,diagnostic_only; no_auto_accept; no_auto_split
190,206,1,2,27,132.51219511899419,0.09521282324115736,0,provisional,,data/derived/qa/qa_190_206_review_v6/period_qa.csv,,period_qa,,diagnostic_only; no_auto_accept; no_auto_split
190,206,1,2,28,132.11158081625717,0.08762344245938763,0,provisional,,data/derived/qa/qa_190_206_review_v6/period_qa.csv,,period_qa,,diagnostic_only; no_auto_accept; no_auto_split
190,206,1,2,29,133.47637236114076,0.0900220115692389,0,provisional,,data/derived/qa/qa_190_206_review_v6/period_qa.csv,,period_qa,,diagnostic_only; no_auto_accept; no_auto_split
190,206,1,2,30,133.26650913975905,0.08665226184439907,0,provisional,,data/derived/qa/qa_190_206_review_v6/period_qa.csv,,period_qa,,diagnostic_only; no_auto_accept; no_auto_split
190,206,1,2,31,133.8389019667993,0.09503438212244086,0,provisional,,data/derived/qa/qa_190_206_review_v6/period_qa.csv,,period_qa,,diagnostic_only; no_auto_accept; no_auto_split
190,206,1,3,1,120.16605331728644,0.2732437268570819,0,provisional,different_from_nominal,data/derived/qa/qa_190_206_review_v6/period_qa.csv,,period_qa,,diagnostic_only; no_auto_accept; no_auto_split
190,206,1,3,2,132.27640717275756,0.09723083152111471,0,provisional,,data/derived/qa/qa_190_206_review_v6/period_qa.csv,,period_qa,,diagnostic_only; no_auto_accept; no_auto_split
190,206,1,3,3,131.41393426123912,0.09893464344924238,0,provisional,,data/derived/qa/qa_190_206_review_v6/period_qa.csv,,period_qa,,diagnostic_only; no_auto_accept; no_auto_split
190,206,1,3,4,131.1898972349605,0.08353826224076523,0,provisional,,data/derived/qa/qa_190_206_review_v6/period_qa.csv,,period_qa,,diagnostic_only; no_auto_accept; no_auto_split
190,206,1,3,5,132.62900511992194,0.09172278265131688,0,provisional,,data/derived/qa/qa_190_206_review_v6/period_qa.csv,,period_qa,,diagnostic_only; no_auto_accept; no_auto_split
190,206,1,3,10,132.14514013678925,0.08182995824758872,0,provisional,,data/derived/qa/qa_190_206_review_v6/period_qa.csv,,period_qa,,diagnostic_only; no_auto_accept; no_auto_split
190,206,1,3,11,130.19070134996076,0.08578299751738469,0,provisional,,data/derived/qa/qa_190_206_review_v6/period_qa.csv,,period_qa,,diagnostic_only; no_auto_accept; no_auto_split
190,206,1,3,12,134.950901840522,0.08546110335838263,0,provisional,,data/derived/qa/qa_190_206_review_v6/period_qa.csv,,period_qa,,diagnostic_only; no_auto_accept; no_auto_split
190,206,1,3,13,130.36021391005673,0.09573343230957158,0,provisional,,data/derived/qa/qa_190_206_review_v6/period_qa.csv,,period_qa,,diagnostic_only; no_auto_accept; no_auto_split
190,206,1,3,14,132.39568183532236,0.0792054624167009,0,provisional,,data/derived/qa/qa_190_206_review_v6/period_qa.csv,,period_qa,,diagnostic_only; no_auto_accept; no_auto_split
190,206,1,3,15,131.06108462334893,0.08121756647920018,0,provisional,,data/derived/qa/qa_190_206_review_v6/period_qa.csv,,period_qa,,diagnostic_only; no_auto_accept; no_auto_split
190,206,1,3,16,132.53830341506918,0.07946677002223484,0,provisional,,data/derived/qa/qa_190_206_review_v6/period_qa.csv,,period_qa,,diagnostic_only; no_auto_accept; no_auto_split
190,206,1,3,17,131.86533726878943,0.0815563148615222,0,provisional,large_chi2_ndf,data/derived/qa/qa_190_206_review_v6/period_qa.csv,,period_qa,,diagnostic_only; no_auto_accept; no_auto_split
190,206,1,3,18,133.6260797838487,0.0847199082569278,0,provisional,,data/derived/qa/qa_190_206_review_v6/period_qa.csv,,period_qa,,diagnostic_only; no_auto_accept; no_auto_split
190,206,1,3,19,131.0035774721112,0.09010649612543582,0,provisional,,data/derived/qa/qa_190_206_review_v6/period_qa.csv,,period_qa,,diagnostic_only; no_auto_accept; no_auto_split
190,206,1,3,20,133.15887062369669,0.08523762467711903,0,provisional,,data/derived/qa/qa_190_206_review_v6/period_qa.csv,,period_qa,,diagnostic_only; no_auto_accept; no_auto_split
190,206,1,3,21,134.41112104302627,0.08837947947875006,0,provisional,,data/derived/qa/qa_190_206_review_v6/period_qa.csv,,period_qa,,diagnostic_only; no_auto_accept; no_auto_split
190,206,1,3,22,133.29757316854733,0.09019195787856132,0,provisional,large_chi2_ndf,data/derived/qa/qa_190_206_review_v6/period_qa.csv,,period_qa,,diagnostic_only; no_auto_accept; no_auto_split
190,206,1,3,23,131.18244957713603,0.09516098418595932,0,provisional,,data/derived/qa/qa_190_206_review_v6/period_qa.csv,,period_qa,,diagnostic_only; no_auto_accept; no_auto_split
190,206,1,3,24,129.8367946135408,0.09667914406866214,0,provisional,,data/derived/qa/qa_190_206_review_v6/period_qa.csv,,period_qa,,diagnostic_only; no_auto_accept; no_auto_split
190,206,1,3,25,132.49212761934734,0.09629589622725734,0,provisional,,data/derived/qa/qa_190_206_review_v6/period_qa.csv,,period_qa,,diagnostic_only; no_auto_accept; no_auto_split
190,206,1,3,26,135.07351575242726,0.09587068044818335,0,provisional,,data/derived/qa/qa_190_206_review_v6/period_qa.csv,,period_qa,,diagnostic_only; no_auto_accept; no_auto_split
190,206,1,3,27,131.41862217652826,0.09214636051930519,0,provisional,,data/derived/qa/qa_190_206_review_v6/period_qa.csv,,period_qa,,diagnostic_only; no_auto_accept; no_auto_split
190,206,1,3,28,132.679651592356,0.10921496315670097,0,provisional,,data/derived/qa/qa_190_206_review_v6/period_qa.csv,,period_qa,,diagnostic_only; no_auto_accept; no_auto_split
190,206,1,3,29,135.2851083674644,0.10271135404772765,0,provisional,,data/derived/qa/qa_190_206_review_v6/period_qa.csv,,period_qa,,diagnostic_only; no_auto_accept; no_auto_split
190,206,1,3,30,132.37898649097656,0.11702871964751549,0,provisional,,data/derived/qa/qa_190_206_review_v6/period_qa.csv,,period_qa,,diagnostic_only; no_auto_accept; no_auto_split
190,206,1,3,31,132.61424793784866,0.09176996270094565,0,provisional,,data/derived/qa/qa_190_206_review_v6/period_qa.csv,,period_qa,,diagnostic_only; no_auto_accept; no_auto_split
190,206,1,4,1,135.37957188154533,0.09079918326504803,0,provisional,,data/derived/qa/qa_190_206_review_v6/period_qa.csv,,period_qa,,diagnostic_only; no_auto_accept; no_auto_split
190,206,1,4,2,128.33192089245773,0.1311014794007087,0,provisional,,data/derived/qa/qa_190_206_review_v6/period_qa.csv,,period_qa,,diagnostic_only; no_auto_accept; no_auto_split
190,206,1,4,3,132.84230512186042,0.09210744388342407,0,provisional,,data/derived/qa/qa_190_206_review_v6/period_qa.csv,,period_qa,,diagnostic_only; no_auto_accept; no_auto_split
190,206,1,4,4,134.387519129302,0.08667460406064827,0,provisional,,data/derived/qa/qa_190_206_review_v6/period_qa.csv,,period_qa,,diagnostic_only; no_auto_accept; no_auto_split
190,206,1,4,5,135.12751231218215,0.07621233888158868,0,provisional,,data/derived/qa/qa_190_206_review_v6/period_qa.csv,,period_qa,,diagnostic_only; no_auto_accept; no_auto_split
190,206,1,4,6,137.62092935285014,0.082220239962273,0,provisional,,data/derived/qa/qa_190_206_review_v6/period_qa.csv,,period_qa,,diagnostic_only; no_auto_accept; no_auto_split
190,206,1,4,7,138.19027950204662,0.08044092876854661,0,provisional,,data/derived/qa/qa_190_206_review_v6/period_qa.csv,,period_qa,,diagnostic_only; no_auto_accept; no_auto_split
190,206,1,4,8,137.44629603077544,0.07730113917608317,0,provisional,,data/derived/qa/qa_190_206_review_v6/period_qa.csv,,period_qa,,diagnostic_only; no_auto_accept; no_auto_split
190,206,1,4,9,138.4251565447741,0.07881571197433807,0,provisional,,data/derived/qa/qa_190_206_review_v6/period_qa.csv,,period_qa,,diagnostic_only; no_auto_accept; no_auto_split
190,206,1,4,10,132.51431628717083,0.0759438727089946,0,provisional,,data/derived/qa/qa_190_206_review_v6/period_qa.csv,,period_qa,,diagnostic_only; no_auto_accept; no_auto_split
190,206,1,4,11,132.49325497591815,0.07893803811827234,0,provisional,,data/derived/qa/qa_190_206_review_v6/period_qa.csv,,period_qa,,diagnostic_only; no_auto_accept; no_auto_split
190,206,1,4,12,132.53734362341024,0.08070985346820211,0,provisional,,data/derived/qa/qa_190_206_review_v6/period_qa.csv,,period_qa,,diagnostic_only; no_auto_accept; no_auto_split
190,206,1,4,13,132.42977249960356,0.08118368452561912,0,provisional,,data/derived/qa/qa_190_206_review_v6/period_qa.csv,,period_qa,,diagnostic_only; no_auto_accept; no_auto_split
190,206,1,4,14,132.3707517397932,0.07671910349985572,0,provisional,,data/derived/qa/qa_190_206_review_v6/period_qa.csv,,period_qa,,diagnostic_only; no_auto_accept; no_auto_split
190,206,1,4,15,131.64275677645622,0.0807828727243507,0,provisional,,data/derived/qa/qa_190_206_review_v6/period_qa.csv,,period_qa,,diagnostic_only; no_auto_accept; no_auto_split
190,206,1,4,16,138.84064589297748,0.08725864378460926,0,provisional,,data/derived/qa/qa_190_206_review_v6/period_qa.csv,,period_qa,,diagnostic_only; no_auto_accept; no_auto_split
190,206,1,4,17,138.6616486221905,0.08392665290073853,0,provisional,,data/derived/qa/qa_190_206_review_v6/period_qa.csv,,period_qa,,diagnostic_only; no_auto_accept; no_auto_split
190,206,1,4,18,137.73311466294555,0.08442842899625434,0,provisional,,data/derived/qa/qa_190_206_review_v6/period_qa.csv,,period_qa,,diagnostic_only; no_auto_accept; no_auto_split
190,206,1,4,19,136.49819522017617,0.08930607749291929,0,provisional,,data/derived/qa/qa_190_206_review_v6/period_qa.csv,,period_qa,,diagnostic_only; no_auto_accept; no_auto_split
190,206,1,4,20,137.69903578675388,0.09492362638674579,0,provisional,,data/derived/qa/qa_190_206_review_v6/period_qa.csv,,period_qa,,diagnostic_only; no_auto_accept; no_auto_split
190,206,1,4,21,143.0872650725476,0.0931950005318968,0,provisional,large_chi2_ndf,data/derived/qa/qa_190_206_review_v6/period_qa.csv,,period_qa,,diagnostic_only; no_auto_accept; no_auto_split
190,206,1,4,22,135.97752343140056,0.09772011218112246,0,provisional,large_chi2_ndf,data/derived/qa/qa_190_206_review_v6/period_qa.csv,,period_qa,,diagnostic_only; no_auto_accept; no_auto_split
190,206,1,4,23,139.70582891021175,0.08856864469876126,0,provisional,,data/derived/qa/qa_190_206_review_v6/period_qa.csv,,period_qa,,diagnostic_only; no_auto_accept; no_auto_split
190,206,1,4,24,135.87815305615243,0.09896819120444096,0,provisional,,data/derived/qa/qa_190_206_review_v6/period_qa.csv,,period_qa,,diagnostic_only; no_auto_accept; no_auto_split
190,206,1,4,25,135.97967773858753,0.09907969836373237,0,provisional,,data/derived/qa/qa_190_206_review_v6/period_qa.csv,,period_qa,,diagnostic_only; no_auto_accept; no_auto_split
190,206,1,4,26,136.95252327963897,0.09912651196575199,0,provisional,,data/derived/qa/qa_190_206_review_v6/period_qa.csv,,period_qa,,diagnostic_only; no_auto_accept; no_auto_split
190,206,1,4,27,135.8607568173418,0.09895401129453242,0,provisional,,data/derived/qa/qa_190_206_review_v6/period_qa.csv,,period_qa,,diagnostic_only; no_auto_accept; no_auto_split
190,206,1,4,28,137.27765593756672,0.09288267465629886,0,provisional,,data/derived/qa/qa_190_206_review_v6/period_qa.csv,,period_qa,,diagnostic_only; no_auto_accept; no_auto_split
190,206,1,4,29,141.65491871333654,0.10902598969600594,0,provisional,,data/derived/qa/qa_190_206_review_v6/period_qa.csv,,period_qa,,diagnostic_only; no_auto_accept; no_auto_split
190,206,1,4,30,137.17786383247,0.09900834499925586,0,provisional,,data/derived/qa/qa_190_206_review_v6/period_qa.csv,,period_qa,,diagnostic_only; no_auto_accept; no_auto_split
190,206,1,4,31,136.01681807463288,0.11216997722686409,0,provisional,,data/derived/qa/qa_190_206_review_v6/period_qa.csv,,period_qa,,diagnostic_only; no_auto_accept; no_auto_split
190,206,1,5,1,129.7778810672324,0.12742020549034563,0,provisional,,data/derived/qa/qa_190_206_review_v6/period_qa.csv,,period_qa,,diagnostic_only; no_auto_accept; no_auto_split
190,206,1,5,2,128.32422025153994,0.12464815428632563,0,provisional,,data/derived/qa/qa_190_206_review_v6/period_qa.csv,,period_qa,,diagnostic_only; no_auto_accept; no_auto_split
190,206,1,5,3,127.17413014110436,0.139294700285462,0,provisional,,data/derived/qa/qa_190_206_review_v6/period_qa.csv,,period_qa,,diagnostic_only; no_auto_accept; no_auto_split
190,206,1,5,4,130.17038971672773,0.08727765230188395,0,provisional,,data/derived/qa/qa_190_206_review_v6/period_qa.csv,,period_qa,,diagnostic_only; no_auto_accept; no_auto_split
190,206,1,5,5,132.41357085287865,0.07499176991626111,0,provisional,,data/derived/qa/qa_190_206_review_v6/period_qa.csv,,period_qa,,diagnostic_only; no_auto_accept; no_auto_split
190,206,1,5,6,129.43878194681463,0.0824977677555466,0,provisional,large_chi2_ndf,data/derived/qa/qa_190_206_review_v6/period_qa.csv,,period_qa,,diagnostic_only; no_auto_accept; no_auto_split
190,206,1,5,7,129.4738784614991,0.09139419784334293,0,provisional,large_chi2_ndf,data/derived/qa/qa_190_206_review_v6/period_qa.csv,,period_qa,,diagnostic_only; no_auto_accept; no_auto_split
190,206,1,5,8,132.01296912290957,0.07869493296257422,0,provisional,,data/derived/qa/qa_190_206_review_v6/period_qa.csv,,period_qa,,diagnostic_only; no_auto_accept; no_auto_split
190,206,1,5,9,133.94136196565069,0.07208220910283361,0,provisional,,data/derived/qa/qa_190_206_review_v6/period_qa.csv,,period_qa,,diagnostic_only; no_auto_accept; no_auto_split
190,206,1,5,10,126.5736230895145,0.09073451165193978,0,provisional,,data/derived/qa/qa_190_206_review_v6/period_qa.csv,,period_qa,,diagnostic_only; no_auto_accept; no_auto_split
190,206,1,5,11,133.8091013066077,0.08185514162004315,0,provisional,,data/derived/qa/qa_190_206_review_v6/period_qa.csv,,period_qa,,diagnostic_only; no_auto_accept; no_auto_split
190,206,1,5,12,130.74030201090238,0.08358058949777708,0,provisional,,data/derived/qa/qa_190_206_review_v6/period_qa.csv,,period_qa,,diagnostic_only; no_auto_accept; no_auto_split
190,206,1,5,13,130.11386706448462,0.09299147960057702,0,provisional,,data/derived/qa/qa_190_206_review_v6/period_qa.csv,,period_qa,,diagnostic_only; no_auto_accept; no_auto_split
190,206,1,5,14,132.59751219364426,0.0838957857771871,0,provisional,,data/derived/qa/qa_190_206_review_v6/period_qa.csv,,period_qa,,diagnostic_only; no_auto_accept; no_auto_split
190,206,1,5,15,129.91942290888454,0.0916306360105498,0,provisional,,data/derived/qa/qa_190_206_review_v6/period_qa.csv,,period_qa,,diagnostic_only; no_auto_accept; no_auto_split
190,206,1,5,16,133.37398555613322,0.08397580423184836,0,provisional,,data/derived/qa/qa_190_206_review_v6/period_qa.csv,,period_qa,,diagnostic_only; no_auto_accept; no_auto_split
190,206,1,5,17,132.39926802913905,0.079333426879624,0,provisional,large_chi2_ndf,data/derived/qa/qa_190_206_review_v6/period_qa.csv,,period_qa,,diagnostic_only; no_auto_accept; no_auto_split
190,206,1,5,18,132.78855386727682,0.08966682923878021,0,provisional,large_chi2_ndf,data/derived/qa/qa_190_206_review_v6/period_qa.csv,,period_qa,,diagnostic_only; no_auto_accept; no_auto_split
190,206,1,5,19,136.12594236751897,0.0863208567978755,0,provisional,large_chi2_ndf,data/derived/qa/qa_190_206_review_v6/period_qa.csv,,period_qa,,diagnostic_only; no_auto_accept; no_auto_split
190,206,1,5,20,133.64301326065745,0.09085269552819497,0,provisional,,data/derived/qa/qa_190_206_review_v6/period_qa.csv,,period_qa,,diagnostic_only; no_auto_accept; no_auto_split
190,206,1,5,21,132.90509264400154,0.08840720239892089,0,provisional,,data/derived/qa/qa_190_206_review_v6/period_qa.csv,,period_qa,,diagnostic_only; no_auto_accept; no_auto_split
190,206,1,5,22,136.64931154827673,0.09877556646095911,0,provisional,,data/derived/qa/qa_190_206_review_v6/period_qa.csv,,period_qa,,diagnostic_only; no_auto_accept; no_auto_split
190,206,1,5,23,130.21245071515324,0.10243854076458175,0,provisional,,data/derived/qa/qa_190_206_review_v6/period_qa.csv,,period_qa,,diagnostic_only; no_auto_accept; no_auto_split
190,206,1,5,24,133.71652591496968,0.0906012411941443,0,provisional,,data/derived/qa/qa_190_206_review_v6/period_qa.csv,,period_qa,,diagnostic_only; no_auto_accept; no_auto_split
190,206,1,5,25,134.82873995895287,0.0965775742092581,0,provisional,,data/derived/qa/qa_190_206_review_v6/period_qa.csv,,period_qa,,diagnostic_only; no_auto_accept; no_auto_split
190,206,1,5,26,133.86734756289002,0.09275397722563972,0,provisional,,data/derived/qa/qa_190_206_review_v6/period_qa.csv,,period_qa,,diagnostic_only; no_auto_accept; no_auto_split
190,206,1,5,27,133.60157620957077,0.10059984795510446,0,provisional,,data/derived/qa/qa_190_206_review_v6/period_qa.csv,,period_qa,,diagnostic_only; no_auto_accept; no_auto_split
190,206,1,5,28,135.267523207415,0.09654890336004396,0,provisional,,data/derived/qa/qa_190_206_review_v6/period_qa.csv,,period_qa,,diagnostic_only; no_auto_accept; no_auto_split
190,206,1,5,29,132.16287546277314,0.10459026283439395,0,provisional,,data/derived/qa/qa_190_206_review_v6/period_qa.csv,,period_qa,,diagnostic_only; no_auto_accept; no_auto_split
190,206,1,5,30,134.74126549246887,0.0970929846444953,0,provisional,,data/derived/qa/qa_190_206_review_v6/period_qa.csv,,period_qa,,diagnostic_only; no_auto_accept; no_auto_split
190,206,1,5,31,132.0492166920891,0.09577808379629908,0,provisional,,data/derived/qa/qa_190_206_review_v6/period_qa.csv,,period_qa,,diagnostic_only; no_auto_accept; no_auto_split
190,206,1,6,1,99.58910323160723,0.2741420678064117,0,provisional,different_from_nominal,data/derived/qa/qa_190_206_review_v6/period_qa.csv,,period_qa,,diagnostic_only; no_auto_accept; no_auto_split
190,206,1,6,2,130.85311159034984,0.09068636437228923,0,provisional,,data/derived/qa/qa_190_206_review_v6/period_qa.csv,,period_qa,,diagnostic_only; no_auto_accept; no_auto_split
190,206,1,6,3,132.7569913066949,0.0847367751618858,0,provisional,,data/derived/qa/qa_190_206_review_v6/period_qa.csv,,period_qa,,diagnostic_only; no_auto_accept; no_auto_split
190,206,1,6,4,134.986428496476,0.07675764050952355,0,provisional,,data/derived/qa/qa_190_206_review_v6/period_qa.csv,,period_qa,,diagnostic_only; no_auto_accept; no_auto_split
190,206,1,6,5,133.72852598101733,0.07274488560046526,0,provisional,,data/derived/qa/qa_190_206_review_v6/period_qa.csv,,period_qa,,diagnostic_only; no_auto_accept; no_auto_split
190,206,1,6,6,132.15282519313962,0.07328830350511883,0,provisional,,data/derived/qa/qa_190_206_review_v6/period_qa.csv,,period_qa,,diagnostic_only; no_auto_accept; no_auto_split
190,206,1,6,7,134.1390982506008,0.06953636223313697,0,provisional,,data/derived/qa/qa_190_206_review_v6/period_qa.csv,,period_qa,,diagnostic_only; no_auto_accept; no_auto_split
190,206,1,6,8,132.3594254482183,0.0689850033764185,0,provisional,,data/derived/qa/qa_190_206_review_v6/period_qa.csv,,period_qa,,diagnostic_only; no_auto_accept; no_auto_split
190,206,1,6,9,134.26268850623237,0.06995407616889339,0,provisional,,data/derived/qa/qa_190_206_review_v6/period_qa.csv,,period_qa,,diagnostic_only; no_auto_accept; no_auto_split
190,206,1,6,10,131.4177377814751,0.07593618789637895,0,provisional,,data/derived/qa/qa_190_206_review_v6/period_qa.csv,,period_qa,,diagnostic_only; no_auto_accept; no_auto_split
190,206,1,6,11,135.05561937634536,0.07823899167125965,0,provisional,,data/derived/qa/qa_190_206_review_v6/period_qa.csv,,period_qa,,diagnostic_only; no_auto_accept; no_auto_split
190,206,1,6,12,133.32519973272957,0.0776802548668009,0,provisional,,data/derived/qa/qa_190_206_review_v6/period_qa.csv,,period_qa,,diagnostic_only; no_auto_accept; no_auto_split
190,206,1,6,13,132.3993675927992,0.08596661735726681,0,provisional,,data/derived/qa/qa_190_206_review_v6/period_qa.csv,,period_qa,,diagnostic_only; no_auto_accept; no_auto_split
190,206,1,6,14,133.32053596841314,0.07573516874108092,0,provisional,,data/derived/qa/qa_190_206_review_v6/period_qa.csv,,period_qa,,diagnostic_only; no_auto_accept; no_auto_split
190,206,1,6,15,132.11208064587962,0.08649945263273974,0,provisional,,data/derived/qa/qa_190_206_review_v6/period_qa.csv,,period_qa,,diagnostic_only; no_auto_accept; no_auto_split
190,206,1,6,16,129.82476230051003,0.07485003539352446,0,provisional,large_chi2_ndf,data/derived/qa/qa_190_206_review_v6/period_qa.csv,,period_qa,,diagnostic_only; no_auto_accept; no_auto_split
190,206,1,6,17,130.88217690182077,0.08100528673634415,0,provisional,,data/derived/qa/qa_190_206_review_v6/period_qa.csv,,period_qa,,diagnostic_only; no_auto_accept; no_auto_split
190,206,1,6,18,133.0928397369772,0.07908105986005853,0,provisional,,data/derived/qa/qa_190_206_review_v6/period_qa.csv,,period_qa,,diagnostic_only; no_auto_accept; no_auto_split
190,206,1,6,19,135.55619466939507,0.08471317211643355,0,provisional,,data/derived/qa/qa_190_206_review_v6/period_qa.csv,,period_qa,,diagnostic_only; no_auto_accept; no_auto_split
190,206,1,6,20,135.32261079059558,0.07799916656721635,0,provisional,large_chi2_ndf,data/derived/qa/qa_190_206_review_v6/period_qa.csv,,period_qa,,diagnostic_only; no_auto_accept; no_auto_split
190,206,1,6,21,136.43049559093853,0.09254582549253,0,provisional,,data/derived/qa/qa_190_206_review_v6/period_qa.csv,,period_qa,,diagnostic_only; no_auto_accept; no_auto_split
190,206,1,6,22,136.20817213429925,0.08283875141207951,0,provisional,,data/derived/qa/qa_190_206_review_v6/period_qa.csv,,period_qa,,diagnostic_only; no_auto_accept; no_auto_split
190,206,1,6,23,132.7180580757379,0.09221601224742146,0,provisional,large_chi2_ndf,data/derived/qa/qa_190_206_review_v6/period_qa.csv,,period_qa,,diagnostic_only; no_auto_accept; no_auto_split
190,206,1,6,24,135.9276215844253,0.07952811767468429,0,provisional,,data/derived/qa/qa_190_206_review_v6/period_qa.csv,,period_qa,,diagnostic_only; no_auto_accept; no_auto_split
190,206,1,6,25,132.91649935486066,0.09338725129454624,0,provisional,,data/derived/qa/qa_190_206_review_v6/period_qa.csv,,period_qa,,diagnostic_only; no_auto_accept; no_auto_split
190,206,1,6,26,133.96435949628548,0.07744059449519108,0,provisional,,data/derived/qa/qa_190_206_review_v6/period_qa.csv,,period_qa,,diagnostic_only; no_auto_accept; no_auto_split
190,206,1,6,27,134.7509768065786,0.08710130675402855,0,provisional,,data/derived/qa/qa_190_206_review_v6/period_qa.csv,,period_qa,,diagnostic_only; no_auto_accept; no_auto_split
190,206,1,6,28,134.14411439322993,0.08415467061815116,0,provisional,,data/derived/qa/qa_190_206_review_v6/period_qa.csv,,period_qa,,diagnostic_only; no_auto_accept; no_auto_split
190,206,1,6,29,132.86986392942453,0.09105163651947328,0,provisional,,data/derived/qa/qa_190_206_review_v6/period_qa.csv,,period_qa,,diagnostic_only; no_auto_accept; no_auto_split
190,206,1,6,30,135.44134531577143,0.08666226316413908,0,provisional,,data/derived/qa/qa_190_206_review_v6/period_qa.csv,,period_qa,,diagnostic_only; no_auto_accept; no_auto_split
190,206,1,6,31,133.58841385614886,0.08717636665072444,0,provisional,,data/derived/qa/qa_190_206_review_v6/period_qa.csv,,period_qa,,diagnostic_only; no_auto_accept; no_auto_split
190,206,1,7,1,130.9856532153614,0.12044860771315097,0,provisional,,data/derived/qa/qa_190_206_review_v6/period_qa.csv,,period_qa,,diagnostic_only; no_auto_accept; no_auto_split
190,206,1,7,2,130.16880827801947,0.09813616059957887,0,provisional,,data/derived/qa/qa_190_206_review_v6/period_qa.csv,,period_qa,,diagnostic_only; no_auto_accept; no_auto_split
190,206,1,7,3,130.5852090396242,0.09999967363309503,0,provisional,,data/derived/qa/qa_190_206_review_v6/period_qa.csv,,period_qa,,diagnostic_only; no_auto_accept; no_auto_split
190,206,1,7,4,130.68436096360594,0.0980506663429789,0,provisional,,data/derived/qa/qa_190_206_review_v6/period_qa.csv,,period_qa,,diagnostic_only; no_auto_accept; no_auto_split
190,206,1,7,5,133.3948457512652,0.07563133349104764,0,provisional,,data/derived/qa/qa_190_206_review_v6/period_qa.csv,,period_qa,,diagnostic_only; no_auto_accept; no_auto_split
190,206,1,7,6,129.50196096499647,0.07969626257646124,0,provisional,,data/derived/qa/qa_190_206_review_v6/period_qa.csv,,period_qa,,diagnostic_only; no_auto_accept; no_auto_split
190,206,1,7,7,129.32097163847732,0.07409340217907896,0,provisional,,data/derived/qa/qa_190_206_review_v6/period_qa.csv,,period_qa,,diagnostic_only; no_auto_accept; no_auto_split
190,206,1,7,8,129.3929228604867,0.0736534292363822,0,provisional,,data/derived/qa/qa_190_206_review_v6/period_qa.csv,,period_qa,,diagnostic_only; no_auto_accept; no_auto_split
190,206,1,7,9,130.3499654597156,0.06995941211746962,0,provisional,,data/derived/qa/qa_190_206_review_v6/period_qa.csv,,period_qa,,diagnostic_only; no_auto_accept; no_auto_split
190,206,1,7,10,133.16558836690362,0.07699354696737322,0,provisional,,data/derived/qa/qa_190_206_review_v6/period_qa.csv,,period_qa,,diagnostic_only; no_auto_accept; no_auto_split
190,206,1,7,11,133.6752372393708,0.07535425770900232,0,provisional,large_chi2_ndf,data/derived/qa/qa_190_206_review_v6/period_qa.csv,,period_qa,,diagnostic_only; no_auto_accept; no_auto_split
190,206,1,7,12,132.94021536898353,0.09074168463475382,0,provisional,,data/derived/qa/qa_190_206_review_v6/period_qa.csv,,period_qa,,diagnostic_only; no_auto_accept; no_auto_split
190,206,1,7,13,134.56595990221018,0.08296541390713708,0,provisional,,data/derived/qa/qa_190_206_review_v6/period_qa.csv,,period_qa,,diagnostic_only; no_auto_accept; no_auto_split
190,206,1,7,14,128.8787677278594,0.07736708277121432,0,provisional,,data/derived/qa/qa_190_206_review_v6/period_qa.csv,,period_qa,,diagnostic_only; no_auto_accept; no_auto_split
190,206,1,7,15,133.40885832621044,0.07437252566338598,0,provisional,,data/derived/qa/qa_190_206_review_v6/period_qa.csv,,period_qa,,diagnostic_only; no_auto_accept; no_auto_split
190,206,1,7,16,130.63433735941692,0.08695063474037487,0,provisional,large_chi2_ndf,data/derived/qa/qa_190_206_review_v6/period_qa.csv,,period_qa,,diagnostic_only; no_auto_accept; no_auto_split
190,206,1,7,17,134.4451297387979,0.07665609138297114,0,provisional,,data/derived/qa/qa_190_206_review_v6/period_qa.csv,,period_qa,,diagnostic_only; no_auto_accept; no_auto_split
190,206,1,7,18,128.92338795617118,0.09594541713870527,0,provisional,,data/derived/qa/qa_190_206_review_v6/period_qa.csv,,period_qa,,diagnostic_only; no_auto_accept; no_auto_split
190,206,1,7,19,135.11160896276067,0.0810645459905484,0,provisional,,data/derived/qa/qa_190_206_review_v6/period_qa.csv,,period_qa,,diagnostic_only; no_auto_accept; no_auto_split
190,206,1,7,20,134.70032503907558,0.09272784905321634,0,provisional,,data/derived/qa/qa_190_206_review_v6/period_qa.csv,,period_qa,,diagnostic_only; no_auto_accept; no_auto_split
190,206,1,7,21,133.74242733077023,0.07920951806115371,0,provisional,,data/derived/qa/qa_190_206_review_v6/period_qa.csv,,period_qa,,diagnostic_only; no_auto_accept; no_auto_split
190,206,1,7,22,133.0453547074148,0.09486886204095775,0,provisional,,data/derived/qa/qa_190_206_review_v6/period_qa.csv,,period_qa,,diagnostic_only; no_auto_accept; no_auto_split
190,206,1,7,23,135.13730771727148,0.08028978756143296,0,provisional,,data/derived/qa/qa_190_206_review_v6/period_qa.csv,,period_qa,,diagnostic_only; no_auto_accept; no_auto_split
190,206,1,7,24,134.61087755578575,0.10035069932632533,0,provisional,,data/derived/qa/qa_190_206_review_v6/period_qa.csv,,period_qa,,diagnostic_only; no_auto_accept; no_auto_split
190,206,1,7,25,136.35401378804696,0.08699325155057547,0,provisional,,data/derived/qa/qa_190_206_review_v6/period_qa.csv,,period_qa,,diagnostic_only; no_auto_accept; no_auto_split
190,206,1,7,26,132.20722262213664,0.09167287334098417,0,provisional,,data/derived/qa/qa_190_206_review_v6/period_qa.csv,,period_qa,,diagnostic_only; no_auto_accept; no_auto_split
190,206,1,7,27,133.8668488114134,0.08278829622441865,0,provisional,large_chi2_ndf,data/derived/qa/qa_190_206_review_v6/period_qa.csv,,period_qa,,diagnostic_only; no_auto_accept; no_auto_split
190,206,1,7,28,132.09607534601832,0.08908808848066725,0,provisional,,data/derived/qa/qa_190_206_review_v6/period_qa.csv,,period_qa,,diagnostic_only; no_auto_accept; no_auto_split
190,206,1,7,29,133.74050207457267,0.08813321492664156,0,provisional,,data/derived/qa/qa_190_206_review_v6/period_qa.csv,,period_qa,,diagnostic_only; no_auto_accept; no_auto_split
190,206,1,7,30,134.09046203753306,0.09431462334702052,0,provisional,,data/derived/qa/qa_190_206_review_v6/period_qa.csv,,period_qa,,diagnostic_only; no_auto_accept; no_auto_split
190,206,1,7,31,134.8566079345934,0.09482015812357486,0,provisional,,data/derived/qa/qa_190_206_review_v6/period_qa.csv,,period_qa,,diagnostic_only; no_auto_accept; no_auto_split
190,206,1,8,1,133.6108231835365,0.09613263810758418,0,provisional,,data/derived/qa/qa_190_206_review_v6/period_qa.csv,,period_qa,,diagnostic_only; no_auto_accept; no_auto_split
190,206,1,8,2,130.7597767732495,0.08771204681007724,0,provisional,,data/derived/qa/qa_190_206_review_v6/period_qa.csv,,period_qa,,diagnostic_only; no_auto_accept; no_auto_split
190,206,1,8,3,121.09609218943903,0.20500821440866104,0,provisional,different_from_nominal,data/derived/qa/qa_190_206_review_v6/period_qa.csv,,period_qa,,diagnostic_only; no_auto_accept; no_auto_split
190,206,1,8,4,129.11678647247825,0.08052956083130236,0,provisional,,data/derived/qa/qa_190_206_review_v6/period_qa.csv,,period_qa,,diagnostic_only; no_auto_accept; no_auto_split
190,206,1,8,5,131.69195315155793,0.08090289122964679,0,provisional,,data/derived/qa/qa_190_206_review_v6/period_qa.csv,,period_qa,,diagnostic_only; no_auto_accept; no_auto_split
190,206,1,8,6,130.26082550131488,0.07861982128124122,0,provisional,,data/derived/qa/qa_190_206_review_v6/period_qa.csv,,period_qa,,diagnostic_only; no_auto_accept; no_auto_split
190,206,1,8,7,130.70322488535336,0.07497342023985633,0,provisional,,data/derived/qa/qa_190_206_review_v6/period_qa.csv,,period_qa,,diagnostic_only; no_auto_accept; no_auto_split
190,206,1,8,8,130.46991254295384,0.0725230308216639,0,provisional,,data/derived/qa/qa_190_206_review_v6/period_qa.csv,,period_qa,,diagnostic_only; no_auto_accept; no_auto_split
190,206,1,8,9,130.8494229177111,0.07621603393314814,0,provisional,,data/derived/qa/qa_190_206_review_v6/period_qa.csv,,period_qa,,diagnostic_only; no_auto_accept; no_auto_split
190,206,1,8,10,131.32153044117487,0.08061297064915708,0,provisional,large_chi2_ndf,data/derived/qa/qa_190_206_review_v6/period_qa.csv,,period_qa,,diagnostic_only; no_auto_accept; no_auto_split
190,206,1,8,11,134.69480721729136,0.0813412753349777,0,provisional,large_chi2_ndf,data/derived/qa/qa_190_206_review_v6/period_qa.csv,,period_qa,,diagnostic_only; no_auto_accept; no_auto_split
190,206,1,8,12,130.98772186145206,0.07948466425834251,0,provisional,,data/derived/qa/qa_190_206_review_v6/period_qa.csv,,period_qa,,diagnostic_only; no_auto_accept; no_auto_split
190,206,1,8,13,133.67420677220093,0.08226399321076543,0,provisional,,data/derived/qa/qa_190_206_review_v6/period_qa.csv,,period_qa,,diagnostic_only; no_auto_accept; no_auto_split
190,206,1,8,14,131.4102918925406,0.07895367723430652,0,provisional,,data/derived/qa/qa_190_206_review_v6/period_qa.csv,,period_qa,,diagnostic_only; no_auto_accept; no_auto_split
190,206,1,8,15,133.05425350207716,0.08323530909859957,0,provisional,,data/derived/qa/qa_190_206_review_v6/period_qa.csv,,period_qa,,diagnostic_only; no_auto_accept; no_auto_split
190,206,1,8,16,133.47419508336816,0.08148727678181156,0,provisional,,data/derived/qa/qa_190_206_review_v6/period_qa.csv,,period_qa,,diagnostic_only; no_auto_accept; no_auto_split
190,206,1,8,17,136.51176040426543,0.08379343168509677,0,provisional,,data/derived/qa/qa_190_206_review_v6/period_qa.csv,,period_qa,,diagnostic_only; no_auto_accept; no_auto_split
190,206,1,8,18,134.28065932359658,0.08791281599600033,0,provisional,,data/derived/qa/qa_190_206_review_v6/period_qa.csv,,period_qa,,diagnostic_only; no_auto_accept; no_auto_split
190,206,1,8,19,132.19842157772212,0.08778381791130958,0,provisional,,data/derived/qa/qa_190_206_review_v6/period_qa.csv,,period_qa,,diagnostic_only; no_auto_accept; no_auto_split
190,206,1,8,20,135.40209322388637,0.09100181115160468,0,provisional,,data/derived/qa/qa_190_206_review_v6/period_qa.csv,,period_qa,,diagnostic_only; no_auto_accept; no_auto_split
190,206,1,8,21,133.11835415796193,0.0943433512432062,0,provisional,,data/derived/qa/qa_190_206_review_v6/period_qa.csv,,period_qa,,diagnostic_only; no_auto_accept; no_auto_split
190,206,1,8,22,134.39943493423252,0.09738441775004816,0,provisional,,data/derived/qa/qa_190_206_review_v6/period_qa.csv,,period_qa,,diagnostic_only; no_auto_accept; no_auto_split
190,206,1,8,23,135.95334510192924,0.09954199453118859,0,provisional,,data/derived/qa/qa_190_206_review_v6/period_qa.csv,,period_qa,,diagnostic_only; no_auto_accept; no_auto_split
190,206,1,8,24,129.33879324566163,0.10787701324180479,0,provisional,,data/derived/qa/qa_190_206_review_v6/period_qa.csv,,period_qa,,diagnostic_only; no_auto_accept; no_auto_split
190,206,1,8,25,124.28237527124911,0.1311698513414562,0,provisional,,data/derived/qa/qa_190_206_review_v6/period_qa.csv,,period_qa,,diagnostic_only; no_auto_accept; no_auto_split
190,206,1,8,26,133.18433944865586,0.1101617373196126,0,provisional,,data/derived/qa/qa_190_206_review_v6/period_qa.csv,,period_qa,,diagnostic_only; no_auto_accept; no_auto_split
190,206,1,8,27,134.4648274273763,0.09188462637717246,0,provisional,,data/derived/qa/qa_190_206_review_v6/period_qa.csv,,period_qa,,diagnostic_only; no_auto_accept; no_auto_split
190,206,1,8,28,134.34698813142688,0.1030470179324149,0,provisional,,data/derived/qa/qa_190_206_review_v6/period_qa.csv,,period_qa,,diagnostic_only; no_auto_accept; no_auto_split
190,206,1,8,29,133.68064958000352,0.09270466183023629,0,provisional,,data/derived/qa/qa_190_206_review_v6/period_qa.csv,,period_qa,,diagnostic_only; no_auto_accept; no_auto_split
190,206,1,8,30,130.47852855568485,0.09044463918640981,0,provisional,,data/derived/qa/qa_190_206_review_v6/period_qa.csv,,period_qa,,diagnostic_only; no_auto_accept; no_auto_split
190,206,1,8,31,131.22313197303276,0.10102873391740809,0,provisional,,data/derived/qa/qa_190_206_review_v6/period_qa.csv,,period_qa,,diagnostic_only; no_auto_accept; no_auto_split
190,206,1,9,1,129.47701769663735,0.11426470747586372,0,provisional,,data/derived/qa/qa_190_206_review_v6/period_qa.csv,,period_qa,,diagnostic_only; no_auto_accept; no_auto_split
190,206,1,9,2,128.80320078747653,0.10463712603869822,0,provisional,,data/derived/qa/qa_190_206_review_v6/period_qa.csv,,period_qa,,diagnostic_only; no_auto_accept; no_auto_split
190,206,1,9,3,130.02677759193747,0.09746083563919301,0,provisional,,data/derived/qa/qa_190_206_review_v6/period_qa.csv,,period_qa,,diagnostic_only; no_auto_accept; no_auto_split
190,206,1,9,4,129.55288654323957,0.08663661354693646,0,provisional,,data/derived/qa/qa_190_206_review_v6/period_qa.csv,,period_qa,,diagnostic_only; no_auto_accept; no_auto_split
190,206,1,9,5,130.170341051462,0.0751596771275476,0,provisional,,data/derived/qa/qa_190_206_review_v6/period_qa.csv,,period_qa,,diagnostic_only; no_auto_accept; no_auto_split
190,206,1,9,6,128.0602822303603,0.08494214607622409,0,provisional,,data/derived/qa/qa_190_206_review_v6/period_qa.csv,,period_qa,,diagnostic_only; no_auto_accept; no_auto_split
190,206,1,9,7,127.98729556498658,0.08887021044377687,0,provisional,,data/derived/qa/qa_190_206_review_v6/period_qa.csv,,period_qa,,diagnostic_only; no_auto_accept; no_auto_split
190,206,1,9,8,129.4059899004856,0.07834049906006518,0,provisional,,data/derived/qa/qa_190_206_review_v6/period_qa.csv,,period_qa,,diagnostic_only; no_auto_accept; no_auto_split
190,206,1,9,9,130.33995234065878,0.07116905262290957,0,provisional,,data/derived/qa/qa_190_206_review_v6/period_qa.csv,,period_qa,,diagnostic_only; no_auto_accept; no_auto_split
190,206,1,9,10,131.3922526409841,0.0865808318299084,0,provisional,,data/derived/qa/qa_190_206_review_v6/period_qa.csv,,period_qa,,diagnostic_only; no_auto_accept; no_auto_split
190,206,1,9,11,129.26913787961107,0.08504893095915579,0,provisional,,data/derived/qa/qa_190_206_review_v6/period_qa.csv,,period_qa,,diagnostic_only; no_auto_accept; no_auto_split
190,206,1,9,12,129.36537041376252,0.08919379323911271,0,provisional,,data/derived/qa/qa_190_206_review_v6/period_qa.csv,,period_qa,,diagnostic_only; no_auto_accept; no_auto_split
190,206,1,9,13,126.70868282873441,0.09778899231153215,0,provisional,,data/derived/qa/qa_190_206_review_v6/period_qa.csv,,period_qa,,diagnostic_only; no_auto_accept; no_auto_split
190,206,1,9,14,131.56772295288278,0.09621643408208876,0,provisional,,data/derived/qa/qa_190_206_review_v6/period_qa.csv,,period_qa,,diagnostic_only; no_auto_accept; no_auto_split
190,206,1,9,15,128.88727195214122,0.09036315693727895,0,provisional,,data/derived/qa/qa_190_206_review_v6/period_qa.csv,,period_qa,,diagnostic_only; no_auto_accept; no_auto_split
190,206,1,9,16,133.42206202905408,0.08903746382167826,0,provisional,,data/derived/qa/qa_190_206_review_v6/period_qa.csv,,period_qa,,diagnostic_only; no_auto_accept; no_auto_split
190,206,1,9,17,128.24381438974467,0.08505182105579921,0,provisional,large_chi2_ndf,data/derived/qa/qa_190_206_review_v6/period_qa.csv,,period_qa,,diagnostic_only; no_auto_accept; no_auto_split
190,206,1,9,18,130.73421411697615,0.08450996096007432,0,provisional,,data/derived/qa/qa_190_206_review_v6/period_qa.csv,,period_qa,,diagnostic_only; no_auto_accept; no_auto_split
190,206,1,9,19,127.77347290876864,0.08783916494682259,0,provisional,,data/derived/qa/qa_190_206_review_v6/period_qa.csv,,period_qa,,diagnostic_only; no_auto_accept; no_auto_split
190,206,1,9,20,128.7510330980212,0.08735317771985011,0,provisional,,data/derived/qa/qa_190_206_review_v6/period_qa.csv,,period_qa,,diagnostic_only; no_auto_accept; no_auto_split
190,206,1,9,21,127.2753110261575,0.09302054614078807,0,provisional,,data/derived/qa/qa_190_206_review_v6/period_qa.csv,,period_qa,,diagnostic_only; no_auto_accept; no_auto_split
190,206,1,9,22,130.36424700240673,0.09158881471849574,0,provisional,,data/derived/qa/qa_190_206_review_v6/period_qa.csv,,period_qa,,diagnostic_only; no_auto_accept; no_auto_split
190,206,1,9,23,126.26279430249751,0.09864509109386853,0,provisional,,data/derived/qa/qa_190_206_review_v6/period_qa.csv,,period_qa,,diagnostic_only; no_auto_accept; no_auto_split
190,206,1,9,24,125.96900201462877,0.11019763986813284,0,provisional,,data/derived/qa/qa_190_206_review_v6/period_qa.csv,,period_qa,,diagnostic_only; no_auto_accept; no_auto_split
190,206,1,9,25,127.41472036591135,0.12089783237772592,0,provisional,,data/derived/qa/qa_190_206_review_v6/period_qa.csv,,period_qa,,diagnostic_only; no_auto_accept; no_auto_split
190,206,1,9,26,135.48351232913677,0.09976546555056193,0,provisional,,data/derived/qa/qa_190_206_review_v6/period_qa.csv,,period_qa,,diagnostic_only; no_auto_accept; no_auto_split
190,206,1,9,27,135.80651176617607,0.09850606234102778,0,provisional,,data/derived/qa/qa_190_206_review_v6/period_qa.csv,,period_qa,,diagnostic_only; no_auto_accept; no_auto_split
190,206,1,9,28,136.50278777323794,0.1084216316677133,0,provisional,,data/derived/qa/qa_190_206_review_v6/period_qa.csv,,period_qa,,diagnostic_only; no_auto_accept; no_auto_split
190,206,1,9,29,132.9016444913774,0.1042537702090824,0,provisional,,data/derived/qa/qa_190_206_review_v6/period_qa.csv,,period_qa,,diagnostic_only; no_auto_accept; no_auto_split
190,206,1,9,30,134.0722485932699,0.11067983710764989,0,provisional,,data/derived/qa/qa_190_206_review_v6/period_qa.csv,,period_qa,,diagnostic_only; no_auto_accept; no_auto_split
190,206,1,9,31,131.19417331484664,0.1000329298924146,0,provisional,,data/derived/qa/qa_190_206_review_v6/period_qa.csv,,period_qa,,diagnostic_only; no_auto_accept; no_auto_split
190,206,1,10,1,133.17918068957033,0.08895834493678761,0,provisional,,data/derived/qa/qa_190_206_review_v6/period_qa.csv,,period_qa,,diagnostic_only; no_auto_accept; no_auto_split
190,206,1,10,2,130.91955184658508,0.10374149084425749,0,provisional,,data/derived/qa/qa_190_206_review_v6/period_qa.csv,,period_qa,,diagnostic_only; no_auto_accept; no_auto_split
190,206,1,10,3,129.79762153429334,0.10352823253262139,0,provisional,,data/derived/qa/qa_190_206_review_v6/period_qa.csv,,period_qa,,diagnostic_only; no_auto_accept; no_auto_split
190,206,1,10,4,132.04168278228914,0.074697688172527,0,provisional,,data/derived/qa/qa_190_206_review_v6/period_qa.csv,,period_qa,,diagnostic_only; no_auto_accept; no_auto_split
190,206,1,10,5,131.7444032615994,0.0770520518745421,0,provisional,,data/derived/qa/qa_190_206_review_v6/period_qa.csv,,period_qa,,diagnostic_only; no_auto_accept; no_auto_split
190,206,1,10,6,131.66603475612405,0.07805219123690418,0,provisional,,data/derived/qa/qa_190_206_review_v6/period_qa.csv,,period_qa,,diagnostic_only; no_auto_accept; no_auto_split
190,206,1,10,7,130.5263590313311,0.08340058203471151,0,provisional,,data/derived/qa/qa_190_206_review_v6/period_qa.csv,,period_qa,,diagnostic_only; no_auto_accept; no_auto_split
190,206,1,10,8,130.53250688257856,0.07570635739366581,0,provisional,,data/derived/qa/qa_190_206_review_v6/period_qa.csv,,period_qa,,diagnostic_only; no_auto_accept; no_auto_split
190,206,1,10,9,130.1629338842641,0.07390637426755681,0,provisional,,data/derived/qa/qa_190_206_review_v6/period_qa.csv,,period_qa,,diagnostic_only; no_auto_accept; no_auto_split
190,206,1,10,10,135.09272367599888,0.08862114978797492,0,provisional,large_chi2_ndf,data/derived/qa/qa_190_206_review_v6/period_qa.csv,,period_qa,,diagnostic_only; no_auto_accept; no_auto_split
190,206,1,10,11,131.03352326119207,0.08243237740330953,0,provisional,large_chi2_ndf,data/derived/qa/qa_190_206_review_v6/period_qa.csv,,period_qa,,diagnostic_only; no_auto_accept; no_auto_split
190,206,1,10,12,133.3214994415195,0.08105337148603878,0,provisional,,data/derived/qa/qa_190_206_review_v6/period_qa.csv,,period_qa,,diagnostic_only; no_auto_accept; no_auto_split
190,206,1,10,13,126.49279654541823,0.09364889999620524,0,provisional,,data/derived/qa/qa_190_206_review_v6/period_qa.csv,,period_qa,,diagnostic_only; no_auto_accept; no_auto_split
190,206,1,10,14,132.0806459642525,0.09363846272262578,0,provisional,,data/derived/qa/qa_190_206_review_v6/period_qa.csv,,period_qa,,diagnostic_only; no_auto_accept; no_auto_split
190,206,1,10,15,131.97973226766769,0.09202530374688876,0,provisional,,data/derived/qa/qa_190_206_review_v6/period_qa.csv,,period_qa,,diagnostic_only; no_auto_accept; no_auto_split
190,206,1,10,16,132.5180800754618,0.08373284881743712,0,provisional,large_chi2_ndf,data/derived/qa/qa_190_206_review_v6/period_qa.csv,,period_qa,,diagnostic_only; no_auto_accept; no_auto_split
190,206,1,10,17,132.1779504609562,0.0900219351810355,0,provisional,,data/derived/qa/qa_190_206_review_v6/period_qa.csv,,period_qa,,diagnostic_only; no_auto_accept; no_auto_split
190,206,1,10,18,135.39722957394116,0.09200504908387142,0,provisional,,data/derived/qa/qa_190_206_review_v6/period_qa.csv,,period_qa,,diagnostic_only; no_auto_accept; no_auto_split
190,206,1,10,19,131.76133480598645,0.08752404836391416,0,provisional,large_chi2_ndf,data/derived/qa/qa_190_206_review_v6/period_qa.csv,,period_qa,,diagnostic_only; no_auto_accept; no_auto_split
190,206,1,10,20,133.1615265909294,0.08487533911773651,0,provisional,,data/derived/qa/qa_190_206_review_v6/period_qa.csv,,period_qa,,diagnostic_only; no_auto_accept; no_auto_split
190,206,1,10,21,130.34685037300554,0.09378516326948752,0,provisional,,data/derived/qa/qa_190_206_review_v6/period_qa.csv,,period_qa,,diagnostic_only; no_auto_accept; no_auto_split
190,206,1,10,22,131.84840885671247,0.09654215598030814,0,provisional,,data/derived/qa/qa_190_206_review_v6/period_qa.csv,,period_qa,,diagnostic_only; no_auto_accept; no_auto_split
190,206,1,10,23,133.31183114391285,0.09701718313862848,0,provisional,,data/derived/qa/qa_190_206_review_v6/period_qa.csv,,period_qa,,diagnostic_only; no_auto_accept; no_auto_split
190,206,1,10,24,135.17026198980508,0.10116800426963177,0,provisional,large_chi2_ndf,data/derived/qa/qa_190_206_review_v6/period_qa.csv,,period_qa,,diagnostic_only; no_auto_accept; no_auto_split
190,206,1,10,25,135.38311405229797,0.09719359131163953,0,provisional,,data/derived/qa/qa_190_206_review_v6/period_qa.csv,,period_qa,,diagnostic_only; no_auto_accept; no_auto_split
190,206,1,10,26,129.1101427558767,0.11045924327182932,0,provisional,,data/derived/qa/qa_190_206_review_v6/period_qa.csv,,period_qa,,diagnostic_only; no_auto_accept; no_auto_split
190,206,1,10,27,138.34417047778015,0.10867705421224091,0,provisional,,data/derived/qa/qa_190_206_review_v6/period_qa.csv,,period_qa,,diagnostic_only; no_auto_accept; no_auto_split
190,206,1,10,28,134.0832763118249,0.09440447489665552,0,provisional,large_chi2_ndf,data/derived/qa/qa_190_206_review_v6/period_qa.csv,,period_qa,,diagnostic_only; no_auto_accept; no_auto_split
190,206,1,10,29,132.7059636319086,0.10725993931011599,0,provisional,large_chi2_ndf,data/derived/qa/qa_190_206_review_v6/period_qa.csv,,period_qa,,diagnostic_only; no_auto_accept; no_auto_split
190,206,1,10,30,133.49775705058522,0.09802783115600852,0,provisional,,data/derived/qa/qa_190_206_review_v6/period_qa.csv,,period_qa,,diagnostic_only; no_auto_accept; no_auto_split
190,206,1,10,31,133.29581562111323,0.11902090483298912,0,provisional,,data/derived/qa/qa_190_206_review_v6/period_qa.csv,,period_qa,,diagnostic_only; no_auto_accept; no_auto_split
190,206,1,11,1,132.02048775534217,0.09070272744080304,0,provisional,,data/derived/qa/qa_190_206_review_v6/period_qa.csv,,period_qa,,diagnostic_only; no_auto_accept; no_auto_split
190,206,1,11,2,131.73640176724257,0.08525277411478083,0,provisional,large_chi2_ndf,data/derived/qa/qa_190_206_review_v6/period_qa.csv,,period_qa,,diagnostic_only; no_auto_accept; no_auto_split
190,206,1,11,3,128.98242960938947,0.08049504667452677,0,provisional,large_chi2_ndf,data/derived/qa/qa_190_206_review_v6/period_qa.csv,,period_qa,,diagnostic_only; no_auto_accept; no_auto_split
190,206,1,11,4,130.05043690866927,0.08217452157735547,0,provisional,large_chi2_ndf,data/derived/qa/qa_190_206_review_v6/period_qa.csv,,period_qa,,diagnostic_only; no_auto_accept; no_auto_split
190,206,1,11,5,131.88232365790253,0.07594133320234982,0,provisional,large_chi2_ndf,data/derived/qa/qa_190_206_review_v6/period_qa.csv,,period_qa,,diagnostic_only; no_auto_accept; no_auto_split
190,206,1,11,6,129.46789903338512,0.0822510439908302,0,provisional,,data/derived/qa/qa_190_206_review_v6/period_qa.csv,,period_qa,,diagnostic_only; no_auto_accept; no_auto_split
190,206,1,11,7,129.17263650593773,0.07420310785974014,0,provisional,,data/derived/qa/qa_190_206_review_v6/period_qa.csv,,period_qa,,diagnostic_only; no_auto_accept; no_auto_split
190,206,1,11,8,131.0320489987639,0.07425404898452638,0,provisional,,data/derived/qa/qa_190_206_review_v6/period_qa.csv,,period_qa,,diagnostic_only; no_auto_accept; no_auto_split
190,206,1,11,9,130.30043946396665,0.07120970475986296,0,provisional,,data/derived/qa/qa_190_206_review_v6/period_qa.csv,,period_qa,,diagnostic_only; no_auto_accept; no_auto_split
190,206,1,11,10,133.35001733396516,0.08169150693062514,0,provisional,large_chi2_ndf,data/derived/qa/qa_190_206_review_v6/period_qa.csv,,period_qa,,diagnostic_only; no_auto_accept; no_auto_split
190,206,1,11,11,132.56943542113703,0.07562859049093927,0,provisional,,data/derived/qa/qa_190_206_review_v6/period_qa.csv,,period_qa,,diagnostic_only; no_auto_accept; no_auto_split
190,206,1,11,12,131.75137836596667,0.08357895835217688,0,provisional,,data/derived/qa/qa_190_206_review_v6/period_qa.csv,,period_qa,,diagnostic_only; no_auto_accept; no_auto_split
190,206,1,11,13,132.6867722268962,0.07934447667964313,0,provisional,,data/derived/qa/qa_190_206_review_v6/period_qa.csv,,period_qa,,diagnostic_only; no_auto_accept; no_auto_split
190,206,1,11,14,133.9201664150289,0.08076689227478209,0,provisional,,data/derived/qa/qa_190_206_review_v6/period_qa.csv,,period_qa,,diagnostic_only; no_auto_accept; no_auto_split
190,206,1,11,15,133.6288099145183,0.09288736394387322,0,provisional,,data/derived/qa/qa_190_206_review_v6/period_qa.csv,,period_qa,,diagnostic_only; no_auto_accept; no_auto_split
190,206,1,11,16,134.931704401553,0.0801222649872014,0,provisional,large_chi2_ndf,data/derived/qa/qa_190_206_review_v6/period_qa.csv,,period_qa,,diagnostic_only; no_auto_accept; no_auto_split
190,206,1,11,17,136.25033322593623,0.08105404778558906,0,provisional,,data/derived/qa/qa_190_206_review_v6/period_qa.csv,,period_qa,,diagnostic_only; no_auto_accept; no_auto_split
190,206,1,11,18,135.27877295746265,0.083206496650273,0,provisional,large_chi2_ndf,data/derived/qa/qa_190_206_review_v6/period_qa.csv,,period_qa,,diagnostic_only; no_auto_accept; no_auto_split
190,206,1,11,19,134.36695277928706,0.08027835014664343,0,provisional,large_chi2_ndf,data/derived/qa/qa_190_206_review_v6/period_qa.csv,,period_qa,,diagnostic_only; no_auto_accept; no_auto_split
190,206,1,11,20,135.564428954979,0.0897176638483944,0,provisional,,data/derived/qa/qa_190_206_review_v6/period_qa.csv,,period_qa,,diagnostic_only; no_auto_accept; no_auto_split
190,206,1,11,21,135.21599779664854,0.08702001114492787,0,provisional,,data/derived/qa/qa_190_206_review_v6/period_qa.csv,,period_qa,,diagnostic_only; no_auto_accept; no_auto_split
190,206,1,11,22,137.04087694449026,0.09844200639026685,0,provisional,,data/derived/qa/qa_190_206_review_v6/period_qa.csv,,period_qa,,diagnostic_only; no_auto_accept; no_auto_split
190,206,1,11,23,135.58660720332088,0.09502633193448054,0,provisional,,data/derived/qa/qa_190_206_review_v6/period_qa.csv,,period_qa,,diagnostic_only; no_auto_accept; no_auto_split
190,206,1,11,24,137.1181529639779,0.09543723645073829,0,provisional,,data/derived/qa/qa_190_206_review_v6/period_qa.csv,,period_qa,,diagnostic_only; no_auto_accept; no_auto_split
190,206,1,11,25,132.1436351765714,0.09049737549881859,0,provisional,,data/derived/qa/qa_190_206_review_v6/period_qa.csv,,period_qa,,diagnostic_only; no_auto_accept; no_auto_split
190,206,1,11,26,136.13761165581778,0.09448709215469567,0,provisional,,data/derived/qa/qa_190_206_review_v6/period_qa.csv,,period_qa,,diagnostic_only; no_auto_accept; no_auto_split
190,206,1,11,27,135.08287447456374,0.08980188303451535,0,provisional,,data/derived/qa/qa_190_206_review_v6/period_qa.csv,,period_qa,,diagnostic_only; no_auto_accept; no_auto_split
190,206,1,11,28,135.15416868954875,0.10119934366147207,0,provisional,,data/derived/qa/qa_190_206_review_v6/period_qa.csv,,period_qa,,diagnostic_only; no_auto_accept; no_auto_split
190,206,1,11,29,132.06057655415273,0.09549152307388539,0,provisional,,data/derived/qa/qa_190_206_review_v6/period_qa.csv,,period_qa,,diagnostic_only; no_auto_accept; no_auto_split
190,206,1,11,30,135.29981518845167,0.09540016169621679,0,provisional,,data/derived/qa/qa_190_206_review_v6/period_qa.csv,,period_qa,,diagnostic_only; no_auto_accept; no_auto_split
190,206,1,11,31,133.73352481167743,0.09252055363091075,0,provisional,,data/derived/qa/qa_190_206_review_v6/period_qa.csv,,period_qa,,diagnostic_only; no_auto_accept; no_auto_split
190,206,1,12,1,127.13992574519992,0.16878189695842793,0,provisional,,data/derived/qa/qa_190_206_review_v6/period_qa.csv,,period_qa,,diagnostic_only; no_auto_accept; no_auto_split
190,206,1,12,2,127.68383595041044,0.13410402258920037,0,provisional,,data/derived/qa/qa_190_206_review_v6/period_qa.csv,,period_qa,,diagnostic_only; no_auto_accept; no_auto_split
190,206,1,12,3,126.65638352968412,0.1261125390431884,0,provisional,,data/derived/qa/qa_190_206_review_v6/period_qa.csv,,period_qa,,diagnostic_only; no_auto_accept; no_auto_split
190,206,1,12,4,129.00907151842017,0.08745280702867984,0,provisional,,data/derived/qa/qa_190_206_review_v6/period_qa.csv,,period_qa,,diagnostic_only; no_auto_accept; no_auto_split
190,206,1,12,5,127.62559434509917,0.08644035420423947,0,provisional,,data/derived/qa/qa_190_206_review_v6/period_qa.csv,,period_qa,,diagnostic_only; no_auto_accept; no_auto_split
190,206,1,12,6,131.92093815368776,0.08192221105378675,0,provisional,,data/derived/qa/qa_190_206_review_v6/period_qa.csv,,period_qa,,diagnostic_only; no_auto_accept; no_auto_split
190,206,1,12,7,129.32458822999195,0.08605575693333097,0,provisional,,data/derived/qa/qa_190_206_review_v6/period_qa.csv,,period_qa,,diagnostic_only; no_auto_accept; no_auto_split
190,206,1,12,8,130.4084227699779,0.0811675897988861,0,provisional,,data/derived/qa/qa_190_206_review_v6/period_qa.csv,,period_qa,,diagnostic_only; no_auto_accept; no_auto_split
190,206,1,12,9,129.3609366476967,0.08592801394994692,0,provisional,,data/derived/qa/qa_190_206_review_v6/period_qa.csv,,period_qa,,diagnostic_only; no_auto_accept; no_auto_split
190,206,1,12,10,130.24160988078978,0.09915183623652388,0,provisional,,data/derived/qa/qa_190_206_review_v6/period_qa.csv,,period_qa,,diagnostic_only; no_auto_accept; no_auto_split
190,206,1,12,11,127.00703491553325,0.09297492019096687,0,provisional,large_chi2_ndf,data/derived/qa/qa_190_206_review_v6/period_qa.csv,,period_qa,,diagnostic_only; no_auto_accept; no_auto_split
190,206,1,12,12,131.89869827322562,0.09075836963180717,0,provisional,large_chi2_ndf,data/derived/qa/qa_190_206_review_v6/period_qa.csv,,period_qa,,diagnostic_only; no_auto_accept; no_auto_split
190,206,1,12,13,126.04708632586363,0.10129415177547202,0,provisional,,data/derived/qa/qa_190_206_review_v6/period_qa.csv,,period_qa,,diagnostic_only; no_auto_accept; no_auto_split
190,206,1,12,14,130.64851143300504,0.09316591082667483,0,provisional,,data/derived/qa/qa_190_206_review_v6/period_qa.csv,,period_qa,,diagnostic_only; no_auto_accept; no_auto_split
190,206,1,12,15,132.49000959018002,0.09720386652688734,0,provisional,large_chi2_ndf,data/derived/qa/qa_190_206_review_v6/period_qa.csv,,period_qa,,diagnostic_only; no_auto_accept; no_auto_split
190,206,1,12,16,130.61436455868517,0.09153802275565093,0,provisional,,data/derived/qa/qa_190_206_review_v6/period_qa.csv,,period_qa,,diagnostic_only; no_auto_accept; no_auto_split
190,206,1,12,17,131.12548705394767,0.08740584285741788,0,provisional,,data/derived/qa/qa_190_206_review_v6/period_qa.csv,,period_qa,,diagnostic_only; no_auto_accept; no_auto_split
190,206,1,12,18,131.94063556169414,0.09661769120965649,0,provisional,large_chi2_ndf,data/derived/qa/qa_190_206_review_v6/period_qa.csv,,period_qa,,diagnostic_only; no_auto_accept; no_auto_split
190,206,1,12,19,131.52305133432105,0.09358143110590605,0,provisional,,data/derived/qa/qa_190_206_review_v6/period_qa.csv,,period_qa,,diagnostic_only; no_auto_accept; no_auto_split
190,206,1,12,20,133.00706106997703,0.10771474594241882,0,provisional,,data/derived/qa/qa_190_206_review_v6/period_qa.csv,,period_qa,,diagnostic_only; no_auto_accept; no_auto_split
190,206,1,12,21,132.20425924044326,0.10567000482254969,0,provisional,,data/derived/qa/qa_190_206_review_v6/period_qa.csv,,period_qa,,diagnostic_only; no_auto_accept; no_auto_split
190,206,1,12,22,132.57029661729672,0.10481375976785813,0,provisional,,data/derived/qa/qa_190_206_review_v6/period_qa.csv,,period_qa,,diagnostic_only; no_auto_accept; no_auto_split
190,206,1,12,23,127.74538597547182,0.10248311646617353,0,provisional,,data/derived/qa/qa_190_206_review_v6/period_qa.csv,,period_qa,,diagnostic_only; no_auto_accept; no_auto_split
190,206,1,12,24,130.35664032879868,0.10660984907099515,0,provisional,,data/derived/qa/qa_190_206_review_v6/period_qa.csv,,period_qa,,diagnostic_only; no_auto_accept; no_auto_split
190,206,1,12,25,132.43034767089455,0.10720028314875092,0,provisional,,data/derived/qa/qa_190_206_review_v6/period_qa.csv,,period_qa,,diagnostic_only; no_auto_accept; no_auto_split
190,206,1,12,26,131.97125710712632,0.11634897812716494,0,provisional,,data/derived/qa/qa_190_206_review_v6/period_qa.csv,,period_qa,,diagnostic_only; no_auto_accept; no_auto_split
190,206,1,12,27,132.67319407235226,0.1116448120147729,0,provisional,,data/derived/qa/qa_190_206_review_v6/period_qa.csv,,period_qa,,diagnostic_only; no_auto_accept; no_auto_split
190,206,1,12,28,133.06503695843602,0.11786312359502839,0,provisional,,data/derived/qa/qa_190_206_review_v6/period_qa.csv,,period_qa,,diagnostic_only; no_auto_accept; no_auto_split
190,206,1,12,29,130.0031461585345,0.11312146149589107,0,provisional,,data/derived/qa/qa_190_206_review_v6/period_qa.csv,,period_qa,,diagnostic_only; no_auto_accept; no_auto_split
190,206,1,12,30,132.08293005572577,0.1038383059908029,0,provisional,,data/derived/qa/qa_190_206_review_v6/period_qa.csv,,period_qa,,diagnostic_only; no_auto_accept; no_auto_split
190,206,1,12,31,129.29046838033668,0.10858331232103714,0,provisional,,data/derived/qa/qa_190_206_review_v6/period_qa.csv,,period_qa,,diagnostic_only; no_auto_accept; no_auto_split
191,206,1,3,6,136.2998720036803,0.08139124147543207,0,provisional_segment,,data/derived/qa/qa_191_206/period_qa.csv,localized_persistent_regime_boundary_after_day190,period_qa,,diagnostic_only; no_auto_accept; no_auto_split
191,206,1,3,7,132.60322573615304,0.08274545338420361,0,provisional_segment,,data/derived/qa/qa_191_206/period_qa.csv,localized_persistent_regime_boundary_after_day190,period_qa,,diagnostic_only; no_auto_accept; no_auto_split
191,206,1,3,8,134.8363785747542,0.07926668807180107,0,provisional_segment,,data/derived/qa/qa_191_206/period_qa.csv,localized_persistent_regime_boundary_after_day190,period_qa,,diagnostic_only; no_auto_accept; no_auto_split
191,206,1,3,9,132.09335208776545,0.08526203295633797,0,provisional_segment,,data/derived/qa/qa_191_206/period_qa.csv,localized_persistent_regime_boundary_after_day190,period_qa,,diagnostic_only; no_auto_accept; no_auto_split
192,206,0,5,10,154.6127031495622,0.09496349237353673,0,provisional_segment,different_from_nominal;large_chi2_ndf,data/derived/qa/qa_192_206_v1/period_qa.csv,localized_persistent_change_point_day192,period_qa,,diagnostic_only; no_auto_accept; no_auto_split
192,206,0,5,11,158.57289452752133,0.10895299807437227,0,provisional_segment,different_from_nominal,data/derived/qa/qa_192_206_v1/period_qa.csv,localized_persistent_change_point_day192,period_qa,,diagnostic_only; no_auto_accept; no_auto_split
192,206,0,5,12,161.77099924848176,0.10015873715212324,0,provisional_segment,different_from_nominal,data/derived/qa/qa_192_206_v1/period_qa.csv,localized_persistent_change_point_day192,period_qa,,diagnostic_only; no_auto_accept; no_auto_split
192,206,0,5,13,158.61510659397595,0.1060155409190743,0,provisional_segment,different_from_nominal,data/derived/qa/qa_192_206_v1/period_qa.csv,localized_persistent_change_point_day192,period_qa,,diagnostic_only; no_auto_accept; no_auto_split
192,206,0,5,14,145.10550450679293,0.08204409520085709,0,provisional_segment,,data/derived/qa/qa_192_206_v1/period_qa.csv,localized_persistent_change_point_day192,period_qa,,diagnostic_only; no_auto_accept; no_auto_split
192,206,0,5,15,158.7500275868171,0.11092326515943057,0,provisional_segment,different_from_nominal;large_chi2_ndf,data/derived/qa/qa_192_206_v1/period_qa.csv,localized_persistent_change_point_day192,period_qa,,diagnostic_only; no_auto_accept; no_auto_split
192,206,0,6,10,158.5815091031788,0.11105101557196995,0,provisional_segment,different_from_nominal;large_chi2_ndf,data/derived/qa/qa_192_206_v1/period_qa.csv,localized_persistent_change_point_day192,period_qa,,diagnostic_only; no_auto_accept; no_auto_split
192,206,0,6,11,163.35894841604764,0.10615554818169769,0,provisional_segment,different_from_nominal,data/derived/qa/qa_192_206_v1/period_qa.csv,localized_persistent_change_point_day192,period_qa,,diagnostic_only; no_auto_accept; no_auto_split
207,208,0,1,1,134.87900654910598,0.702755315842831,0,provisional,,data/derived/qa/qa_207_208_review_v3/period_qa.csv,,period_qa,,diagnostic_only; no_auto_accept; no_auto_split
207,208,0,1,2,137.57874595513246,0.47696222558741697,0,provisional,,data/derived/qa/qa_207_208_review_v3/period_qa.csv,,period_qa,,diagnostic_only; no_auto_accept; no_auto_split
207,208,0,1,3,133.68372836021175,0.6040754893895698,0,provisional,,data/derived/qa/qa_207_208_review_v3/period_qa.csv,,period_qa,,diagnostic_only; no_auto_accept; no_auto_split
207,208,0,1,4,136.9852772887616,0.37599520959201443,0,provisional,,data/derived/qa/qa_207_208_review_v3/period_qa.csv,,period_qa,,diagnostic_only; no_auto_accept; no_auto_split
207,208,0,1,5,137.96584740762282,0.4596809143526652,0,provisional,,data/derived/qa/qa_207_208_review_v3/period_qa.csv,,period_qa,,diagnostic_only; no_auto_accept; no_auto_split
207,208,0,1,6,132.90887232119815,0.33766061481219006,0,provisional,,data/derived/qa/qa_207_208_review_v3/period_qa.csv,,period_qa,,diagnostic_only; no_auto_accept; no_auto_split
207,208,0,1,7,132.38082692083975,0.37874781416314995,0,provisional,,data/derived/qa/qa_207_208_review_v3/period_qa.csv,,period_qa,,diagnostic_only; no_auto_accept; no_auto_split
207,208,0,1,8,131.09086228424934,0.2803320886610757,0,provisional,,data/derived/qa/qa_207_208_review_v3/period_qa.csv,,period_qa,,diagnostic_only; no_auto_accept; no_auto_split
207,208,0,1,9,132.10654132986906,0.2954604127212919,0,provisional,,data/derived/qa/qa_207_208_review_v3/period_qa.csv,,period_qa,,diagnostic_only; no_auto_accept; no_auto_split
207,208,0,1,10,138.1007628591085,0.3126255129280808,0,provisional,,data/derived/qa/qa_207_208_review_v3/period_qa.csv,,period_qa,,diagnostic_only; no_auto_accept; no_auto_split
207,208,0,1,11,138.14089579463075,0.3453986323082974,0,provisional,,data/derived/qa/qa_207_208_review_v3/period_qa.csv,,period_qa,,diagnostic_only; no_auto_accept; no_auto_split
207,208,0,1,12,139.4713528758499,0.32179802737045254,0,provisional,,data/derived/qa/qa_207_208_review_v3/period_qa.csv,,period_qa,,diagnostic_only; no_auto_accept; no_auto_split
207,208,0,1,13,139.55889711208283,0.33347361396551617,0,provisional,,data/derived/qa/qa_207_208_review_v3/period_qa.csv,,period_qa,,diagnostic_only; no_auto_accept; no_auto_split
207,208,0,1,14,139.0665185439617,0.3362060507310449,0,provisional,,data/derived/qa/qa_207_208_review_v3/period_qa.csv,,period_qa,,diagnostic_only; no_auto_accept; no_auto_split
207,208,0,1,15,140.51611837180633,0.35022617315893007,0,provisional,,data/derived/qa/qa_207_208_review_v3/period_qa.csv,,period_qa,,diagnostic_only; no_auto_accept; no_auto_split
207,208,0,1,16,134.5180491567775,0.26966558782936306,0,provisional,,data/derived/qa/qa_207_208_review_v3/period_qa.csv,,period_qa,,diagnostic_only; no_auto_accept; no_auto_split
207,208,0,1,17,136.9075887029079,0.3023060836633561,0,provisional,large_chi2_ndf,data/derived/qa/qa_207_208_review_v3/period_qa.csv,,period_qa,,diagnostic_only; no_auto_accept; no_auto_split
207,208,0,1,18,136.92854907418686,0.2829864366074805,0,provisional,,data/derived/qa/qa_207_208_review_v3/period_qa.csv,,period_qa,,diagnostic_only; no_auto_accept; no_auto_split
207,208,0,1,19,134.66019367449894,0.28316141448370596,0,provisional,,data/derived/qa/qa_207_208_review_v3/period_qa.csv,,period_qa,,diagnostic_only; no_auto_accept; no_auto_split
207,208,0,1,20,135.84211298184283,0.2817198093162558,0,provisional,large_chi2_ndf,data/derived/qa/qa_207_208_review_v3/period_qa.csv,,period_qa,,diagnostic_only; no_auto_accept; no_auto_split
207,208,0,1,21,137.81615399880647,0.3043678612403156,0,provisional,,data/derived/qa/qa_207_208_review_v3/period_qa.csv,,period_qa,,diagnostic_only; no_auto_accept; no_auto_split
207,208,0,1,22,135.64733620909368,0.2997661103158866,0,provisional,,data/derived/qa/qa_207_208_review_v3/period_qa.csv,,period_qa,,diagnostic_only; no_auto_accept; no_auto_split
207,208,0,1,23,136.79545898920173,0.3035478578129124,0,provisional,large_chi2_ndf,data/derived/qa/qa_207_208_review_v3/period_qa.csv,,period_qa,,diagnostic_only; no_auto_accept; no_auto_split
207,208,0,1,24,140.66598341621534,0.35640172067480275,0,provisional,,data/derived/qa/qa_207_208_review_v3/period_qa.csv,,period_qa,,diagnostic_only; no_auto_accept; no_auto_split
207,208,0,1,25,139.85537436786353,0.37101499061602117,0,provisional,,data/derived/qa/qa_207_208_review_v3/period_qa.csv,,period_qa,,diagnostic_only; no_auto_accept; no_auto_split
207,208,0,1,26,140.17176633978457,0.36721183713150624,0,provisional,,data/derived/qa/qa_207_208_review_v3/period_qa.csv,,period_qa,,diagnostic_only; no_auto_accept; no_auto_split
207,208,0,1,27,139.9917340921178,0.34239693794663384,0,provisional,,data/derived/qa/qa_207_208_review_v3/period_qa.csv,,period_qa,,diagnostic_only; no_auto_accept; no_auto_split
207,208,0,1,28,141.00397936858172,0.3903196303785184,0,provisional,,data/derived/qa/qa_207_208_review_v3/period_qa.csv,,period_qa,,diagnostic_only; no_auto_accept; no_auto_split
207,208,0,1,29,141.49877622122116,0.3921250256863221,0,provisional,,data/derived/qa/qa_207_208_review_v3/period_qa.csv,,period_qa,,diagnostic_only; no_auto_accept; no_auto_split
207,208,0,1,30,136.93283342754043,0.3442377295731989,0,provisional,,data/derived/qa/qa_207_208_review_v3/period_qa.csv,,period_qa,,diagnostic_only; no_auto_accept; no_auto_split
207,208,0,1,31,143.42043117300761,0.41721488100574583,0,provisional,,data/derived/qa/qa_207_208_review_v3/period_qa.csv,,period_qa,,diagnostic_only; no_auto_accept; no_auto_split
207,208,0,2,1,142.15561148995212,0.4108246481203381,0,provisional,,data/derived/qa/qa_207_208_review_v3/period_qa.csv,,period_qa,,diagnostic_only; no_auto_accept; no_auto_split
207,208,0,2,2,137.4941080755639,0.32739925436573786,0,provisional,,data/derived/qa/qa_207_208_review_v3/period_qa.csv,,period_qa,,diagnostic_only; no_auto_accept; no_auto_split
207,208,0,2,3,138.88938749695768,0.35444269728982175,0,provisional,,data/derived/qa/qa_207_208_review_v3/period_qa.csv,,period_qa,,diagnostic_only; no_auto_accept; no_auto_split
207,208,0,2,4,134.8334082863671,0.29249830051276315,0,provisional,,data/derived/qa/qa_207_208_review_v3/period_qa.csv,,period_qa,,diagnostic_only; no_auto_accept; no_auto_split
207,208,0,2,5,136.01031477479,0.28843457774417774,0,provisional,,data/derived/qa/qa_207_208_review_v3/period_qa.csv,,period_qa,,diagnostic_only; no_auto_accept; no_auto_split
207,208,0,2,6,135.2624016848262,0.2663173042603793,0,provisional,,data/derived/qa/qa_207_208_review_v3/period_qa.csv,,period_qa,,diagnostic_only; no_auto_accept; no_auto_split
207,208,0,2,7,134.15043415164934,0.26342547493646923,0,provisional,,data/derived/qa/qa_207_208_review_v3/period_qa.csv,,period_qa,,diagnostic_only; no_auto_accept; no_auto_split
207,208,0,2,8,133.73164328248487,0.2433699149229122,0,provisional,,data/derived/qa/qa_207_208_review_v3/period_qa.csv,,period_qa,,diagnostic_only; no_auto_accept; no_auto_split
207,208,0,2,9,134.157874930842,0.23794790658151227,0,provisional,,data/derived/qa/qa_207_208_review_v3/period_qa.csv,,period_qa,,diagnostic_only; no_auto_accept; no_auto_split
207,208,0,2,10,138.2769619048553,0.2817931511844721,0,provisional,,data/derived/qa/qa_207_208_review_v3/period_qa.csv,,period_qa,,diagnostic_only; no_auto_accept; no_auto_split
207,208,0,2,11,141.27093750594292,0.28644948246652885,0,provisional,,data/derived/qa/qa_207_208_review_v3/period_qa.csv,,period_qa,,diagnostic_only; no_auto_accept; no_auto_split
207,208,0,2,12,138.84063097821243,0.28238943940974526,0,provisional,,data/derived/qa/qa_207_208_review_v3/period_qa.csv,,period_qa,,diagnostic_only; no_auto_accept; no_auto_split
207,208,0,2,13,139.24485221447608,0.29195558688006784,0,provisional,,data/derived/qa/qa_207_208_review_v3/period_qa.csv,,period_qa,,diagnostic_only; no_auto_accept; no_auto_split
207,208,0,2,14,140.5323232779727,0.283987351217483,0,provisional,,data/derived/qa/qa_207_208_review_v3/period_qa.csv,,period_qa,,diagnostic_only; no_auto_accept; no_auto_split
207,208,0,2,15,138.945381155968,0.2935155751264967,0,provisional,,data/derived/qa/qa_207_208_review_v3/period_qa.csv,,period_qa,,diagnostic_only; no_auto_accept; no_auto_split
207,208,0,2,16,138.21619399205065,0.2796848795807948,0,provisional,,data/derived/qa/qa_207_208_review_v3/period_qa.csv,,period_qa,,diagnostic_only; no_auto_accept; no_auto_split
207,208,0,2,17,138.27011071025396,0.2747382979433284,0,provisional,,data/derived/qa/qa_207_208_review_v3/period_qa.csv,,period_qa,,diagnostic_only; no_auto_accept; no_auto_split
207,208,0,2,18,138.64152584541478,0.284942480605855,0,provisional,,data/derived/qa/qa_207_208_review_v3/period_qa.csv,,period_qa,,diagnostic_only; no_auto_accept; no_auto_split
207,208,0,2,19,137.48175672519164,0.2806923668157493,0,provisional,,data/derived/qa/qa_207_208_review_v3/period_qa.csv,,period_qa,,diagnostic_only; no_auto_accept; no_auto_split
207,208,0,2,20,139.88938449670258,0.28309262520176376,0,provisional,,data/derived/qa/qa_207_208_review_v3/period_qa.csv,,period_qa,,diagnostic_only; no_auto_accept; no_auto_split
207,208,0,2,21,139.2994991737603,0.29380559579659926,0,provisional,,data/derived/qa/qa_207_208_review_v3/period_qa.csv,,period_qa,,diagnostic_only; no_auto_accept; no_auto_split
207,208,0,2,22,139.31451479296152,0.2817190784528036,0,provisional,,data/derived/qa/qa_207_208_review_v3/period_qa.csv,,period_qa,,diagnostic_only; no_auto_accept; no_auto_split
207,208,0,2,23,139.65121490297196,0.3026799190329021,0,provisional,,data/derived/qa/qa_207_208_review_v3/period_qa.csv,,period_qa,,diagnostic_only; no_auto_accept; no_auto_split
207,208,0,2,24,141.8107674062645,0.3130271907179862,0,provisional,,data/derived/qa/qa_207_208_review_v3/period_qa.csv,,period_qa,,diagnostic_only; no_auto_accept; no_auto_split
207,208,0,2,25,138.19566608637888,0.2930592691347065,0,provisional,,data/derived/qa/qa_207_208_review_v3/period_qa.csv,,period_qa,,diagnostic_only; no_auto_accept; no_auto_split
207,208,0,2,26,142.94360524990114,0.30916702569135335,0,provisional,,data/derived/qa/qa_207_208_review_v3/period_qa.csv,,period_qa,,diagnostic_only; no_auto_accept; no_auto_split
207,208,0,2,27,141.56376825328596,0.3049973313178038,0,provisional,,data/derived/qa/qa_207_208_review_v3/period_qa.csv,,period_qa,,diagnostic_only; no_auto_accept; no_auto_split
207,208,0,2,28,140.94958882994598,0.3208400039388885,0,provisional,,data/derived/qa/qa_207_208_review_v3/period_qa.csv,,period_qa,,diagnostic_only; no_auto_accept; no_auto_split
207,208,0,2,29,139.6825909808081,0.34192409379632377,0,provisional,,data/derived/qa/qa_207_208_review_v3/period_qa.csv,,period_qa,,diagnostic_only; no_auto_accept; no_auto_split
207,208,0,2,30,140.15052782491935,0.31650738434672254,0,provisional,large_chi2_ndf,data/derived/qa/qa_207_208_review_v3/period_qa.csv,,period_qa,,diagnostic_only; no_auto_accept; no_auto_split
207,208,0,2,31,139.79584260668867,0.34930083493383046,0,provisional,,data/derived/qa/qa_207_208_review_v3/period_qa.csv,,period_qa,,diagnostic_only; no_auto_accept; no_auto_split
207,208,0,3,1,141.58434038177953,0.46380550443714585,0,provisional,,data/derived/qa/qa_207_208_review_v3/period_qa.csv,,period_qa,,diagnostic_only; no_auto_accept; no_auto_split
207,208,0,3,2,140.28006628000804,0.3991571082006197,0,provisional,,data/derived/qa/qa_207_208_review_v3/period_qa.csv,,period_qa,,diagnostic_only; no_auto_accept; no_auto_split
207,208,0,3,3,139.5596042043587,0.4030484534971855,0,provisional,,data/derived/qa/qa_207_208_review_v3/period_qa.csv,,period_qa,,diagnostic_only; no_auto_accept; no_auto_split
207,208,0,3,4,136.8293321762921,0.2922250735046185,0,provisional,,data/derived/qa/qa_207_208_review_v3/period_qa.csv,,period_qa,,diagnostic_only; no_auto_accept; no_auto_split
207,208,0,3,5,136.04239452786697,0.27276408049613393,0,provisional,,data/derived/qa/qa_207_208_review_v3/period_qa.csv,,period_qa,,diagnostic_only; no_auto_accept; no_auto_split
207,208,0,3,6,136.66017068004717,0.2680403712709567,0,provisional,,data/derived/qa/qa_207_208_review_v3/period_qa.csv,,period_qa,,diagnostic_only; no_auto_accept; no_auto_split
207,208,0,3,7,132.6922441606996,0.2537578399389923,0,provisional,,data/derived/qa/qa_207_208_review_v3/period_qa.csv,,period_qa,,diagnostic_only; no_auto_accept; no_auto_split
207,208,0,3,8,133.84942126515767,0.2615738080309695,0,provisional,,data/derived/qa/qa_207_208_review_v3/period_qa.csv,,period_qa,,diagnostic_only; no_auto_accept; no_auto_split
207,208,0,3,9,135.58087784621392,0.260334826869333,0,provisional,,data/derived/qa/qa_207_208_review_v3/period_qa.csv,,period_qa,,diagnostic_only; no_auto_accept; no_auto_split
207,208,0,3,10,140.6085998717631,0.2870755051894316,0,provisional,,data/derived/qa/qa_207_208_review_v3/period_qa.csv,,period_qa,,diagnostic_only; no_auto_accept; no_auto_split
207,208,0,3,11,143.46174353925522,0.28977570051837725,0,provisional,,data/derived/qa/qa_207_208_review_v3/period_qa.csv,,period_qa,,diagnostic_only; no_auto_accept; no_auto_split
207,208,0,3,12,140.58402498878763,0.27909126689072644,0,provisional,,data/derived/qa/qa_207_208_review_v3/period_qa.csv,,period_qa,,diagnostic_only; no_auto_accept; no_auto_split
207,208,0,3,13,138.62493493805334,0.28802256737934884,0,provisional,,data/derived/qa/qa_207_208_review_v3/period_qa.csv,,period_qa,,diagnostic_only; no_auto_accept; no_auto_split
207,208,0,3,14,138.3668336330057,0.2758790118327272,0,provisional,,data/derived/qa/qa_207_208_review_v3/period_qa.csv,,period_qa,,diagnostic_only; no_auto_accept; no_auto_split
207,208,0,3,15,139.21567918464393,0.2879496962111823,0,provisional,,data/derived/qa/qa_207_208_review_v3/period_qa.csv,,period_qa,,diagnostic_only; no_auto_accept; no_auto_split
207,208,0,3,16,140.41571918676544,0.2778177956438507,0,provisional,,data/derived/qa/qa_207_208_review_v3/period_qa.csv,,period_qa,,diagnostic_only; no_auto_accept; no_auto_split
207,208,0,3,17,141.98664603984008,0.2856184851617717,0,provisional,,data/derived/qa/qa_207_208_review_v3/period_qa.csv,,period_qa,,diagnostic_only; no_auto_accept; no_auto_split
207,208,0,3,18,140.0514359633561,0.28757957331943035,0,provisional,,data/derived/qa/qa_207_208_review_v3/period_qa.csv,,period_qa,,diagnostic_only; no_auto_accept; no_auto_split
207,208,0,3,19,139.80761363314363,0.2910100727496711,0,provisional,,data/derived/qa/qa_207_208_review_v3/period_qa.csv,,period_qa,,diagnostic_only; no_auto_accept; no_auto_split
207,208,0,3,20,136.20358130068485,0.28770848843556346,0,provisional,,data/derived/qa/qa_207_208_review_v3/period_qa.csv,,period_qa,,diagnostic_only; no_auto_accept; no_auto_split
207,208,0,3,21,140.62197474502403,0.2823773549029621,0,provisional,,data/derived/qa/qa_207_208_review_v3/period_qa.csv,,period_qa,,diagnostic_only; no_auto_accept; no_auto_split
207,208,0,3,22,140.96458029844212,0.30027161297879335,0,provisional,,data/derived/qa/qa_207_208_review_v3/period_qa.csv,,period_qa,,diagnostic_only; no_auto_accept; no_auto_split
207,208,0,3,23,140.05409120633814,0.28897060386562684,0,provisional,large_chi2_ndf,data/derived/qa/qa_207_208_review_v3/period_qa.csv,,period_qa,,diagnostic_only; no_auto_accept; no_auto_split
207,208,0,3,24,141.6546124582976,0.3216200029620841,0,provisional,,data/derived/qa/qa_207_208_review_v3/period_qa.csv,,period_qa,,diagnostic_only; no_auto_accept; no_auto_split
207,208,0,3,25,142.6419810734499,0.3309774014620268,0,provisional,,data/derived/qa/qa_207_208_review_v3/period_qa.csv,,period_qa,,diagnostic_only; no_auto_accept; no_auto_split
207,208,0,3,26,141.271683594462,0.32295190268265006,0,provisional,,data/derived/qa/qa_207_208_review_v3/period_qa.csv,,period_qa,,diagnostic_only; no_auto_accept; no_auto_split
207,208,0,3,27,142.67601390796239,0.32629600245878915,0,provisional,,data/derived/qa/qa_207_208_review_v3/period_qa.csv,,period_qa,,diagnostic_only; no_auto_accept; no_auto_split
207,208,0,3,28,142.56060120814945,0.3667932851099614,0,provisional,,data/derived/qa/qa_207_208_review_v3/period_qa.csv,,period_qa,,diagnostic_only; no_auto_accept; no_auto_split
207,208,0,3,29,139.0589770441563,0.3464105863502102,0,provisional,,data/derived/qa/qa_207_208_review_v3/period_qa.csv,,period_qa,,diagnostic_only; no_auto_accept; no_auto_split
207,208,0,3,30,140.9587025206276,0.3820360663062104,0,provisional,,data/derived/qa/qa_207_208_review_v3/period_qa.csv,,period_qa,,diagnostic_only; no_auto_accept; no_auto_split
207,208,0,3,31,140.2005777790507,0.3541663259361238,0,provisional,,data/derived/qa/qa_207_208_review_v3/period_qa.csv,,period_qa,,diagnostic_only; no_auto_accept; no_auto_split
207,208,0,4,1,143.5232581897592,0.3717833675527083,0,provisional,,data/derived/qa/qa_207_208_review_v3/period_qa.csv,,period_qa,,diagnostic_only; no_auto_accept; no_auto_split
207,208,0,4,2,136.20880301171528,0.33129258744807283,0,provisional,,data/derived/qa/qa_207_208_review_v3/period_qa.csv,,period_qa,,diagnostic_only; no_auto_accept; no_auto_split
207,208,0,4,3,138.06854798484332,0.31087097109757766,0,provisional,,data/derived/qa/qa_207_208_review_v3/period_qa.csv,,period_qa,,diagnostic_only; no_auto_accept; no_auto_split
207,208,0,4,4,135.8332898868567,0.31231189029098266,0,provisional,,data/derived/qa/qa_207_208_review_v3/period_qa.csv,,period_qa,,diagnostic_only; no_auto_accept; no_auto_split
207,208,0,4,5,136.7592084733938,0.26365175293549775,0,provisional,,data/derived/qa/qa_207_208_review_v3/period_qa.csv,,period_qa,,diagnostic_only; no_auto_accept; no_auto_split
207,208,0,4,6,136.56907448914646,0.2840827571054642,0,provisional,,data/derived/qa/qa_207_208_review_v3/period_qa.csv,,period_qa,,diagnostic_only; no_auto_accept; no_auto_split
207,208,0,4,7,136.06680356527684,0.2446809324057441,0,provisional,,data/derived/qa/qa_207_208_review_v3/period_qa.csv,,period_qa,,diagnostic_only; no_auto_accept; no_auto_split
207,208,0,4,8,136.60258412722087,0.2486601874998568,0,provisional,,data/derived/qa/qa_207_208_review_v3/period_qa.csv,,period_qa,,diagnostic_only; no_auto_accept; no_auto_split
207,208,0,4,9,133.73281792198208,0.23592584965423002,0,provisional,,data/derived/qa/qa_207_208_review_v3/period_qa.csv,,period_qa,,diagnostic_only; no_auto_accept; no_auto_split
207,208,0,4,10,139.4175227888154,0.2774986751985035,0,provisional,,data/derived/qa/qa_207_208_review_v3/period_qa.csv,,period_qa,,diagnostic_only; no_auto_accept; no_auto_split
207,208,0,4,11,141.74081046333077,0.26796470585742843,0,provisional,large_chi2_ndf,data/derived/qa/qa_207_208_review_v3/period_qa.csv,,period_qa,,diagnostic_only; no_auto_accept; no_auto_split
207,208,0,4,12,142.4603247326104,0.311111629427676,0,provisional,,data/derived/qa/qa_207_208_review_v3/period_qa.csv,,period_qa,,diagnostic_only; no_auto_accept; no_auto_split
207,208,0,4,13,139.24151251654632,0.29246968042136606,0,provisional,,data/derived/qa/qa_207_208_review_v3/period_qa.csv,,period_qa,,diagnostic_only; no_auto_accept; no_auto_split
207,208,0,4,14,143.4353053716252,0.3159492926460388,0,provisional,,data/derived/qa/qa_207_208_review_v3/period_qa.csv,,period_qa,,diagnostic_only; no_auto_accept; no_auto_split
207,208,0,4,15,139.77878898866123,0.2860698595667524,0,provisional,,data/derived/qa/qa_207_208_review_v3/period_qa.csv,,period_qa,,diagnostic_only; no_auto_accept; no_auto_split
207,208,0,4,16,140.28075635518198,0.26790682349292866,0,provisional,,data/derived/qa/qa_207_208_review_v3/period_qa.csv,,period_qa,,diagnostic_only; no_auto_accept; no_auto_split
207,208,0,4,17,137.98195805364082,0.260046159713165,0,provisional,,data/derived/qa/qa_207_208_review_v3/period_qa.csv,,period_qa,,diagnostic_only; no_auto_accept; no_auto_split
207,208,0,4,18,140.5785924833686,0.26968366894472395,0,provisional,,data/derived/qa/qa_207_208_review_v3/period_qa.csv,,period_qa,,diagnostic_only; no_auto_accept; no_auto_split
207,208,0,4,19,139.73612411968804,0.2648894019643014,0,provisional,,data/derived/qa/qa_207_208_review_v3/period_qa.csv,,period_qa,,diagnostic_only; no_auto_accept; no_auto_split
207,208,0,4,20,138.31150768468513,0.2649451479624719,0,provisional,,data/derived/qa/qa_207_208_review_v3/period_qa.csv,,period_qa,,diagnostic_only; no_auto_accept; no_auto_split
207,208,0,4,21,137.26176072881168,0.2773644966679058,0,provisional,large_chi2_ndf,data/derived/qa/qa_207_208_review_v3/period_qa.csv,,period_qa,,diagnostic_only; no_auto_accept; no_auto_split
207,208,0,4,22,141.33805771523987,0.287122616742461,0,provisional,,data/derived/qa/qa_207_208_review_v3/period_qa.csv,,period_qa,,diagnostic_only; no_auto_accept; no_auto_split
207,208,0,4,23,138.27286680141916,0.26005848435972123,0,provisional,,data/derived/qa/qa_207_208_review_v3/period_qa.csv,,period_qa,,diagnostic_only; no_auto_accept; no_auto_split
207,208,0,4,24,144.08900128041728,0.282954379783398,0,provisional,,data/derived/qa/qa_207_208_review_v3/period_qa.csv,,period_qa,,diagnostic_only; no_auto_accept; no_auto_split
207,208,0,4,25,137.98910679450648,0.2661119875884634,0,provisional,,data/derived/qa/qa_207_208_review_v3/period_qa.csv,,period_qa,,diagnostic_only; no_auto_accept; no_auto_split
207,208,0,4,26,141.43534557160237,0.29456036771618166,0,provisional,,data/derived/qa/qa_207_208_review_v3/period_qa.csv,,period_qa,,diagnostic_only; no_auto_accept; no_auto_split
207,208,0,4,27,137.00355994459187,0.26882390892693697,0,provisional,,data/derived/qa/qa_207_208_review_v3/period_qa.csv,,period_qa,,diagnostic_only; no_auto_accept; no_auto_split
207,208,0,4,28,141.81310171692905,0.3113086496364974,0,provisional,,data/derived/qa/qa_207_208_review_v3/period_qa.csv,,period_qa,,diagnostic_only; no_auto_accept; no_auto_split
207,208,0,4,29,139.61711668196696,0.3048745318801815,0,provisional,,data/derived/qa/qa_207_208_review_v3/period_qa.csv,,period_qa,,diagnostic_only; no_auto_accept; no_auto_split
207,208,0,4,30,141.05571859444552,0.3323871720042388,0,provisional,,data/derived/qa/qa_207_208_review_v3/period_qa.csv,,period_qa,,diagnostic_only; no_auto_accept; no_auto_split
207,208,0,4,31,138.5054301113203,0.3114035689451511,0,provisional,,data/derived/qa/qa_207_208_review_v3/period_qa.csv,,period_qa,,diagnostic_only; no_auto_accept; no_auto_split
207,208,0,5,1,137.53451260078936,0.40824017646797356,0,provisional,,data/derived/qa/qa_207_208_review_v3/period_qa.csv,,period_qa,,diagnostic_only; no_auto_accept; no_auto_split
207,208,0,5,2,139.53453769978353,0.313212111577516,0,provisional,,data/derived/qa/qa_207_208_review_v3/period_qa.csv,,period_qa,,diagnostic_only; no_auto_accept; no_auto_split
207,208,0,5,3,138.84040321986484,0.3490084317954488,0,provisional,,data/derived/qa/qa_207_208_review_v3/period_qa.csv,,period_qa,,diagnostic_only; no_auto_accept; no_auto_split
207,208,0,5,4,137.19477089337443,0.29880050911600314,0,provisional,,data/derived/qa/qa_207_208_review_v3/period_qa.csv,,period_qa,,diagnostic_only; no_auto_accept; no_auto_split
207,208,0,5,5,136.3657275877311,0.3080859524390865,0,provisional,,data/derived/qa/qa_207_208_review_v3/period_qa.csv,,period_qa,,diagnostic_only; no_auto_accept; no_auto_split
207,208,0,5,6,137.47674574495628,0.3072555069826324,0,provisional,,data/derived/qa/qa_207_208_review_v3/period_qa.csv,,period_qa,,diagnostic_only; no_auto_accept; no_auto_split
207,208,0,5,7,135.81426371315325,0.3044236194826432,0,provisional,,data/derived/qa/qa_207_208_review_v3/period_qa.csv,,period_qa,,diagnostic_only; no_auto_accept; no_auto_split
207,208,0,5,8,134.98591721084327,0.27738933612756306,0,provisional,,data/derived/qa/qa_207_208_review_v3/period_qa.csv,,period_qa,,diagnostic_only; no_auto_accept; no_auto_split
207,208,0,5,9,136.08554986445944,0.27301523181383314,0,provisional,,data/derived/qa/qa_207_208_review_v3/period_qa.csv,,period_qa,,diagnostic_only; no_auto_accept; no_auto_split
207,208,0,5,10,160.6503988564558,0.38198121339222607,0,provisional,different_from_nominal,data/derived/qa/qa_207_208_review_v3/period_qa.csv,,period_qa,,diagnostic_only; no_auto_accept; no_auto_split
207,208,0,5,11,168.72322610331457,0.4419649554001108,0,provisional,different_from_nominal,data/derived/qa/qa_207_208_review_v3/period_qa.csv,,period_qa,,diagnostic_only; no_auto_accept; no_auto_split
207,208,0,5,12,166.38172612023618,0.38297797470875977,0,provisional,different_from_nominal,data/derived/qa/qa_207_208_review_v3/period_qa.csv,,period_qa,,diagnostic_only; no_auto_accept; no_auto_split
207,208,0,5,13,166.3366889231213,0.44802640664236826,0,provisional,different_from_nominal,data/derived/qa/qa_207_208_review_v3/period_qa.csv,,period_qa,,diagnostic_only; no_auto_accept; no_auto_split
207,208,0,5,14,149.81329589943002,0.3256264883334328,0,provisional,different_from_nominal,data/derived/qa/qa_207_208_review_v3/period_qa.csv,,period_qa,,diagnostic_only; no_auto_accept; no_auto_split
207,208,0,5,15,168.07189893649203,0.46653396636971667,0,provisional,different_from_nominal,data/derived/qa/qa_207_208_review_v3/period_qa.csv,,period_qa,,diagnostic_only; no_auto_accept; no_auto_split
207,208,0,5,16,136.62580390212705,0.27154918393766064,0,provisional,,data/derived/qa/qa_207_208_review_v3/period_qa.csv,,period_qa,,diagnostic_only; no_auto_accept; no_auto_split
207,208,0,5,17,141.25973375732738,0.3213718243538079,0,provisional,large_chi2_ndf,data/derived/qa/qa_207_208_review_v3/period_qa.csv,,period_qa,,diagnostic_only; no_auto_accept; no_auto_split
207,208,0,5,18,137.63022693345104,0.2906477643343691,0,provisional,,data/derived/qa/qa_207_208_review_v3/period_qa.csv,,period_qa,,diagnostic_only; no_auto_accept; no_auto_split
207,208,0,5,19,135.45452746596598,0.2782914603594979,0,provisional,,data/derived/qa/qa_207_208_review_v3/period_qa.csv,,period_qa,,diagnostic_only; no_auto_accept; no_auto_split
207,208,0,5,20,135.56301629481783,0.272225489061357,0,provisional,,data/derived/qa/qa_207_208_review_v3/period_qa.csv,,period_qa,,diagnostic_only; no_auto_accept; no_auto_split
207,208,0,5,21,140.4082956225733,0.3068672907846165,0,provisional,,data/derived/qa/qa_207_208_review_v3/period_qa.csv,,period_qa,,diagnostic_only; no_auto_accept; no_auto_split
207,208,0,5,22,138.6953806469113,0.2781151805714671,0,provisional,,data/derived/qa/qa_207_208_review_v3/period_qa.csv,,period_qa,,diagnostic_only; no_auto_accept; no_auto_split
207,208,0,5,23,141.5869336756188,0.3277869785324391,0,provisional,,data/derived/qa/qa_207_208_review_v3/period_qa.csv,,period_qa,,diagnostic_only; no_auto_accept; no_auto_split
207,208,0,5,24,139.0337651825962,0.2950395818795063,0,provisional,,data/derived/qa/qa_207_208_review_v3/period_qa.csv,,period_qa,,diagnostic_only; no_auto_accept; no_auto_split
207,208,0,5,25,141.15682873528647,0.35095771715065804,0,provisional,,data/derived/qa/qa_207_208_review_v3/period_qa.csv,,period_qa,,diagnostic_only; no_auto_accept; no_auto_split
207,208,0,5,26,137.74290131185768,0.3008466096164959,0,provisional,,data/derived/qa/qa_207_208_review_v3/period_qa.csv,,period_qa,,diagnostic_only; no_auto_accept; no_auto_split
207,208,0,5,27,139.2232786905589,0.3311838749508839,0,provisional,,data/derived/qa/qa_207_208_review_v3/period_qa.csv,,period_qa,,diagnostic_only; no_auto_accept; no_auto_split
207,208,0,5,28,138.61327713371384,0.3273730988674857,0,provisional,,data/derived/qa/qa_207_208_review_v3/period_qa.csv,,period_qa,,diagnostic_only; no_auto_accept; no_auto_split
207,208,0,5,29,137.55256683033232,0.3184719299260752,0,provisional,,data/derived/qa/qa_207_208_review_v3/period_qa.csv,,period_qa,,diagnostic_only; no_auto_accept; no_auto_split
207,208,0,5,30,138.1861350443247,0.30884830655688594,0,provisional,,data/derived/qa/qa_207_208_review_v3/period_qa.csv,,period_qa,,diagnostic_only; no_auto_accept; no_auto_split
207,208,0,5,31,139.62697914079237,0.35486262224932447,0,provisional,,data/derived/qa/qa_207_208_review_v3/period_qa.csv,,period_qa,,diagnostic_only; no_auto_accept; no_auto_split
207,208,0,6,1,142.07357431418052,0.6008741242447551,0,provisional,,data/derived/qa/qa_207_208_review_v3/period_qa.csv,,period_qa,,diagnostic_only; no_auto_accept; no_auto_split
207,208,0,6,2,139.9831368890716,0.5165743696445891,0,provisional,,data/derived/qa/qa_207_208_review_v3/period_qa.csv,,period_qa,,diagnostic_only; no_auto_accept; no_auto_split
207,208,0,6,3,141.75621253300216,0.4867423968828268,0,provisional,,data/derived/qa/qa_207_208_review_v3/period_qa.csv,,period_qa,,diagnostic_only; no_auto_accept; no_auto_split
207,208,0,6,4,141.42889018520515,0.3886673066844589,0,provisional,,data/derived/qa/qa_207_208_review_v3/period_qa.csv,,period_qa,,diagnostic_only; no_auto_accept; no_auto_split
207,208,0,6,5,141.25345303105613,0.44250137509052495,0,provisional,,data/derived/qa/qa_207_208_review_v3/period_qa.csv,,period_qa,,diagnostic_only; no_auto_accept; no_auto_split
207,208,0,6,6,140.08082135378638,0.34874578289272007,0,provisional,,data/derived/qa/qa_207_208_review_v3/period_qa.csv,,period_qa,,diagnostic_only; no_auto_accept; no_auto_split
207,208,0,6,7,140.19205465455448,0.33247198986370646,0,provisional,,data/derived/qa/qa_207_208_review_v3/period_qa.csv,,period_qa,,diagnostic_only; no_auto_accept; no_auto_split
207,208,0,6,8,135.27156356133088,0.25479274712365746,0,provisional,,data/derived/qa/qa_207_208_review_v3/period_qa.csv,,period_qa,,diagnostic_only; no_auto_accept; no_auto_split
207,208,0,6,9,135.61513231487092,0.28155514484571026,0,provisional,,data/derived/qa/qa_207_208_review_v3/period_qa.csv,,period_qa,,diagnostic_only; no_auto_accept; no_auto_split
207,208,0,6,10,169.2096405253539,0.4746034203271354,0,provisional,different_from_nominal;large_chi2_ndf,data/derived/qa/qa_207_208_review_v3/period_qa.csv,,period_qa,,diagnostic_only; no_auto_accept; no_auto_split
207,208,0,6,11,171.36115383514934,0.44094981011494316,0,provisional,different_from_nominal,data/derived/qa/qa_207_208_review_v3/period_qa.csv,,period_qa,,diagnostic_only; no_auto_accept; no_auto_split
207,208,0,6,12,139.4482464305283,0.3092432397885271,0,provisional,,data/derived/qa/qa_207_208_review_v3/period_qa.csv,,period_qa,,diagnostic_only; no_auto_accept; no_auto_split
207,208,0,6,13,141.56290445271387,0.3183960240756724,0,provisional,,data/derived/qa/qa_207_208_review_v3/period_qa.csv,,period_qa,,diagnostic_only; no_auto_accept; no_auto_split
207,208,0,6,14,139.88335117409295,0.3125112382244976,0,provisional,,data/derived/qa/qa_207_208_review_v3/period_qa.csv,,period_qa,,diagnostic_only; no_auto_accept; no_auto_split
207,208,0,6,15,141.93863434559364,0.3001329799577494,0,provisional,,data/derived/qa/qa_207_208_review_v3/period_qa.csv,,period_qa,,diagnostic_only; no_auto_accept; no_auto_split
207,208,0,6,16,140.1001232438026,0.2893849397343,0,provisional,,data/derived/qa/qa_207_208_review_v3/period_qa.csv,,period_qa,,diagnostic_only; no_auto_accept; no_auto_split
207,208,0,6,17,142.08373600495074,0.3210565913921421,0,provisional,,data/derived/qa/qa_207_208_review_v3/period_qa.csv,,period_qa,,diagnostic_only; no_auto_accept; no_auto_split
207,208,0,6,18,140.84810200874296,0.30127600448981906,0,provisional,,data/derived/qa/qa_207_208_review_v3/period_qa.csv,,period_qa,,diagnostic_only; no_auto_accept; no_auto_split
207,208,0,6,19,140.67341468354817,0.33310721273544874,0,provisional,large_chi2_ndf,data/derived/qa/qa_207_208_review_v3/period_qa.csv,,period_qa,,diagnostic_only; no_auto_accept; no_auto_split
207,208,0,6,20,139.6992200527554,0.2871951227794636,0,provisional,large_chi2_ndf,data/derived/qa/qa_207_208_review_v3/period_qa.csv,,period_qa,,diagnostic_only; no_auto_accept; no_auto_split
207,208,0,6,21,139.02431219464341,0.3096812874696785,0,provisional,large_chi2_ndf,data/derived/qa/qa_207_208_review_v3/period_qa.csv,,period_qa,,diagnostic_only; no_auto_accept; no_auto_split
207,208,0,6,22,142.4522058637025,0.294708762383134,0,provisional,,data/derived/qa/qa_207_208_review_v3/period_qa.csv,,period_qa,,diagnostic_only; no_auto_accept; no_auto_split
207,208,0,6,23,138.03812845161767,0.2867787680491683,0,provisional,,data/derived/qa/qa_207_208_review_v3/period_qa.csv,,period_qa,,diagnostic_only; no_auto_accept; no_auto_split
207,208,0,6,24,139.7128551349697,0.3052988022070311,0,provisional,,data/derived/qa/qa_207_208_review_v3/period_qa.csv,,period_qa,,diagnostic_only; no_auto_accept; no_auto_split
207,208,0,6,25,139.42021293899933,0.3376168704407582,0,provisional,,data/derived/qa/qa_207_208_review_v3/period_qa.csv,,period_qa,,diagnostic_only; no_auto_accept; no_auto_split
207,208,0,6,26,139.2293300213614,0.3204264582185519,0,provisional,,data/derived/qa/qa_207_208_review_v3/period_qa.csv,,period_qa,,diagnostic_only; no_auto_accept; no_auto_split
207,208,0,6,27,142.49515597898562,0.3956832674364683,0,provisional,,data/derived/qa/qa_207_208_review_v3/period_qa.csv,,period_qa,,diagnostic_only; no_auto_accept; no_auto_split
207,208,0,6,28,140.04455545329927,0.32913960416285903,0,provisional,,data/derived/qa/qa_207_208_review_v3/period_qa.csv,,period_qa,,diagnostic_only; no_auto_accept; no_auto_split
207,208,0,6,29,138.01370817233231,0.35498703263395937,0,provisional,large_chi2_ndf,data/derived/qa/qa_207_208_review_v3/period_qa.csv,,period_qa,,diagnostic_only; no_auto_accept; no_auto_split
207,208,0,6,30,139.30409219990986,0.358465468827882,0,provisional,large_chi2_ndf,data/derived/qa/qa_207_208_review_v3/period_qa.csv,,period_qa,,diagnostic_only; no_auto_accept; no_auto_split
207,208,0,6,31,138.94142728680802,0.34386127326986154,0,provisional,,data/derived/qa/qa_207_208_review_v3/period_qa.csv,,period_qa,,diagnostic_only; no_auto_accept; no_auto_split
207,208,0,7,1,141.03908447576444,0.46446483682307926,0,provisional,,data/derived/qa/qa_207_208_review_v3/period_qa.csv,,period_qa,,diagnostic_only; no_auto_accept; no_auto_split
207,208,0,7,2,140.55267610347676,0.3765432714284798,0,provisional,,data/derived/qa/qa_207_208_review_v3/period_qa.csv,,period_qa,,diagnostic_only; no_auto_accept; no_auto_split
207,208,0,7,3,141.28415464130714,0.42861962310641283,0,provisional,,data/derived/qa/qa_207_208_review_v3/period_qa.csv,,period_qa,,diagnostic_only; no_auto_accept; no_auto_split
207,208,0,7,4,136.54853904415353,0.35266713933134275,0,provisional,,data/derived/qa/qa_207_208_review_v3/period_qa.csv,,period_qa,,diagnostic_only; no_auto_accept; no_auto_split
207,208,0,7,5,139.6185386136378,0.3259025328601471,0,provisional,,data/derived/qa/qa_207_208_review_v3/period_qa.csv,,period_qa,,diagnostic_only; no_auto_accept; no_auto_split
207,208,0,7,6,135.2052849283836,0.32819419300798297,0,provisional,,data/derived/qa/qa_207_208_review_v3/period_qa.csv,,period_qa,,diagnostic_only; no_auto_accept; no_auto_split
207,208,0,7,7,137.49026709365285,0.3246894211209678,0,provisional,,data/derived/qa/qa_207_208_review_v3/period_qa.csv,,period_qa,,diagnostic_only; no_auto_accept; no_auto_split
207,208,0,7,8,136.70542384082634,0.2840802422838569,0,provisional,,data/derived/qa/qa_207_208_review_v3/period_qa.csv,,period_qa,,diagnostic_only; no_auto_accept; no_auto_split
207,208,0,7,9,135.18492591552953,0.2740412129464704,0,provisional,,data/derived/qa/qa_207_208_review_v3/period_qa.csv,,period_qa,,diagnostic_only; no_auto_accept; no_auto_split
207,208,0,7,10,137.60819334421808,0.29780894889575715,0,provisional,,data/derived/qa/qa_207_208_review_v3/period_qa.csv,,period_qa,,diagnostic_only; no_auto_accept; no_auto_split
207,208,0,7,11,143.00414053794395,0.31847944780810283,0,provisional,,data/derived/qa/qa_207_208_review_v3/period_qa.csv,,period_qa,,diagnostic_only; no_auto_accept; no_auto_split
207,208,0,7,12,136.20311322965105,0.29344475927296354,0,provisional,,data/derived/qa/qa_207_208_review_v3/period_qa.csv,,period_qa,,diagnostic_only; no_auto_accept; no_auto_split
207,208,0,7,13,142.31094086764472,0.32969522821924524,0,provisional,,data/derived/qa/qa_207_208_review_v3/period_qa.csv,,period_qa,,diagnostic_only; no_auto_accept; no_auto_split
207,208,0,7,14,141.99885929809966,0.2995335588897477,0,provisional,,data/derived/qa/qa_207_208_review_v3/period_qa.csv,,period_qa,,diagnostic_only; no_auto_accept; no_auto_split
207,208,0,7,15,140.39556348621397,0.30458132377433134,0,provisional,,data/derived/qa/qa_207_208_review_v3/period_qa.csv,,period_qa,,diagnostic_only; no_auto_accept; no_auto_split
207,208,0,7,16,140.47191710374577,0.2930986422976228,0,provisional,,data/derived/qa/qa_207_208_review_v3/period_qa.csv,,period_qa,,diagnostic_only; no_auto_accept; no_auto_split
207,208,0,7,17,142.57332810091273,0.3085197972688001,0,provisional,,data/derived/qa/qa_207_208_review_v3/period_qa.csv,,period_qa,,diagnostic_only; no_auto_accept; no_auto_split
207,208,0,7,18,141.24680268660788,0.3213906951217701,0,provisional,,data/derived/qa/qa_207_208_review_v3/period_qa.csv,,period_qa,,diagnostic_only; no_auto_accept; no_auto_split
207,208,0,7,19,139.6962960923219,0.2866075620955668,0,provisional,,data/derived/qa/qa_207_208_review_v3/period_qa.csv,,period_qa,,diagnostic_only; no_auto_accept; no_auto_split
207,208,0,7,20,140.80450722031992,0.30907290561328987,0,provisional,,data/derived/qa/qa_207_208_review_v3/period_qa.csv,,period_qa,,diagnostic_only; no_auto_accept; no_auto_split
207,208,0,7,21,143.86131235007252,0.33671450339699716,0,provisional,,data/derived/qa/qa_207_208_review_v3/period_qa.csv,,period_qa,,diagnostic_only; no_auto_accept; no_auto_split
207,208,0,7,22,140.34762959394354,0.30082868890745074,0,provisional,,data/derived/qa/qa_207_208_review_v3/period_qa.csv,,period_qa,,diagnostic_only; no_auto_accept; no_auto_split
207,208,0,7,23,142.8129770344072,0.33718237470972984,0,provisional,,data/derived/qa/qa_207_208_review_v3/period_qa.csv,,period_qa,,diagnostic_only; no_auto_accept; no_auto_split
207,208,0,7,24,140.73784603143224,0.30443707762057626,0,provisional,large_chi2_ndf,data/derived/qa/qa_207_208_review_v3/period_qa.csv,,period_qa,,diagnostic_only; no_auto_accept; no_auto_split
207,208,0,7,25,141.16520487416642,0.31708169479965265,0,provisional,,data/derived/qa/qa_207_208_review_v3/period_qa.csv,,period_qa,,diagnostic_only; no_auto_accept; no_auto_split
207,208,0,7,26,139.84271326735626,0.2944599994061387,0,provisional,large_chi2_ndf,data/derived/qa/qa_207_208_review_v3/period_qa.csv,,period_qa,,diagnostic_only; no_auto_accept; no_auto_split
207,208,0,7,27,144.1663903212888,0.33942457576408747,0,provisional,,data/derived/qa/qa_207_208_review_v3/period_qa.csv,,period_qa,,diagnostic_only; no_auto_accept; no_auto_split
207,208,0,7,28,142.36932166814682,0.3227327639562862,0,provisional,large_chi2_ndf,data/derived/qa/qa_207_208_review_v3/period_qa.csv,,period_qa,,diagnostic_only; no_auto_accept; no_auto_split
207,208,0,7,29,144.54907265510215,0.3602076645500047,0,provisional,,data/derived/qa/qa_207_208_review_v3/period_qa.csv,,period_qa,,diagnostic_only; no_auto_accept; no_auto_split
207,208,0,7,30,143.9976035988841,0.3505332494968424,0,provisional,,data/derived/qa/qa_207_208_review_v3/period_qa.csv,,period_qa,,diagnostic_only; no_auto_accept; no_auto_split
207,208,0,7,31,140.23016344036296,0.3902293526209656,0,provisional,,data/derived/qa/qa_207_208_review_v3/period_qa.csv,,period_qa,,diagnostic_only; no_auto_accept; no_auto_split
207,208,0,8,1,142.00808307896023,0.40558947888604324,0,provisional,,data/derived/qa/qa_207_208_review_v3/period_qa.csv,,period_qa,,diagnostic_only; no_auto_accept; no_auto_split
207,208,0,8,2,143.9404975522772,0.44085836714520477,0,provisional,,data/derived/qa/qa_207_208_review_v3/period_qa.csv,,period_qa,,diagnostic_only; no_auto_accept; no_auto_split
207,208,0,8,3,143.11660807629892,0.3951667608133779,0,provisional,,data/derived/qa/qa_207_208_review_v3/period_qa.csv,,period_qa,,diagnostic_only; no_auto_accept; no_auto_split
207,208,0,8,4,137.76151844464744,0.3293576985581739,0,provisional,,data/derived/qa/qa_207_208_review_v3/period_qa.csv,,period_qa,,diagnostic_only; no_auto_accept; no_auto_split
207,208,0,8,5,139.40974258113755,0.3574108145305433,0,provisional,,data/derived/qa/qa_207_208_review_v3/period_qa.csv,,period_qa,,diagnostic_only; no_auto_accept; no_auto_split
207,208,0,8,6,134.81117586958123,0.2891680395945177,0,provisional,,data/derived/qa/qa_207_208_review_v3/period_qa.csv,,period_qa,,diagnostic_only; no_auto_accept; no_auto_split
207,208,0,8,7,141.05782491455514,0.3043278149430573,0,provisional,,data/derived/qa/qa_207_208_review_v3/period_qa.csv,,period_qa,,diagnostic_only; no_auto_accept; no_auto_split
207,208,0,8,8,136.31509459269057,0.2597015776020019,0,provisional,,data/derived/qa/qa_207_208_review_v3/period_qa.csv,,period_qa,,diagnostic_only; no_auto_accept; no_auto_split
207,208,0,8,9,136.20522470511128,0.2635386405090844,0,provisional,,data/derived/qa/qa_207_208_review_v3/period_qa.csv,,period_qa,,diagnostic_only; no_auto_accept; no_auto_split
207,208,0,8,10,146.1976331537195,0.3010937560036539,0,provisional,,data/derived/qa/qa_207_208_review_v3/period_qa.csv,,period_qa,,diagnostic_only; no_auto_accept; no_auto_split
207,208,0,8,11,143.47411704799958,0.2919045279155614,0,provisional,,data/derived/qa/qa_207_208_review_v3/period_qa.csv,,period_qa,,diagnostic_only; no_auto_accept; no_auto_split
207,208,0,8,12,145.98937414264424,0.3063749887105985,0,provisional,,data/derived/qa/qa_207_208_review_v3/period_qa.csv,,period_qa,,diagnostic_only; no_auto_accept; no_auto_split
207,208,0,8,13,143.85339180184542,0.3035581900901092,0,provisional,,data/derived/qa/qa_207_208_review_v3/period_qa.csv,,period_qa,,diagnostic_only; no_auto_accept; no_auto_split
207,208,0,8,14,146.03122819692467,0.3194555227308802,0,provisional,,data/derived/qa/qa_207_208_review_v3/period_qa.csv,,period_qa,,diagnostic_only; no_auto_accept; no_auto_split
207,208,0,8,15,145.46594796667972,0.3185192407190734,0,provisional,,data/derived/qa/qa_207_208_review_v3/period_qa.csv,,period_qa,,diagnostic_only; no_auto_accept; no_auto_split
207,208,0,8,16,145.24354839059384,0.3140525878732137,0,provisional,,data/derived/qa/qa_207_208_review_v3/period_qa.csv,,period_qa,,diagnostic_only; no_auto_accept; no_auto_split
207,208,0,8,17,142.31192405831283,0.30564079816982725,0,provisional,,data/derived/qa/qa_207_208_review_v3/period_qa.csv,,period_qa,,diagnostic_only; no_auto_accept; no_auto_split
207,208,0,8,18,142.990101922561,0.32051393137373757,0,provisional,,data/derived/qa/qa_207_208_review_v3/period_qa.csv,,period_qa,,diagnostic_only; no_auto_accept; no_auto_split
207,208,0,8,19,139.78326771313948,0.3105048662479639,0,provisional,,data/derived/qa/qa_207_208_review_v3/period_qa.csv,,period_qa,,diagnostic_only; no_auto_accept; no_auto_split
207,208,0,8,20,142.28897501850383,0.3070734509761449,0,provisional,,data/derived/qa/qa_207_208_review_v3/period_qa.csv,,period_qa,,diagnostic_only; no_auto_accept; no_auto_split
207,208,0,8,21,141.92341791301217,0.31843761681826305,0,provisional,,data/derived/qa/qa_207_208_review_v3/period_qa.csv,,period_qa,,diagnostic_only; no_auto_accept; no_auto_split
207,208,0,8,22,143.87923180390848,0.3264781345451026,0,provisional,,data/derived/qa/qa_207_208_review_v3/period_qa.csv,,period_qa,,diagnostic_only; no_auto_accept; no_auto_split
207,208,0,8,23,140.36403216701723,0.305371702944848,0,provisional,,data/derived/qa/qa_207_208_review_v3/period_qa.csv,,period_qa,,diagnostic_only; no_auto_accept; no_auto_split
207,208,0,8,24,141.5318334314757,0.29804633565159533,0,provisional,,data/derived/qa/qa_207_208_review_v3/period_qa.csv,,period_qa,,diagnostic_only; no_auto_accept; no_auto_split
207,208,0,8,25,141.75526519125805,0.31484486299877257,0,provisional,,data/derived/qa/qa_207_208_review_v3/period_qa.csv,,period_qa,,diagnostic_only; no_auto_accept; no_auto_split
207,208,0,8,26,141.20148001794638,0.31070824347201437,0,provisional,,data/derived/qa/qa_207_208_review_v3/period_qa.csv,,period_qa,,diagnostic_only; no_auto_accept; no_auto_split
207,208,0,8,27,140.19241648449014,0.30345450841614524,0,provisional,,data/derived/qa/qa_207_208_review_v3/period_qa.csv,,period_qa,,diagnostic_only; no_auto_accept; no_auto_split
207,208,0,8,28,141.16190962198158,0.33787042529616423,0,provisional,,data/derived/qa/qa_207_208_review_v3/period_qa.csv,,period_qa,,diagnostic_only; no_auto_accept; no_auto_split
207,208,0,8,29,140.71488998360837,0.3236425340297514,0,provisional,,data/derived/qa/qa_207_208_review_v3/period_qa.csv,,period_qa,,diagnostic_only; no_auto_accept; no_auto_split
207,208,0,8,30,143.28967176762842,0.3476701747517394,0,provisional,,data/derived/qa/qa_207_208_review_v3/period_qa.csv,,period_qa,,diagnostic_only; no_auto_accept; no_auto_split
207,208,0,8,31,139.6761376701487,0.34693702170018037,0,provisional,,data/derived/qa/qa_207_208_review_v3/period_qa.csv,,period_qa,,diagnostic_only; no_auto_accept; no_auto_split
207,208,0,9,1,145.13864195099063,0.42754826713550503,0,provisional,,data/derived/qa/qa_207_208_review_v3/period_qa.csv,,period_qa,,diagnostic_only; no_auto_accept; no_auto_split
207,208,0,9,2,145.03123382124377,0.40910357438036987,0,provisional,,data/derived/qa/qa_207_208_review_v3/period_qa.csv,,period_qa,,diagnostic_only; no_auto_accept; no_auto_split
207,208,0,9,3,142.03808080844038,0.3635658740079905,0,provisional,,data/derived/qa/qa_207_208_review_v3/period_qa.csv,,period_qa,,diagnostic_only; no_auto_accept; no_auto_split
207,208,0,9,4,141.4488387956808,0.3367883228734644,0,provisional,,data/derived/qa/qa_207_208_review_v3/period_qa.csv,,period_qa,,diagnostic_only; no_auto_accept; no_auto_split
207,208,0,9,5,142.9606833263831,0.3500350357435675,0,provisional,,data/derived/qa/qa_207_208_review_v3/period_qa.csv,,period_qa,,diagnostic_only; no_auto_accept; no_auto_split
207,208,0,9,6,139.43959166896684,0.34262525227245927,0,provisional,,data/derived/qa/qa_207_208_review_v3/period_qa.csv,,period_qa,,diagnostic_only; no_auto_accept; no_auto_split
207,208,0,9,7,140.2104598542719,0.3079684396719074,0,provisional,,data/derived/qa/qa_207_208_review_v3/period_qa.csv,,period_qa,,diagnostic_only; no_auto_accept; no_auto_split
207,208,0,9,8,136.61044246491247,0.2953971904849594,0,provisional,,data/derived/qa/qa_207_208_review_v3/period_qa.csv,,period_qa,,diagnostic_only; no_auto_accept; no_auto_split
207,208,0,9,9,139.1044994449382,0.27697781236745855,0,provisional,,data/derived/qa/qa_207_208_review_v3/period_qa.csv,,period_qa,,diagnostic_only; no_auto_accept; no_auto_split
207,208,0,9,10,141.65259776246478,0.3259792767975546,0,provisional,,data/derived/qa/qa_207_208_review_v3/period_qa.csv,,period_qa,,diagnostic_only; no_auto_accept; no_auto_split
207,208,0,9,11,143.63321692178408,0.3267373814918633,0,provisional,large_chi2_ndf,data/derived/qa/qa_207_208_review_v3/period_qa.csv,,period_qa,,diagnostic_only; no_auto_accept; no_auto_split
207,208,0,9,12,143.93854389409486,0.33503769854544346,0,provisional,,data/derived/qa/qa_207_208_review_v3/period_qa.csv,,period_qa,,diagnostic_only; no_auto_accept; no_auto_split
207,208,0,9,13,142.50389501516074,0.3365001481983947,0,provisional,,data/derived/qa/qa_207_208_review_v3/period_qa.csv,,period_qa,,diagnostic_only; no_auto_accept; no_auto_split
207,208,0,9,14,146.28095957341196,0.3270952572378129,0,provisional,,data/derived/qa/qa_207_208_review_v3/period_qa.csv,,period_qa,,diagnostic_only; no_auto_accept; no_auto_split
207,208,0,9,15,142.5897014473831,0.3168615846361857,0,provisional,,data/derived/qa/qa_207_208_review_v3/period_qa.csv,,period_qa,,diagnostic_only; no_auto_accept; no_auto_split
207,208,0,9,16,142.22585905988106,0.2935647318923655,0,provisional,,data/derived/qa/qa_207_208_review_v3/period_qa.csv,,period_qa,,diagnostic_only; no_auto_accept; no_auto_split
207,208,0,9,17,141.67746932818073,0.3120960509196784,0,provisional,,data/derived/qa/qa_207_208_review_v3/period_qa.csv,,period_qa,,diagnostic_only; no_auto_accept; no_auto_split
207,208,0,9,18,143.0683365359796,0.3088677930034712,0,provisional,,data/derived/qa/qa_207_208_review_v3/period_qa.csv,,period_qa,,diagnostic_only; no_auto_accept; no_auto_split
207,208,0,9,19,141.78573285025502,0.32140710329300065,0,provisional,,data/derived/qa/qa_207_208_review_v3/period_qa.csv,,period_qa,,diagnostic_only; no_auto_accept; no_auto_split
207,208,0,9,20,145.3778514605132,0.3219187038090905,0,provisional,,data/derived/qa/qa_207_208_review_v3/period_qa.csv,,period_qa,,diagnostic_only; no_auto_accept; no_auto_split
207,208,0,9,21,143.29783961510427,0.2933566475768821,0,provisional,,data/derived/qa/qa_207_208_review_v3/period_qa.csv,,period_qa,,diagnostic_only; no_auto_accept; no_auto_split
207,208,0,9,22,146.3524465607768,0.3215546474234355,0,provisional,,data/derived/qa/qa_207_208_review_v3/period_qa.csv,,period_qa,,diagnostic_only; no_auto_accept; no_auto_split
207,208,0,9,23,142.03074450210858,0.3295767215239787,0,provisional,,data/derived/qa/qa_207_208_review_v3/period_qa.csv,,period_qa,,diagnostic_only; no_auto_accept; no_auto_split
207,208,0,9,24,139.13917776785652,0.28090419536519046,0,provisional,large_chi2_ndf,data/derived/qa/qa_207_208_review_v3/period_qa.csv,,period_qa,,diagnostic_only; no_auto_accept; no_auto_split
207,208,0,9,25,139.9951290197862,0.3243252091001109,0,provisional,large_chi2_ndf,data/derived/qa/qa_207_208_review_v3/period_qa.csv,,period_qa,,diagnostic_only; no_auto_accept; no_auto_split
207,208,0,9,26,140.3730904482922,0.29951842073074647,0,provisional,large_chi2_ndf,data/derived/qa/qa_207_208_review_v3/period_qa.csv,,period_qa,,diagnostic_only; no_auto_accept; no_auto_split
207,208,0,9,27,139.55429932718027,0.3162774855790658,0,provisional,,data/derived/qa/qa_207_208_review_v3/period_qa.csv,,period_qa,,diagnostic_only; no_auto_accept; no_auto_split
207,208,0,9,28,142.13354979463406,0.3493378645176709,0,provisional,,data/derived/qa/qa_207_208_review_v3/period_qa.csv,,period_qa,,diagnostic_only; no_auto_accept; no_auto_split
207,208,0,9,29,140.53513708477527,0.3124400793475208,0,provisional,,data/derived/qa/qa_207_208_review_v3/period_qa.csv,,period_qa,,diagnostic_only; no_auto_accept; no_auto_split
207,208,0,9,30,142.14865836809275,0.31999150886488303,0,provisional,,data/derived/qa/qa_207_208_review_v3/period_qa.csv,,period_qa,,diagnostic_only; no_auto_accept; no_auto_split
207,208,0,9,31,141.7315374677538,0.34936296840482345,0,provisional,,data/derived/qa/qa_207_208_review_v3/period_qa.csv,,period_qa,,diagnostic_only; no_auto_accept; no_auto_split
207,208,0,10,1,141.43864694532573,0.4257887717786611,0,provisional,,data/derived/qa/qa_207_208_review_v3/period_qa.csv,,period_qa,,diagnostic_only; no_auto_accept; no_auto_split
207,208,0,10,2,141.10432258222386,0.34070948800586387,0,provisional,,data/derived/qa/qa_207_208_review_v3/period_qa.csv,,period_qa,,diagnostic_only; no_auto_accept; no_auto_split
207,208,0,10,3,145.5508635705931,0.46555243463459817,0,provisional,,data/derived/qa/qa_207_208_review_v3/period_qa.csv,,period_qa,,diagnostic_only; no_auto_accept; no_auto_split
207,208,0,10,4,139.2199060656838,0.30961331539750436,0,provisional,,data/derived/qa/qa_207_208_review_v3/period_qa.csv,,period_qa,,diagnostic_only; no_auto_accept; no_auto_split
207,208,0,10,5,138.60251770332547,0.30402257908550706,0,provisional,,data/derived/qa/qa_207_208_review_v3/period_qa.csv,,period_qa,,diagnostic_only; no_auto_accept; no_auto_split
207,208,0,10,6,136.8892994760184,0.28166754498214164,0,provisional,,data/derived/qa/qa_207_208_review_v3/period_qa.csv,,period_qa,,diagnostic_only; no_auto_accept; no_auto_split
207,208,0,10,7,138.67828462308563,0.2950512629059278,0,provisional,,data/derived/qa/qa_207_208_review_v3/period_qa.csv,,period_qa,,diagnostic_only; no_auto_accept; no_auto_split
207,208,0,10,8,138.8894116479707,0.2649231959807989,0,provisional,,data/derived/qa/qa_207_208_review_v3/period_qa.csv,,period_qa,,diagnostic_only; no_auto_accept; no_auto_split
207,208,0,10,9,140.1764200173519,0.2567078246633021,0,provisional,,data/derived/qa/qa_207_208_review_v3/period_qa.csv,,period_qa,,diagnostic_only; no_auto_accept; no_auto_split
207,208,0,10,10,146.57123240423937,0.3067012890275468,0,provisional,,data/derived/qa/qa_207_208_review_v3/period_qa.csv,,period_qa,,diagnostic_only; no_auto_accept; no_auto_split
207,208,0,10,11,145.82888456412266,0.3138457277525784,0,provisional,,data/derived/qa/qa_207_208_review_v3/period_qa.csv,,period_qa,,diagnostic_only; no_auto_accept; no_auto_split
207,208,0,10,12,143.78805582857515,0.3003432703545768,0,provisional,,data/derived/qa/qa_207_208_review_v3/period_qa.csv,,period_qa,,diagnostic_only; no_auto_accept; no_auto_split
207,208,0,10,13,148.47817995729835,0.36336363859498977,0,provisional,,data/derived/qa/qa_207_208_review_v3/period_qa.csv,,period_qa,,diagnostic_only; no_auto_accept; no_auto_split
207,208,0,10,14,143.15508207241197,0.2957916952013026,0,provisional,,data/derived/qa/qa_207_208_review_v3/period_qa.csv,,period_qa,,diagnostic_only; no_auto_accept; no_auto_split
207,208,0,10,15,143.16828294670069,0.31304855678883603,0,provisional,,data/derived/qa/qa_207_208_review_v3/period_qa.csv,,period_qa,,diagnostic_only; no_auto_accept; no_auto_split
207,208,0,10,16,146.15295940304844,0.3034903333838108,0,provisional,,data/derived/qa/qa_207_208_review_v3/period_qa.csv,,period_qa,,diagnostic_only; no_auto_accept; no_auto_split
207,208,0,10,17,144.92471837921343,0.3060836982584886,0,provisional,,data/derived/qa/qa_207_208_review_v3/period_qa.csv,,period_qa,,diagnostic_only; no_auto_accept; no_auto_split
207,208,0,10,18,146.4072366337352,0.325866974140705,0,provisional,,data/derived/qa/qa_207_208_review_v3/period_qa.csv,,period_qa,,diagnostic_only; no_auto_accept; no_auto_split
207,208,0,10,19,143.57775094734353,0.31083755706163907,0,provisional,,data/derived/qa/qa_207_208_review_v3/period_qa.csv,,period_qa,,diagnostic_only; no_auto_accept; no_auto_split
207,208,0,10,20,144.5059354249564,0.3019668247454103,0,provisional,,data/derived/qa/qa_207_208_review_v3/period_qa.csv,,period_qa,,diagnostic_only; no_auto_accept; no_auto_split
207,208,0,10,21,147.00927905796775,0.3301949435877791,0,provisional,,data/derived/qa/qa_207_208_review_v3/period_qa.csv,,period_qa,,diagnostic_only; no_auto_accept; no_auto_split
207,208,0,10,22,144.22615941196295,0.3032576616572263,0,provisional,,data/derived/qa/qa_207_208_review_v3/period_qa.csv,,period_qa,,diagnostic_only; no_auto_accept; no_auto_split
207,208,0,10,23,146.1171096369688,0.34553676936857125,0,provisional,,data/derived/qa/qa_207_208_review_v3/period_qa.csv,,period_qa,,diagnostic_only; no_auto_accept; no_auto_split
207,208,0,10,24,142.97475003903583,0.3327223175323082,0,provisional,,data/derived/qa/qa_207_208_review_v3/period_qa.csv,,period_qa,,diagnostic_only; no_auto_accept; no_auto_split
207,208,0,10,25,143.73236298625153,0.31508481714740444,0,provisional,,data/derived/qa/qa_207_208_review_v3/period_qa.csv,,period_qa,,diagnostic_only; no_auto_accept; no_auto_split
207,208,0,10,26,144.2578766797789,0.33457967695821517,0,provisional,,data/derived/qa/qa_207_208_review_v3/period_qa.csv,,period_qa,,diagnostic_only; no_auto_accept; no_auto_split
207,208,0,10,27,145.98333154321162,0.32287039746157514,0,provisional,,data/derived/qa/qa_207_208_review_v3/period_qa.csv,,period_qa,,diagnostic_only; no_auto_accept; no_auto_split
207,208,0,10,28,143.71844423533645,0.4031056825296845,0,provisional,,data/derived/qa/qa_207_208_review_v3/period_qa.csv,,period_qa,,diagnostic_only; no_auto_accept; no_auto_split
207,208,0,10,29,142.8466240100744,0.33223622744630876,0,provisional,,data/derived/qa/qa_207_208_review_v3/period_qa.csv,,period_qa,,diagnostic_only; no_auto_accept; no_auto_split
207,208,0,10,30,145.18354396766233,0.35711402322080343,0,provisional,,data/derived/qa/qa_207_208_review_v3/period_qa.csv,,period_qa,,diagnostic_only; no_auto_accept; no_auto_split
207,208,0,10,31,141.51894256016794,0.35824061105817195,0,provisional,,data/derived/qa/qa_207_208_review_v3/period_qa.csv,,period_qa,,diagnostic_only; no_auto_accept; no_auto_split
207,208,0,11,1,144.95086786021375,0.4708430121184279,0,provisional,,data/derived/qa/qa_207_208_review_v3/period_qa.csv,,period_qa,,diagnostic_only; no_auto_accept; no_auto_split
207,208,0,11,2,139.06421745952184,0.4171399172032718,0,provisional,,data/derived/qa/qa_207_208_review_v3/period_qa.csv,,period_qa,,diagnostic_only; no_auto_accept; no_auto_split
207,208,0,11,3,155.0882083738596,0.5469404516779514,0,provisional,different_from_nominal,data/derived/qa/qa_207_208_review_v3/period_qa.csv,,period_qa,,diagnostic_only; no_auto_accept; no_auto_split
207,208,0,11,4,138.96250387729611,0.3170660378851192,0,provisional,,data/derived/qa/qa_207_208_review_v3/period_qa.csv,,period_qa,,diagnostic_only; no_auto_accept; no_auto_split
207,208,0,11,5,138.6571544866395,0.323317773512339,0,provisional,,data/derived/qa/qa_207_208_review_v3/period_qa.csv,,period_qa,,diagnostic_only; no_auto_accept; no_auto_split
207,208,0,11,6,144.67187374597918,0.3627745687634386,0,provisional,,data/derived/qa/qa_207_208_review_v3/period_qa.csv,,period_qa,,diagnostic_only; no_auto_accept; no_auto_split
207,208,0,11,7,138.4416665918012,0.3168433506733727,0,provisional,,data/derived/qa/qa_207_208_review_v3/period_qa.csv,,period_qa,,diagnostic_only; no_auto_accept; no_auto_split
207,208,0,11,8,132.73777768594005,0.26577120810121674,0,provisional,,data/derived/qa/qa_207_208_review_v3/period_qa.csv,,period_qa,,diagnostic_only; no_auto_accept; no_auto_split
207,208,0,11,9,138.2264303854868,0.317739808561749,0,provisional,,data/derived/qa/qa_207_208_review_v3/period_qa.csv,,period_qa,,diagnostic_only; no_auto_accept; no_auto_split
207,208,0,11,10,139.3956117179775,0.3109549633852276,0,provisional,,data/derived/qa/qa_207_208_review_v3/period_qa.csv,,period_qa,,diagnostic_only; no_auto_accept; no_auto_split
207,208,0,11,11,141.8057325167809,0.3307941913227585,0,provisional,,data/derived/qa/qa_207_208_review_v3/period_qa.csv,,period_qa,,diagnostic_only; no_auto_accept; no_auto_split
207,208,0,11,12,143.40690009208745,0.32691978417943207,0,provisional,,data/derived/qa/qa_207_208_review_v3/period_qa.csv,,period_qa,,diagnostic_only; no_auto_accept; no_auto_split
207,208,0,11,13,141.3961942232261,0.32358447915186994,0,provisional,,data/derived/qa/qa_207_208_review_v3/period_qa.csv,,period_qa,,diagnostic_only; no_auto_accept; no_auto_split
207,208,0,11,14,137.89249418259155,0.2918794911452611,0,provisional,,data/derived/qa/qa_207_208_review_v3/period_qa.csv,,period_qa,,diagnostic_only; no_auto_accept; no_auto_split
207,208,0,11,15,143.1453460782488,0.3301320400858666,0,provisional,,data/derived/qa/qa_207_208_review_v3/period_qa.csv,,period_qa,,diagnostic_only; no_auto_accept; no_auto_split
207,208,0,11,16,143.3004815516054,0.3094228616678833,0,provisional,,data/derived/qa/qa_207_208_review_v3/period_qa.csv,,period_qa,,diagnostic_only; no_auto_accept; no_auto_split
207,208,0,11,17,139.90576593427826,0.3111335030119453,0,provisional,,data/derived/qa/qa_207_208_review_v3/period_qa.csv,,period_qa,,diagnostic_only; no_auto_accept; no_auto_split
207,208,0,11,18,139.60133199375537,0.30403856825971026,0,provisional,,data/derived/qa/qa_207_208_review_v3/period_qa.csv,,period_qa,,diagnostic_only; no_auto_accept; no_auto_split
207,208,0,11,19,138.98786758789217,0.3103082526319968,0,provisional,,data/derived/qa/qa_207_208_review_v3/period_qa.csv,,period_qa,,diagnostic_only; no_auto_accept; no_auto_split
207,208,0,11,20,143.95826314658564,0.3324457878300934,0,provisional,,data/derived/qa/qa_207_208_review_v3/period_qa.csv,,period_qa,,diagnostic_only; no_auto_accept; no_auto_split
207,208,0,11,21,141.65562998003895,0.3246564805481559,0,provisional,,data/derived/qa/qa_207_208_review_v3/period_qa.csv,,period_qa,,diagnostic_only; no_auto_accept; no_auto_split
207,208,0,11,22,138.55827441720982,0.3059069594748851,0,provisional,,data/derived/qa/qa_207_208_review_v3/period_qa.csv,,period_qa,,diagnostic_only; no_auto_accept; no_auto_split
207,208,0,11,23,139.11011078519704,0.33008727377493446,0,provisional,,data/derived/qa/qa_207_208_review_v3/period_qa.csv,,period_qa,,diagnostic_only; no_auto_accept; no_auto_split
207,208,0,11,24,142.973835812556,0.3294263289817754,0,provisional,,data/derived/qa/qa_207_208_review_v3/period_qa.csv,,period_qa,,diagnostic_only; no_auto_accept; no_auto_split
207,208,0,11,25,142.64946162027394,0.33599989878418396,0,provisional,,data/derived/qa/qa_207_208_review_v3/period_qa.csv,,period_qa,,diagnostic_only; no_auto_accept; no_auto_split
207,208,0,11,26,145.70161518186362,0.3536065618454237,0,provisional,,data/derived/qa/qa_207_208_review_v3/period_qa.csv,,period_qa,,diagnostic_only; no_auto_accept; no_auto_split
207,208,0,11,27,143.05561500751338,0.3539884677847978,0,provisional,,data/derived/qa/qa_207_208_review_v3/period_qa.csv,,period_qa,,diagnostic_only; no_auto_accept; no_auto_split
207,208,0,11,28,141.32682963225275,0.3474099407004622,0,provisional,,data/derived/qa/qa_207_208_review_v3/period_qa.csv,,period_qa,,diagnostic_only; no_auto_accept; no_auto_split
207,208,0,11,29,140.97378181546216,0.3714610166498595,0,provisional,,data/derived/qa/qa_207_208_review_v3/period_qa.csv,,period_qa,,diagnostic_only; no_auto_accept; no_auto_split
207,208,0,11,30,142.74493175528232,0.36152287851504605,0,provisional,,data/derived/qa/qa_207_208_review_v3/period_qa.csv,,period_qa,,diagnostic_only; no_auto_accept; no_auto_split
207,208,0,11,31,137.88409650706893,0.35015539933517814,0,provisional,,data/derived/qa/qa_207_208_review_v3/period_qa.csv,,period_qa,,diagnostic_only; no_auto_accept; no_auto_split
207,208,0,12,1,144.76332212397057,0.3803662175745714,0,provisional,,data/derived/qa/qa_207_208_review_v3/period_qa.csv,,period_qa,,diagnostic_only; no_auto_accept; no_auto_split
207,208,0,12,2,138.86257069398943,0.4032461626024084,0,provisional,,data/derived/qa/qa_207_208_review_v3/period_qa.csv,,period_qa,,diagnostic_only; no_auto_accept; no_auto_split
207,208,0,12,3,140.40807092349195,0.40180723586640066,0,provisional,,data/derived/qa/qa_207_208_review_v3/period_qa.csv,,period_qa,,diagnostic_only; no_auto_accept; no_auto_split
207,208,0,12,4,136.57323552736077,0.29664282924639723,0,provisional,,data/derived/qa/qa_207_208_review_v3/period_qa.csv,,period_qa,,diagnostic_only; no_auto_accept; no_auto_split
207,208,0,12,5,138.60935680920463,0.2789455335573546,0,provisional,,data/derived/qa/qa_207_208_review_v3/period_qa.csv,,period_qa,,diagnostic_only; no_auto_accept; no_auto_split
207,208,0,12,6,136.67496613795123,0.2711655444505463,0,provisional,,data/derived/qa/qa_207_208_review_v3/period_qa.csv,,period_qa,,diagnostic_only; no_auto_accept; no_auto_split
207,208,0,12,7,136.7098717064363,0.28725398494763965,0,provisional,,data/derived/qa/qa_207_208_review_v3/period_qa.csv,,period_qa,,diagnostic_only; no_auto_accept; no_auto_split
207,208,0,12,8,137.38827076459893,0.26301636225517144,0,provisional,,data/derived/qa/qa_207_208_review_v3/period_qa.csv,,period_qa,,diagnostic_only; no_auto_accept; no_auto_split
207,208,0,12,9,137.93529623481402,0.25844267145083144,0,provisional,,data/derived/qa/qa_207_208_review_v3/period_qa.csv,,period_qa,,diagnostic_only; no_auto_accept; no_auto_split
207,208,0,12,10,141.16288764016772,0.2867666598682715,0,provisional,,data/derived/qa/qa_207_208_review_v3/period_qa.csv,,period_qa,,diagnostic_only; no_auto_accept; no_auto_split
207,208,0,12,11,141.94964794653754,0.27144869078531036,0,provisional,,data/derived/qa/qa_207_208_review_v3/period_qa.csv,,period_qa,,diagnostic_only; no_auto_accept; no_auto_split
207,208,0,12,12,140.33943604195713,0.28619718625356183,0,provisional,,data/derived/qa/qa_207_208_review_v3/period_qa.csv,,period_qa,,diagnostic_only; no_auto_accept; no_auto_split
207,208,0,12,13,140.0434924374545,0.27513605185060397,0,provisional,large_chi2_ndf,data/derived/qa/qa_207_208_review_v3/period_qa.csv,,period_qa,,diagnostic_only; no_auto_accept; no_auto_split
207,208,0,12,14,139.16008901044998,0.28470519865738303,0,provisional,,data/derived/qa/qa_207_208_review_v3/period_qa.csv,,period_qa,,diagnostic_only; no_auto_accept; no_auto_split
207,208,0,12,15,140.60516632602312,0.2799072213578157,0,provisional,,data/derived/qa/qa_207_208_review_v3/period_qa.csv,,period_qa,,diagnostic_only; no_auto_accept; no_auto_split
207,208,0,12,16,143.98852144815737,0.290468299267046,0,provisional,,data/derived/qa/qa_207_208_review_v3/period_qa.csv,,period_qa,,diagnostic_only; no_auto_accept; no_auto_split
207,208,0,12,17,139.71144008131026,0.26228917626690074,0,provisional,,data/derived/qa/qa_207_208_review_v3/period_qa.csv,,period_qa,,diagnostic_only; no_auto_accept; no_auto_split
207,208,0,12,18,142.90327573555936,0.3068493230546705,0,provisional,,data/derived/qa/qa_207_208_review_v3/period_qa.csv,,period_qa,,diagnostic_only; no_auto_accept; no_auto_split
207,208,0,12,19,141.39977477186542,0.28269323612501973,0,provisional,large_chi2_ndf,data/derived/qa/qa_207_208_review_v3/period_qa.csv,,period_qa,,diagnostic_only; no_auto_accept; no_auto_split
207,208,0,12,20,138.97252095324978,0.28163951171512236,0,provisional,,data/derived/qa/qa_207_208_review_v3/period_qa.csv,,period_qa,,diagnostic_only; no_auto_accept; no_auto_split
207,208,0,12,21,140.8172906532816,0.2719871445198778,0,provisional,,data/derived/qa/qa_207_208_review_v3/period_qa.csv,,period_qa,,diagnostic_only; no_auto_accept; no_auto_split
207,208,0,12,22,135.64907398389815,0.26544590138122537,0,provisional,,data/derived/qa/qa_207_208_review_v3/period_qa.csv,,period_qa,,diagnostic_only; no_auto_accept; no_auto_split
207,208,0,12,23,141.0837420372796,0.27877024797918926,0,provisional,,data/derived/qa/qa_207_208_review_v3/period_qa.csv,,period_qa,,diagnostic_only; no_auto_accept; no_auto_split
207,208,0,12,24,142.97068741281603,0.29157489551654364,0,provisional,large_chi2_ndf,data/derived/qa/qa_207_208_review_v3/period_qa.csv,,period_qa,,diagnostic_only; no_auto_accept; no_auto_split
207,208,0,12,25,142.4816973437759,0.3113205827898028,0,provisional,large_chi2_ndf,data/derived/qa/qa_207_208_review_v3/period_qa.csv,,period_qa,,diagnostic_only; no_auto_accept; no_auto_split
207,208,0,12,26,144.44881595978734,0.31650083281172026,0,provisional,large_chi2_ndf,data/derived/qa/qa_207_208_review_v3/period_qa.csv,,period_qa,,diagnostic_only; no_auto_accept; no_auto_split
207,208,0,12,27,143.89435362957096,0.31803875949975224,0,provisional,,data/derived/qa/qa_207_208_review_v3/period_qa.csv,,period_qa,,diagnostic_only; no_auto_accept; no_auto_split
207,208,0,12,28,142.6657659237584,0.33263960816950394,0,provisional,,data/derived/qa/qa_207_208_review_v3/period_qa.csv,,period_qa,,diagnostic_only; no_auto_accept; no_auto_split
207,208,0,12,29,142.54164028328768,0.32700083366766836,0,provisional,large_chi2_ndf,data/derived/qa/qa_207_208_review_v3/period_qa.csv,,period_qa,,diagnostic_only; no_auto_accept; no_auto_split
207,208,0,12,30,142.8469776749751,0.3380085680824897,0,provisional,,data/derived/qa/qa_207_208_review_v3/period_qa.csv,,period_qa,,diagnostic_only; no_auto_accept; no_auto_split
207,208,0,12,31,144.17181308046736,0.368365678265571,0,provisional,,data/derived/qa/qa_207_208_review_v3/period_qa.csv,,period_qa,,diagnostic_only; no_auto_accept; no_auto_split
207,208,1,1,1,137.51441787454993,0.38666411117793714,0,provisional,,data/derived/qa/qa_207_208_review_v3/period_qa.csv,,period_qa,,diagnostic_only; no_auto_accept; no_auto_split
207,208,1,1,2,138.2615083272766,0.46858481696437787,0,provisional,,data/derived/qa/qa_207_208_review_v3/period_qa.csv,,period_qa,,diagnostic_only; no_auto_accept; no_auto_split
207,208,1,1,3,138.58579571223774,0.393798202022955,0,provisional,,data/derived/qa/qa_207_208_review_v3/period_qa.csv,,period_qa,,diagnostic_only; no_auto_accept; no_auto_split
207,208,1,1,4,135.9726813696496,0.3507671228823144,0,provisional,,data/derived/qa/qa_207_208_review_v3/period_qa.csv,,period_qa,,diagnostic_only; no_auto_accept; no_auto_split
207,208,1,1,5,136.26425388874628,0.33862915941136706,0,provisional,,data/derived/qa/qa_207_208_review_v3/period_qa.csv,,period_qa,,diagnostic_only; no_auto_accept; no_auto_split
207,208,1,1,6,,,,known_dead_tile,insufficient_points,data/derived/qa/qa_207_208_review_v3/period_qa.csv,,none,,No usable calibration observations; excluded from period fit.
207,208,1,1,7,140.83461291322192,0.3629918504619766,0,provisional,,data/derived/qa/qa_207_208_review_v3/period_qa.csv,,period_qa,,diagnostic_only; no_auto_accept; no_auto_split
207,208,1,1,8,137.9680970586273,0.35336739256457245,0,provisional,,data/derived/qa/qa_207_208_review_v3/period_qa.csv,,period_qa,,diagnostic_only; no_auto_accept; no_auto_split
207,208,1,1,9,137.1088234779491,0.33240651854715975,0,provisional,,data/derived/qa/qa_207_208_review_v3/period_qa.csv,,period_qa,,diagnostic_only; no_auto_accept; no_auto_split
207,208,1,1,10,138.82344857311506,0.339102984594267,0,provisional,,data/derived/qa/qa_207_208_review_v3/period_qa.csv,,period_qa,,diagnostic_only; no_auto_accept; no_auto_split
207,208,1,1,11,137.97775129491015,0.3358354070320163,0,provisional,,data/derived/qa/qa_207_208_review_v3/period_qa.csv,,period_qa,,diagnostic_only; no_auto_accept; no_auto_split
207,208,1,1,12,136.2082442759888,0.3334601190328291,0,provisional,,data/derived/qa/qa_207_208_review_v3/period_qa.csv,,period_qa,,diagnostic_only; no_auto_accept; no_auto_split
207,208,1,1,13,138.06562321186289,0.3685792776131046,0,provisional,,data/derived/qa/qa_207_208_review_v3/period_qa.csv,,period_qa,,diagnostic_only; no_auto_accept; no_auto_split
207,208,1,1,14,137.66096722749953,0.3432064037980312,0,provisional,,data/derived/qa/qa_207_208_review_v3/period_qa.csv,,period_qa,,diagnostic_only; no_auto_accept; no_auto_split
207,208,1,1,15,138.18869924755944,0.3379235588719346,0,provisional,,data/derived/qa/qa_207_208_review_v3/period_qa.csv,,period_qa,,diagnostic_only; no_auto_accept; no_auto_split
207,208,1,1,16,138.44583742750112,0.3256834881976333,0,provisional,,data/derived/qa/qa_207_208_review_v3/period_qa.csv,,period_qa,,diagnostic_only; no_auto_accept; no_auto_split
207,208,1,1,17,134.1837326687607,0.32419310457381245,0,provisional,large_chi2_ndf,data/derived/qa/qa_207_208_review_v3/period_qa.csv,,period_qa,,diagnostic_only; no_auto_accept; no_auto_split
207,208,1,1,18,139.81163846194687,0.3486962667838332,0,provisional,,data/derived/qa/qa_207_208_review_v3/period_qa.csv,,period_qa,,diagnostic_only; no_auto_accept; no_auto_split
207,208,1,1,19,138.9882124453026,0.3460172280125131,0,provisional,,data/derived/qa/qa_207_208_review_v3/period_qa.csv,,period_qa,,diagnostic_only; no_auto_accept; no_auto_split
207,208,1,1,20,138.92080482705393,0.3581305998791293,0,provisional,,data/derived/qa/qa_207_208_review_v3/period_qa.csv,,period_qa,,diagnostic_only; no_auto_accept; no_auto_split
207,208,1,1,21,134.5870688966001,0.3431846203499952,0,provisional,,data/derived/qa/qa_207_208_review_v3/period_qa.csv,,period_qa,,diagnostic_only; no_auto_accept; no_auto_split
207,208,1,1,22,139.80423759669003,0.3545251942614335,0,provisional,,data/derived/qa/qa_207_208_review_v3/period_qa.csv,,period_qa,,diagnostic_only; no_auto_accept; no_auto_split
207,208,1,1,23,136.07145211967685,0.33362871225283486,0,provisional,,data/derived/qa/qa_207_208_review_v3/period_qa.csv,,period_qa,,diagnostic_only; no_auto_accept; no_auto_split
207,208,1,1,24,143.53661879973836,0.39433340262754,0,provisional,,data/derived/qa/qa_207_208_review_v3/period_qa.csv,,period_qa,,diagnostic_only; no_auto_accept; no_auto_split
207,208,1,1,25,139.45931025825482,0.3844932330037204,0,provisional,,data/derived/qa/qa_207_208_review_v3/period_qa.csv,,period_qa,,diagnostic_only; no_auto_accept; no_auto_split
207,208,1,1,26,140.26170930323389,0.3864257096041184,0,provisional,,data/derived/qa/qa_207_208_review_v3/period_qa.csv,,period_qa,,diagnostic_only; no_auto_accept; no_auto_split
207,208,1,1,27,141.1547452267322,0.40385777001436596,0,provisional,,data/derived/qa/qa_207_208_review_v3/period_qa.csv,,period_qa,,diagnostic_only; no_auto_accept; no_auto_split
207,208,1,1,28,141.28432991436537,0.3824904586207055,0,provisional,,data/derived/qa/qa_207_208_review_v3/period_qa.csv,,period_qa,,diagnostic_only; no_auto_accept; no_auto_split
207,208,1,1,29,139.09558458770977,0.40351038068110856,0,provisional,,data/derived/qa/qa_207_208_review_v3/period_qa.csv,,period_qa,,diagnostic_only; no_auto_accept; no_auto_split
207,208,1,1,30,139.9953397055097,0.3734637615290176,0,provisional,,data/derived/qa/qa_207_208_review_v3/period_qa.csv,,period_qa,,diagnostic_only; no_auto_accept; no_auto_split
207,208,1,1,31,139.95544565590723,0.38776203084637706,0,provisional,,data/derived/qa/qa_207_208_review_v3/period_qa.csv,,period_qa,,diagnostic_only; no_auto_accept; no_auto_split
207,208,1,2,1,142.64465145543443,0.44228115247888206,0,provisional,,data/derived/qa/qa_207_208_review_v3/period_qa.csv,,period_qa,,diagnostic_only; no_auto_accept; no_auto_split
207,208,1,2,2,139.03133260778537,0.3655150637956694,0,provisional,,data/derived/qa/qa_207_208_review_v3/period_qa.csv,,period_qa,,diagnostic_only; no_auto_accept; no_auto_split
207,208,1,2,3,137.87539844998793,0.3644676192441529,0,provisional,,data/derived/qa/qa_207_208_review_v3/period_qa.csv,,period_qa,,diagnostic_only; no_auto_accept; no_auto_split
207,208,1,2,4,141.15262546471524,0.2999096918599356,0,provisional,,data/derived/qa/qa_207_208_review_v3/period_qa.csv,,period_qa,,diagnostic_only; no_auto_accept; no_auto_split
207,208,1,2,5,140.096896362596,0.3134282246059822,0,provisional,,data/derived/qa/qa_207_208_review_v3/period_qa.csv,,period_qa,,diagnostic_only; no_auto_accept; no_auto_split
207,208,1,2,6,138.88097182883092,0.31290489780002817,0,provisional,large_chi2_ndf,data/derived/qa/qa_207_208_review_v3/period_qa.csv,,period_qa,,diagnostic_only; no_auto_accept; no_auto_split
207,208,1,2,7,140.54100438656005,0.33453664132181865,0,provisional,,data/derived/qa/qa_207_208_review_v3/period_qa.csv,,period_qa,,diagnostic_only; no_auto_accept; no_auto_split
207,208,1,2,8,139.28750735871216,0.33162354854405085,0,provisional,,data/derived/qa/qa_207_208_review_v3/period_qa.csv,,period_qa,,diagnostic_only; no_auto_accept; no_auto_split
207,208,1,2,9,140.24243303947702,0.30446738664345296,0,provisional,,data/derived/qa/qa_207_208_review_v3/period_qa.csv,,period_qa,,diagnostic_only; no_auto_accept; no_auto_split
207,208,1,2,10,,,,known_dead_tile,insufficient_points,data/derived/qa/qa_207_208_review_v3/period_qa.csv,,none,,No usable calibration observations; excluded from period fit.
207,208,1,2,11,141.46307948172642,0.3334971113486438,0,provisional,,data/derived/qa/qa_207_208_review_v3/period_qa.csv,,period_qa,,diagnostic_only; no_auto_accept; no_auto_split
207,208,1,2,12,136.129909702222,0.32829321689757596,0,provisional,,data/derived/qa/qa_207_208_review_v3/period_qa.csv,,period_qa,,diagnostic_only; no_auto_accept; no_auto_split
207,208,1,2,13,135.74081757954252,0.3440437807182648,0,provisional,,data/derived/qa/qa_207_208_review_v3/period_qa.csv,,period_qa,,diagnostic_only; no_auto_accept; no_auto_split
207,208,1,2,14,137.00434431113572,0.3286453508908392,0,provisional,,data/derived/qa/qa_207_208_review_v3/period_qa.csv,,period_qa,,diagnostic_only; no_auto_accept; no_auto_split
207,208,1,2,15,134.57418161837774,0.33174389555152956,0,provisional,,data/derived/qa/qa_207_208_review_v3/period_qa.csv,,period_qa,,diagnostic_only; no_auto_accept; no_auto_split
207,208,1,2,16,137.4216716851668,0.3350280034767502,0,provisional,,data/derived/qa/qa_207_208_review_v3/period_qa.csv,,period_qa,,diagnostic_only; no_auto_accept; no_auto_split
207,208,1,2,17,138.9721112718109,0.3473900783692438,0,provisional,,data/derived/qa/qa_207_208_review_v3/period_qa.csv,,period_qa,,diagnostic_only; no_auto_accept; no_auto_split
207,208,1,2,18,138.67534413712593,0.3593531762132196,0,provisional,,data/derived/qa/qa_207_208_review_v3/period_qa.csv,,period_qa,,diagnostic_only; no_auto_accept; no_auto_split
207,208,1,2,19,136.54124716593861,0.34204281719740537,0,provisional,,data/derived/qa/qa_207_208_review_v3/period_qa.csv,,period_qa,,diagnostic_only; no_auto_accept; no_auto_split
207,208,1,2,20,139.5934125555797,0.34783864914187285,0,provisional,,data/derived/qa/qa_207_208_review_v3/period_qa.csv,,period_qa,,diagnostic_only; no_auto_accept; no_auto_split
207,208,1,2,21,137.0491914080671,0.35628837798760243,0,provisional,,data/derived/qa/qa_207_208_review_v3/period_qa.csv,,period_qa,,diagnostic_only; no_auto_accept; no_auto_split
207,208,1,2,22,135.51095811340502,0.3425670836913491,0,provisional,,data/derived/qa/qa_207_208_review_v3/period_qa.csv,,period_qa,,diagnostic_only; no_auto_accept; no_auto_split
207,208,1,2,23,136.4547683598096,0.35346396268175995,0,provisional,,data/derived/qa/qa_207_208_review_v3/period_qa.csv,,period_qa,,diagnostic_only; no_auto_accept; no_auto_split
207,208,1,2,24,140.8314686463185,0.4126908870535559,0,provisional,,data/derived/qa/qa_207_208_review_v3/period_qa.csv,,period_qa,,diagnostic_only; no_auto_accept; no_auto_split
207,208,1,2,25,140.83209634998218,0.4310586802496779,0,provisional,,data/derived/qa/qa_207_208_review_v3/period_qa.csv,,period_qa,,diagnostic_only; no_auto_accept; no_auto_split
207,208,1,2,26,139.86009176223413,0.38981975779240485,0,provisional,,data/derived/qa/qa_207_208_review_v3/period_qa.csv,,period_qa,,diagnostic_only; no_auto_accept; no_auto_split
207,208,1,2,27,137.33873653995568,0.3970551985363737,0,provisional,,data/derived/qa/qa_207_208_review_v3/period_qa.csv,,period_qa,,diagnostic_only; no_auto_accept; no_auto_split
207,208,1,2,28,136.06053433221518,0.3392340550521876,0,provisional,,data/derived/qa/qa_207_208_review_v3/period_qa.csv,,period_qa,,diagnostic_only; no_auto_accept; no_auto_split
207,208,1,2,29,138.53494879288849,0.37183560511633446,0,provisional,,data/derived/qa/qa_207_208_review_v3/period_qa.csv,,period_qa,,diagnostic_only; no_auto_accept; no_auto_split
207,208,1,2,30,138.886583659258,0.3618872167637616,0,provisional,,data/derived/qa/qa_207_208_review_v3/period_qa.csv,,period_qa,,diagnostic_only; no_auto_accept; no_auto_split
207,208,1,2,31,139.72593352103908,0.3958175552866837,0,provisional,,data/derived/qa/qa_207_208_review_v3/period_qa.csv,,period_qa,,diagnostic_only; no_auto_accept; no_auto_split
207,208,1,3,1,139.63101642272062,0.5433217014173707,0,provisional,,data/derived/qa/qa_207_208_review_v3/period_qa.csv,,period_qa,,diagnostic_only; no_auto_accept; no_auto_split
207,208,1,3,2,144.24109085787083,0.413828910421171,0,provisional,,data/derived/qa/qa_207_208_review_v3/period_qa.csv,,period_qa,,diagnostic_only; no_auto_accept; no_auto_split
207,208,1,3,3,143.89690209359804,0.41357555501641635,0,provisional,,data/derived/qa/qa_207_208_review_v3/period_qa.csv,,period_qa,,diagnostic_only; no_auto_accept; no_auto_split
207,208,1,3,4,137.12398705871303,0.3408978538555871,0,provisional,,data/derived/qa/qa_207_208_review_v3/period_qa.csv,,period_qa,,diagnostic_only; no_auto_accept; no_auto_split
207,208,1,3,5,138.98614472129066,0.3762050200639741,0,provisional,,data/derived/qa/qa_207_208_review_v3/period_qa.csv,,period_qa,,diagnostic_only; no_auto_accept; no_auto_split
207,208,1,3,6,142.73880914137857,0.33286701712775113,0,provisional,,data/derived/qa/qa_207_208_review_v3/period_qa.csv,,period_qa,,diagnostic_only; no_auto_accept; no_auto_split
207,208,1,3,7,138.52377885684973,0.3312394476588233,0,provisional,,data/derived/qa/qa_207_208_review_v3/period_qa.csv,,period_qa,,diagnostic_only; no_auto_accept; no_auto_split
207,208,1,3,8,139.12909021756593,0.32168524951852046,0,provisional,,data/derived/qa/qa_207_208_review_v3/period_qa.csv,,period_qa,,diagnostic_only; no_auto_accept; no_auto_split
207,208,1,3,9,137.36529525003533,0.35108854416773255,0,provisional,,data/derived/qa/qa_207_208_review_v3/period_qa.csv,,period_qa,,diagnostic_only; no_auto_accept; no_auto_split
207,208,1,3,10,138.86290364113864,0.33620416755819077,0,provisional,,data/derived/qa/qa_207_208_review_v3/period_qa.csv,,period_qa,,diagnostic_only; no_auto_accept; no_auto_split
207,208,1,3,11,138.55491810662548,0.35748069549803696,0,provisional,,data/derived/qa/qa_207_208_review_v3/period_qa.csv,,period_qa,,diagnostic_only; no_auto_accept; no_auto_split
207,208,1,3,12,142.6756392860639,0.36007429508417393,0,provisional,,data/derived/qa/qa_207_208_review_v3/period_qa.csv,,period_qa,,diagnostic_only; no_auto_accept; no_auto_split
207,208,1,3,13,141.15278864852607,0.399557620732153,0,provisional,,data/derived/qa/qa_207_208_review_v3/period_qa.csv,,period_qa,,diagnostic_only; no_auto_accept; no_auto_split
207,208,1,3,14,139.2004053416364,0.33394915499257427,0,provisional,,data/derived/qa/qa_207_208_review_v3/period_qa.csv,,period_qa,,diagnostic_only; no_auto_accept; no_auto_split
207,208,1,3,15,137.57807553934407,0.3444869851346484,0,provisional,,data/derived/qa/qa_207_208_review_v3/period_qa.csv,,period_qa,,diagnostic_only; no_auto_accept; no_auto_split
207,208,1,3,16,139.20262096090252,0.34529194390730533,0,provisional,,data/derived/qa/qa_207_208_review_v3/period_qa.csv,,period_qa,,diagnostic_only; no_auto_accept; no_auto_split
207,208,1,3,17,139.63518791721185,0.35105772160515364,0,provisional,,data/derived/qa/qa_207_208_review_v3/period_qa.csv,,period_qa,,diagnostic_only; no_auto_accept; no_auto_split
207,208,1,3,18,141.77644725837172,0.35772877462429536,0,provisional,,data/derived/qa/qa_207_208_review_v3/period_qa.csv,,period_qa,,diagnostic_only; no_auto_accept; no_auto_split
207,208,1,3,19,141.01031260646693,0.38913450679731504,0,provisional,,data/derived/qa/qa_207_208_review_v3/period_qa.csv,,period_qa,,diagnostic_only; no_auto_accept; no_auto_split
207,208,1,3,20,139.78854055966067,0.367544557273344,0,provisional,,data/derived/qa/qa_207_208_review_v3/period_qa.csv,,period_qa,,diagnostic_only; no_auto_accept; no_auto_split
207,208,1,3,21,142.47853988114858,0.3868453729773059,0,provisional,,data/derived/qa/qa_207_208_review_v3/period_qa.csv,,period_qa,,diagnostic_only; no_auto_accept; no_auto_split
207,208,1,3,22,141.48358715849224,0.37956243741678874,0,provisional,large_chi2_ndf,data/derived/qa/qa_207_208_review_v3/period_qa.csv,,period_qa,,diagnostic_only; no_auto_accept; no_auto_split
207,208,1,3,23,140.88148012001588,0.4181569472261497,0,provisional,,data/derived/qa/qa_207_208_review_v3/period_qa.csv,,period_qa,,diagnostic_only; no_auto_accept; no_auto_split
207,208,1,3,24,137.92929304198125,0.39756859151575985,0,provisional,,data/derived/qa/qa_207_208_review_v3/period_qa.csv,,period_qa,,diagnostic_only; no_auto_accept; no_auto_split
207,208,1,3,25,139.6142155249359,0.4114034314109931,0,provisional,,data/derived/qa/qa_207_208_review_v3/period_qa.csv,,period_qa,,diagnostic_only; no_auto_accept; no_auto_split
207,208,1,3,26,139.10446984305509,0.3964755454141434,0,provisional,,data/derived/qa/qa_207_208_review_v3/period_qa.csv,,period_qa,,diagnostic_only; no_auto_accept; no_auto_split
207,208,1,3,27,138.66745323067204,0.40257542498618726,0,provisional,,data/derived/qa/qa_207_208_review_v3/period_qa.csv,,period_qa,,diagnostic_only; no_auto_accept; no_auto_split
207,208,1,3,28,141.1011485321107,0.48157508393479254,0,provisional,,data/derived/qa/qa_207_208_review_v3/period_qa.csv,,period_qa,,diagnostic_only; no_auto_accept; no_auto_split
207,208,1,3,29,144.81019381909647,0.43485197144257676,0,provisional,,data/derived/qa/qa_207_208_review_v3/period_qa.csv,,period_qa,,diagnostic_only; no_auto_accept; no_auto_split
207,208,1,3,30,142.91308440848854,0.5350755867476586,0,provisional,,data/derived/qa/qa_207_208_review_v3/period_qa.csv,,period_qa,,diagnostic_only; no_auto_accept; no_auto_split
207,208,1,3,31,139.98341546052458,0.3853909698387925,0,provisional,,data/derived/qa/qa_207_208_review_v3/period_qa.csv,,period_qa,,diagnostic_only; no_auto_accept; no_auto_split
207,208,1,4,1,141.98284525100672,0.39401146974972157,0,provisional,,data/derived/qa/qa_207_208_review_v3/period_qa.csv,,period_qa,,diagnostic_only; no_auto_accept; no_auto_split
207,208,1,4,2,144.80662954365056,0.47077012288045383,0,provisional,,data/derived/qa/qa_207_208_review_v3/period_qa.csv,,period_qa,,diagnostic_only; no_auto_accept; no_auto_split
207,208,1,4,3,143.96833062009014,0.3954161596380461,0,provisional,,data/derived/qa/qa_207_208_review_v3/period_qa.csv,,period_qa,,diagnostic_only; no_auto_accept; no_auto_split
207,208,1,4,4,143.1197300420764,0.3611036206309803,0,provisional,,data/derived/qa/qa_207_208_review_v3/period_qa.csv,,period_qa,,diagnostic_only; no_auto_accept; no_auto_split
207,208,1,4,5,140.79597306996678,0.3188107030853661,0,provisional,,data/derived/qa/qa_207_208_review_v3/period_qa.csv,,period_qa,,diagnostic_only; no_auto_accept; no_auto_split
207,208,1,4,6,143.53308867077055,0.3450343311803328,0,provisional,,data/derived/qa/qa_207_208_review_v3/period_qa.csv,,period_qa,,diagnostic_only; no_auto_accept; no_auto_split
207,208,1,4,7,143.46449654938212,0.3345382843360268,0,provisional,,data/derived/qa/qa_207_208_review_v3/period_qa.csv,,period_qa,,diagnostic_only; no_auto_accept; no_auto_split
207,208,1,4,8,142.18571228839383,0.3243934095316519,0,provisional,,data/derived/qa/qa_207_208_review_v3/period_qa.csv,,period_qa,,diagnostic_only; no_auto_accept; no_auto_split
207,208,1,4,9,142.69732507100076,0.32102267573355175,0,provisional,large_chi2_ndf,data/derived/qa/qa_207_208_review_v3/period_qa.csv,,period_qa,,diagnostic_only; no_auto_accept; no_auto_split
207,208,1,4,10,137.26500374157644,0.31719331830911285,0,provisional,,data/derived/qa/qa_207_208_review_v3/period_qa.csv,,period_qa,,diagnostic_only; no_auto_accept; no_auto_split
207,208,1,4,11,138.78114141533712,0.3272962332130903,0,provisional,,data/derived/qa/qa_207_208_review_v3/period_qa.csv,,period_qa,,diagnostic_only; no_auto_accept; no_auto_split
207,208,1,4,12,138.1529449455227,0.33728680405088557,0,provisional,,data/derived/qa/qa_207_208_review_v3/period_qa.csv,,period_qa,,diagnostic_only; no_auto_accept; no_auto_split
207,208,1,4,13,138.3020977949847,0.3374494562832269,0,provisional,,data/derived/qa/qa_207_208_review_v3/period_qa.csv,,period_qa,,diagnostic_only; no_auto_accept; no_auto_split
207,208,1,4,14,136.69338160314476,0.3188405964870768,0,provisional,,data/derived/qa/qa_207_208_review_v3/period_qa.csv,,period_qa,,diagnostic_only; no_auto_accept; no_auto_split
207,208,1,4,15,137.41390873522496,0.33963936230941016,0,provisional,,data/derived/qa/qa_207_208_review_v3/period_qa.csv,,period_qa,,diagnostic_only; no_auto_accept; no_auto_split
207,208,1,4,16,144.6943893861734,0.37049306017387096,0,provisional,,data/derived/qa/qa_207_208_review_v3/period_qa.csv,,period_qa,,diagnostic_only; no_auto_accept; no_auto_split
207,208,1,4,17,144.15107933735322,0.3446801153132493,0,provisional,,data/derived/qa/qa_207_208_review_v3/period_qa.csv,,period_qa,,diagnostic_only; no_auto_accept; no_auto_split
207,208,1,4,18,144.4899737937623,0.35732159065851554,0,provisional,,data/derived/qa/qa_207_208_review_v3/period_qa.csv,,period_qa,,diagnostic_only; no_auto_accept; no_auto_split
207,208,1,4,19,144.7469172026909,0.39083816584313713,0,provisional,,data/derived/qa/qa_207_208_review_v3/period_qa.csv,,period_qa,,diagnostic_only; no_auto_accept; no_auto_split
207,208,1,4,20,147.4307039014758,0.4213039062828089,0,provisional,,data/derived/qa/qa_207_208_review_v3/period_qa.csv,,period_qa,,diagnostic_only; no_auto_accept; no_auto_split
207,208,1,4,21,150.46425933747275,0.3946883612027745,0,provisional,different_from_nominal,data/derived/qa/qa_207_208_review_v3/period_qa.csv,,period_qa,,diagnostic_only; no_auto_accept; no_auto_split
207,208,1,4,22,143.04994349105397,0.4104871834544698,0,provisional,,data/derived/qa/qa_207_208_review_v3/period_qa.csv,,period_qa,,diagnostic_only; no_auto_accept; no_auto_split
207,208,1,4,23,144.03119041522535,0.37084205127198233,0,provisional,,data/derived/qa/qa_207_208_review_v3/period_qa.csv,,period_qa,,diagnostic_only; no_auto_accept; no_auto_split
207,208,1,4,24,140.42081743655615,0.3985088679215967,0,provisional,,data/derived/qa/qa_207_208_review_v3/period_qa.csv,,period_qa,,diagnostic_only; no_auto_accept; no_auto_split
207,208,1,4,25,144.4408535644761,0.4372036361289945,0,provisional,,data/derived/qa/qa_207_208_review_v3/period_qa.csv,,period_qa,,diagnostic_only; no_auto_accept; no_auto_split
207,208,1,4,26,143.15904720067,0.41952434502858504,0,provisional,,data/derived/qa/qa_207_208_review_v3/period_qa.csv,,period_qa,,diagnostic_only; no_auto_accept; no_auto_split
207,208,1,4,27,140.60025683668698,0.4124493007762272,0,provisional,,data/derived/qa/qa_207_208_review_v3/period_qa.csv,,period_qa,,diagnostic_only; no_auto_accept; no_auto_split
207,208,1,4,28,142.32764187061528,0.3872916184686251,0,provisional,,data/derived/qa/qa_207_208_review_v3/period_qa.csv,,period_qa,,diagnostic_only; no_auto_accept; no_auto_split
207,208,1,4,29,147.94891625512852,0.4532470668308457,0,provisional,,data/derived/qa/qa_207_208_review_v3/period_qa.csv,,period_qa,,diagnostic_only; no_auto_accept; no_auto_split
207,208,1,4,30,144.6990067618112,0.41809559476441066,0,provisional,,data/derived/qa/qa_207_208_review_v3/period_qa.csv,,period_qa,,diagnostic_only; no_auto_accept; no_auto_split
207,208,1,4,31,142.39142609091863,0.49340214248859776,0,provisional,,data/derived/qa/qa_207_208_review_v3/period_qa.csv,,period_qa,,diagnostic_only; no_auto_accept; no_auto_split
207,208,1,5,1,143.45613326731643,0.46915488720779797,0,provisional,,data/derived/qa/qa_207_208_review_v3/period_qa.csv,,period_qa,,diagnostic_only; no_auto_accept; no_auto_split
207,208,1,5,2,141.93879381933996,0.4495749556008887,0,provisional,,data/derived/qa/qa_207_208_review_v3/period_qa.csv,,period_qa,,diagnostic_only; no_auto_accept; no_auto_split
207,208,1,5,3,146.8001843016546,0.4813473916080095,0,provisional,,data/derived/qa/qa_207_208_review_v3/period_qa.csv,,period_qa,,diagnostic_only; no_auto_accept; no_auto_split
207,208,1,5,4,138.8368784311765,0.3680538346713075,0,provisional,,data/derived/qa/qa_207_208_review_v3/period_qa.csv,,period_qa,,diagnostic_only; no_auto_accept; no_auto_split
207,208,1,5,5,141.00405674785847,0.32593144875092694,0,provisional,,data/derived/qa/qa_207_208_review_v3/period_qa.csv,,period_qa,,diagnostic_only; no_auto_accept; no_auto_split
207,208,1,5,6,137.69252519286283,0.3361772923802699,0,provisional,,data/derived/qa/qa_207_208_review_v3/period_qa.csv,,period_qa,,diagnostic_only; no_auto_accept; no_auto_split
207,208,1,5,7,139.80470352166816,0.3699122330174062,0,provisional,,data/derived/qa/qa_207_208_review_v3/period_qa.csv,,period_qa,,diagnostic_only; no_auto_accept; no_auto_split
207,208,1,5,8,139.85983904695473,0.34201375655558297,0,provisional,,data/derived/qa/qa_207_208_review_v3/period_qa.csv,,period_qa,,diagnostic_only; no_auto_accept; no_auto_split
207,208,1,5,9,139.55170560506056,0.30668976667351616,0,provisional,,data/derived/qa/qa_207_208_review_v3/period_qa.csv,,period_qa,,diagnostic_only; no_auto_accept; no_auto_split
207,208,1,5,10,137.1651842465569,0.38627089027854555,0,provisional,,data/derived/qa/qa_207_208_review_v3/period_qa.csv,,period_qa,,diagnostic_only; no_auto_accept; no_auto_split
207,208,1,5,11,140.00239274240658,0.34216586070458405,0,provisional,,data/derived/qa/qa_207_208_review_v3/period_qa.csv,,period_qa,,diagnostic_only; no_auto_accept; no_auto_split
207,208,1,5,12,135.50689212710563,0.3554737595702503,0,provisional,large_chi2_ndf,data/derived/qa/qa_207_208_review_v3/period_qa.csv,,period_qa,,diagnostic_only; no_auto_accept; no_auto_split
207,208,1,5,13,139.09238535288014,0.39242432573796737,0,provisional,,data/derived/qa/qa_207_208_review_v3/period_qa.csv,,period_qa,,diagnostic_only; no_auto_accept; no_auto_split
207,208,1,5,14,137.52871608552792,0.35365651419651234,0,provisional,,data/derived/qa/qa_207_208_review_v3/period_qa.csv,,period_qa,,diagnostic_only; no_auto_accept; no_auto_split
207,208,1,5,15,138.16472678896503,0.3886039131068653,0,provisional,,data/derived/qa/qa_207_208_review_v3/period_qa.csv,,period_qa,,diagnostic_only; no_auto_accept; no_auto_split
207,208,1,5,16,139.17998201597902,0.3447025204870435,0,provisional,,data/derived/qa/qa_207_208_review_v3/period_qa.csv,,period_qa,,diagnostic_only; no_auto_accept; no_auto_split
207,208,1,5,17,139.8821644159362,0.35406957341900325,0,provisional,large_chi2_ndf,data/derived/qa/qa_207_208_review_v3/period_qa.csv,,period_qa,,diagnostic_only; no_auto_accept; no_auto_split
207,208,1,5,18,139.43887578443264,0.3870998965507367,0,provisional,large_chi2_ndf,data/derived/qa/qa_207_208_review_v3/period_qa.csv,,period_qa,,diagnostic_only; no_auto_accept; no_auto_split
207,208,1,5,19,142.14824636611246,0.369411713554832,0,provisional,large_chi2_ndf,data/derived/qa/qa_207_208_review_v3/period_qa.csv,,period_qa,,diagnostic_only; no_auto_accept; no_auto_split
207,208,1,5,20,140.45987376543644,0.3820777241554345,0,provisional,large_chi2_ndf,data/derived/qa/qa_207_208_review_v3/period_qa.csv,,period_qa,,diagnostic_only; no_auto_accept; no_auto_split
207,208,1,5,21,139.625070205655,0.380760561054606,0,provisional,,data/derived/qa/qa_207_208_review_v3/period_qa.csv,,period_qa,,diagnostic_only; no_auto_accept; no_auto_split
207,208,1,5,22,143.33832147693826,0.4318130081952437,0,provisional,,data/derived/qa/qa_207_208_review_v3/period_qa.csv,,period_qa,,diagnostic_only; no_auto_accept; no_auto_split
207,208,1,5,23,138.56141624874297,0.44254593549944216,0,provisional,,data/derived/qa/qa_207_208_review_v3/period_qa.csv,,period_qa,,diagnostic_only; no_auto_accept; no_auto_split
207,208,1,5,24,139.8813479102052,0.39835822124124953,0,provisional,,data/derived/qa/qa_207_208_review_v3/period_qa.csv,,period_qa,,diagnostic_only; no_auto_accept; no_auto_split
207,208,1,5,25,139.26549937707514,0.39608756963053,0,provisional,,data/derived/qa/qa_207_208_review_v3/period_qa.csv,,period_qa,,diagnostic_only; no_auto_accept; no_auto_split
207,208,1,5,26,142.06450935242037,0.405419781557716,0,provisional,,data/derived/qa/qa_207_208_review_v3/period_qa.csv,,period_qa,,diagnostic_only; no_auto_accept; no_auto_split
207,208,1,5,27,140.73551439735107,0.41745057657672313,0,provisional,large_chi2_ndf,data/derived/qa/qa_207_208_review_v3/period_qa.csv,,period_qa,,diagnostic_only; no_auto_accept; no_auto_split
207,208,1,5,28,142.77936579980832,0.41474367864425743,0,provisional,,data/derived/qa/qa_207_208_review_v3/period_qa.csv,,period_qa,,diagnostic_only; no_auto_accept; no_auto_split
207,208,1,5,29,141.69547575030376,0.4546656013666587,0,provisional,,data/derived/qa/qa_207_208_review_v3/period_qa.csv,,period_qa,,diagnostic_only; no_auto_accept; no_auto_split
207,208,1,5,30,140.498424720971,0.4098221146709295,0,provisional,,data/derived/qa/qa_207_208_review_v3/period_qa.csv,,period_qa,,diagnostic_only; no_auto_accept; no_auto_split
207,208,1,5,31,141.08202508919786,0.40956374315286836,0,provisional,,data/derived/qa/qa_207_208_review_v3/period_qa.csv,,period_qa,,diagnostic_only; no_auto_accept; no_auto_split
207,208,1,6,1,99.65742879286941,1.289512082513406,0,provisional,different_from_nominal,data/derived/qa/qa_207_208_review_v3/period_qa.csv,,period_qa,,diagnostic_only; no_auto_accept; no_auto_split
207,208,1,6,2,138.833664134575,0.3589770425083542,0,provisional,,data/derived/qa/qa_207_208_review_v3/period_qa.csv,,period_qa,,diagnostic_only; no_auto_accept; no_auto_split
207,208,1,6,3,141.5543685108604,0.3613743379578834,0,provisional,,data/derived/qa/qa_207_208_review_v3/period_qa.csv,,period_qa,,diagnostic_only; no_auto_accept; no_auto_split
207,208,1,6,4,141.7273086579063,0.31368285962233466,0,provisional,,data/derived/qa/qa_207_208_review_v3/period_qa.csv,,period_qa,,diagnostic_only; no_auto_accept; no_auto_split
207,208,1,6,5,141.10013795365975,0.3072754289970902,0,provisional,,data/derived/qa/qa_207_208_review_v3/period_qa.csv,,period_qa,,diagnostic_only; no_auto_accept; no_auto_split
207,208,1,6,6,139.61484774449158,0.30787965812519585,0,provisional,,data/derived/qa/qa_207_208_review_v3/period_qa.csv,,period_qa,,diagnostic_only; no_auto_accept; no_auto_split
207,208,1,6,7,139.87979263334597,0.29656244612469895,0,provisional,,data/derived/qa/qa_207_208_review_v3/period_qa.csv,,period_qa,,diagnostic_only; no_auto_accept; no_auto_split
207,208,1,6,8,138.06715988944438,0.282698990883317,0,provisional,,data/derived/qa/qa_207_208_review_v3/period_qa.csv,,period_qa,,diagnostic_only; no_auto_accept; no_auto_split
207,208,1,6,9,140.92504589309516,0.3009346127154378,0,provisional,large_chi2_ndf,data/derived/qa/qa_207_208_review_v3/period_qa.csv,,period_qa,,diagnostic_only; no_auto_accept; no_auto_split
207,208,1,6,10,139.10416382284583,0.30873044577650033,0,provisional,,data/derived/qa/qa_207_208_review_v3/period_qa.csv,,period_qa,,diagnostic_only; no_auto_accept; no_auto_split
207,208,1,6,11,140.91854250212808,0.32344009701880827,0,provisional,large_chi2_ndf,data/derived/qa/qa_207_208_review_v3/period_qa.csv,,period_qa,,diagnostic_only; no_auto_accept; no_auto_split
207,208,1,6,12,139.2813476794423,0.3182897723324586,0,provisional,,data/derived/qa/qa_207_208_review_v3/period_qa.csv,,period_qa,,diagnostic_only; no_auto_accept; no_auto_split
207,208,1,6,13,139.99714976223527,0.3618667327946952,0,provisional,,data/derived/qa/qa_207_208_review_v3/period_qa.csv,,period_qa,,diagnostic_only; no_auto_accept; no_auto_split
207,208,1,6,14,142.9098713735758,0.3312013702116497,0,provisional,large_chi2_ndf,data/derived/qa/qa_207_208_review_v3/period_qa.csv,,period_qa,,diagnostic_only; no_auto_accept; no_auto_split
207,208,1,6,15,142.53170821556375,0.3629388245430873,0,provisional,,data/derived/qa/qa_207_208_review_v3/period_qa.csv,,period_qa,,diagnostic_only; no_auto_accept; no_auto_split
207,208,1,6,16,136.78949258516275,0.31660357133087913,0,provisional,large_chi2_ndf,data/derived/qa/qa_207_208_review_v3/period_qa.csv,,period_qa,,diagnostic_only; no_auto_accept; no_auto_split
207,208,1,6,17,138.30867837007037,0.33764090869144076,0,provisional,,data/derived/qa/qa_207_208_review_v3/period_qa.csv,,period_qa,,diagnostic_only; no_auto_accept; no_auto_split
207,208,1,6,18,140.6047419778652,0.3363676951888793,0,provisional,,data/derived/qa/qa_207_208_review_v3/period_qa.csv,,period_qa,,diagnostic_only; no_auto_accept; no_auto_split
207,208,1,6,19,139.42680358071982,0.3539570267783853,0,provisional,large_chi2_ndf,data/derived/qa/qa_207_208_review_v3/period_qa.csv,,period_qa,,diagnostic_only; no_auto_accept; no_auto_split
207,208,1,6,20,140.20054956863711,0.3285436866360096,0,provisional,large_chi2_ndf,data/derived/qa/qa_207_208_review_v3/period_qa.csv,,period_qa,,diagnostic_only; no_auto_accept; no_auto_split
207,208,1,6,21,142.42759685683677,0.3936048700440196,0,provisional,,data/derived/qa/qa_207_208_review_v3/period_qa.csv,,period_qa,,diagnostic_only; no_auto_accept; no_auto_split
207,208,1,6,22,140.63322064366486,0.3490110731983424,0,provisional,,data/derived/qa/qa_207_208_review_v3/period_qa.csv,,period_qa,,diagnostic_only; no_auto_accept; no_auto_split
207,208,1,6,23,138.7239444173226,0.3806341331984427,0,provisional,,data/derived/qa/qa_207_208_review_v3/period_qa.csv,,period_qa,,diagnostic_only; no_auto_accept; no_auto_split
207,208,1,6,24,143.55448683111865,0.3438897632491395,0,provisional,,data/derived/qa/qa_207_208_review_v3/period_qa.csv,,period_qa,,diagnostic_only; no_auto_accept; no_auto_split
207,208,1,6,25,139.85409471304266,0.3930185306477559,0,provisional,,data/derived/qa/qa_207_208_review_v3/period_qa.csv,,period_qa,,diagnostic_only; no_auto_accept; no_auto_split
207,208,1,6,26,140.19390645168733,0.3330692837324109,0,provisional,,data/derived/qa/qa_207_208_review_v3/period_qa.csv,,period_qa,,diagnostic_only; no_auto_accept; no_auto_split
207,208,1,6,27,140.85913984889118,0.3652181095834577,0,provisional,,data/derived/qa/qa_207_208_review_v3/period_qa.csv,,period_qa,,diagnostic_only; no_auto_accept; no_auto_split
207,208,1,6,28,141.411886515128,0.36342868815112045,0,provisional,,data/derived/qa/qa_207_208_review_v3/period_qa.csv,,period_qa,,diagnostic_only; no_auto_accept; no_auto_split
207,208,1,6,29,140.1967842020358,0.38710462774630217,0,provisional,,data/derived/qa/qa_207_208_review_v3/period_qa.csv,,period_qa,,diagnostic_only; no_auto_accept; no_auto_split
207,208,1,6,30,140.6291913804463,0.35594483849990355,0,provisional,,data/derived/qa/qa_207_208_review_v3/period_qa.csv,,period_qa,,diagnostic_only; no_auto_accept; no_auto_split
207,208,1,6,31,139.3510840725335,0.3641685243817378,0,provisional,,data/derived/qa/qa_207_208_review_v3/period_qa.csv,,period_qa,,diagnostic_only; no_auto_accept; no_auto_split
207,208,1,7,1,139.59963213921455,0.4610956173510914,0,provisional,,data/derived/qa/qa_207_208_review_v3/period_qa.csv,,period_qa,,diagnostic_only; no_auto_accept; no_auto_split
207,208,1,7,2,135.6971157540719,0.34810955613013994,0,provisional,,data/derived/qa/qa_207_208_review_v3/period_qa.csv,,period_qa,,diagnostic_only; no_auto_accept; no_auto_split
207,208,1,7,3,136.8720871140282,0.38950611993927825,0,provisional,,data/derived/qa/qa_207_208_review_v3/period_qa.csv,,period_qa,,diagnostic_only; no_auto_accept; no_auto_split
207,208,1,7,4,136.27578492703725,0.3898310134052127,0,provisional,,data/derived/qa/qa_207_208_review_v3/period_qa.csv,,period_qa,,diagnostic_only; no_auto_accept; no_auto_split
207,208,1,7,5,137.49779342545304,0.31706350809803757,0,provisional,,data/derived/qa/qa_207_208_review_v3/period_qa.csv,,period_qa,,diagnostic_only; no_auto_accept; no_auto_split
207,208,1,7,6,134.92111433469728,0.32135986010757406,0,provisional,,data/derived/qa/qa_207_208_review_v3/period_qa.csv,,period_qa,,diagnostic_only; no_auto_accept; no_auto_split
207,208,1,7,7,132.61681791800083,0.29794490722386696,0,provisional,,data/derived/qa/qa_207_208_review_v3/period_qa.csv,,period_qa,,diagnostic_only; no_auto_accept; no_auto_split
207,208,1,7,8,133.58609332563725,0.2992761345997745,0,provisional,,data/derived/qa/qa_207_208_review_v3/period_qa.csv,,period_qa,,diagnostic_only; no_auto_accept; no_auto_split
207,208,1,7,9,134.27666860961781,0.2895917189858674,0,provisional,,data/derived/qa/qa_207_208_review_v3/period_qa.csv,,period_qa,,diagnostic_only; no_auto_accept; no_auto_split
207,208,1,7,10,136.4785058161262,0.3099775161830179,0,provisional,large_chi2_ndf,data/derived/qa/qa_207_208_review_v3/period_qa.csv,,period_qa,,diagnostic_only; no_auto_accept; no_auto_split
207,208,1,7,11,137.91916226409617,0.3032738181289604,0,provisional,,data/derived/qa/qa_207_208_review_v3/period_qa.csv,,period_qa,,diagnostic_only; no_auto_accept; no_auto_split
207,208,1,7,12,139.52362296614632,0.3806184854190465,0,provisional,,data/derived/qa/qa_207_208_review_v3/period_qa.csv,,period_qa,,diagnostic_only; no_auto_accept; no_auto_split
207,208,1,7,13,138.97374820289377,0.34444554922012005,0,provisional,,data/derived/qa/qa_207_208_review_v3/period_qa.csv,,period_qa,,diagnostic_only; no_auto_accept; no_auto_split
207,208,1,7,14,131.8214055546682,0.30240984171651586,0,provisional,,data/derived/qa/qa_207_208_review_v3/period_qa.csv,,period_qa,,diagnostic_only; no_auto_accept; no_auto_split
207,208,1,7,15,136.52754487480613,0.30762857735595167,0,provisional,,data/derived/qa/qa_207_208_review_v3/period_qa.csv,,period_qa,,diagnostic_only; no_auto_accept; no_auto_split
207,208,1,7,16,137.92012494966133,0.36830123432350115,0,provisional,,data/derived/qa/qa_207_208_review_v3/period_qa.csv,,period_qa,,diagnostic_only; no_auto_accept; no_auto_split
207,208,1,7,17,140.31033226740703,0.3241009754068707,0,provisional,,data/derived/qa/qa_207_208_review_v3/period_qa.csv,,period_qa,,diagnostic_only; no_auto_accept; no_auto_split
207,208,1,7,18,136.90979636813196,0.4084206149140625,0,provisional,,data/derived/qa/qa_207_208_review_v3/period_qa.csv,,period_qa,,diagnostic_only; no_auto_accept; no_auto_split
207,208,1,7,19,139.31046332368754,0.3275169642685379,0,provisional,,data/derived/qa/qa_207_208_review_v3/period_qa.csv,,period_qa,,diagnostic_only; no_auto_accept; no_auto_split
207,208,1,7,20,138.41293914708038,0.3743833244973494,0,provisional,large_chi2_ndf,data/derived/qa/qa_207_208_review_v3/period_qa.csv,,period_qa,,diagnostic_only; no_auto_accept; no_auto_split
207,208,1,7,21,138.2619006711412,0.320553987746948,0,provisional,,data/derived/qa/qa_207_208_review_v3/period_qa.csv,,period_qa,,diagnostic_only; no_auto_accept; no_auto_split
207,208,1,7,22,138.5833305425574,0.38306155273019465,0,provisional,,data/derived/qa/qa_207_208_review_v3/period_qa.csv,,period_qa,,diagnostic_only; no_auto_accept; no_auto_split
207,208,1,7,23,139.4396085861557,0.3307949717408265,0,provisional,,data/derived/qa/qa_207_208_review_v3/period_qa.csv,,period_qa,,diagnostic_only; no_auto_accept; no_auto_split
207,208,1,7,24,142.17329428953968,0.4222750473262446,0,provisional,,data/derived/qa/qa_207_208_review_v3/period_qa.csv,,period_qa,,diagnostic_only; no_auto_accept; no_auto_split
207,208,1,7,25,143.734205136588,0.3803350728751581,0,provisional,,data/derived/qa/qa_207_208_review_v3/period_qa.csv,,period_qa,,diagnostic_only; no_auto_accept; no_auto_split
207,208,1,7,26,139.3782024239893,0.3842585627421862,0,provisional,,data/derived/qa/qa_207_208_review_v3/period_qa.csv,,period_qa,,diagnostic_only; no_auto_accept; no_auto_split
207,208,1,7,27,140.79222074852004,0.3620505496381865,0,provisional,,data/derived/qa/qa_207_208_review_v3/period_qa.csv,,period_qa,,diagnostic_only; no_auto_accept; no_auto_split
207,208,1,7,28,137.5802841058125,0.3654997047996796,0,provisional,,data/derived/qa/qa_207_208_review_v3/period_qa.csv,,period_qa,,diagnostic_only; no_auto_accept; no_auto_split
207,208,1,7,29,140.9509208880409,0.36693084447498603,0,provisional,,data/derived/qa/qa_207_208_review_v3/period_qa.csv,,period_qa,,diagnostic_only; no_auto_accept; no_auto_split
207,208,1,7,30,140.57742015473062,0.39448769615670076,0,provisional,,data/derived/qa/qa_207_208_review_v3/period_qa.csv,,period_qa,,diagnostic_only; no_auto_accept; no_auto_split
207,208,1,7,31,139.97146945042684,0.3834780454052252,0,provisional,,data/derived/qa/qa_207_208_review_v3/period_qa.csv,,period_qa,,diagnostic_only; no_auto_accept; no_auto_split
207,208,1,8,1,139.11647274562387,0.39482440232914445,0,provisional,,data/derived/qa/qa_207_208_review_v3/period_qa.csv,,period_qa,,diagnostic_only; no_auto_accept; no_auto_split
207,208,1,8,2,136.93196218253672,0.3582775905487064,0,provisional,,data/derived/qa/qa_207_208_review_v3/period_qa.csv,,period_qa,,diagnostic_only; no_auto_accept; no_auto_split
207,208,1,8,3,137.10784746006428,0.4705642742311001,0,provisional,,data/derived/qa/qa_207_208_review_v3/period_qa.csv,,period_qa,,diagnostic_only; no_auto_accept; no_auto_split
207,208,1,8,4,134.3501045396925,0.3322133448578771,0,provisional,,data/derived/qa/qa_207_208_review_v3/period_qa.csv,,period_qa,,diagnostic_only; no_auto_accept; no_auto_split
207,208,1,8,5,136.36939212592665,0.3567504865726178,0,provisional,,data/derived/qa/qa_207_208_review_v3/period_qa.csv,,period_qa,,diagnostic_only; no_auto_accept; no_auto_split
207,208,1,8,6,132.90608992903225,0.30632703955617785,0,provisional,,data/derived/qa/qa_207_208_review_v3/period_qa.csv,,period_qa,,diagnostic_only; no_auto_accept; no_auto_split
207,208,1,8,7,134.25041357357185,0.30339564562721066,0,provisional,,data/derived/qa/qa_207_208_review_v3/period_qa.csv,,period_qa,,diagnostic_only; no_auto_accept; no_auto_split
207,208,1,8,8,133.56760864456348,0.2885675696553645,0,provisional,,data/derived/qa/qa_207_208_review_v3/period_qa.csv,,period_qa,,diagnostic_only; no_auto_accept; no_auto_split
207,208,1,8,9,134.5504311529268,0.3056111218197188,0,provisional,,data/derived/qa/qa_207_208_review_v3/period_qa.csv,,period_qa,,diagnostic_only; no_auto_accept; no_auto_split
207,208,1,8,10,135.40661231875595,0.33497622383731274,0,provisional,,data/derived/qa/qa_207_208_review_v3/period_qa.csv,,period_qa,,diagnostic_only; no_auto_accept; no_auto_split
207,208,1,8,11,138.6733389918667,0.3238438588069213,0,provisional,large_chi2_ndf,data/derived/qa/qa_207_208_review_v3/period_qa.csv,,period_qa,,diagnostic_only; no_auto_accept; no_auto_split
207,208,1,8,12,132.97489992426503,0.3200865179097562,0,provisional,large_chi2_ndf,data/derived/qa/qa_207_208_review_v3/period_qa.csv,,period_qa,,diagnostic_only; no_auto_accept; no_auto_split
207,208,1,8,13,137.22636641060004,0.33653150344696575,0,provisional,,data/derived/qa/qa_207_208_review_v3/period_qa.csv,,period_qa,,diagnostic_only; no_auto_accept; no_auto_split
207,208,1,8,14,133.97396838898845,0.32897032355014744,0,provisional,,data/derived/qa/qa_207_208_review_v3/period_qa.csv,,period_qa,,diagnostic_only; no_auto_accept; no_auto_split
207,208,1,8,15,134.58784654896525,0.34283614394218054,0,provisional,large_chi2_ndf,data/derived/qa/qa_207_208_review_v3/period_qa.csv,,period_qa,,diagnostic_only; no_auto_accept; no_auto_split
207,208,1,8,16,138.33182621088832,0.3405592918664896,0,provisional,large_chi2_ndf,data/derived/qa/qa_207_208_review_v3/period_qa.csv,,period_qa,,diagnostic_only; no_auto_accept; no_auto_split
207,208,1,8,17,141.63989258059055,0.34789455746155634,0,provisional,,data/derived/qa/qa_207_208_review_v3/period_qa.csv,,period_qa,,diagnostic_only; no_auto_accept; no_auto_split
207,208,1,8,18,138.10383322261754,0.34821253354347115,0,provisional,,data/derived/qa/qa_207_208_review_v3/period_qa.csv,,period_qa,,diagnostic_only; no_auto_accept; no_auto_split
207,208,1,8,19,137.97252228822973,0.36453172086387475,0,provisional,,data/derived/qa/qa_207_208_review_v3/period_qa.csv,,period_qa,,diagnostic_only; no_auto_accept; no_auto_split
207,208,1,8,20,139.76912769172094,0.37286012345297576,0,provisional,large_chi2_ndf,data/derived/qa/qa_207_208_review_v3/period_qa.csv,,period_qa,,diagnostic_only; no_auto_accept; no_auto_split
207,208,1,8,21,138.27703606844375,0.3869191049746053,0,provisional,large_chi2_ndf,data/derived/qa/qa_207_208_review_v3/period_qa.csv,,period_qa,,diagnostic_only; no_auto_accept; no_auto_split
207,208,1,8,22,138.9473334529481,0.4004433109848178,0,provisional,large_chi2_ndf,data/derived/qa/qa_207_208_review_v3/period_qa.csv,,period_qa,,diagnostic_only; no_auto_accept; no_auto_split
207,208,1,8,23,140.02460399203306,0.39762567753515166,0,provisional,,data/derived/qa/qa_207_208_review_v3/period_qa.csv,,period_qa,,diagnostic_only; no_auto_accept; no_auto_split
207,208,1,8,24,134.89715562870566,0.44894134291480203,0,provisional,,data/derived/qa/qa_207_208_review_v3/period_qa.csv,,period_qa,,diagnostic_only; no_auto_accept; no_auto_split
207,208,1,8,25,136.750469942405,0.5502223356627306,0,provisional,,data/derived/qa/qa_207_208_review_v3/period_qa.csv,,period_qa,,diagnostic_only; no_auto_accept; no_auto_split
207,208,1,8,26,140.64836651554666,0.48127956164412733,0,provisional,,data/derived/qa/qa_207_208_review_v3/period_qa.csv,,period_qa,,diagnostic_only; no_auto_accept; no_auto_split
207,208,1,8,27,139.95032565391975,0.3759859275587461,0,provisional,,data/derived/qa/qa_207_208_review_v3/period_qa.csv,,period_qa,,diagnostic_only; no_auto_accept; no_auto_split
207,208,1,8,28,139.18527186963402,0.43232584538936786,0,provisional,,data/derived/qa/qa_207_208_review_v3/period_qa.csv,,period_qa,,diagnostic_only; no_auto_accept; no_auto_split
207,208,1,8,29,138.03695285818523,0.38942047608636243,0,provisional,,data/derived/qa/qa_207_208_review_v3/period_qa.csv,,period_qa,,diagnostic_only; no_auto_accept; no_auto_split
207,208,1,8,30,134.1700391312756,0.3703930924661613,0,provisional,,data/derived/qa/qa_207_208_review_v3/period_qa.csv,,period_qa,,diagnostic_only; no_auto_accept; no_auto_split
207,208,1,8,31,135.97108787377232,0.40379227045072746,0,provisional,,data/derived/qa/qa_207_208_review_v3/period_qa.csv,,period_qa,,diagnostic_only; no_auto_accept; no_auto_split
207,208,1,9,1,137.36385004431497,0.4271416834442499,0,provisional,,data/derived/qa/qa_207_208_review_v3/period_qa.csv,,period_qa,,diagnostic_only; no_auto_accept; no_auto_split
207,208,1,9,2,136.88824388677244,0.4101604576745264,0,provisional,,data/derived/qa/qa_207_208_review_v3/period_qa.csv,,period_qa,,diagnostic_only; no_auto_accept; no_auto_split
207,208,1,9,3,137.60653856267845,0.39666798113735346,0,provisional,,data/derived/qa/qa_207_208_review_v3/period_qa.csv,,period_qa,,diagnostic_only; no_auto_accept; no_auto_split
207,208,1,9,4,136.55370287292303,0.34684339446034,0,provisional,,data/derived/qa/qa_207_208_review_v3/period_qa.csv,,period_qa,,diagnostic_only; no_auto_accept; no_auto_split
207,208,1,9,5,135.46499742461097,0.320289742518795,0,provisional,,data/derived/qa/qa_207_208_review_v3/period_qa.csv,,period_qa,,diagnostic_only; no_auto_accept; no_auto_split
207,208,1,9,6,134.60504694950168,0.34054039066523156,0,provisional,,data/derived/qa/qa_207_208_review_v3/period_qa.csv,,period_qa,,diagnostic_only; no_auto_accept; no_auto_split
207,208,1,9,7,134.2201817739073,0.36543455217905235,0,provisional,,data/derived/qa/qa_207_208_review_v3/period_qa.csv,,period_qa,,diagnostic_only; no_auto_accept; no_auto_split
207,208,1,9,8,134.6372118501364,0.31917868654947795,0,provisional,,data/derived/qa/qa_207_208_review_v3/period_qa.csv,,period_qa,,diagnostic_only; no_auto_accept; no_auto_split
207,208,1,9,9,134.69138555306415,0.2861771329975481,0,provisional,,data/derived/qa/qa_207_208_review_v3/period_qa.csv,,period_qa,,diagnostic_only; no_auto_accept; no_auto_split
207,208,1,9,10,135.76585496048867,0.3488310396194029,0,provisional,,data/derived/qa/qa_207_208_review_v3/period_qa.csv,,period_qa,,diagnostic_only; no_auto_accept; no_auto_split
207,208,1,9,11,134.54044522739792,0.3304126923414272,0,provisional,,data/derived/qa/qa_207_208_review_v3/period_qa.csv,,period_qa,,diagnostic_only; no_auto_accept; no_auto_split
207,208,1,9,12,137.35547345059788,0.38264088021711923,0,provisional,,data/derived/qa/qa_207_208_review_v3/period_qa.csv,,period_qa,,diagnostic_only; no_auto_accept; no_auto_split
207,208,1,9,13,134.77458795620086,0.40792610519516315,0,provisional,,data/derived/qa/qa_207_208_review_v3/period_qa.csv,,period_qa,,diagnostic_only; no_auto_accept; no_auto_split
207,208,1,9,14,137.1210822150839,0.3960393149985975,0,provisional,,data/derived/qa/qa_207_208_review_v3/period_qa.csv,,period_qa,,diagnostic_only; no_auto_accept; no_auto_split
207,208,1,9,15,133.85303136827176,0.37290855379075577,0,provisional,,data/derived/qa/qa_207_208_review_v3/period_qa.csv,,period_qa,,diagnostic_only; no_auto_accept; no_auto_split
207,208,1,9,16,141.15734814692593,0.3694094929641384,0,provisional,,data/derived/qa/qa_207_208_review_v3/period_qa.csv,,period_qa,,diagnostic_only; no_auto_accept; no_auto_split
207,208,1,9,17,133.72794693526205,0.35310896460741853,0,provisional,,data/derived/qa/qa_207_208_review_v3/period_qa.csv,,period_qa,,diagnostic_only; no_auto_accept; no_auto_split
207,208,1,9,18,135.89723414149415,0.35516677777719396,0,provisional,,data/derived/qa/qa_207_208_review_v3/period_qa.csv,,period_qa,,diagnostic_only; no_auto_accept; no_auto_split
207,208,1,9,19,132.78811973881113,0.35907020083483954,0,provisional,,data/derived/qa/qa_207_208_review_v3/period_qa.csv,,period_qa,,diagnostic_only; no_auto_accept; no_auto_split
207,208,1,9,20,134.7548387797704,0.3546065930303953,0,provisional,large_chi2_ndf,data/derived/qa/qa_207_208_review_v3/period_qa.csv,,period_qa,,diagnostic_only; no_auto_accept; no_auto_split
207,208,1,9,21,132.9057438332846,0.3883532873529262,0,provisional,,data/derived/qa/qa_207_208_review_v3/period_qa.csv,,period_qa,,diagnostic_only; no_auto_accept; no_auto_split
207,208,1,9,22,137.73331914137523,0.3932018023906184,0,provisional,,data/derived/qa/qa_207_208_review_v3/period_qa.csv,,period_qa,,diagnostic_only; no_auto_accept; no_auto_split
207,208,1,9,23,134.2535050959868,0.4112420953907466,0,provisional,,data/derived/qa/qa_207_208_review_v3/period_qa.csv,,period_qa,,diagnostic_only; no_auto_accept; no_auto_split
207,208,1,9,24,137.72430649544813,0.4612853057243171,0,provisional,,data/derived/qa/qa_207_208_review_v3/period_qa.csv,,period_qa,,diagnostic_only; no_auto_accept; no_auto_split
207,208,1,9,25,139.3091020733159,0.5034142707677562,0,provisional,,data/derived/qa/qa_207_208_review_v3/period_qa.csv,,period_qa,,diagnostic_only; no_auto_accept; no_auto_split
207,208,1,9,26,141.31305280166492,0.42317151646529955,0,provisional,,data/derived/qa/qa_207_208_review_v3/period_qa.csv,,period_qa,,diagnostic_only; no_auto_accept; no_auto_split
207,208,1,9,27,141.6279270220122,0.4363325629994912,0,provisional,,data/derived/qa/qa_207_208_review_v3/period_qa.csv,,period_qa,,diagnostic_only; no_auto_accept; no_auto_split
207,208,1,9,28,141.23628491991315,0.4401771160729354,0,provisional,,data/derived/qa/qa_207_208_review_v3/period_qa.csv,,period_qa,,diagnostic_only; no_auto_accept; no_auto_split
207,208,1,9,29,139.41753910246962,0.43157548355598746,0,provisional,,data/derived/qa/qa_207_208_review_v3/period_qa.csv,,period_qa,,diagnostic_only; no_auto_accept; no_auto_split
207,208,1,9,30,138.65944162824837,0.4574512224776872,0,provisional,,data/derived/qa/qa_207_208_review_v3/period_qa.csv,,period_qa,,diagnostic_only; no_auto_accept; no_auto_split
207,208,1,9,31,137.13104496139314,0.40821065117470434,0,provisional,,data/derived/qa/qa_207_208_review_v3/period_qa.csv,,period_qa,,diagnostic_only; no_auto_accept; no_auto_split
207,208,1,10,1,137.32679121083814,0.34666359144091385,0,provisional,,data/derived/qa/qa_207_208_review_v3/period_qa.csv,,period_qa,,diagnostic_only; no_auto_accept; no_auto_split
207,208,1,10,2,138.0909865382266,0.42610182797322355,0,provisional,,data/derived/qa/qa_207_208_review_v3/period_qa.csv,,period_qa,,diagnostic_only; no_auto_accept; no_auto_split
207,208,1,10,3,138.17217257737542,0.4096015931069164,0,provisional,,data/derived/qa/qa_207_208_review_v3/period_qa.csv,,period_qa,,diagnostic_only; no_auto_accept; no_auto_split
207,208,1,10,4,137.27672895580022,0.31784239756457233,0,provisional,,data/derived/qa/qa_207_208_review_v3/period_qa.csv,,period_qa,,diagnostic_only; no_auto_accept; no_auto_split
207,208,1,10,5,135.81710386663866,0.317887010492005,0,provisional,,data/derived/qa/qa_207_208_review_v3/period_qa.csv,,period_qa,,diagnostic_only; no_auto_accept; no_auto_split
207,208,1,10,6,136.58871474079783,0.32596530024924686,0,provisional,,data/derived/qa/qa_207_208_review_v3/period_qa.csv,,period_qa,,diagnostic_only; no_auto_accept; no_auto_split
207,208,1,10,7,135.86929539626735,0.3387660906688111,0,provisional,,data/derived/qa/qa_207_208_review_v3/period_qa.csv,,period_qa,,diagnostic_only; no_auto_accept; no_auto_split
207,208,1,10,8,135.54927903894554,0.3228183950546318,0,provisional,,data/derived/qa/qa_207_208_review_v3/period_qa.csv,,period_qa,,diagnostic_only; no_auto_accept; no_auto_split
207,208,1,10,9,135.44000698114633,0.3071509713996407,0,provisional,,data/derived/qa/qa_207_208_review_v3/period_qa.csv,,period_qa,,diagnostic_only; no_auto_accept; no_auto_split
207,208,1,10,10,140.0843149957803,0.36193242744135223,0,provisional,,data/derived/qa/qa_207_208_review_v3/period_qa.csv,,period_qa,,diagnostic_only; no_auto_accept; no_auto_split
207,208,1,10,11,135.95598939827352,0.340464377642895,0,provisional,,data/derived/qa/qa_207_208_review_v3/period_qa.csv,,period_qa,,diagnostic_only; no_auto_accept; no_auto_split
207,208,1,10,12,138.72418525840618,0.34982341868899275,0,provisional,,data/derived/qa/qa_207_208_review_v3/period_qa.csv,,period_qa,,diagnostic_only; no_auto_accept; no_auto_split
207,208,1,10,13,132.13257774700324,0.3880578130227323,0,provisional,,data/derived/qa/qa_207_208_review_v3/period_qa.csv,,period_qa,,diagnostic_only; no_auto_accept; no_auto_split
207,208,1,10,14,136.93133778987246,0.3834921865134649,0,provisional,,data/derived/qa/qa_207_208_review_v3/period_qa.csv,,period_qa,,diagnostic_only; no_auto_accept; no_auto_split
207,208,1,10,15,137.69105040882758,0.37749544468103297,0,provisional,,data/derived/qa/qa_207_208_review_v3/period_qa.csv,,period_qa,,diagnostic_only; no_auto_accept; no_auto_split
207,208,1,10,16,136.558584024448,0.35932682872066496,0,provisional,,data/derived/qa/qa_207_208_review_v3/period_qa.csv,,period_qa,,diagnostic_only; no_auto_accept; no_auto_split
207,208,1,10,17,136.85852201234462,0.374406202784048,0,provisional,,data/derived/qa/qa_207_208_review_v3/period_qa.csv,,period_qa,,diagnostic_only; no_auto_accept; no_auto_split
207,208,1,10,18,140.16787938369677,0.3806742072262056,0,provisional,,data/derived/qa/qa_207_208_review_v3/period_qa.csv,,period_qa,,diagnostic_only; no_auto_accept; no_auto_split
207,208,1,10,19,136.4902544830964,0.36284846378631214,0,provisional,,data/derived/qa/qa_207_208_review_v3/period_qa.csv,,period_qa,,diagnostic_only; no_auto_accept; no_auto_split
207,208,1,10,20,135.4519218974642,0.3542475462341,0,provisional,,data/derived/qa/qa_207_208_review_v3/period_qa.csv,,period_qa,,diagnostic_only; no_auto_accept; no_auto_split
207,208,1,10,21,136.92773367347115,0.3747139644832603,0,provisional,,data/derived/qa/qa_207_208_review_v3/period_qa.csv,,period_qa,,diagnostic_only; no_auto_accept; no_auto_split
207,208,1,10,22,137.26584268062751,0.412446070241578,0,provisional,,data/derived/qa/qa_207_208_review_v3/period_qa.csv,,period_qa,,diagnostic_only; no_auto_accept; no_auto_split
207,208,1,10,23,138.37668588022242,0.4004153404587296,0,provisional,,data/derived/qa/qa_207_208_review_v3/period_qa.csv,,period_qa,,diagnostic_only; no_auto_accept; no_auto_split
207,208,1,10,24,138.3308332328031,0.42026701120668936,0,provisional,,data/derived/qa/qa_207_208_review_v3/period_qa.csv,,period_qa,,diagnostic_only; no_auto_accept; no_auto_split
207,208,1,10,25,140.21564680070296,0.40622185201509564,0,provisional,,data/derived/qa/qa_207_208_review_v3/period_qa.csv,,period_qa,,diagnostic_only; no_auto_accept; no_auto_split
207,208,1,10,26,136.49492905818045,0.47366722914292836,0,provisional,,data/derived/qa/qa_207_208_review_v3/period_qa.csv,,period_qa,,diagnostic_only; no_auto_accept; no_auto_split
207,208,1,10,27,142.82135515732023,0.4467384562874713,0,provisional,,data/derived/qa/qa_207_208_review_v3/period_qa.csv,,period_qa,,diagnostic_only; no_auto_accept; no_auto_split
207,208,1,10,28,137.79128892635816,0.4008752075918648,0,provisional,,data/derived/qa/qa_207_208_review_v3/period_qa.csv,,period_qa,,diagnostic_only; no_auto_accept; no_auto_split
207,208,1,10,29,136.39318637982234,0.43379969283188435,0,provisional,,data/derived/qa/qa_207_208_review_v3/period_qa.csv,,period_qa,,diagnostic_only; no_auto_accept; no_auto_split
207,208,1,10,30,137.91462771442633,0.41519196952986953,0,provisional,,data/derived/qa/qa_207_208_review_v3/period_qa.csv,,period_qa,,diagnostic_only; no_auto_accept; no_auto_split
207,208,1,10,31,136.45657443659763,0.49333326276051775,0,provisional,,data/derived/qa/qa_207_208_review_v3/period_qa.csv,,period_qa,,diagnostic_only; no_auto_accept; no_auto_split
207,208,1,11,1,135.54421086219358,0.36364532235074454,0,provisional,,data/derived/qa/qa_207_208_review_v3/period_qa.csv,,period_qa,,diagnostic_only; no_auto_accept; no_auto_split
207,208,1,11,2,135.02261481028674,0.34979025487378457,0,provisional,,data/derived/qa/qa_207_208_review_v3/period_qa.csv,,period_qa,,diagnostic_only; no_auto_accept; no_auto_split
207,208,1,11,3,132.86349838421168,0.3260994172118562,0,provisional,large_chi2_ndf,data/derived/qa/qa_207_208_review_v3/period_qa.csv,,period_qa,,diagnostic_only; no_auto_accept; no_auto_split
207,208,1,11,4,133.73801784579635,0.34547671561831506,0,provisional,,data/derived/qa/qa_207_208_review_v3/period_qa.csv,,period_qa,,diagnostic_only; no_auto_accept; no_auto_split
207,208,1,11,5,136.12012548537405,0.32684434376362914,0,provisional,,data/derived/qa/qa_207_208_review_v3/period_qa.csv,,period_qa,,diagnostic_only; no_auto_accept; no_auto_split
207,208,1,11,6,133.28225729331587,0.3361978001198531,0,provisional,,data/derived/qa/qa_207_208_review_v3/period_qa.csv,,period_qa,,diagnostic_only; no_auto_accept; no_auto_split
207,208,1,11,7,131.8935791912209,0.2984451484334865,0,provisional,,data/derived/qa/qa_207_208_review_v3/period_qa.csv,,period_qa,,diagnostic_only; no_auto_accept; no_auto_split
207,208,1,11,8,133.95971247120633,0.30288648641895816,0,provisional,,data/derived/qa/qa_207_208_review_v3/period_qa.csv,,period_qa,,diagnostic_only; no_auto_accept; no_auto_split
207,208,1,11,9,134.11747053491393,0.29134889883421844,0,provisional,,data/derived/qa/qa_207_208_review_v3/period_qa.csv,,period_qa,,diagnostic_only; no_auto_accept; no_auto_split
207,208,1,11,10,136.47981159324968,0.33728981959346555,0,provisional,large_chi2_ndf,data/derived/qa/qa_207_208_review_v3/period_qa.csv,,period_qa,,diagnostic_only; no_auto_accept; no_auto_split
207,208,1,11,11,134.35245472429764,0.3085663636462189,0,provisional,,data/derived/qa/qa_207_208_review_v3/period_qa.csv,,period_qa,,diagnostic_only; no_auto_accept; no_auto_split
207,208,1,11,12,134.55346724622967,0.3493427328225686,0,provisional,,data/derived/qa/qa_207_208_review_v3/period_qa.csv,,period_qa,,diagnostic_only; no_auto_accept; no_auto_split
207,208,1,11,13,135.84504420586177,0.3259026003472856,0,provisional,,data/derived/qa/qa_207_208_review_v3/period_qa.csv,,period_qa,,diagnostic_only; no_auto_accept; no_auto_split
207,208,1,11,14,135.72409028917343,0.336486421513202,0,provisional,large_chi2_ndf,data/derived/qa/qa_207_208_review_v3/period_qa.csv,,period_qa,,diagnostic_only; no_auto_accept; no_auto_split
207,208,1,11,15,137.1868068906815,0.37400780737349565,0,provisional,,data/derived/qa/qa_207_208_review_v3/period_qa.csv,,period_qa,,diagnostic_only; no_auto_accept; no_auto_split
207,208,1,11,16,135.53597838619922,0.31801590606714536,0,provisional,large_chi2_ndf,data/derived/qa/qa_207_208_review_v3/period_qa.csv,,period_qa,,diagnostic_only; no_auto_accept; no_auto_split
207,208,1,11,17,138.9953163155074,0.3300441457065931,0,provisional,,data/derived/qa/qa_207_208_review_v3/period_qa.csv,,period_qa,,diagnostic_only; no_auto_accept; no_auto_split
207,208,1,11,18,137.6738305383764,0.33192419077182184,0,provisional,large_chi2_ndf,data/derived/qa/qa_207_208_review_v3/period_qa.csv,,period_qa,,diagnostic_only; no_auto_accept; no_auto_split
207,208,1,11,19,136.37097564467444,0.3285070596190393,0,provisional,,data/derived/qa/qa_207_208_review_v3/period_qa.csv,,period_qa,,diagnostic_only; no_auto_accept; no_auto_split
207,208,1,11,20,138.43120969052512,0.36584758017465274,0,provisional,large_chi2_ndf,data/derived/qa/qa_207_208_review_v3/period_qa.csv,,period_qa,,diagnostic_only; no_auto_accept; no_auto_split
207,208,1,11,21,137.7210010652079,0.35796442755558266,0,provisional,,data/derived/qa/qa_207_208_review_v3/period_qa.csv,,period_qa,,diagnostic_only; no_auto_accept; no_auto_split
207,208,1,11,22,139.65542716031274,0.393908970396189,0,provisional,,data/derived/qa/qa_207_208_review_v3/period_qa.csv,,period_qa,,diagnostic_only; no_auto_accept; no_auto_split
207,208,1,11,23,139.888863198776,0.3899154378692771,0,provisional,large_chi2_ndf,data/derived/qa/qa_207_208_review_v3/period_qa.csv,,period_qa,,diagnostic_only; no_auto_accept; no_auto_split
207,208,1,11,24,139.80251468151704,0.3840486875945039,0,provisional,,data/derived/qa/qa_207_208_review_v3/period_qa.csv,,period_qa,,diagnostic_only; no_auto_accept; no_auto_split
207,208,1,11,25,134.91572562673244,0.37789519754757445,0,provisional,,data/derived/qa/qa_207_208_review_v3/period_qa.csv,,period_qa,,diagnostic_only; no_auto_accept; no_auto_split
207,208,1,11,26,141.1336149396935,0.3835177978518846,0,provisional,,data/derived/qa/qa_207_208_review_v3/period_qa.csv,,period_qa,,diagnostic_only; no_auto_accept; no_auto_split
207,208,1,11,27,142.06959821545473,0.3834292904239978,0,provisional,,data/derived/qa/qa_207_208_review_v3/period_qa.csv,,period_qa,,diagnostic_only; no_auto_accept; no_auto_split
207,208,1,11,28,139.66222132106404,0.41590660647829436,0,provisional,,data/derived/qa/qa_207_208_review_v3/period_qa.csv,,period_qa,,diagnostic_only; no_auto_accept; no_auto_split
207,208,1,11,29,137.62824407123156,0.3859362665435632,0,provisional,,data/derived/qa/qa_207_208_review_v3/period_qa.csv,,period_qa,,diagnostic_only; no_auto_accept; no_auto_split
207,208,1,11,30,138.79049887095246,0.3850073598528012,0,provisional,,data/derived/qa/qa_207_208_review_v3/period_qa.csv,,period_qa,,diagnostic_only; no_auto_accept; no_auto_split
207,208,1,11,31,137.67190398476276,0.36878532271991504,0,provisional,,data/derived/qa/qa_207_208_review_v3/period_qa.csv,,period_qa,,diagnostic_only; no_auto_accept; no_auto_split
207,208,1,12,1,139.46156800192085,0.5207070423193312,0,provisional,,data/derived/qa/qa_207_208_review_v3/period_qa.csv,,period_qa,,diagnostic_only; no_auto_accept; no_auto_split
207,208,1,12,2,136.0319050919491,0.439267864155569,0,provisional,,data/derived/qa/qa_207_208_review_v3/period_qa.csv,,period_qa,,diagnostic_only; no_auto_accept; no_auto_split
207,208,1,12,3,135.55922231039995,0.4280604285417382,0,provisional,,data/derived/qa/qa_207_208_review_v3/period_qa.csv,,period_qa,,diagnostic_only; no_auto_accept; no_auto_split
207,208,1,12,4,132.46379329368403,0.34650153717041304,0,provisional,,data/derived/qa/qa_207_208_review_v3/period_qa.csv,,period_qa,,diagnostic_only; no_auto_accept; no_auto_split
207,208,1,12,5,131.59624676443838,0.3645967793608281,0,provisional,,data/derived/qa/qa_207_208_review_v3/period_qa.csv,,period_qa,,diagnostic_only; no_auto_accept; no_auto_split
207,208,1,12,6,135.25254806313274,0.33068870718018073,0,provisional,,data/derived/qa/qa_207_208_review_v3/period_qa.csv,,period_qa,,diagnostic_only; no_auto_accept; no_auto_split
207,208,1,12,7,134.08318460882145,0.3418703192647046,0,provisional,,data/derived/qa/qa_207_208_review_v3/period_qa.csv,,period_qa,,diagnostic_only; no_auto_accept; no_auto_split
207,208,1,12,8,133.9194933200452,0.32793905526447964,0,provisional,,data/derived/qa/qa_207_208_review_v3/period_qa.csv,,period_qa,,diagnostic_only; no_auto_accept; no_auto_split
207,208,1,12,9,133.7260794210909,0.33636880497713995,0,provisional,,data/derived/qa/qa_207_208_review_v3/period_qa.csv,,period_qa,,diagnostic_only; no_auto_accept; no_auto_split
207,208,1,12,10,133.38462416261567,0.38350197839037314,0,provisional,,data/derived/qa/qa_207_208_review_v3/period_qa.csv,,period_qa,,diagnostic_only; no_auto_accept; no_auto_split
207,208,1,12,11,132.44404526005007,0.37247712019308593,0,provisional,,data/derived/qa/qa_207_208_review_v3/period_qa.csv,,period_qa,,diagnostic_only; no_auto_accept; no_auto_split
207,208,1,12,12,135.23188961617433,0.3770454572896867,0,provisional,,data/derived/qa/qa_207_208_review_v3/period_qa.csv,,period_qa,,diagnostic_only; no_auto_accept; no_auto_split
207,208,1,12,13,134.19146127931614,0.4192719022447103,0,provisional,,data/derived/qa/qa_207_208_review_v3/period_qa.csv,,period_qa,,diagnostic_only; no_auto_accept; no_auto_split
207,208,1,12,14,135.0224108723085,0.37771961772456614,0,provisional,,data/derived/qa/qa_207_208_review_v3/period_qa.csv,,period_qa,,diagnostic_only; no_auto_accept; no_auto_split
207,208,1,12,15,138.84505518791275,0.3992550324994386,0,provisional,,data/derived/qa/qa_207_208_review_v3/period_qa.csv,,period_qa,,diagnostic_only; no_auto_accept; no_auto_split
207,208,1,12,16,134.2825116200313,0.38572013545123834,0,provisional,large_chi2_ndf,data/derived/qa/qa_207_208_review_v3/period_qa.csv,,period_qa,,diagnostic_only; no_auto_accept; no_auto_split
207,208,1,12,17,136.19220676811568,0.36246499850408753,0,provisional,,data/derived/qa/qa_207_208_review_v3/period_qa.csv,,period_qa,,diagnostic_only; no_auto_accept; no_auto_split
207,208,1,12,18,137.89693576935943,0.4086218196904742,0,provisional,,data/derived/qa/qa_207_208_review_v3/period_qa.csv,,period_qa,,diagnostic_only; no_auto_accept; no_auto_split
207,208,1,12,19,135.3764453577749,0.3820803754811051,0,provisional,large_chi2_ndf,data/derived/qa/qa_207_208_review_v3/period_qa.csv,,period_qa,,diagnostic_only; no_auto_accept; no_auto_split
207,208,1,12,20,138.25873951200433,0.44310468088032817,0,provisional,large_chi2_ndf,data/derived/qa/qa_207_208_review_v3/period_qa.csv,,period_qa,,diagnostic_only; no_auto_accept; no_auto_split
207,208,1,12,21,137.68173635910478,0.4107050755836911,0,provisional,large_chi2_ndf,data/derived/qa/qa_207_208_review_v3/period_qa.csv,,period_qa,,diagnostic_only; no_auto_accept; no_auto_split
207,208,1,12,22,137.07790075672548,0.44537850761925396,0,provisional,,data/derived/qa/qa_207_208_review_v3/period_qa.csv,,period_qa,,diagnostic_only; no_auto_accept; no_auto_split
207,208,1,12,23,133.73115902374215,0.4244373952011327,0,provisional,,data/derived/qa/qa_207_208_review_v3/period_qa.csv,,period_qa,,diagnostic_only; no_auto_accept; no_auto_split
207,208,1,12,24,136.19449378721347,0.4470330313287698,0,provisional,,data/derived/qa/qa_207_208_review_v3/period_qa.csv,,period_qa,,diagnostic_only; no_auto_accept; no_auto_split
207,208,1,12,25,137.38564721751413,0.4261864534313445,0,provisional,,data/derived/qa/qa_207_208_review_v3/period_qa.csv,,period_qa,,diagnostic_only; no_auto_accept; no_auto_split
207,208,1,12,26,138.1292060269497,0.47716064900962935,0,provisional,,data/derived/qa/qa_207_208_review_v3/period_qa.csv,,period_qa,,diagnostic_only; no_auto_accept; no_auto_split
207,208,1,12,27,139.6178130235481,0.46653233323560944,0,provisional,,data/derived/qa/qa_207_208_review_v3/period_qa.csv,,period_qa,,diagnostic_only; no_auto_accept; no_auto_split
207,208,1,12,28,138.02624680491766,0.49748122110042853,0,provisional,,data/derived/qa/qa_207_208_review_v3/period_qa.csv,,period_qa,,diagnostic_only; no_auto_accept; no_auto_split
207,208,1,12,29,137.5562443641337,0.4718781526869038,0,provisional,,data/derived/qa/qa_207_208_review_v3/period_qa.csv,,period_qa,,diagnostic_only; no_auto_accept; no_auto_split
207,208,1,12,30,134.509426292692,0.41671693313468566,0,provisional,large_chi2_ndf,data/derived/qa/qa_207_208_review_v3/period_qa.csv,,period_qa,,diagnostic_only; no_auto_accept; no_auto_split
207,208,1,12,31,134.46739423355203,0.4511488410105382,0,provisional,,data/derived/qa/qa_207_208_review_v3/period_qa.csv,,period_qa,,diagnostic_only; no_auto_accept; no_auto_split
211,211,0,1,1,136.282318,1.187045,0,accepted_single_day_segment,insufficient_points,data/derived/qa_211_v1/period_qa.csv,detector_wide_day_to_day_drift,period_qa,,diagnostic_only; no_auto_accept; no_auto_split;single_day_segment_intentionally_accepted
211,211,0,1,2,137.049973,0.7983,0,accepted_single_day_segment,insufficient_points,data/derived/qa_211_v1/period_qa.csv,detector_wide_day_to_day_drift,period_qa,,diagnostic_only; no_auto_accept; no_auto_split;single_day_segment_intentionally_accepted
211,211,0,1,3,135.004974,0.977017,0,accepted_single_day_segment,insufficient_points,data/derived/qa_211_v1/period_qa.csv,detector_wide_day_to_day_drift,period_qa,,diagnostic_only; no_auto_accept; no_auto_split;single_day_segment_intentionally_accepted
211,211,0,1,4,134.939453,0.549032,0,accepted_single_day_segment,insufficient_points,data/derived/qa_211_v1/period_qa.csv,detector_wide_day_to_day_drift,period_qa,,diagnostic_only; no_auto_accept; no_auto_split;single_day_segment_intentionally_accepted
211,211,0,1,5,137.222824,0.799327,0,accepted_single_day_segment,insufficient_points,data/derived/qa_211_v1/period_qa.csv,detector_wide_day_to_day_drift,period_qa,,diagnostic_only; no_auto_accept; no_auto_split;single_day_segment_intentionally_accepted
211,211,0,1,6,132.086639,0.552187,0,accepted_single_day_segment,insufficient_points,data/derived/qa_211_v1/period_qa.csv,detector_wide_day_to_day_drift,period_qa,,diagnostic_only; no_auto_accept; no_auto_split;single_day_segment_intentionally_accepted
211,211,0,1,7,130.06662,0.60501,0,accepted_single_day_segment,insufficient_points,data/derived/qa_211_v1/period_qa.csv,detector_wide_day_to_day_drift,period_qa,,diagnostic_only; no_auto_accept; no_auto_split;single_day_segment_intentionally_accepted
211,211,0,1,8,129.19397,0.452422,0,accepted_single_day_segment,insufficient_points,data/derived/qa_211_v1/period_qa.csv,detector_wide_day_to_day_drift,period_qa,,diagnostic_only; no_auto_accept; no_auto_split;single_day_segment_intentionally_accepted
211,211,0,1,9,130.330185,0.480267,0,accepted_single_day_segment,insufficient_points,data/derived/qa_211_v1/period_qa.csv,detector_wide_day_to_day_drift,period_qa,,diagnostic_only; no_auto_accept; no_auto_split;single_day_segment_intentionally_accepted
211,211,0,1,10,136.240799,0.496729,0,accepted_single_day_segment,insufficient_points,data/derived/qa_211_v1/period_qa.csv,detector_wide_day_to_day_drift,period_qa,,diagnostic_only; no_auto_accept; no_auto_split;single_day_segment_intentionally_accepted
211,211,0,1,11,137.084442,0.54943,0,accepted_single_day_segment,insufficient_points,data/derived/qa_211_v1/period_qa.csv,detector_wide_day_to_day_drift,period_qa,,diagnostic_only; no_auto_accept; no_auto_split;single_day_segment_intentionally_accepted
211,211,0,1,12,137.868225,0.539735,0,accepted_single_day_segment,insufficient_points,data/derived/qa_211_v1/period_qa.csv,detector_wide_day_to_day_drift,period_qa,,diagnostic_only; no_auto_accept; no_auto_split;single_day_segment_intentionally_accepted
211,211,0,1,13,137.885986,0.576076,0,accepted_single_day_segment,insufficient_points,data/derived/qa_211_v1/period_qa.csv,detector_wide_day_to_day_drift,period_qa,,diagnostic_only; no_auto_accept; no_auto_split;single_day_segment_intentionally_accepted
211,211,0,1,14,137.520737,0.548156,0,accepted_single_day_segment,insufficient_points,data/derived/qa_211_v1/period_qa.csv,detector_wide_day_to_day_drift,period_qa,,diagnostic_only; no_auto_accept; no_auto_split;single_day_segment_intentionally_accepted
211,211,0,1,15,139.383881,0.578766,0,accepted_single_day_segment,insufficient_points,data/derived/qa_211_v1/period_qa.csv,detector_wide_day_to_day_drift,period_qa,,diagnostic_only; no_auto_accept; no_auto_split;single_day_segment_intentionally_accepted
211,211,0,1,16,135.197968,0.453,0,accepted_single_day_segment,insufficient_points,data/derived/qa_211_v1/period_qa.csv,detector_wide_day_to_day_drift,period_qa,,diagnostic_only; no_auto_accept; no_auto_split;single_day_segment_intentionally_accepted
211,211,0,1,17,136.52652,0.50658,0,accepted_single_day_segment,insufficient_points,data/derived/qa_211_v1/period_qa.csv,detector_wide_day_to_day_drift,period_qa,,diagnostic_only; no_auto_accept; no_auto_split;single_day_segment_intentionally_accepted
211,211,0,1,18,137.784561,0.470866,0,accepted_single_day_segment,insufficient_points,data/derived/qa_211_v1/period_qa.csv,detector_wide_day_to_day_drift,period_qa,,diagnostic_only; no_auto_accept; no_auto_split;single_day_segment_intentionally_accepted
211,211,0,1,19,134.337814,0.469702,0,accepted_single_day_segment,insufficient_points,data/derived/qa_211_v1/period_qa.csv,detector_wide_day_to_day_drift,period_qa,,diagnostic_only; no_auto_accept; no_auto_split;single_day_segment_intentionally_accepted
211,211,0,1,20,136.231628,0.479118,0,accepted_single_day_segment,insufficient_points,data/derived/qa_211_v1/period_qa.csv,detector_wide_day_to_day_drift,period_qa,,diagnostic_only; no_auto_accept; no_auto_split;single_day_segment_intentionally_accepted
211,211,0,1,21,138.287949,0.520146,0,accepted_single_day_segment,insufficient_points,data/derived/qa_211_v1/period_qa.csv,detector_wide_day_to_day_drift,period_qa,,diagnostic_only; no_auto_accept; no_auto_split;single_day_segment_intentionally_accepted
211,211,0,1,22,135.490707,0.488267,0,accepted_single_day_segment,insufficient_points,data/derived/qa_211_v1/period_qa.csv,detector_wide_day_to_day_drift,period_qa,,diagnostic_only; no_auto_accept; no_auto_split;single_day_segment_intentionally_accepted
211,211,0,1,23,136.884201,0.493183,0,accepted_single_day_segment,insufficient_points,data/derived/qa_211_v1/period_qa.csv,detector_wide_day_to_day_drift,period_qa,,diagnostic_only; no_auto_accept; no_auto_split;single_day_segment_intentionally_accepted
211,211,0,1,24,138.188034,0.54768,0,accepted_single_day_segment,insufficient_points,data/derived/qa_211_v1/period_qa.csv,detector_wide_day_to_day_drift,period_qa,,diagnostic_only; no_auto_accept; no_auto_split;single_day_segment_intentionally_accepted
211,211,0,1,25,138.866241,0.578318,0,accepted_single_day_segment,insufficient_points,data/derived/qa_211_v1/period_qa.csv,detector_wide_day_to_day_drift,period_qa,,diagnostic_only; no_auto_accept; no_auto_split;single_day_segment_intentionally_accepted
211,211,0,1,26,139.47496,0.603985,0,accepted_single_day_segment,insufficient_points,data/derived/qa_211_v1/period_qa.csv,detector_wide_day_to_day_drift,period_qa,,diagnostic_only; no_auto_accept; no_auto_split;single_day_segment_intentionally_accepted
211,211,0,1,27,139.446548,0.562048,0,accepted_single_day_segment,insufficient_points,data/derived/qa_211_v1/period_qa.csv,detector_wide_day_to_day_drift,period_qa,,diagnostic_only; no_auto_accept; no_auto_split;single_day_segment_intentionally_accepted
211,211,0,1,28,139.782516,0.66127,0,accepted_single_day_segment,insufficient_points,data/derived/qa_211_v1/period_qa.csv,detector_wide_day_to_day_drift,period_qa,,diagnostic_only; no_auto_accept; no_auto_split;single_day_segment_intentionally_accepted
211,211,0,1,29,140.29187,0.636044,0,accepted_single_day_segment,insufficient_points,data/derived/qa_211_v1/period_qa.csv,detector_wide_day_to_day_drift,period_qa,,diagnostic_only; no_auto_accept; no_auto_split;single_day_segment_intentionally_accepted
211,211,0,1,30,136.736084,0.585616,0,accepted_single_day_segment,insufficient_points,data/derived/qa_211_v1/period_qa.csv,detector_wide_day_to_day_drift,period_qa,,diagnostic_only; no_auto_accept; no_auto_split;single_day_segment_intentionally_accepted
211,211,0,1,31,143.142151,0.69529,0,accepted_single_day_segment,insufficient_points,data/derived/qa_211_v1/period_qa.csv,detector_wide_day_to_day_drift,period_qa,,diagnostic_only; no_auto_accept; no_auto_split;single_day_segment_intentionally_accepted
211,211,0,2,1,139.791275,0.660952,0,accepted_single_day_segment,insufficient_points,data/derived/qa_211_v1/period_qa.csv,detector_wide_day_to_day_drift,period_qa,,diagnostic_only; no_auto_accept; no_auto_split;single_day_segment_intentionally_accepted
211,211,0,2,2,136.789825,0.557609,0,accepted_single_day_segment,insufficient_points,data/derived/qa_211_v1/period_qa.csv,detector_wide_day_to_day_drift,period_qa,,diagnostic_only; no_auto_accept; no_auto_split;single_day_segment_intentionally_accepted
211,211,0,2,3,136.851471,0.548422,0,accepted_single_day_segment,insufficient_points,data/derived/qa_211_v1/period_qa.csv,detector_wide_day_to_day_drift,period_qa,,diagnostic_only; no_auto_accept; no_auto_split;single_day_segment_intentionally_accepted
211,211,0,2,4,134.783966,0.497428,0,accepted_single_day_segment,insufficient_points,data/derived/qa_211_v1/period_qa.csv,detector_wide_day_to_day_drift,period_qa,,diagnostic_only; no_auto_accept; no_auto_split;single_day_segment_intentionally_accepted
211,211,0,2,5,133.834671,0.453438,0,accepted_single_day_segment,insufficient_points,data/derived/qa_211_v1/period_qa.csv,detector_wide_day_to_day_drift,period_qa,,diagnostic_only; no_auto_accept; no_auto_split;single_day_segment_intentionally_accepted
211,211,0,2,6,133.419876,0.438159,0,accepted_single_day_segment,insufficient_points,data/derived/qa_211_v1/period_qa.csv,detector_wide_day_to_day_drift,period_qa,,diagnostic_only; no_auto_accept; no_auto_split;single_day_segment_intentionally_accepted
211,211,0,2,7,132.162186,0.425059,0,accepted_single_day_segment,insufficient_points,data/derived/qa_211_v1/period_qa.csv,detector_wide_day_to_day_drift,period_qa,,diagnostic_only; no_auto_accept; no_auto_split;single_day_segment_intentionally_accepted
211,211,0,2,8,132.059784,0.396359,0,accepted_single_day_segment,insufficient_points,data/derived/qa_211_v1/period_qa.csv,detector_wide_day_to_day_drift,period_qa,,diagnostic_only; no_auto_accept; no_auto_split;single_day_segment_intentionally_accepted
211,211,0,2,9,132.56189,0.386991,0,accepted_single_day_segment,insufficient_points,data/derived/qa_211_v1/period_qa.csv,detector_wide_day_to_day_drift,period_qa,,diagnostic_only; no_auto_accept; no_auto_split;single_day_segment_intentionally_accepted
211,211,0,2,10,136.439072,0.459048,0,accepted_single_day_segment,insufficient_points,data/derived/qa_211_v1/period_qa.csv,detector_wide_day_to_day_drift,period_qa,,diagnostic_only; no_auto_accept; no_auto_split;single_day_segment_intentionally_accepted
211,211,0,2,11,139.473602,0.469441,0,accepted_single_day_segment,insufficient_points,data/derived/qa_211_v1/period_qa.csv,detector_wide_day_to_day_drift,period_qa,,diagnostic_only; no_auto_accept; no_auto_split;single_day_segment_intentionally_accepted
211,211,0,2,12,136.607361,0.455505,0,accepted_single_day_segment,insufficient_points,data/derived/qa_211_v1/period_qa.csv,detector_wide_day_to_day_drift,period_qa,,diagnostic_only; no_auto_accept; no_auto_split;single_day_segment_intentionally_accepted
211,211,0,2,13,138.92041,0.506428,0,accepted_single_day_segment,insufficient_points,data/derived/qa_211_v1/period_qa.csv,detector_wide_day_to_day_drift,period_qa,,diagnostic_only; no_auto_accept; no_auto_split;single_day_segment_intentionally_accepted
211,211,0,2,14,138.575531,0.473719,0,accepted_single_day_segment,insufficient_points,data/derived/qa_211_v1/period_qa.csv,detector_wide_day_to_day_drift,period_qa,,diagnostic_only; no_auto_accept; no_auto_split;single_day_segment_intentionally_accepted
211,211,0,2,15,139.405151,0.49976,0,accepted_single_day_segment,insufficient_points,data/derived/qa_211_v1/period_qa.csv,detector_wide_day_to_day_drift,period_qa,,diagnostic_only; no_auto_accept; no_auto_split;single_day_segment_intentionally_accepted
211,211,0,2,16,139.585953,0.469132,0,accepted_single_day_segment,insufficient_points,data/derived/qa_211_v1/period_qa.csv,detector_wide_day_to_day_drift,period_qa,,diagnostic_only; no_auto_accept; no_auto_split;single_day_segment_intentionally_accepted
211,211,0,2,17,140.615143,0.450721,0,accepted_single_day_segment,insufficient_points,data/derived/qa_211_v1/period_qa.csv,detector_wide_day_to_day_drift,period_qa,,diagnostic_only; no_auto_accept; no_auto_split;single_day_segment_intentionally_accepted
211,211,0,2,18,140.505829,0.463959,0,accepted_single_day_segment,insufficient_points,data/derived/qa_211_v1/period_qa.csv,detector_wide_day_to_day_drift,period_qa,,diagnostic_only; no_auto_accept; no_auto_split;single_day_segment_intentionally_accepted
211,211,0,2,19,138.4505,0.476418,0,accepted_single_day_segment,insufficient_points,data/derived/qa_211_v1/period_qa.csv,detector_wide_day_to_day_drift,period_qa,,diagnostic_only; no_auto_accept; no_auto_split;single_day_segment_intentionally_accepted
211,211,0,2,20,140.428543,0.461137,0,accepted_single_day_segment,insufficient_points,data/derived/qa_211_v1/period_qa.csv,detector_wide_day_to_day_drift,period_qa,,diagnostic_only; no_auto_accept; no_auto_split;single_day_segment_intentionally_accepted
211,211,0,2,21,140.57637,0.489655,0,accepted_single_day_segment,insufficient_points,data/derived/qa_211_v1/period_qa.csv,detector_wide_day_to_day_drift,period_qa,,diagnostic_only; no_auto_accept; no_auto_split;single_day_segment_intentionally_accepted
211,211,0,2,22,140.770844,0.45884,0,accepted_single_day_segment,insufficient_points,data/derived/qa_211_v1/period_qa.csv,detector_wide_day_to_day_drift,period_qa,,diagnostic_only; no_auto_accept; no_auto_split;single_day_segment_intentionally_accepted
211,211,0,2,23,140.456894,0.501471,0,accepted_single_day_segment,insufficient_points,data/derived/qa_211_v1/period_qa.csv,detector_wide_day_to_day_drift,period_qa,,diagnostic_only; no_auto_accept; no_auto_split;single_day_segment_intentionally_accepted
211,211,0,2,24,139.592026,0.483424,0,accepted_single_day_segment,insufficient_points,data/derived/qa_211_v1/period_qa.csv,detector_wide_day_to_day_drift,period_qa,,diagnostic_only; no_auto_accept; no_auto_split;single_day_segment_intentionally_accepted
211,211,0,2,25,137.696655,0.474927,0,accepted_single_day_segment,insufficient_points,data/derived/qa_211_v1/period_qa.csv,detector_wide_day_to_day_drift,period_qa,,diagnostic_only; no_auto_accept; no_auto_split;single_day_segment_intentionally_accepted
211,211,0,2,26,141.80304,0.486105,0,accepted_single_day_segment,insufficient_points,data/derived/qa_211_v1/period_qa.csv,detector_wide_day_to_day_drift,period_qa,,diagnostic_only; no_auto_accept; no_auto_split;single_day_segment_intentionally_accepted
211,211,0,2,27,139.248749,0.491762,0,accepted_single_day_segment,insufficient_points,data/derived/qa_211_v1/period_qa.csv,detector_wide_day_to_day_drift,period_qa,,diagnostic_only; no_auto_accept; no_auto_split;single_day_segment_intentionally_accepted
211,211,0,2,28,140.736374,0.536075,0,accepted_single_day_segment,insufficient_points,data/derived/qa_211_v1/period_qa.csv,detector_wide_day_to_day_drift,period_qa,,diagnostic_only; no_auto_accept; no_auto_split;single_day_segment_intentionally_accepted
211,211,0,2,29,137.072922,0.528314,0,accepted_single_day_segment,insufficient_points,data/derived/qa_211_v1/period_qa.csv,detector_wide_day_to_day_drift,period_qa,,diagnostic_only; no_auto_accept; no_auto_split;single_day_segment_intentionally_accepted
211,211,0,2,30,138.602722,0.502462,0,accepted_single_day_segment,insufficient_points,data/derived/qa_211_v1/period_qa.csv,detector_wide_day_to_day_drift,period_qa,,diagnostic_only; no_auto_accept; no_auto_split;single_day_segment_intentionally_accepted
211,211,0,2,31,139.357269,0.573359,0,accepted_single_day_segment,insufficient_points,data/derived/qa_211_v1/period_qa.csv,detector_wide_day_to_day_drift,period_qa,,diagnostic_only; no_auto_accept; no_auto_split;single_day_segment_intentionally_accepted
211,211,0,3,1,139.799683,0.764546,0,accepted_single_day_segment,insufficient_points,data/derived/qa_211_v1/period_qa.csv,detector_wide_day_to_day_drift,period_qa,,diagnostic_only; no_auto_accept; no_auto_split;single_day_segment_intentionally_accepted
211,211,0,3,2,138.980927,0.670644,0,accepted_single_day_segment,insufficient_points,data/derived/qa_211_v1/period_qa.csv,detector_wide_day_to_day_drift,period_qa,,diagnostic_only; no_auto_accept; no_auto_split;single_day_segment_intentionally_accepted
211,211,0,3,3,138.119766,0.622533,0,accepted_single_day_segment,insufficient_points,data/derived/qa_211_v1/period_qa.csv,detector_wide_day_to_day_drift,period_qa,,diagnostic_only; no_auto_accept; no_auto_split;single_day_segment_intentionally_accepted
211,211,0,3,4,135.96965,0.471405,0,accepted_single_day_segment,insufficient_points,data/derived/qa_211_v1/period_qa.csv,detector_wide_day_to_day_drift,period_qa,,diagnostic_only; no_auto_accept; no_auto_split;single_day_segment_intentionally_accepted
211,211,0,3,5,135.273331,0.458216,0,accepted_single_day_segment,insufficient_points,data/derived/qa_211_v1/period_qa.csv,detector_wide_day_to_day_drift,period_qa,,diagnostic_only; no_auto_accept; no_auto_split;single_day_segment_intentionally_accepted
211,211,0,3,6,134.454926,0.42745,0,accepted_single_day_segment,insufficient_points,data/derived/qa_211_v1/period_qa.csv,detector_wide_day_to_day_drift,period_qa,,diagnostic_only; no_auto_accept; no_auto_split;single_day_segment_intentionally_accepted
211,211,0,3,7,132.016129,0.417766,0,accepted_single_day_segment,insufficient_points,data/derived/qa_211_v1/period_qa.csv,detector_wide_day_to_day_drift,period_qa,,diagnostic_only; no_auto_accept; no_auto_split;single_day_segment_intentionally_accepted
211,211,0,3,8,132.923843,0.427052,0,accepted_single_day_segment,insufficient_points,data/derived/qa_211_v1/period_qa.csv,detector_wide_day_to_day_drift,period_qa,,diagnostic_only; no_auto_accept; no_auto_split;single_day_segment_intentionally_accepted
211,211,0,3,9,133.638306,0.408013,0,accepted_single_day_segment,insufficient_points,data/derived/qa_211_v1/period_qa.csv,detector_wide_day_to_day_drift,period_qa,,diagnostic_only; no_auto_accept; no_auto_split;single_day_segment_intentionally_accepted
211,211,0,3,10,140.955978,0.477293,0,accepted_single_day_segment,insufficient_points,data/derived/qa_211_v1/period_qa.csv,detector_wide_day_to_day_drift,period_qa,,diagnostic_only; no_auto_accept; no_auto_split;single_day_segment_intentionally_accepted
211,211,0,3,11,141.057922,0.491731,0,accepted_single_day_segment,insufficient_points,data/derived/qa_211_v1/period_qa.csv,detector_wide_day_to_day_drift,period_qa,,diagnostic_only; no_auto_accept; no_auto_split;single_day_segment_intentionally_accepted
211,211,0,3,12,139.594559,0.461009,0,accepted_single_day_segment,insufficient_points,data/derived/qa_211_v1/period_qa.csv,detector_wide_day_to_day_drift,period_qa,,diagnostic_only; no_auto_accept; no_auto_split;single_day_segment_intentionally_accepted
211,211,0,3,13,137.391357,0.465782,0,accepted_single_day_segment,insufficient_points,data/derived/qa_211_v1/period_qa.csv,detector_wide_day_to_day_drift,period_qa,,diagnostic_only; no_auto_accept; no_auto_split;single_day_segment_intentionally_accepted
211,211,0,3,14,138.470642,0.462957,0,accepted_single_day_segment,insufficient_points,data/derived/qa_211_v1/period_qa.csv,detector_wide_day_to_day_drift,period_qa,,diagnostic_only; no_auto_accept; no_auto_split;single_day_segment_intentionally_accepted
211,211,0,3,15,136.481796,0.457573,0,accepted_single_day_segment,insufficient_points,data/derived/qa_211_v1/period_qa.csv,detector_wide_day_to_day_drift,period_qa,,diagnostic_only; no_auto_accept; no_auto_split;single_day_segment_intentionally_accepted
211,211,0,3,16,141.026169,0.448386,0,accepted_single_day_segment,insufficient_points,data/derived/qa_211_v1/period_qa.csv,detector_wide_day_to_day_drift,period_qa,,diagnostic_only; no_auto_accept; no_auto_split;single_day_segment_intentionally_accepted
211,211,0,3,17,140.203766,0.459344,0,accepted_single_day_segment,insufficient_points,data/derived/qa_211_v1/period_qa.csv,detector_wide_day_to_day_drift,period_qa,,diagnostic_only; no_auto_accept; no_auto_split;single_day_segment_intentionally_accepted
211,211,0,3,18,141.094574,0.478492,0,accepted_single_day_segment,insufficient_points,data/derived/qa_211_v1/period_qa.csv,detector_wide_day_to_day_drift,period_qa,,diagnostic_only; no_auto_accept; no_auto_split;single_day_segment_intentionally_accepted
211,211,0,3,19,139.873596,0.475938,0,accepted_single_day_segment,insufficient_points,data/derived/qa_211_v1/period_qa.csv,detector_wide_day_to_day_drift,period_qa,,diagnostic_only; no_auto_accept; no_auto_split;single_day_segment_intentionally_accepted
211,211,0,3,20,135.740677,0.457582,0,accepted_single_day_segment,insufficient_points,data/derived/qa_211_v1/period_qa.csv,detector_wide_day_to_day_drift,period_qa,,diagnostic_only; no_auto_accept; no_auto_split;single_day_segment_intentionally_accepted
211,211,0,3,21,139.780121,0.464181,0,accepted_single_day_segment,insufficient_points,data/derived/qa_211_v1/period_qa.csv,detector_wide_day_to_day_drift,period_qa,,diagnostic_only; no_auto_accept; no_auto_split;single_day_segment_intentionally_accepted
211,211,0,3,22,141.137573,0.477993,0,accepted_single_day_segment,insufficient_points,data/derived/qa_211_v1/period_qa.csv,detector_wide_day_to_day_drift,period_qa,,diagnostic_only; no_auto_accept; no_auto_split;single_day_segment_intentionally_accepted
211,211,0,3,23,139.99437,0.482581,0,accepted_single_day_segment,insufficient_points,data/derived/qa_211_v1/period_qa.csv,detector_wide_day_to_day_drift,period_qa,,diagnostic_only; no_auto_accept; no_auto_split;single_day_segment_intentionally_accepted
211,211,0,3,24,141.720917,0.543114,0,accepted_single_day_segment,insufficient_points,data/derived/qa_211_v1/period_qa.csv,detector_wide_day_to_day_drift,period_qa,,diagnostic_only; no_auto_accept; no_auto_split;single_day_segment_intentionally_accepted
211,211,0,3,25,141.162079,0.54,0,accepted_single_day_segment,insufficient_points,data/derived/qa_211_v1/period_qa.csv,detector_wide_day_to_day_drift,period_qa,,diagnostic_only; no_auto_accept; no_auto_split;single_day_segment_intentionally_accepted
211,211,0,3,26,141.572769,0.560367,0,accepted_single_day_segment,insufficient_points,data/derived/qa_211_v1/period_qa.csv,detector_wide_day_to_day_drift,period_qa,,diagnostic_only; no_auto_accept; no_auto_split;single_day_segment_intentionally_accepted
211,211,0,3,27,143.174011,0.557128,0,accepted_single_day_segment,insufficient_points,data/derived/qa_211_v1/period_qa.csv,detector_wide_day_to_day_drift,period_qa,,diagnostic_only; no_auto_accept; no_auto_split;single_day_segment_intentionally_accepted
211,211,0,3,28,142.12355,0.626495,0,accepted_single_day_segment,insufficient_points,data/derived/qa_211_v1/period_qa.csv,detector_wide_day_to_day_drift,period_qa,,diagnostic_only; no_auto_accept; no_auto_split;single_day_segment_intentionally_accepted
211,211,0,3,29,139.153671,0.540288,0,accepted_single_day_segment,insufficient_points,data/derived/qa_211_v1/period_qa.csv,detector_wide_day_to_day_drift,period_qa,,diagnostic_only; no_auto_accept; no_auto_split;single_day_segment_intentionally_accepted
211,211,0,3,30,141.672577,0.619734,0,accepted_single_day_segment,insufficient_points,data/derived/qa_211_v1/period_qa.csv,detector_wide_day_to_day_drift,period_qa,,diagnostic_only; no_auto_accept; no_auto_split;single_day_segment_intentionally_accepted
211,211,0,3,31,140.024704,0.57954,0,accepted_single_day_segment,insufficient_points,data/derived/qa_211_v1/period_qa.csv,detector_wide_day_to_day_drift,period_qa,,diagnostic_only; no_auto_accept; no_auto_split;single_day_segment_intentionally_accepted
211,211,0,4,1,141.477371,0.5803,0,accepted_single_day_segment,insufficient_points,data/derived/qa_211_v1/period_qa.csv,detector_wide_day_to_day_drift,period_qa,,diagnostic_only; no_auto_accept; no_auto_split;single_day_segment_intentionally_accepted
211,211,0,4,2,135.66571,0.522472,0,accepted_single_day_segment,insufficient_points,data/derived/qa_211_v1/period_qa.csv,detector_wide_day_to_day_drift,period_qa,,diagnostic_only; no_auto_accept; no_auto_split;single_day_segment_intentionally_accepted
211,211,0,4,3,136.569992,0.509056,0,accepted_single_day_segment,insufficient_points,data/derived/qa_211_v1/period_qa.csv,detector_wide_day_to_day_drift,period_qa,,diagnostic_only; no_auto_accept; no_auto_split;single_day_segment_intentionally_accepted
211,211,0,4,4,134.118393,0.492917,0,accepted_single_day_segment,insufficient_points,data/derived/qa_211_v1/period_qa.csv,detector_wide_day_to_day_drift,period_qa,,diagnostic_only; no_auto_accept; no_auto_split;single_day_segment_intentionally_accepted
211,211,0,4,5,135.922028,0.441307,0,accepted_single_day_segment,insufficient_points,data/derived/qa_211_v1/period_qa.csv,detector_wide_day_to_day_drift,period_qa,,diagnostic_only; no_auto_accept; no_auto_split;single_day_segment_intentionally_accepted
211,211,0,4,6,134.734573,0.472457,0,accepted_single_day_segment,insufficient_points,data/derived/qa_211_v1/period_qa.csv,detector_wide_day_to_day_drift,period_qa,,diagnostic_only; no_auto_accept; no_auto_split;single_day_segment_intentionally_accepted
211,211,0,4,7,133.736862,0.400218,0,accepted_single_day_segment,insufficient_points,data/derived/qa_211_v1/period_qa.csv,detector_wide_day_to_day_drift,period_qa,,diagnostic_only; no_auto_accept; no_auto_split;single_day_segment_intentionally_accepted
211,211,0,4,8,134.525696,0.40458,0,accepted_single_day_segment,insufficient_points,data/derived/qa_211_v1/period_qa.csv,detector_wide_day_to_day_drift,period_qa,,diagnostic_only; no_auto_accept; no_auto_split;single_day_segment_intentionally_accepted
211,211,0,4,9,130.783356,0.3651,0,accepted_single_day_segment,insufficient_points,data/derived/qa_211_v1/period_qa.csv,detector_wide_day_to_day_drift,period_qa,,diagnostic_only; no_auto_accept; no_auto_split;single_day_segment_intentionally_accepted
211,211,0,4,10,139.412964,0.456332,0,accepted_single_day_segment,insufficient_points,data/derived/qa_211_v1/period_qa.csv,detector_wide_day_to_day_drift,period_qa,,diagnostic_only; no_auto_accept; no_auto_split;single_day_segment_intentionally_accepted
211,211,0,4,11,141.365799,0.434353,0,accepted_single_day_segment,insufficient_points,data/derived/qa_211_v1/period_qa.csv,detector_wide_day_to_day_drift,period_qa,,diagnostic_only; no_auto_accept; no_auto_split;single_day_segment_intentionally_accepted
211,211,0,4,12,141.440979,0.5011,0,accepted_single_day_segment,insufficient_points,data/derived/qa_211_v1/period_qa.csv,detector_wide_day_to_day_drift,period_qa,,diagnostic_only; no_auto_accept; no_auto_split;single_day_segment_intentionally_accepted
211,211,0,4,13,139.216858,0.471428,0,accepted_single_day_segment,insufficient_points,data/derived/qa_211_v1/period_qa.csv,detector_wide_day_to_day_drift,period_qa,,diagnostic_only; no_auto_accept; no_auto_split;single_day_segment_intentionally_accepted
211,211,0,4,14,142.54245,0.521443,0,accepted_single_day_segment,insufficient_points,data/derived/qa_211_v1/period_qa.csv,detector_wide_day_to_day_drift,period_qa,,diagnostic_only; no_auto_accept; no_auto_split;single_day_segment_intentionally_accepted
211,211,0,4,15,138.764008,0.468405,0,accepted_single_day_segment,insufficient_points,data/derived/qa_211_v1/period_qa.csv,detector_wide_day_to_day_drift,period_qa,,diagnostic_only; no_auto_accept; no_auto_split;single_day_segment_intentionally_accepted
211,211,0,4,16,139.876312,0.438435,0,accepted_single_day_segment,insufficient_points,data/derived/qa_211_v1/period_qa.csv,detector_wide_day_to_day_drift,period_qa,,diagnostic_only; no_auto_accept; no_auto_split;single_day_segment_intentionally_accepted
211,211,0,4,17,137.9478,0.412646,0,accepted_single_day_segment,insufficient_points,data/derived/qa_211_v1/period_qa.csv,detector_wide_day_to_day_drift,period_qa,,diagnostic_only; no_auto_accept; no_auto_split;single_day_segment_intentionally_accepted
211,211,0,4,18,140.476227,0.444616,0,accepted_single_day_segment,insufficient_points,data/derived/qa_211_v1/period_qa.csv,detector_wide_day_to_day_drift,period_qa,,diagnostic_only; no_auto_accept; no_auto_split;single_day_segment_intentionally_accepted
211,211,0,4,19,140.387604,0.439098,0,accepted_single_day_segment,insufficient_points,data/derived/qa_211_v1/period_qa.csv,detector_wide_day_to_day_drift,period_qa,,diagnostic_only; no_auto_accept; no_auto_split;single_day_segment_intentionally_accepted
211,211,0,4,20,138.43457,0.451912,0,accepted_single_day_segment,insufficient_points,data/derived/qa_211_v1/period_qa.csv,detector_wide_day_to_day_drift,period_qa,,diagnostic_only; no_auto_accept; no_auto_split;single_day_segment_intentionally_accepted
211,211,0,4,21,138.25885,0.454229,0,accepted_single_day_segment,insufficient_points,data/derived/qa_211_v1/period_qa.csv,detector_wide_day_to_day_drift,period_qa,,diagnostic_only; no_auto_accept; no_auto_split;single_day_segment_intentionally_accepted
211,211,0,4,22,140.064682,0.451896,0,accepted_single_day_segment,insufficient_points,data/derived/qa_211_v1/period_qa.csv,detector_wide_day_to_day_drift,period_qa,,diagnostic_only; no_auto_accept; no_auto_split;single_day_segment_intentionally_accepted
211,211,0,4,23,138.533707,0.433672,0,accepted_single_day_segment,insufficient_points,data/derived/qa_211_v1/period_qa.csv,detector_wide_day_to_day_drift,period_qa,,diagnostic_only; no_auto_accept; no_auto_split;single_day_segment_intentionally_accepted
211,211,0,4,24,141.703079,0.458046,0,accepted_single_day_segment,insufficient_points,data/derived/qa_211_v1/period_qa.csv,detector_wide_day_to_day_drift,period_qa,,diagnostic_only; no_auto_accept; no_auto_split;single_day_segment_intentionally_accepted
211,211,0,4,25,138.115646,0.440608,0,accepted_single_day_segment,insufficient_points,data/derived/qa_211_v1/period_qa.csv,detector_wide_day_to_day_drift,period_qa,,diagnostic_only; no_auto_accept; no_auto_split;single_day_segment_intentionally_accepted
211,211,0,4,26,138.499008,0.449639,0,accepted_single_day_segment,insufficient_points,data/derived/qa_211_v1/period_qa.csv,detector_wide_day_to_day_drift,period_qa,,diagnostic_only; no_auto_accept; no_auto_split;single_day_segment_intentionally_accepted
211,211,0,4,27,137.09227,0.438505,0,accepted_single_day_segment,insufficient_points,data/derived/qa_211_v1/period_qa.csv,detector_wide_day_to_day_drift,period_qa,,diagnostic_only; no_auto_accept; no_auto_split;single_day_segment_intentionally_accepted
211,211,0,4,28,139.945068,0.523595,0,accepted_single_day_segment,insufficient_points,data/derived/qa_211_v1/period_qa.csv,detector_wide_day_to_day_drift,period_qa,,diagnostic_only; no_auto_accept; no_auto_split;single_day_segment_intentionally_accepted
211,211,0,4,29,139.57402,0.499697,0,accepted_single_day_segment,insufficient_points,data/derived/qa_211_v1/period_qa.csv,detector_wide_day_to_day_drift,period_qa,,diagnostic_only; no_auto_accept; no_auto_split;single_day_segment_intentionally_accepted
211,211,0,4,30,137.925415,0.51967,0,accepted_single_day_segment,insufficient_points,data/derived/qa_211_v1/period_qa.csv,detector_wide_day_to_day_drift,period_qa,,diagnostic_only; no_auto_accept; no_auto_split;single_day_segment_intentionally_accepted
211,211,0,4,31,137.816391,0.531913,0,accepted_single_day_segment,insufficient_points,data/derived/qa_211_v1/period_qa.csv,detector_wide_day_to_day_drift,period_qa,,diagnostic_only; no_auto_accept; no_auto_split;single_day_segment_intentionally_accepted
211,211,0,5,1,136.373199,0.655033,0,accepted_single_day_segment,insufficient_points,data/derived/qa_211_v1/period_qa.csv,detector_wide_day_to_day_drift,period_qa,,diagnostic_only; no_auto_accept; no_auto_split;single_day_segment_intentionally_accepted
211,211,0,5,2,138.78746,0.51891,0,accepted_single_day_segment,insufficient_points,data/derived/qa_211_v1/period_qa.csv,detector_wide_day_to_day_drift,period_qa,,diagnostic_only; no_auto_accept; no_auto_split;single_day_segment_intentionally_accepted
211,211,0,5,3,138.39888,0.585183,0,accepted_single_day_segment,insufficient_points,data/derived/qa_211_v1/period_qa.csv,detector_wide_day_to_day_drift,period_qa,,diagnostic_only; no_auto_accept; no_auto_split;single_day_segment_intentionally_accepted
211,211,0,5,4,135.32312,0.492642,0,accepted_single_day_segment,insufficient_points,data/derived/qa_211_v1/period_qa.csv,detector_wide_day_to_day_drift,period_qa,,diagnostic_only; no_auto_accept; no_auto_split;single_day_segment_intentionally_accepted
211,211,0,5,5,136.123718,0.517549,0,accepted_single_day_segment,insufficient_points,data/derived/qa_211_v1/period_qa.csv,detector_wide_day_to_day_drift,period_qa,,diagnostic_only; no_auto_accept; no_auto_split;single_day_segment_intentionally_accepted
211,211,0,5,6,134.607986,0.47646,0,accepted_single_day_segment,insufficient_points,data/derived/qa_211_v1/period_qa.csv,detector_wide_day_to_day_drift,period_qa,,diagnostic_only; no_auto_accept; no_auto_split;single_day_segment_intentionally_accepted
211,211,0,5,7,132.835602,0.490789,0,accepted_single_day_segment,insufficient_points,data/derived/qa_211_v1/period_qa.csv,detector_wide_day_to_day_drift,period_qa,,diagnostic_only; no_auto_accept; no_auto_split;single_day_segment_intentionally_accepted
211,211,0,5,8,133.285416,0.444309,0,accepted_single_day_segment,insufficient_points,data/derived/qa_211_v1/period_qa.csv,detector_wide_day_to_day_drift,period_qa,,diagnostic_only; no_auto_accept; no_auto_split;single_day_segment_intentionally_accepted
211,211,0,5,9,133.27449,0.43225,0,accepted_single_day_segment,insufficient_points,data/derived/qa_211_v1/period_qa.csv,detector_wide_day_to_day_drift,period_qa,,diagnostic_only; no_auto_accept; no_auto_split;single_day_segment_intentionally_accepted
211,211,0,5,10,157.807129,0.57652,0,accepted_single_day_segment,different_from_nominal;insufficient_points,data/derived/qa_211_v1/period_qa.csv,detector_wide_day_to_day_drift,period_qa,,diagnostic_only; no_auto_accept; no_auto_split;single_day_segment_intentionally_accepted
211,211,0,5,11,169.148361,0.76425,0,accepted_single_day_segment,different_from_nominal;insufficient_points,data/derived/qa_211_v1/period_qa.csv,detector_wide_day_to_day_drift,period_qa,,diagnostic_only; no_auto_accept; no_auto_split;single_day_segment_intentionally_accepted
211,211,0,5,12,166.44014,0.633594,0,accepted_single_day_segment,different_from_nominal;insufficient_points,data/derived/qa_211_v1/period_qa.csv,detector_wide_day_to_day_drift,period_qa,,diagnostic_only; no_auto_accept; no_auto_split;single_day_segment_intentionally_accepted
211,211,0,5,13,164.904297,0.706094,0,accepted_single_day_segment,different_from_nominal;insufficient_points,data/derived/qa_211_v1/period_qa.csv,detector_wide_day_to_day_drift,period_qa,,diagnostic_only; no_auto_accept; no_auto_split;single_day_segment_intentionally_accepted
211,211,0,5,14,148.047073,0.532929,0,accepted_single_day_segment,insufficient_points,data/derived/qa_211_v1/period_qa.csv,detector_wide_day_to_day_drift,period_qa,,diagnostic_only; no_auto_accept; no_auto_split;single_day_segment_intentionally_accepted
211,211,0,5,15,169.2957,0.767695,0,accepted_single_day_segment,different_from_nominal;insufficient_points,data/derived/qa_211_v1/period_qa.csv,detector_wide_day_to_day_drift,period_qa,,diagnostic_only; no_auto_accept; no_auto_split;single_day_segment_intentionally_accepted
211,211,0,5,16,137.050613,0.453819,0,accepted_single_day_segment,insufficient_points,data/derived/qa_211_v1/period_qa.csv,detector_wide_day_to_day_drift,period_qa,,diagnostic_only; no_auto_accept; no_auto_split;single_day_segment_intentionally_accepted
211,211,0,5,17,143.500809,0.544528,0,accepted_single_day_segment,insufficient_points,data/derived/qa_211_v1/period_qa.csv,detector_wide_day_to_day_drift,period_qa,,diagnostic_only; no_auto_accept; no_auto_split;single_day_segment_intentionally_accepted
211,211,0,5,18,138.880234,0.479187,0,accepted_single_day_segment,insufficient_points,data/derived/qa_211_v1/period_qa.csv,detector_wide_day_to_day_drift,period_qa,,diagnostic_only; no_auto_accept; no_auto_split;single_day_segment_intentionally_accepted
211,211,0,5,19,137.21846,0.462947,0,accepted_single_day_segment,insufficient_points,data/derived/qa_211_v1/period_qa.csv,detector_wide_day_to_day_drift,period_qa,,diagnostic_only; no_auto_accept; no_auto_split;single_day_segment_intentionally_accepted
211,211,0,5,20,136.771011,0.45623,0,accepted_single_day_segment,insufficient_points,data/derived/qa_211_v1/period_qa.csv,detector_wide_day_to_day_drift,period_qa,,diagnostic_only; no_auto_accept; no_auto_split;single_day_segment_intentionally_accepted
211,211,0,5,21,141.177338,0.53124,0,accepted_single_day_segment,insufficient_points,data/derived/qa_211_v1/period_qa.csv,detector_wide_day_to_day_drift,period_qa,,diagnostic_only; no_auto_accept; no_auto_split;single_day_segment_intentionally_accepted
211,211,0,5,22,139.34198,0.476188,0,accepted_single_day_segment,insufficient_points,data/derived/qa_211_v1/period_qa.csv,detector_wide_day_to_day_drift,period_qa,,diagnostic_only; no_auto_accept; no_auto_split;single_day_segment_intentionally_accepted
211,211,0,5,23,140.725189,0.534107,0,accepted_single_day_segment,insufficient_points,data/derived/qa_211_v1/period_qa.csv,detector_wide_day_to_day_drift,period_qa,,diagnostic_only; no_auto_accept; no_auto_split;single_day_segment_intentionally_accepted
211,211,0,5,24,139.320602,0.490517,0,accepted_single_day_segment,insufficient_points,data/derived/qa_211_v1/period_qa.csv,detector_wide_day_to_day_drift,period_qa,,diagnostic_only; no_auto_accept; no_auto_split;single_day_segment_intentionally_accepted
211,211,0,5,25,140.760834,0.577891,0,accepted_single_day_segment,insufficient_points,data/derived/qa_211_v1/period_qa.csv,detector_wide_day_to_day_drift,period_qa,,diagnostic_only; no_auto_accept; no_auto_split;single_day_segment_intentionally_accepted
211,211,0,5,26,138.64679,0.520984,0,accepted_single_day_segment,insufficient_points,data/derived/qa_211_v1/period_qa.csv,detector_wide_day_to_day_drift,period_qa,,diagnostic_only; no_auto_accept; no_auto_split;single_day_segment_intentionally_accepted
211,211,0,5,27,138.848175,0.511357,0,accepted_single_day_segment,insufficient_points,data/derived/qa_211_v1/period_qa.csv,detector_wide_day_to_day_drift,period_qa,,diagnostic_only; no_auto_accept; no_auto_split;single_day_segment_intentionally_accepted
211,211,0,5,28,135.690918,0.522196,0,accepted_single_day_segment,insufficient_points,data/derived/qa_211_v1/period_qa.csv,detector_wide_day_to_day_drift,period_qa,,diagnostic_only; no_auto_accept; no_auto_split;single_day_segment_intentionally_accepted
211,211,0,5,29,135.962463,0.537713,0,accepted_single_day_segment,insufficient_points,data/derived/qa_211_v1/period_qa.csv,detector_wide_day_to_day_drift,period_qa,,diagnostic_only; no_auto_accept; no_auto_split;single_day_segment_intentionally_accepted
211,211,0,5,30,137.10408,0.48622,0,accepted_single_day_segment,insufficient_points,data/derived/qa_211_v1/period_qa.csv,detector_wide_day_to_day_drift,period_qa,,diagnostic_only; no_auto_accept; no_auto_split;single_day_segment_intentionally_accepted
211,211,0,5,31,138.711655,0.57448,0,accepted_single_day_segment,insufficient_points,data/derived/qa_211_v1/period_qa.csv,detector_wide_day_to_day_drift,period_qa,,diagnostic_only; no_auto_accept; no_auto_split;single_day_segment_intentionally_accepted
211,211,0,6,1,142.356003,1.035719,0,accepted_single_day_segment,insufficient_points,data/derived/qa_211_v1/period_qa.csv,detector_wide_day_to_day_drift,period_qa,,diagnostic_only; no_auto_accept; no_auto_split;single_day_segment_intentionally_accepted
211,211,0,6,2,140.091232,0.901166,0,accepted_single_day_segment,insufficient_points,data/derived/qa_211_v1/period_qa.csv,detector_wide_day_to_day_drift,period_qa,,diagnostic_only; no_auto_accept; no_auto_split;single_day_segment_intentionally_accepted
211,211,0,6,3,140.370346,0.793681,0,accepted_single_day_segment,insufficient_points,data/derived/qa_211_v1/period_qa.csv,detector_wide_day_to_day_drift,period_qa,,diagnostic_only; no_auto_accept; no_auto_split;single_day_segment_intentionally_accepted
211,211,0,6,4,140.242996,0.621412,0,accepted_single_day_segment,insufficient_points,data/derived/qa_211_v1/period_qa.csv,detector_wide_day_to_day_drift,period_qa,,diagnostic_only; no_auto_accept; no_auto_split;single_day_segment_intentionally_accepted
211,211,0,6,5,139.481079,0.687355,0,accepted_single_day_segment,insufficient_points,data/derived/qa_211_v1/period_qa.csv,detector_wide_day_to_day_drift,period_qa,,diagnostic_only; no_auto_accept; no_auto_split;single_day_segment_intentionally_accepted
211,211,0,6,6,138.971725,0.558641,0,accepted_single_day_segment,insufficient_points,data/derived/qa_211_v1/period_qa.csv,detector_wide_day_to_day_drift,period_qa,,diagnostic_only; no_auto_accept; no_auto_split;single_day_segment_intentionally_accepted
211,211,0,6,7,138.267609,0.551947,0,accepted_single_day_segment,insufficient_points,data/derived/qa_211_v1/period_qa.csv,detector_wide_day_to_day_drift,period_qa,,diagnostic_only; no_auto_accept; no_auto_split;single_day_segment_intentionally_accepted
211,211,0,6,8,134.139496,0.418389,0,accepted_single_day_segment,insufficient_points,data/derived/qa_211_v1/period_qa.csv,detector_wide_day_to_day_drift,period_qa,,diagnostic_only; no_auto_accept; no_auto_split;single_day_segment_intentionally_accepted
211,211,0,6,9,134.143646,0.466244,0,accepted_single_day_segment,insufficient_points,data/derived/qa_211_v1/period_qa.csv,detector_wide_day_to_day_drift,period_qa,,diagnostic_only; no_auto_accept; no_auto_split;single_day_segment_intentionally_accepted
211,211,0,6,10,165.682709,0.72123,0,accepted_single_day_segment,different_from_nominal;insufficient_points,data/derived/qa_211_v1/period_qa.csv,detector_wide_day_to_day_drift,period_qa,,diagnostic_only; no_auto_accept; no_auto_split;single_day_segment_intentionally_accepted
211,211,0,6,11,166.675339,0.661814,0,accepted_single_day_segment,different_from_nominal;insufficient_points,data/derived/qa_211_v1/period_qa.csv,detector_wide_day_to_day_drift,period_qa,,diagnostic_only; no_auto_accept; no_auto_split;single_day_segment_intentionally_accepted
211,211,0,6,12,,,,raw_input_unavailable,insufficient_points,data/derived/qa_211_v1/period_qa.csv,,none,,No usable raw daily observation; no carry-forward.
211,211,0,6,13,,,,raw_input_unavailable,insufficient_points,data/derived/qa_211_v1/period_qa.csv,,none,,No usable raw daily observation; no carry-forward.
211,211,0,6,14,,,,raw_input_unavailable,insufficient_points,data/derived/qa_211_v1/period_qa.csv,,none,,No usable raw daily observation; no carry-forward.
211,211,0,6,15,,,,raw_input_unavailable,insufficient_points,data/derived/qa_211_v1/period_qa.csv,,none,,No usable raw daily observation; no carry-forward.
211,211,0,6,16,142.253403,0.474049,0,accepted_single_day_segment,insufficient_points,data/derived/qa_211_v1/period_qa.csv,detector_wide_day_to_day_drift,period_qa,,diagnostic_only; no_auto_accept; no_auto_split;single_day_segment_intentionally_accepted
211,211,0,6,17,142.242111,0.514698,0,accepted_single_day_segment,insufficient_points,data/derived/qa_211_v1/period_qa.csv,detector_wide_day_to_day_drift,period_qa,,diagnostic_only; no_auto_accept; no_auto_split;single_day_segment_intentionally_accepted
211,211,0,6,18,141.590683,0.516667,0,accepted_single_day_segment,insufficient_points,data/derived/qa_211_v1/period_qa.csv,detector_wide_day_to_day_drift,period_qa,,diagnostic_only; no_auto_accept; no_auto_split;single_day_segment_intentionally_accepted
211,211,0,6,19,141.030853,0.538808,0,accepted_single_day_segment,insufficient_points,data/derived/qa_211_v1/period_qa.csv,detector_wide_day_to_day_drift,period_qa,,diagnostic_only; no_auto_accept; no_auto_split;single_day_segment_intentionally_accepted
211,211,0,6,20,141.932693,0.472733,0,accepted_single_day_segment,insufficient_points,data/derived/qa_211_v1/period_qa.csv,detector_wide_day_to_day_drift,period_qa,,diagnostic_only; no_auto_accept; no_auto_split;single_day_segment_intentionally_accepted
211,211,0,6,21,141.144135,0.512744,0,accepted_single_day_segment,insufficient_points,data/derived/qa_211_v1/period_qa.csv,detector_wide_day_to_day_drift,period_qa,,diagnostic_only; no_auto_accept; no_auto_split;single_day_segment_intentionally_accepted
211,211,0,6,22,143.264923,0.489731,0,accepted_single_day_segment,insufficient_points,data/derived/qa_211_v1/period_qa.csv,detector_wide_day_to_day_drift,period_qa,,diagnostic_only; no_auto_accept; no_auto_split;single_day_segment_intentionally_accepted
211,211,0,6,23,139.957886,0.480762,0,accepted_single_day_segment,insufficient_points,data/derived/qa_211_v1/period_qa.csv,detector_wide_day_to_day_drift,period_qa,,diagnostic_only; no_auto_accept; no_auto_split;single_day_segment_intentionally_accepted
211,211,0,6,24,141.071716,0.51336,0,accepted_single_day_segment,insufficient_points,data/derived/qa_211_v1/period_qa.csv,detector_wide_day_to_day_drift,period_qa,,diagnostic_only; no_auto_accept; no_auto_split;single_day_segment_intentionally_accepted
211,211,0,6,25,141.126038,0.585829,0,accepted_single_day_segment,insufficient_points,data/derived/qa_211_v1/period_qa.csv,detector_wide_day_to_day_drift,period_qa,,diagnostic_only; no_auto_accept; no_auto_split;single_day_segment_intentionally_accepted
211,211,0,6,26,140.137833,0.545074,0,accepted_single_day_segment,insufficient_points,data/derived/qa_211_v1/period_qa.csv,detector_wide_day_to_day_drift,period_qa,,diagnostic_only; no_auto_accept; no_auto_split;single_day_segment_intentionally_accepted
211,211,0,6,27,141.537216,0.649343,0,accepted_single_day_segment,insufficient_points,data/derived/qa_211_v1/period_qa.csv,detector_wide_day_to_day_drift,period_qa,,diagnostic_only; no_auto_accept; no_auto_split;single_day_segment_intentionally_accepted
211,211,0,6,28,142.301025,0.557572,0,accepted_single_day_segment,insufficient_points,data/derived/qa_211_v1/period_qa.csv,detector_wide_day_to_day_drift,period_qa,,diagnostic_only; no_auto_accept; no_auto_split;single_day_segment_intentionally_accepted
211,211,0,6,29,138.556915,0.581832,0,accepted_single_day_segment,insufficient_points,data/derived/qa_211_v1/period_qa.csv,detector_wide_day_to_day_drift,period_qa,,diagnostic_only; no_auto_accept; no_auto_split;single_day_segment_intentionally_accepted
211,211,0,6,30,139.959763,0.596708,0,accepted_single_day_segment,insufficient_points,data/derived/qa_211_v1/period_qa.csv,detector_wide_day_to_day_drift,period_qa,,diagnostic_only; no_auto_accept; no_auto_split;single_day_segment_intentionally_accepted
211,211,0,6,31,141.204834,0.555026,0,accepted_single_day_segment,insufficient_points,data/derived/qa_211_v1/period_qa.csv,detector_wide_day_to_day_drift,period_qa,,diagnostic_only; no_auto_accept; no_auto_split;single_day_segment_intentionally_accepted
211,211,0,7,1,137.104126,0.746428,0,accepted_single_day_segment,insufficient_points,data/derived/qa_211_v1/period_qa.csv,detector_wide_day_to_day_drift,period_qa,,diagnostic_only; no_auto_accept; no_auto_split;single_day_segment_intentionally_accepted
211,211,0,7,2,138.998337,0.703241,0,accepted_single_day_segment,insufficient_points,data/derived/qa_211_v1/period_qa.csv,detector_wide_day_to_day_drift,period_qa,,diagnostic_only; no_auto_accept; no_auto_split;single_day_segment_intentionally_accepted
211,211,0,7,3,140.015961,0.703789,0,accepted_single_day_segment,insufficient_points,data/derived/qa_211_v1/period_qa.csv,detector_wide_day_to_day_drift,period_qa,,diagnostic_only; no_auto_accept; no_auto_split;single_day_segment_intentionally_accepted
211,211,0,7,4,133.225723,0.539583,0,accepted_single_day_segment,insufficient_points,data/derived/qa_211_v1/period_qa.csv,detector_wide_day_to_day_drift,period_qa,,diagnostic_only; no_auto_accept; no_auto_split;single_day_segment_intentionally_accepted
211,211,0,7,5,137.460526,0.525624,0,accepted_single_day_segment,insufficient_points,data/derived/qa_211_v1/period_qa.csv,detector_wide_day_to_day_drift,period_qa,,diagnostic_only; no_auto_accept; no_auto_split;single_day_segment_intentionally_accepted
211,211,0,7,6,134.59288,0.523569,0,accepted_single_day_segment,insufficient_points,data/derived/qa_211_v1/period_qa.csv,detector_wide_day_to_day_drift,period_qa,,diagnostic_only; no_auto_accept; no_auto_split;single_day_segment_intentionally_accepted
211,211,0,7,7,135.267807,0.523566,0,accepted_single_day_segment,insufficient_points,data/derived/qa_211_v1/period_qa.csv,detector_wide_day_to_day_drift,period_qa,,diagnostic_only; no_auto_accept; no_auto_split;single_day_segment_intentionally_accepted
211,211,0,7,8,135.27562,0.453469,0,accepted_single_day_segment,insufficient_points,data/derived/qa_211_v1/period_qa.csv,detector_wide_day_to_day_drift,period_qa,,diagnostic_only; no_auto_accept; no_auto_split;single_day_segment_intentionally_accepted
211,211,0,7,9,133.407043,0.452703,0,accepted_single_day_segment,insufficient_points,data/derived/qa_211_v1/period_qa.csv,detector_wide_day_to_day_drift,period_qa,,diagnostic_only; no_auto_accept; no_auto_split;single_day_segment_intentionally_accepted
211,211,0,7,10,,,,raw_input_unavailable,insufficient_points,data/derived/qa_211_v1/period_qa.csv,,none,,No usable raw daily observation; no carry-forward.
211,211,0,7,11,,,,raw_input_unavailable,insufficient_points,data/derived/qa_211_v1/period_qa.csv,,none,,No usable raw daily observation; no carry-forward.
211,211,0,7,12,,,,raw_input_unavailable,insufficient_points,data/derived/qa_211_v1/period_qa.csv,,none,,No usable raw daily observation; no carry-forward.
211,211,0,7,13,,,,raw_input_unavailable,insufficient_points,data/derived/qa_211_v1/period_qa.csv,,none,,No usable raw daily observation; no carry-forward.
211,211,0,7,14,,,,raw_input_unavailable,insufficient_points,data/derived/qa_211_v1/period_qa.csv,,none,,No usable raw daily observation; no carry-forward.
211,211,0,7,15,,,,raw_input_unavailable,insufficient_points,data/derived/qa_211_v1/period_qa.csv,,none,,No usable raw daily observation; no carry-forward.
211,211,0,7,16,139.043823,0.459807,0,accepted_single_day_segment,insufficient_points,data/derived/qa_211_v1/period_qa.csv,detector_wide_day_to_day_drift,period_qa,,diagnostic_only; no_auto_accept; no_auto_split;single_day_segment_intentionally_accepted
211,211,0,7,17,139.747116,0.484022,0,accepted_single_day_segment,insufficient_points,data/derived/qa_211_v1/period_qa.csv,detector_wide_day_to_day_drift,period_qa,,diagnostic_only; no_auto_accept; no_auto_split;single_day_segment_intentionally_accepted
211,211,0,7,18,141.171356,0.522783,0,accepted_single_day_segment,insufficient_points,data/derived/qa_211_v1/period_qa.csv,detector_wide_day_to_day_drift,period_qa,,diagnostic_only; no_auto_accept; no_auto_split;single_day_segment_intentionally_accepted
211,211,0,7,19,136.356125,0.457165,0,accepted_single_day_segment,insufficient_points,data/derived/qa_211_v1/period_qa.csv,detector_wide_day_to_day_drift,period_qa,,diagnostic_only; no_auto_accept; no_auto_split;single_day_segment_intentionally_accepted
211,211,0,7,20,139.377777,0.503224,0,accepted_single_day_segment,insufficient_points,data/derived/qa_211_v1/period_qa.csv,detector_wide_day_to_day_drift,period_qa,,diagnostic_only; no_auto_accept; no_auto_split;single_day_segment_intentionally_accepted
211,211,0,7,21,141.530884,0.552329,0,accepted_single_day_segment,insufficient_points,data/derived/qa_211_v1/period_qa.csv,detector_wide_day_to_day_drift,period_qa,,diagnostic_only; no_auto_accept; no_auto_split;single_day_segment_intentionally_accepted
211,211,0,7,22,140.321136,0.498935,0,accepted_single_day_segment,insufficient_points,data/derived/qa_211_v1/period_qa.csv,detector_wide_day_to_day_drift,period_qa,,diagnostic_only; no_auto_accept; no_auto_split;single_day_segment_intentionally_accepted
211,211,0,7,23,140.880783,0.551171,0,accepted_single_day_segment,insufficient_points,data/derived/qa_211_v1/period_qa.csv,detector_wide_day_to_day_drift,period_qa,,diagnostic_only; no_auto_accept; no_auto_split;single_day_segment_intentionally_accepted
211,211,0,7,24,139.524872,0.505932,0,accepted_single_day_segment,insufficient_points,data/derived/qa_211_v1/period_qa.csv,detector_wide_day_to_day_drift,period_qa,,diagnostic_only; no_auto_accept; no_auto_split;single_day_segment_intentionally_accepted
211,211,0,7,25,138.285095,0.493566,0,accepted_single_day_segment,insufficient_points,data/derived/qa_211_v1/period_qa.csv,detector_wide_day_to_day_drift,period_qa,,diagnostic_only; no_auto_accept; no_auto_split;single_day_segment_intentionally_accepted
211,211,0,7,26,139.464325,0.481218,0,accepted_single_day_segment,insufficient_points,data/derived/qa_211_v1/period_qa.csv,detector_wide_day_to_day_drift,period_qa,,diagnostic_only; no_auto_accept; no_auto_split;single_day_segment_intentionally_accepted
211,211,0,7,27,141.849457,0.549101,0,accepted_single_day_segment,insufficient_points,data/derived/qa_211_v1/period_qa.csv,detector_wide_day_to_day_drift,period_qa,,diagnostic_only; no_auto_accept; no_auto_split;single_day_segment_intentionally_accepted
211,211,0,7,28,140.281418,0.525769,0,accepted_single_day_segment,insufficient_points,data/derived/qa_211_v1/period_qa.csv,detector_wide_day_to_day_drift,period_qa,,diagnostic_only; no_auto_accept; no_auto_split;single_day_segment_intentionally_accepted
211,211,0,7,29,141.559326,0.555914,0,accepted_single_day_segment,insufficient_points,data/derived/qa_211_v1/period_qa.csv,detector_wide_day_to_day_drift,period_qa,,diagnostic_only; no_auto_accept; no_auto_split;single_day_segment_intentionally_accepted
211,211,0,7,30,143.259338,0.591188,0,accepted_single_day_segment,insufficient_points,data/derived/qa_211_v1/period_qa.csv,detector_wide_day_to_day_drift,period_qa,,diagnostic_only; no_auto_accept; no_auto_split;single_day_segment_intentionally_accepted
211,211,0,7,31,139.480835,0.636137,0,accepted_single_day_segment,insufficient_points,data/derived/qa_211_v1/period_qa.csv,detector_wide_day_to_day_drift,period_qa,,diagnostic_only; no_auto_accept; no_auto_split;single_day_segment_intentionally_accepted
211,211,0,8,1,138.06192,0.634308,0,accepted_single_day_segment,insufficient_points,data/derived/qa_211_v1/period_qa.csv,detector_wide_day_to_day_drift,period_qa,,diagnostic_only; no_auto_accept; no_auto_split;single_day_segment_intentionally_accepted
211,211,0,8,2,141.409424,0.663023,0,accepted_single_day_segment,insufficient_points,data/derived/qa_211_v1/period_qa.csv,detector_wide_day_to_day_drift,period_qa,,diagnostic_only; no_auto_accept; no_auto_split;single_day_segment_intentionally_accepted
211,211,0,8,3,140.292252,0.623926,0,accepted_single_day_segment,insufficient_points,data/derived/qa_211_v1/period_qa.csv,detector_wide_day_to_day_drift,period_qa,,diagnostic_only; no_auto_accept; no_auto_split;single_day_segment_intentionally_accepted
211,211,0,8,4,135.790726,0.554512,0,accepted_single_day_segment,insufficient_points,data/derived/qa_211_v1/period_qa.csv,detector_wide_day_to_day_drift,period_qa,,diagnostic_only; no_auto_accept; no_auto_split;single_day_segment_intentionally_accepted
211,211,0,8,5,137.577209,0.542198,0,accepted_single_day_segment,insufficient_points,data/derived/qa_211_v1/period_qa.csv,detector_wide_day_to_day_drift,period_qa,,diagnostic_only; no_auto_accept; no_auto_split;single_day_segment_intentionally_accepted
211,211,0,8,6,134.033432,0.480901,0,accepted_single_day_segment,insufficient_points,data/derived/qa_211_v1/period_qa.csv,detector_wide_day_to_day_drift,period_qa,,diagnostic_only; no_auto_accept; no_auto_split;single_day_segment_intentionally_accepted
211,211,0,8,7,137.320709,0.476273,0,accepted_single_day_segment,insufficient_points,data/derived/qa_211_v1/period_qa.csv,detector_wide_day_to_day_drift,period_qa,,diagnostic_only; no_auto_accept; no_auto_split;single_day_segment_intentionally_accepted
211,211,0,8,8,134.279465,0.423197,0,accepted_single_day_segment,insufficient_points,data/derived/qa_211_v1/period_qa.csv,detector_wide_day_to_day_drift,period_qa,,diagnostic_only; no_auto_accept; no_auto_split;single_day_segment_intentionally_accepted
211,211,0,8,9,134.084915,0.41329,0,accepted_single_day_segment,insufficient_points,data/derived/qa_211_v1/period_qa.csv,detector_wide_day_to_day_drift,period_qa,,diagnostic_only; no_auto_accept; no_auto_split;single_day_segment_intentionally_accepted
211,211,0,8,10,,,,raw_input_unavailable,insufficient_points,data/derived/qa_211_v1/period_qa.csv,,none,,No usable raw daily observation; no carry-forward.
211,211,0,8,11,,,,raw_input_unavailable,insufficient_points,data/derived/qa_211_v1/period_qa.csv,,none,,No usable raw daily observation; no carry-forward.
211,211,0,8,12,,,,raw_input_unavailable,insufficient_points,data/derived/qa_211_v1/period_qa.csv,,none,,No usable raw daily observation; no carry-forward.
211,211,0,8,13,,,,raw_input_unavailable,insufficient_points,data/derived/qa_211_v1/period_qa.csv,,none,,No usable raw daily observation; no carry-forward.
211,211,0,8,14,,,,raw_input_unavailable,insufficient_points,data/derived/qa_211_v1/period_qa.csv,,none,,No usable raw daily observation; no carry-forward.
211,211,0,8,15,,,,raw_input_unavailable,insufficient_points,data/derived/qa_211_v1/period_qa.csv,,none,,No usable raw daily observation; no carry-forward.
211,211,0,8,16,142.239853,0.531003,0,accepted_single_day_segment,insufficient_points,data/derived/qa_211_v1/period_qa.csv,detector_wide_day_to_day_drift,period_qa,,diagnostic_only; no_auto_accept; no_auto_split;single_day_segment_intentionally_accepted
211,211,0,8,17,140.031219,0.497952,0,accepted_single_day_segment,insufficient_points,data/derived/qa_211_v1/period_qa.csv,detector_wide_day_to_day_drift,period_qa,,diagnostic_only; no_auto_accept; no_auto_split;single_day_segment_intentionally_accepted
211,211,0,8,18,141.862808,0.533573,0,accepted_single_day_segment,insufficient_points,data/derived/qa_211_v1/period_qa.csv,detector_wide_day_to_day_drift,period_qa,,diagnostic_only; no_auto_accept; no_auto_split;single_day_segment_intentionally_accepted
211,211,0,8,19,138.581253,0.499274,0,accepted_single_day_segment,insufficient_points,data/derived/qa_211_v1/period_qa.csv,detector_wide_day_to_day_drift,period_qa,,diagnostic_only; no_auto_accept; no_auto_split;single_day_segment_intentionally_accepted
211,211,0,8,20,140.619781,0.502103,0,accepted_single_day_segment,insufficient_points,data/derived/qa_211_v1/period_qa.csv,detector_wide_day_to_day_drift,period_qa,,diagnostic_only; no_auto_accept; no_auto_split;single_day_segment_intentionally_accepted
211,211,0,8,21,139.947815,0.501842,0,accepted_single_day_segment,insufficient_points,data/derived/qa_211_v1/period_qa.csv,detector_wide_day_to_day_drift,period_qa,,diagnostic_only; no_auto_accept; no_auto_split;single_day_segment_intentionally_accepted
211,211,0,8,22,142.234116,0.521144,0,accepted_single_day_segment,insufficient_points,data/derived/qa_211_v1/period_qa.csv,detector_wide_day_to_day_drift,period_qa,,diagnostic_only; no_auto_accept; no_auto_split;single_day_segment_intentionally_accepted
211,211,0,8,23,138.995438,0.486975,0,accepted_single_day_segment,insufficient_points,data/derived/qa_211_v1/period_qa.csv,detector_wide_day_to_day_drift,period_qa,,diagnostic_only; no_auto_accept; no_auto_split;single_day_segment_intentionally_accepted
211,211,0,8,24,142.740555,0.496489,0,accepted_single_day_segment,insufficient_points,data/derived/qa_211_v1/period_qa.csv,detector_wide_day_to_day_drift,period_qa,,diagnostic_only; no_auto_accept; no_auto_split;single_day_segment_intentionally_accepted
211,211,0,8,25,141.495148,0.510616,0,accepted_single_day_segment,insufficient_points,data/derived/qa_211_v1/period_qa.csv,detector_wide_day_to_day_drift,period_qa,,diagnostic_only; no_auto_accept; no_auto_split;single_day_segment_intentionally_accepted
211,211,0,8,26,142.156982,0.516893,0,accepted_single_day_segment,insufficient_points,data/derived/qa_211_v1/period_qa.csv,detector_wide_day_to_day_drift,period_qa,,diagnostic_only; no_auto_accept; no_auto_split;single_day_segment_intentionally_accepted
211,211,0,8,27,140.488083,0.517508,0,accepted_single_day_segment,insufficient_points,data/derived/qa_211_v1/period_qa.csv,detector_wide_day_to_day_drift,period_qa,,diagnostic_only; no_auto_accept; no_auto_split;single_day_segment_intentionally_accepted
211,211,0,8,28,143.042633,0.570024,0,accepted_single_day_segment,insufficient_points,data/derived/qa_211_v1/period_qa.csv,detector_wide_day_to_day_drift,period_qa,,diagnostic_only; no_auto_accept; no_auto_split;single_day_segment_intentionally_accepted
211,211,0,8,29,141.151337,0.528324,0,accepted_single_day_segment,insufficient_points,data/derived/qa_211_v1/period_qa.csv,detector_wide_day_to_day_drift,period_qa,,diagnostic_only; no_auto_accept; no_auto_split;single_day_segment_intentionally_accepted
211,211,0,8,30,142.875488,0.558029,0,accepted_single_day_segment,insufficient_points,data/derived/qa_211_v1/period_qa.csv,detector_wide_day_to_day_drift,period_qa,,diagnostic_only; no_auto_accept; no_auto_split;single_day_segment_intentionally_accepted
211,211,0,8,31,140.309402,0.560833,0,accepted_single_day_segment,insufficient_points,data/derived/qa_211_v1/period_qa.csv,detector_wide_day_to_day_drift,period_qa,,diagnostic_only; no_auto_accept; no_auto_split;single_day_segment_intentionally_accepted
211,211,0,9,1,141.731476,0.685339,0,accepted_single_day_segment,insufficient_points,data/derived/qa_211_v1/period_qa.csv,detector_wide_day_to_day_drift,period_qa,,diagnostic_only; no_auto_accept; no_auto_split;single_day_segment_intentionally_accepted
211,211,0,9,2,143.636124,0.65606,0,accepted_single_day_segment,insufficient_points,data/derived/qa_211_v1/period_qa.csv,detector_wide_day_to_day_drift,period_qa,,diagnostic_only; no_auto_accept; no_auto_split;single_day_segment_intentionally_accepted
211,211,0,9,3,139.879456,0.581337,0,accepted_single_day_segment,insufficient_points,data/derived/qa_211_v1/period_qa.csv,detector_wide_day_to_day_drift,period_qa,,diagnostic_only; no_auto_accept; no_auto_split;single_day_segment_intentionally_accepted
211,211,0,9,4,138.751999,0.538683,0,accepted_single_day_segment,insufficient_points,data/derived/qa_211_v1/period_qa.csv,detector_wide_day_to_day_drift,period_qa,,diagnostic_only; no_auto_accept; no_auto_split;single_day_segment_intentionally_accepted
211,211,0,9,5,139.272278,0.550352,0,accepted_single_day_segment,insufficient_points,data/derived/qa_211_v1/period_qa.csv,detector_wide_day_to_day_drift,period_qa,,diagnostic_only; no_auto_accept; no_auto_split;single_day_segment_intentionally_accepted
211,211,0,9,6,137.267227,0.541871,0,accepted_single_day_segment,insufficient_points,data/derived/qa_211_v1/period_qa.csv,detector_wide_day_to_day_drift,period_qa,,diagnostic_only; no_auto_accept; no_auto_split;single_day_segment_intentionally_accepted
211,211,0,9,7,137.238281,0.488348,0,accepted_single_day_segment,insufficient_points,data/derived/qa_211_v1/period_qa.csv,detector_wide_day_to_day_drift,period_qa,,diagnostic_only; no_auto_accept; no_auto_split;single_day_segment_intentionally_accepted
211,211,0,9,8,133.33078,0.457664,0,accepted_single_day_segment,insufficient_points,data/derived/qa_211_v1/period_qa.csv,detector_wide_day_to_day_drift,period_qa,,diagnostic_only; no_auto_accept; no_auto_split;single_day_segment_intentionally_accepted
211,211,0,9,9,137.777634,0.455113,0,accepted_single_day_segment,insufficient_points,data/derived/qa_211_v1/period_qa.csv,detector_wide_day_to_day_drift,period_qa,,diagnostic_only; no_auto_accept; no_auto_split;single_day_segment_intentionally_accepted
211,211,0,9,10,,,,raw_input_unavailable,insufficient_points,data/derived/qa_211_v1/period_qa.csv,,none,,No usable raw daily observation; no carry-forward.
211,211,0,9,11,,,,raw_input_unavailable,insufficient_points,data/derived/qa_211_v1/period_qa.csv,,none,,No usable raw daily observation; no carry-forward.
211,211,0,9,12,,,,raw_input_unavailable,insufficient_points,data/derived/qa_211_v1/period_qa.csv,,none,,No usable raw daily observation; no carry-forward.
211,211,0,9,13,,,,raw_input_unavailable,insufficient_points,data/derived/qa_211_v1/period_qa.csv,,none,,No usable raw daily observation; no carry-forward.
211,211,0,9,14,,,,raw_input_unavailable,insufficient_points,data/derived/qa_211_v1/period_qa.csv,,none,,No usable raw daily observation; no carry-forward.
211,211,0,9,15,,,,raw_input_unavailable,insufficient_points,data/derived/qa_211_v1/period_qa.csv,,none,,No usable raw daily observation; no carry-forward.
211,211,0,9,16,139.946518,0.466143,0,accepted_single_day_segment,insufficient_points,data/derived/qa_211_v1/period_qa.csv,detector_wide_day_to_day_drift,period_qa,,diagnostic_only; no_auto_accept; no_auto_split;single_day_segment_intentionally_accepted
211,211,0,9,17,140.436172,0.501216,0,accepted_single_day_segment,insufficient_points,data/derived/qa_211_v1/period_qa.csv,detector_wide_day_to_day_drift,period_qa,,diagnostic_only; no_auto_accept; no_auto_split;single_day_segment_intentionally_accepted
211,211,0,9,18,140.626526,0.501074,0,accepted_single_day_segment,insufficient_points,data/derived/qa_211_v1/period_qa.csv,detector_wide_day_to_day_drift,period_qa,,diagnostic_only; no_auto_accept; no_auto_split;single_day_segment_intentionally_accepted
211,211,0,9,19,139.803391,0.52059,0,accepted_single_day_segment,insufficient_points,data/derived/qa_211_v1/period_qa.csv,detector_wide_day_to_day_drift,period_qa,,diagnostic_only; no_auto_accept; no_auto_split;single_day_segment_intentionally_accepted
211,211,0,9,20,141.161682,0.515752,0,accepted_single_day_segment,insufficient_points,data/derived/qa_211_v1/period_qa.csv,detector_wide_day_to_day_drift,period_qa,,diagnostic_only; no_auto_accept; no_auto_split;single_day_segment_intentionally_accepted
211,211,0,9,21,143.186127,0.494734,0,accepted_single_day_segment,insufficient_points,data/derived/qa_211_v1/period_qa.csv,detector_wide_day_to_day_drift,period_qa,,diagnostic_only; no_auto_accept; no_auto_split;single_day_segment_intentionally_accepted
211,211,0,9,22,142.362167,0.523869,0,accepted_single_day_segment,insufficient_points,data/derived/qa_211_v1/period_qa.csv,detector_wide_day_to_day_drift,period_qa,,diagnostic_only; no_auto_accept; no_auto_split;single_day_segment_intentionally_accepted
211,211,0,9,23,140.557846,0.533493,0,accepted_single_day_segment,insufficient_points,data/derived/qa_211_v1/period_qa.csv,detector_wide_day_to_day_drift,period_qa,,diagnostic_only; no_auto_accept; no_auto_split;single_day_segment_intentionally_accepted
211,211,0,9,24,140.852097,0.490423,0,accepted_single_day_segment,insufficient_points,data/derived/qa_211_v1/period_qa.csv,detector_wide_day_to_day_drift,period_qa,,diagnostic_only; no_auto_accept; no_auto_split;single_day_segment_intentionally_accepted
211,211,0,9,25,141.231842,0.544937,0,accepted_single_day_segment,insufficient_points,data/derived/qa_211_v1/period_qa.csv,detector_wide_day_to_day_drift,period_qa,,diagnostic_only; no_auto_accept; no_auto_split;single_day_segment_intentionally_accepted
211,211,0,9,26,142.070786,0.51269,0,accepted_single_day_segment,insufficient_points,data/derived/qa_211_v1/period_qa.csv,detector_wide_day_to_day_drift,period_qa,,diagnostic_only; no_auto_accept; no_auto_split;single_day_segment_intentionally_accepted
211,211,0,9,27,142.230209,0.53347,0,accepted_single_day_segment,insufficient_points,data/derived/qa_211_v1/period_qa.csv,detector_wide_day_to_day_drift,period_qa,,diagnostic_only; no_auto_accept; no_auto_split;single_day_segment_intentionally_accepted
211,211,0,9,28,143.859177,0.571209,0,accepted_single_day_segment,insufficient_points,data/derived/qa_211_v1/period_qa.csv,detector_wide_day_to_day_drift,period_qa,,diagnostic_only; no_auto_accept; no_auto_split;single_day_segment_intentionally_accepted
211,211,0,9,29,141.09668,0.524336,0,accepted_single_day_segment,insufficient_points,data/derived/qa_211_v1/period_qa.csv,detector_wide_day_to_day_drift,period_qa,,diagnostic_only; no_auto_accept; no_auto_split;single_day_segment_intentionally_accepted
211,211,0,9,30,143.910873,0.531021,0,accepted_single_day_segment,insufficient_points,data/derived/qa_211_v1/period_qa.csv,detector_wide_day_to_day_drift,period_qa,,diagnostic_only; no_auto_accept; no_auto_split;single_day_segment_intentionally_accepted
211,211,0,9,31,142.463455,0.575485,0,accepted_single_day_segment,insufficient_points,data/derived/qa_211_v1/period_qa.csv,detector_wide_day_to_day_drift,period_qa,,diagnostic_only; no_auto_accept; no_auto_split;single_day_segment_intentionally_accepted
211,211,0,10,1,139.486359,0.677798,0,accepted_single_day_segment,insufficient_points,data/derived/qa_211_v1/period_qa.csv,detector_wide_day_to_day_drift,period_qa,,diagnostic_only; no_auto_accept; no_auto_split;single_day_segment_intentionally_accepted
211,211,0,10,2,140.189728,0.545226,0,accepted_single_day_segment,insufficient_points,data/derived/qa_211_v1/period_qa.csv,detector_wide_day_to_day_drift,period_qa,,diagnostic_only; no_auto_accept; no_auto_split;single_day_segment_intentionally_accepted
211,211,0,10,3,143.68631,0.741825,0,accepted_single_day_segment,insufficient_points,data/derived/qa_211_v1/period_qa.csv,detector_wide_day_to_day_drift,period_qa,,diagnostic_only; no_auto_accept; no_auto_split;single_day_segment_intentionally_accepted
211,211,0,10,4,137.568573,0.514042,0,accepted_single_day_segment,insufficient_points,data/derived/qa_211_v1/period_qa.csv,detector_wide_day_to_day_drift,period_qa,,diagnostic_only; no_auto_accept; no_auto_split;single_day_segment_intentionally_accepted
211,211,0,10,5,135.573334,0.487815,0,accepted_single_day_segment,insufficient_points,data/derived/qa_211_v1/period_qa.csv,detector_wide_day_to_day_drift,period_qa,,diagnostic_only; no_auto_accept; no_auto_split;single_day_segment_intentionally_accepted
211,211,0,10,6,135.256042,0.452955,0,accepted_single_day_segment,insufficient_points,data/derived/qa_211_v1/period_qa.csv,detector_wide_day_to_day_drift,period_qa,,diagnostic_only; no_auto_accept; no_auto_split;single_day_segment_intentionally_accepted
211,211,0,10,7,136.48291,0.453532,0,accepted_single_day_segment,insufficient_points,data/derived/qa_211_v1/period_qa.csv,detector_wide_day_to_day_drift,period_qa,,diagnostic_only; no_auto_accept; no_auto_split;single_day_segment_intentionally_accepted
211,211,0,10,8,137.176758,0.417209,0,accepted_single_day_segment,insufficient_points,data/derived/qa_211_v1/period_qa.csv,detector_wide_day_to_day_drift,period_qa,,diagnostic_only; no_auto_accept; no_auto_split;single_day_segment_intentionally_accepted
211,211,0,10,9,137.479172,0.404322,0,accepted_single_day_segment,insufficient_points,data/derived/qa_211_v1/period_qa.csv,detector_wide_day_to_day_drift,period_qa,,diagnostic_only; no_auto_accept; no_auto_split;single_day_segment_intentionally_accepted
211,211,0,10,10,,,,raw_input_unavailable,insufficient_points,data/derived/qa_211_v1/period_qa.csv,,none,,No usable raw daily observation; no carry-forward.
211,211,0,10,11,,,,raw_input_unavailable,insufficient_points,data/derived/qa_211_v1/period_qa.csv,,none,,No usable raw daily observation; no carry-forward.
211,211,0,10,12,,,,raw_input_unavailable,insufficient_points,data/derived/qa_211_v1/period_qa.csv,,none,,No usable raw daily observation; no carry-forward.
211,211,0,10,13,,,,raw_input_unavailable,insufficient_points,data/derived/qa_211_v1/period_qa.csv,,none,,No usable raw daily observation; no carry-forward.
211,211,0,10,14,,,,raw_input_unavailable,insufficient_points,data/derived/qa_211_v1/period_qa.csv,,none,,No usable raw daily observation; no carry-forward.
211,211,0,10,15,,,,raw_input_unavailable,insufficient_points,data/derived/qa_211_v1/period_qa.csv,,none,,No usable raw daily observation; no carry-forward.
211,211,0,10,16,143.387558,0.479934,0,accepted_single_day_segment,insufficient_points,data/derived/qa_211_v1/period_qa.csv,detector_wide_day_to_day_drift,period_qa,,diagnostic_only; no_auto_accept; no_auto_split;single_day_segment_intentionally_accepted
211,211,0,10,17,142.096695,0.508191,0,accepted_single_day_segment,insufficient_points,data/derived/qa_211_v1/period_qa.csv,detector_wide_day_to_day_drift,period_qa,,diagnostic_only; no_auto_accept; no_auto_split;single_day_segment_intentionally_accepted
211,211,0,10,18,144.641525,0.52153,0,accepted_single_day_segment,insufficient_points,data/derived/qa_211_v1/period_qa.csv,detector_wide_day_to_day_drift,period_qa,,diagnostic_only; no_auto_accept; no_auto_split;single_day_segment_intentionally_accepted
211,211,0,10,19,141.202774,0.524093,0,accepted_single_day_segment,insufficient_points,data/derived/qa_211_v1/period_qa.csv,detector_wide_day_to_day_drift,period_qa,,diagnostic_only; no_auto_accept; no_auto_split;single_day_segment_intentionally_accepted
211,211,0,10,20,142.023132,0.484315,0,accepted_single_day_segment,insufficient_points,data/derived/qa_211_v1/period_qa.csv,detector_wide_day_to_day_drift,period_qa,,diagnostic_only; no_auto_accept; no_auto_split;single_day_segment_intentionally_accepted
211,211,0,10,21,143.118942,0.545815,0,accepted_single_day_segment,insufficient_points,data/derived/qa_211_v1/period_qa.csv,detector_wide_day_to_day_drift,period_qa,,diagnostic_only; no_auto_accept; no_auto_split;single_day_segment_intentionally_accepted
211,211,0,10,22,143.483673,0.519356,0,accepted_single_day_segment,insufficient_points,data/derived/qa_211_v1/period_qa.csv,detector_wide_day_to_day_drift,period_qa,,diagnostic_only; no_auto_accept; no_auto_split;single_day_segment_intentionally_accepted
211,211,0,10,23,143.911423,0.560266,0,accepted_single_day_segment,insufficient_points,data/derived/qa_211_v1/period_qa.csv,detector_wide_day_to_day_drift,period_qa,,diagnostic_only; no_auto_accept; no_auto_split;single_day_segment_intentionally_accepted
211,211,0,10,24,142.589539,0.545878,0,accepted_single_day_segment,insufficient_points,data/derived/qa_211_v1/period_qa.csv,detector_wide_day_to_day_drift,period_qa,,diagnostic_only; no_auto_accept; no_auto_split;single_day_segment_intentionally_accepted
211,211,0,10,25,142.490021,0.50072,0,accepted_single_day_segment,insufficient_points,data/derived/qa_211_v1/period_qa.csv,detector_wide_day_to_day_drift,period_qa,,diagnostic_only; no_auto_accept; no_auto_split;single_day_segment_intentionally_accepted
211,211,0,10,26,144.008469,0.530662,0,accepted_single_day_segment,insufficient_points,data/derived/qa_211_v1/period_qa.csv,detector_wide_day_to_day_drift,period_qa,,diagnostic_only; no_auto_accept; no_auto_split;single_day_segment_intentionally_accepted
211,211,0,10,27,144.179016,0.502032,0,accepted_single_day_segment,insufficient_points,data/derived/qa_211_v1/period_qa.csv,detector_wide_day_to_day_drift,period_qa,,diagnostic_only; no_auto_accept; no_auto_split;single_day_segment_intentionally_accepted
211,211,0,10,28,141.183334,0.645612,0,accepted_single_day_segment,insufficient_points,data/derived/qa_211_v1/period_qa.csv,detector_wide_day_to_day_drift,period_qa,,diagnostic_only; no_auto_accept; no_auto_split;single_day_segment_intentionally_accepted
211,211,0,10,29,142.37999,0.548052,0,accepted_single_day_segment,insufficient_points,data/derived/qa_211_v1/period_qa.csv,detector_wide_day_to_day_drift,period_qa,,diagnostic_only; no_auto_accept; no_auto_split;single_day_segment_intentionally_accepted
211,211,0,10,30,143.663132,0.596305,0,accepted_single_day_segment,insufficient_points,data/derived/qa_211_v1/period_qa.csv,detector_wide_day_to_day_drift,period_qa,,diagnostic_only; no_auto_accept; no_auto_split;single_day_segment_intentionally_accepted
211,211,0,10,31,141.922867,0.597292,0,accepted_single_day_segment,insufficient_points,data/derived/qa_211_v1/period_qa.csv,detector_wide_day_to_day_drift,period_qa,,diagnostic_only; no_auto_accept; no_auto_split;single_day_segment_intentionally_accepted
211,211,0,11,1,143.654922,0.763364,0,accepted_single_day_segment,insufficient_points,data/derived/qa_211_v1/period_qa.csv,detector_wide_day_to_day_drift,period_qa,,diagnostic_only; no_auto_accept; no_auto_split;single_day_segment_intentionally_accepted
211,211,0,11,2,138.060837,0.685206,0,accepted_single_day_segment,insufficient_points,data/derived/qa_211_v1/period_qa.csv,detector_wide_day_to_day_drift,period_qa,,diagnostic_only; no_auto_accept; no_auto_split;single_day_segment_intentionally_accepted
211,211,0,11,3,153.35791,0.868427,0,accepted_single_day_segment,different_from_nominal;insufficient_points,data/derived/qa_211_v1/period_qa.csv,detector_wide_day_to_day_drift,period_qa,,diagnostic_only; no_auto_accept; no_auto_split;single_day_segment_intentionally_accepted
211,211,0,11,4,136.772797,0.516004,0,accepted_single_day_segment,insufficient_points,data/derived/qa_211_v1/period_qa.csv,detector_wide_day_to_day_drift,period_qa,,diagnostic_only; no_auto_accept; no_auto_split;single_day_segment_intentionally_accepted
211,211,0,11,5,136.744812,0.533601,0,accepted_single_day_segment,insufficient_points,data/derived/qa_211_v1/period_qa.csv,detector_wide_day_to_day_drift,period_qa,,diagnostic_only; no_auto_accept; no_auto_split;single_day_segment_intentionally_accepted
211,211,0,11,6,141.943008,0.582168,0,accepted_single_day_segment,insufficient_points,data/derived/qa_211_v1/period_qa.csv,detector_wide_day_to_day_drift,period_qa,,diagnostic_only; no_auto_accept; no_auto_split;single_day_segment_intentionally_accepted
211,211,0,11,7,137.023071,0.533749,0,accepted_single_day_segment,insufficient_points,data/derived/qa_211_v1/period_qa.csv,detector_wide_day_to_day_drift,period_qa,,diagnostic_only; no_auto_accept; no_auto_split;single_day_segment_intentionally_accepted
211,211,0,11,8,129.007782,0.416372,0,accepted_single_day_segment,insufficient_points,data/derived/qa_211_v1/period_qa.csv,detector_wide_day_to_day_drift,period_qa,,diagnostic_only; no_auto_accept; no_auto_split;single_day_segment_intentionally_accepted
211,211,0,11,9,137.279266,0.505616,0,accepted_single_day_segment,insufficient_points,data/derived/qa_211_v1/period_qa.csv,detector_wide_day_to_day_drift,period_qa,,diagnostic_only; no_auto_accept; no_auto_split;single_day_segment_intentionally_accepted
211,211,0,11,10,,,,raw_input_unavailable,insufficient_points,data/derived/qa_211_v1/period_qa.csv,,none,,No usable raw daily observation; no carry-forward.
211,211,0,11,11,,,,raw_input_unavailable,insufficient_points,data/derived/qa_211_v1/period_qa.csv,,none,,No usable raw daily observation; no carry-forward.
211,211,0,11,12,,,,raw_input_unavailable,insufficient_points,data/derived/qa_211_v1/period_qa.csv,,none,,No usable raw daily observation; no carry-forward.
211,211,0,11,13,,,,raw_input_unavailable,insufficient_points,data/derived/qa_211_v1/period_qa.csv,,none,,No usable raw daily observation; no carry-forward.
211,211,0,11,14,139.713974,0.506206,0,accepted_single_day_segment,insufficient_points,data/derived/qa_211_v1/period_qa.csv,detector_wide_day_to_day_drift,period_qa,,diagnostic_only; no_auto_accept; no_auto_split;single_day_segment_intentionally_accepted
211,211,0,11,15,143.955353,0.543888,0,accepted_single_day_segment,insufficient_points,data/derived/qa_211_v1/period_qa.csv,detector_wide_day_to_day_drift,period_qa,,diagnostic_only; no_auto_accept; no_auto_split;single_day_segment_intentionally_accepted
211,211,0,11,16,142.153702,0.501946,0,accepted_single_day_segment,insufficient_points,data/derived/qa_211_v1/period_qa.csv,detector_wide_day_to_day_drift,period_qa,,diagnostic_only; no_auto_accept; no_auto_split;single_day_segment_intentionally_accepted
211,211,0,11,17,138.956787,0.5182,0,accepted_single_day_segment,insufficient_points,data/derived/qa_211_v1/period_qa.csv,detector_wide_day_to_day_drift,period_qa,,diagnostic_only; no_auto_accept; no_auto_split;single_day_segment_intentionally_accepted
211,211,0,11,18,139.267639,0.498501,0,accepted_single_day_segment,insufficient_points,data/derived/qa_211_v1/period_qa.csv,detector_wide_day_to_day_drift,period_qa,,diagnostic_only; no_auto_accept; no_auto_split;single_day_segment_intentionally_accepted
211,211,0,11,19,138.607376,0.488732,0,accepted_single_day_segment,insufficient_points,data/derived/qa_211_v1/period_qa.csv,detector_wide_day_to_day_drift,period_qa,,diagnostic_only; no_auto_accept; no_auto_split;single_day_segment_intentionally_accepted
211,211,0,11,20,144.656677,0.590195,0,accepted_single_day_segment,insufficient_points,data/derived/qa_211_v1/period_qa.csv,detector_wide_day_to_day_drift,period_qa,,diagnostic_only; no_auto_accept; no_auto_split;single_day_segment_intentionally_accepted
211,211,0,11,21,141.804977,0.535314,0,accepted_single_day_segment,insufficient_points,data/derived/qa_211_v1/period_qa.csv,detector_wide_day_to_day_drift,period_qa,,diagnostic_only; no_auto_accept; no_auto_split;single_day_segment_intentionally_accepted
211,211,0,11,22,138.65831,0.502228,0,accepted_single_day_segment,insufficient_points,data/derived/qa_211_v1/period_qa.csv,detector_wide_day_to_day_drift,period_qa,,diagnostic_only; no_auto_accept; no_auto_split;single_day_segment_intentionally_accepted
211,211,0,11,23,139.513519,0.550686,0,accepted_single_day_segment,insufficient_points,data/derived/qa_211_v1/period_qa.csv,detector_wide_day_to_day_drift,period_qa,,diagnostic_only; no_auto_accept; no_auto_split;single_day_segment_intentionally_accepted
211,211,0,11,24,141.377609,0.520748,0,accepted_single_day_segment,insufficient_points,data/derived/qa_211_v1/period_qa.csv,detector_wide_day_to_day_drift,period_qa,,diagnostic_only; no_auto_accept; no_auto_split;single_day_segment_intentionally_accepted
211,211,0,11,25,141.507095,0.546394,0,accepted_single_day_segment,insufficient_points,data/derived/qa_211_v1/period_qa.csv,detector_wide_day_to_day_drift,period_qa,,diagnostic_only; no_auto_accept; no_auto_split;single_day_segment_intentionally_accepted
211,211,0,11,26,143.174011,0.540442,0,accepted_single_day_segment,insufficient_points,data/derived/qa_211_v1/period_qa.csv,detector_wide_day_to_day_drift,period_qa,,diagnostic_only; no_auto_accept; no_auto_split;single_day_segment_intentionally_accepted
211,211,0,11,27,141.919724,0.575336,0,accepted_single_day_segment,insufficient_points,data/derived/qa_211_v1/period_qa.csv,detector_wide_day_to_day_drift,period_qa,,diagnostic_only; no_auto_accept; no_auto_split;single_day_segment_intentionally_accepted
211,211,0,11,28,140.12146,0.544498,0,accepted_single_day_segment,insufficient_points,data/derived/qa_211_v1/period_qa.csv,detector_wide_day_to_day_drift,period_qa,,diagnostic_only; no_auto_accept; no_auto_split;single_day_segment_intentionally_accepted
211,211,0,11,29,140.481979,0.574922,0,accepted_single_day_segment,insufficient_points,data/derived/qa_211_v1/period_qa.csv,detector_wide_day_to_day_drift,period_qa,,diagnostic_only; no_auto_accept; no_auto_split;single_day_segment_intentionally_accepted
211,211,0,11,30,142.44931,0.590373,0,accepted_single_day_segment,insufficient_points,data/derived/qa_211_v1/period_qa.csv,detector_wide_day_to_day_drift,period_qa,,diagnostic_only; no_auto_accept; no_auto_split;single_day_segment_intentionally_accepted
211,211,0,11,31,137.800919,0.574957,0,accepted_single_day_segment,insufficient_points,data/derived/qa_211_v1/period_qa.csv,detector_wide_day_to_day_drift,period_qa,,diagnostic_only; no_auto_accept; no_auto_split;single_day_segment_intentionally_accepted
211,211,0,12,1,143.863083,0.654813,0,accepted_single_day_segment,insufficient_points,data/derived/qa_211_v1/period_qa.csv,detector_wide_day_to_day_drift,period_qa,,diagnostic_only; no_auto_accept; no_auto_split;single_day_segment_intentionally_accepted
211,211,0,12,2,138.378571,0.677571,0,accepted_single_day_segment,insufficient_points,data/derived/qa_211_v1/period_qa.csv,detector_wide_day_to_day_drift,period_qa,,diagnostic_only; no_auto_accept; no_auto_split;single_day_segment_intentionally_accepted
211,211,0,12,3,138.399323,0.659587,0,accepted_single_day_segment,insufficient_points,data/derived/qa_211_v1/period_qa.csv,detector_wide_day_to_day_drift,period_qa,,diagnostic_only; no_auto_accept; no_auto_split;single_day_segment_intentionally_accepted
211,211,0,12,4,134.189819,0.466419,0,accepted_single_day_segment,insufficient_points,data/derived/qa_211_v1/period_qa.csv,detector_wide_day_to_day_drift,period_qa,,diagnostic_only; no_auto_accept; no_auto_split;single_day_segment_intentionally_accepted
211,211,0,12,5,136.699631,0.457882,0,accepted_single_day_segment,insufficient_points,data/derived/qa_211_v1/period_qa.csv,detector_wide_day_to_day_drift,period_qa,,diagnostic_only; no_auto_accept; no_auto_split;single_day_segment_intentionally_accepted
211,211,0,12,6,134.887146,0.443732,0,accepted_single_day_segment,insufficient_points,data/derived/qa_211_v1/period_qa.csv,detector_wide_day_to_day_drift,period_qa,,diagnostic_only; no_auto_accept; no_auto_split;single_day_segment_intentionally_accepted
211,211,0,12,7,134.859985,0.446656,0,accepted_single_day_segment,insufficient_points,data/derived/qa_211_v1/period_qa.csv,detector_wide_day_to_day_drift,period_qa,,diagnostic_only; no_auto_accept; no_auto_split;single_day_segment_intentionally_accepted
211,211,0,12,8,135.080368,0.419001,0,accepted_single_day_segment,insufficient_points,data/derived/qa_211_v1/period_qa.csv,detector_wide_day_to_day_drift,period_qa,,diagnostic_only; no_auto_accept; no_auto_split;single_day_segment_intentionally_accepted
211,211,0,12,9,136.088226,0.415225,0,accepted_single_day_segment,insufficient_points,data/derived/qa_211_v1/period_qa.csv,detector_wide_day_to_day_drift,period_qa,,diagnostic_only; no_auto_accept; no_auto_split;single_day_segment_intentionally_accepted
211,211,0,12,10,141.061554,0.474987,0,accepted_single_day_segment,insufficient_points,data/derived/qa_211_v1/period_qa.csv,detector_wide_day_to_day_drift,period_qa,,diagnostic_only; no_auto_accept; no_auto_split;single_day_segment_intentionally_accepted
211,211,0,12,11,141.249496,0.456573,0,accepted_single_day_segment,insufficient_points,data/derived/qa_211_v1/period_qa.csv,detector_wide_day_to_day_drift,period_qa,,diagnostic_only; no_auto_accept; no_auto_split;single_day_segment_intentionally_accepted
211,211,0,12,12,141.09227,0.493253,0,accepted_single_day_segment,insufficient_points,data/derived/qa_211_v1/period_qa.csv,detector_wide_day_to_day_drift,period_qa,,diagnostic_only; no_auto_accept; no_auto_split;single_day_segment_intentionally_accepted
211,211,0,12,13,140.677612,0.459826,0,accepted_single_day_segment,insufficient_points,data/derived/qa_211_v1/period_qa.csv,detector_wide_day_to_day_drift,period_qa,,diagnostic_only; no_auto_accept; no_auto_split;single_day_segment_intentionally_accepted
211,211,0,12,14,138.66597,0.467664,0,accepted_single_day_segment,insufficient_points,data/derived/qa_211_v1/period_qa.csv,detector_wide_day_to_day_drift,period_qa,,diagnostic_only; no_auto_accept; no_auto_split;single_day_segment_intentionally_accepted
211,211,0,12,15,141.23349,0.454896,0,accepted_single_day_segment,insufficient_points,data/derived/qa_211_v1/period_qa.csv,detector_wide_day_to_day_drift,period_qa,,diagnostic_only; no_auto_accept; no_auto_split;single_day_segment_intentionally_accepted
211,211,0,12,16,141.374207,0.47291,0,accepted_single_day_segment,insufficient_points,data/derived/qa_211_v1/period_qa.csv,detector_wide_day_to_day_drift,period_qa,,diagnostic_only; no_auto_accept; no_auto_split;single_day_segment_intentionally_accepted
211,211,0,12,17,139.188644,0.436218,0,accepted_single_day_segment,insufficient_points,data/derived/qa_211_v1/period_qa.csv,detector_wide_day_to_day_drift,period_qa,,diagnostic_only; no_auto_accept; no_auto_split;single_day_segment_intentionally_accepted
211,211,0,12,18,142.281631,0.503881,0,accepted_single_day_segment,insufficient_points,data/derived/qa_211_v1/period_qa.csv,detector_wide_day_to_day_drift,period_qa,,diagnostic_only; no_auto_accept; no_auto_split;single_day_segment_intentionally_accepted
211,211,0,12,19,140.265411,0.471798,0,accepted_single_day_segment,insufficient_points,data/derived/qa_211_v1/period_qa.csv,detector_wide_day_to_day_drift,period_qa,,diagnostic_only; no_auto_accept; no_auto_split;single_day_segment_intentionally_accepted
211,211,0,12,20,139.083755,0.468468,0,accepted_single_day_segment,insufficient_points,data/derived/qa_211_v1/period_qa.csv,detector_wide_day_to_day_drift,period_qa,,diagnostic_only; no_auto_accept; no_auto_split;single_day_segment_intentionally_accepted
211,211,0,12,21,139.439972,0.447493,0,accepted_single_day_segment,insufficient_points,data/derived/qa_211_v1/period_qa.csv,detector_wide_day_to_day_drift,period_qa,,diagnostic_only; no_auto_accept; no_auto_split;single_day_segment_intentionally_accepted
211,211,0,12,22,134.1819,0.444267,0,accepted_single_day_segment,insufficient_points,data/derived/qa_211_v1/period_qa.csv,detector_wide_day_to_day_drift,period_qa,,diagnostic_only; no_auto_accept; no_auto_split;single_day_segment_intentionally_accepted
211,211,0,12,23,139.903732,0.43769,0,accepted_single_day_segment,insufficient_points,data/derived/qa_211_v1/period_qa.csv,detector_wide_day_to_day_drift,period_qa,,diagnostic_only; no_auto_accept; no_auto_split;single_day_segment_intentionally_accepted
211,211,0,12,24,141.173203,0.48122,0,accepted_single_day_segment,insufficient_points,data/derived/qa_211_v1/period_qa.csv,detector_wide_day_to_day_drift,period_qa,,diagnostic_only; no_auto_accept; no_auto_split;single_day_segment_intentionally_accepted
211,211,0,12,25,140.209854,0.507655,0,accepted_single_day_segment,insufficient_points,data/derived/qa_211_v1/period_qa.csv,detector_wide_day_to_day_drift,period_qa,,diagnostic_only; no_auto_accept; no_auto_split;single_day_segment_intentionally_accepted
211,211,0,12,26,142.169617,0.50228,0,accepted_single_day_segment,insufficient_points,data/derived/qa_211_v1/period_qa.csv,detector_wide_day_to_day_drift,period_qa,,diagnostic_only; no_auto_accept; no_auto_split;single_day_segment_intentionally_accepted
211,211,0,12,27,140.665771,0.50366,0,accepted_single_day_segment,insufficient_points,data/derived/qa_211_v1/period_qa.csv,detector_wide_day_to_day_drift,period_qa,,diagnostic_only; no_auto_accept; no_auto_split;single_day_segment_intentionally_accepted
211,211,0,12,28,139.834564,0.536522,0,accepted_single_day_segment,insufficient_points,data/derived/qa_211_v1/period_qa.csv,detector_wide_day_to_day_drift,period_qa,,diagnostic_only; no_auto_accept; no_auto_split;single_day_segment_intentionally_accepted
211,211,0,12,29,140.598679,0.521046,0,accepted_single_day_segment,insufficient_points,data/derived/qa_211_v1/period_qa.csv,detector_wide_day_to_day_drift,period_qa,,diagnostic_only; no_auto_accept; no_auto_split;single_day_segment_intentionally_accepted
211,211,0,12,30,140.192413,0.542268,0,accepted_single_day_segment,insufficient_points,data/derived/qa_211_v1/period_qa.csv,detector_wide_day_to_day_drift,period_qa,,diagnostic_only; no_auto_accept; no_auto_split;single_day_segment_intentionally_accepted
211,211,0,12,31,140.938568,0.580614,0,accepted_single_day_segment,insufficient_points,data/derived/qa_211_v1/period_qa.csv,detector_wide_day_to_day_drift,period_qa,,diagnostic_only; no_auto_accept; no_auto_split;single_day_segment_intentionally_accepted
211,211,1,1,1,146.198929,0.677268,0,accepted_single_day_segment,insufficient_points,data/derived/qa_211_v1/period_qa.csv,detector_wide_day_to_day_drift,period_qa,,diagnostic_only; no_auto_accept; no_auto_split;single_day_segment_intentionally_accepted
211,211,1,1,2,137.386978,0.684939,0,accepted_single_day_segment,insufficient_points,data/derived/qa_211_v1/period_qa.csv,detector_wide_day_to_day_drift,period_qa,,diagnostic_only; no_auto_accept; no_auto_split;single_day_segment_intentionally_accepted
211,211,1,1,3,136.406219,0.63215,0,accepted_single_day_segment,insufficient_points,data/derived/qa_211_v1/period_qa.csv,detector_wide_day_to_day_drift,period_qa,,diagnostic_only; no_auto_accept; no_auto_split;single_day_segment_intentionally_accepted
211,211,1,1,4,134.399048,0.553209,0,accepted_single_day_segment,insufficient_points,data/derived/qa_211_v1/period_qa.csv,detector_wide_day_to_day_drift,period_qa,,diagnostic_only; no_auto_accept; no_auto_split;single_day_segment_intentionally_accepted
211,211,1,1,5,135.868454,0.551814,0,accepted_single_day_segment,insufficient_points,data/derived/qa_211_v1/period_qa.csv,detector_wide_day_to_day_drift,period_qa,,diagnostic_only; no_auto_accept; no_auto_split;single_day_segment_intentionally_accepted
211,211,1,1,6,,,,known_dead_tile,insufficient_points,data/derived/qa_211_v1/period_qa.csv,,none,,Known dead tile; no carry-forward.
211,211,1,1,7,140.030106,0.572673,0,accepted_single_day_segment,insufficient_points,data/derived/qa_211_v1/period_qa.csv,detector_wide_day_to_day_drift,period_qa,,diagnostic_only; no_auto_accept; no_auto_split;single_day_segment_intentionally_accepted
211,211,1,1,8,136.859253,0.590892,0,accepted_single_day_segment,insufficient_points,data/derived/qa_211_v1/period_qa.csv,detector_wide_day_to_day_drift,period_qa,,diagnostic_only; no_auto_accept; no_auto_split;single_day_segment_intentionally_accepted
211,211,1,1,9,135.501434,0.527751,0,accepted_single_day_segment,insufficient_points,data/derived/qa_211_v1/period_qa.csv,detector_wide_day_to_day_drift,period_qa,,diagnostic_only; no_auto_accept; no_auto_split;single_day_segment_intentionally_accepted
211,211,1,1,10,139.584518,0.547289,0,accepted_single_day_segment,insufficient_points,data/derived/qa_211_v1/period_qa.csv,detector_wide_day_to_day_drift,period_qa,,diagnostic_only; no_auto_accept; no_auto_split;single_day_segment_intentionally_accepted
211,211,1,1,11,137.620392,0.542253,0,accepted_single_day_segment,insufficient_points,data/derived/qa_211_v1/period_qa.csv,detector_wide_day_to_day_drift,period_qa,,diagnostic_only; no_auto_accept; no_auto_split;single_day_segment_intentionally_accepted
211,211,1,1,12,135.370834,0.535537,0,accepted_single_day_segment,insufficient_points,data/derived/qa_211_v1/period_qa.csv,detector_wide_day_to_day_drift,period_qa,,diagnostic_only; no_auto_accept; no_auto_split;single_day_segment_intentionally_accepted
211,211,1,1,13,139.896408,0.623778,0,accepted_single_day_segment,insufficient_points,data/derived/qa_211_v1/period_qa.csv,detector_wide_day_to_day_drift,period_qa,,diagnostic_only; no_auto_accept; no_auto_split;single_day_segment_intentionally_accepted
211,211,1,1,14,138.130753,0.563187,0,accepted_single_day_segment,insufficient_points,data/derived/qa_211_v1/period_qa.csv,detector_wide_day_to_day_drift,period_qa,,diagnostic_only; no_auto_accept; no_auto_split;single_day_segment_intentionally_accepted
211,211,1,1,15,138.285553,0.551401,0,accepted_single_day_segment,insufficient_points,data/derived/qa_211_v1/period_qa.csv,detector_wide_day_to_day_drift,period_qa,,diagnostic_only; no_auto_accept; no_auto_split;single_day_segment_intentionally_accepted
211,211,1,1,16,138.018112,0.553996,0,accepted_single_day_segment,insufficient_points,data/derived/qa_211_v1/period_qa.csv,detector_wide_day_to_day_drift,period_qa,,diagnostic_only; no_auto_accept; no_auto_split;single_day_segment_intentionally_accepted
211,211,1,1,17,135.864578,0.534832,0,accepted_single_day_segment,insufficient_points,data/derived/qa_211_v1/period_qa.csv,detector_wide_day_to_day_drift,period_qa,,diagnostic_only; no_auto_accept; no_auto_split;single_day_segment_intentionally_accepted
211,211,1,1,18,140.389511,0.576725,0,accepted_single_day_segment,insufficient_points,data/derived/qa_211_v1/period_qa.csv,detector_wide_day_to_day_drift,period_qa,,diagnostic_only; no_auto_accept; no_auto_split;single_day_segment_intentionally_accepted
211,211,1,1,19,138.740692,0.548137,0,accepted_single_day_segment,insufficient_points,data/derived/qa_211_v1/period_qa.csv,detector_wide_day_to_day_drift,period_qa,,diagnostic_only; no_auto_accept; no_auto_split;single_day_segment_intentionally_accepted
211,211,1,1,20,139.263016,0.598525,0,accepted_single_day_segment,insufficient_points,data/derived/qa_211_v1/period_qa.csv,detector_wide_day_to_day_drift,period_qa,,diagnostic_only; no_auto_accept; no_auto_split;single_day_segment_intentionally_accepted
211,211,1,1,21,136.010452,0.580964,0,accepted_single_day_segment,insufficient_points,data/derived/qa_211_v1/period_qa.csv,detector_wide_day_to_day_drift,period_qa,,diagnostic_only; no_auto_accept; no_auto_split;single_day_segment_intentionally_accepted
211,211,1,1,22,140.304184,0.574801,0,accepted_single_day_segment,insufficient_points,data/derived/qa_211_v1/period_qa.csv,detector_wide_day_to_day_drift,period_qa,,diagnostic_only; no_auto_accept; no_auto_split;single_day_segment_intentionally_accepted
211,211,1,1,23,137.717865,0.575585,0,accepted_single_day_segment,insufficient_points,data/derived/qa_211_v1/period_qa.csv,detector_wide_day_to_day_drift,period_qa,,diagnostic_only; no_auto_accept; no_auto_split;single_day_segment_intentionally_accepted
211,211,1,1,24,142.183426,0.626835,0,accepted_single_day_segment,insufficient_points,data/derived/qa_211_v1/period_qa.csv,detector_wide_day_to_day_drift,period_qa,,diagnostic_only; no_auto_accept; no_auto_split;single_day_segment_intentionally_accepted
211,211,1,1,25,140.115021,0.634393,0,accepted_single_day_segment,insufficient_points,data/derived/qa_211_v1/period_qa.csv,detector_wide_day_to_day_drift,period_qa,,diagnostic_only; no_auto_accept; no_auto_split;single_day_segment_intentionally_accepted
211,211,1,1,26,138.606613,0.609001,0,accepted_single_day_segment,insufficient_points,data/derived/qa_211_v1/period_qa.csv,detector_wide_day_to_day_drift,period_qa,,diagnostic_only; no_auto_accept; no_auto_split;single_day_segment_intentionally_accepted
211,211,1,1,27,141.440399,0.705441,0,accepted_single_day_segment,insufficient_points,data/derived/qa_211_v1/period_qa.csv,detector_wide_day_to_day_drift,period_qa,,diagnostic_only; no_auto_accept; no_auto_split;single_day_segment_intentionally_accepted
211,211,1,1,28,138.978714,0.629355,0,accepted_single_day_segment,insufficient_points,data/derived/qa_211_v1/period_qa.csv,detector_wide_day_to_day_drift,period_qa,,diagnostic_only; no_auto_accept; no_auto_split;single_day_segment_intentionally_accepted
211,211,1,1,29,138.764557,0.636606,0,accepted_single_day_segment,insufficient_points,data/derived/qa_211_v1/period_qa.csv,detector_wide_day_to_day_drift,period_qa,,diagnostic_only; no_auto_accept; no_auto_split;single_day_segment_intentionally_accepted
211,211,1,1,30,138.025513,0.589639,0,accepted_single_day_segment,insufficient_points,data/derived/qa_211_v1/period_qa.csv,detector_wide_day_to_day_drift,period_qa,,diagnostic_only; no_auto_accept; no_auto_split;single_day_segment_intentionally_accepted
211,211,1,1,31,137.896667,0.611251,0,accepted_single_day_segment,insufficient_points,data/derived/qa_211_v1/period_qa.csv,detector_wide_day_to_day_drift,period_qa,,diagnostic_only; no_auto_accept; no_auto_split;single_day_segment_intentionally_accepted
211,211,1,2,1,147.746765,0.763207,0,accepted_single_day_segment,insufficient_points,data/derived/qa_211_v1/period_qa.csv,detector_wide_day_to_day_drift,period_qa,,diagnostic_only; no_auto_accept; no_auto_split;single_day_segment_intentionally_accepted
211,211,1,2,2,137.193283,0.627151,0,accepted_single_day_segment,insufficient_points,data/derived/qa_211_v1/period_qa.csv,detector_wide_day_to_day_drift,period_qa,,diagnostic_only; no_auto_accept; no_auto_split;single_day_segment_intentionally_accepted
211,211,1,2,3,136.56929,0.605575,0,accepted_single_day_segment,insufficient_points,data/derived/qa_211_v1/period_qa.csv,detector_wide_day_to_day_drift,period_qa,,diagnostic_only; no_auto_accept; no_auto_split;single_day_segment_intentionally_accepted
211,211,1,2,4,141.532242,0.502606,0,accepted_single_day_segment,insufficient_points,data/derived/qa_211_v1/period_qa.csv,detector_wide_day_to_day_drift,period_qa,,diagnostic_only; no_auto_accept; no_auto_split;single_day_segment_intentionally_accepted
211,211,1,2,5,139.378799,0.515305,0,accepted_single_day_segment,insufficient_points,data/derived/qa_211_v1/period_qa.csv,detector_wide_day_to_day_drift,period_qa,,diagnostic_only; no_auto_accept; no_auto_split;single_day_segment_intentionally_accepted
211,211,1,2,6,137.121384,0.511512,0,accepted_single_day_segment,insufficient_points,data/derived/qa_211_v1/period_qa.csv,detector_wide_day_to_day_drift,period_qa,,diagnostic_only; no_auto_accept; no_auto_split;single_day_segment_intentionally_accepted
211,211,1,2,7,138.726212,0.548234,0,accepted_single_day_segment,insufficient_points,data/derived/qa_211_v1/period_qa.csv,detector_wide_day_to_day_drift,period_qa,,diagnostic_only; no_auto_accept; no_auto_split;single_day_segment_intentionally_accepted
211,211,1,2,8,138.186691,0.569527,0,accepted_single_day_segment,insufficient_points,data/derived/qa_211_v1/period_qa.csv,detector_wide_day_to_day_drift,period_qa,,diagnostic_only; no_auto_accept; no_auto_split;single_day_segment_intentionally_accepted
211,211,1,2,9,138.250778,0.499397,0,accepted_single_day_segment,insufficient_points,data/derived/qa_211_v1/period_qa.csv,detector_wide_day_to_day_drift,period_qa,,diagnostic_only; no_auto_accept; no_auto_split;single_day_segment_intentionally_accepted
211,211,1,2,10,,,,known_dead_tile,insufficient_points,data/derived/qa_211_v1/period_qa.csv,,none,,Known dead tile; no carry-forward.
211,211,1,2,11,142.149353,0.560888,0,accepted_single_day_segment,insufficient_points,data/derived/qa_211_v1/period_qa.csv,detector_wide_day_to_day_drift,period_qa,,diagnostic_only; no_auto_accept; no_auto_split;single_day_segment_intentionally_accepted
211,211,1,2,12,135.546463,0.527331,0,accepted_single_day_segment,insufficient_points,data/derived/qa_211_v1/period_qa.csv,detector_wide_day_to_day_drift,period_qa,,diagnostic_only; no_auto_accept; no_auto_split;single_day_segment_intentionally_accepted
211,211,1,2,13,136.310745,0.581069,0,accepted_single_day_segment,insufficient_points,data/derived/qa_211_v1/period_qa.csv,detector_wide_day_to_day_drift,period_qa,,diagnostic_only; no_auto_accept; no_auto_split;single_day_segment_intentionally_accepted
211,211,1,2,14,138.371857,0.548116,0,accepted_single_day_segment,insufficient_points,data/derived/qa_211_v1/period_qa.csv,detector_wide_day_to_day_drift,period_qa,,diagnostic_only; no_auto_accept; no_auto_split;single_day_segment_intentionally_accepted
211,211,1,2,15,133.969772,0.546982,0,accepted_single_day_segment,insufficient_points,data/derived/qa_211_v1/period_qa.csv,detector_wide_day_to_day_drift,period_qa,,diagnostic_only; no_auto_accept; no_auto_split;single_day_segment_intentionally_accepted
211,211,1,2,16,136.289536,0.551812,0,accepted_single_day_segment,insufficient_points,data/derived/qa_211_v1/period_qa.csv,detector_wide_day_to_day_drift,period_qa,,diagnostic_only; no_auto_accept; no_auto_split;single_day_segment_intentionally_accepted
211,211,1,2,17,138.003525,0.580879,0,accepted_single_day_segment,insufficient_points,data/derived/qa_211_v1/period_qa.csv,detector_wide_day_to_day_drift,period_qa,,diagnostic_only; no_auto_accept; no_auto_split;single_day_segment_intentionally_accepted
211,211,1,2,18,138.271561,0.605489,0,accepted_single_day_segment,insufficient_points,data/derived/qa_211_v1/period_qa.csv,detector_wide_day_to_day_drift,period_qa,,diagnostic_only; no_auto_accept; no_auto_split;single_day_segment_intentionally_accepted
211,211,1,2,19,136.616455,0.550998,0,accepted_single_day_segment,insufficient_points,data/derived/qa_211_v1/period_qa.csv,detector_wide_day_to_day_drift,period_qa,,diagnostic_only; no_auto_accept; no_auto_split;single_day_segment_intentionally_accepted
211,211,1,2,20,138.734116,0.565129,0,accepted_single_day_segment,insufficient_points,data/derived/qa_211_v1/period_qa.csv,detector_wide_day_to_day_drift,period_qa,,diagnostic_only; no_auto_accept; no_auto_split;single_day_segment_intentionally_accepted
211,211,1,2,21,136.340149,0.573008,0,accepted_single_day_segment,insufficient_points,data/derived/qa_211_v1/period_qa.csv,detector_wide_day_to_day_drift,period_qa,,diagnostic_only; no_auto_accept; no_auto_split;single_day_segment_intentionally_accepted
211,211,1,2,22,135.103745,0.549299,0,accepted_single_day_segment,insufficient_points,data/derived/qa_211_v1/period_qa.csv,detector_wide_day_to_day_drift,period_qa,,diagnostic_only; no_auto_accept; no_auto_split;single_day_segment_intentionally_accepted
211,211,1,2,23,136.710495,0.594494,0,accepted_single_day_segment,insufficient_points,data/derived/qa_211_v1/period_qa.csv,detector_wide_day_to_day_drift,period_qa,,diagnostic_only; no_auto_accept; no_auto_split;single_day_segment_intentionally_accepted
211,211,1,2,24,139.103653,0.64578,0,accepted_single_day_segment,insufficient_points,data/derived/qa_211_v1/period_qa.csv,detector_wide_day_to_day_drift,period_qa,,diagnostic_only; no_auto_accept; no_auto_split;single_day_segment_intentionally_accepted
211,211,1,2,25,140.618973,0.720748,0,accepted_single_day_segment,insufficient_points,data/derived/qa_211_v1/period_qa.csv,detector_wide_day_to_day_drift,period_qa,,diagnostic_only; no_auto_accept; no_auto_split;single_day_segment_intentionally_accepted
211,211,1,2,26,138.725922,0.596257,0,accepted_single_day_segment,insufficient_points,data/derived/qa_211_v1/period_qa.csv,detector_wide_day_to_day_drift,period_qa,,diagnostic_only; no_auto_accept; no_auto_split;single_day_segment_intentionally_accepted
211,211,1,2,27,139.783875,0.6781,0,accepted_single_day_segment,insufficient_points,data/derived/qa_211_v1/period_qa.csv,detector_wide_day_to_day_drift,period_qa,,diagnostic_only; no_auto_accept; no_auto_split;single_day_segment_intentionally_accepted
211,211,1,2,28,135.498016,0.574927,0,accepted_single_day_segment,insufficient_points,data/derived/qa_211_v1/period_qa.csv,detector_wide_day_to_day_drift,period_qa,,diagnostic_only; no_auto_accept; no_auto_split;single_day_segment_intentionally_accepted
211,211,1,2,29,137.577637,0.607208,0,accepted_single_day_segment,insufficient_points,data/derived/qa_211_v1/period_qa.csv,detector_wide_day_to_day_drift,period_qa,,diagnostic_only; no_auto_accept; no_auto_split;single_day_segment_intentionally_accepted
211,211,1,2,30,138.539001,0.595409,0,accepted_single_day_segment,insufficient_points,data/derived/qa_211_v1/period_qa.csv,detector_wide_day_to_day_drift,period_qa,,diagnostic_only; no_auto_accept; no_auto_split;single_day_segment_intentionally_accepted
211,211,1,2,31,138.304901,0.652025,0,accepted_single_day_segment,insufficient_points,data/derived/qa_211_v1/period_qa.csv,detector_wide_day_to_day_drift,period_qa,,diagnostic_only; no_auto_accept; no_auto_split;single_day_segment_intentionally_accepted
211,211,1,3,1,138.07338,0.919545,0,accepted_single_day_segment,insufficient_points,data/derived/qa_211_v1/period_qa.csv,detector_wide_day_to_day_drift,period_qa,,diagnostic_only; no_auto_accept; no_auto_split;single_day_segment_intentionally_accepted
211,211,1,3,2,143.050079,0.667375,0,accepted_single_day_segment,insufficient_points,data/derived/qa_211_v1/period_qa.csv,detector_wide_day_to_day_drift,period_qa,,diagnostic_only; no_auto_accept; no_auto_split;single_day_segment_intentionally_accepted
211,211,1,3,3,142.390747,0.697938,0,accepted_single_day_segment,insufficient_points,data/derived/qa_211_v1/period_qa.csv,detector_wide_day_to_day_drift,period_qa,,diagnostic_only; no_auto_accept; no_auto_split;single_day_segment_intentionally_accepted
211,211,1,3,4,135.480209,0.56928,0,accepted_single_day_segment,insufficient_points,data/derived/qa_211_v1/period_qa.csv,detector_wide_day_to_day_drift,period_qa,,diagnostic_only; no_auto_accept; no_auto_split;single_day_segment_intentionally_accepted
211,211,1,3,5,138.345322,0.617064,0,accepted_single_day_segment,insufficient_points,data/derived/qa_211_v1/period_qa.csv,detector_wide_day_to_day_drift,period_qa,,diagnostic_only; no_auto_accept; no_auto_split;single_day_segment_intentionally_accepted
211,211,1,3,6,140.316055,0.531157,0,accepted_single_day_segment,insufficient_points,data/derived/qa_211_v1/period_qa.csv,detector_wide_day_to_day_drift,period_qa,,diagnostic_only; no_auto_accept; no_auto_split;single_day_segment_intentionally_accepted
211,211,1,3,7,137.506927,0.570911,0,accepted_single_day_segment,insufficient_points,data/derived/qa_211_v1/period_qa.csv,detector_wide_day_to_day_drift,period_qa,,diagnostic_only; no_auto_accept; no_auto_split;single_day_segment_intentionally_accepted
211,211,1,3,8,138.480301,0.529891,0,accepted_single_day_segment,insufficient_points,data/derived/qa_211_v1/period_qa.csv,detector_wide_day_to_day_drift,period_qa,,diagnostic_only; no_auto_accept; no_auto_split;single_day_segment_intentionally_accepted
211,211,1,3,9,136.316193,0.580411,0,accepted_single_day_segment,insufficient_points,data/derived/qa_211_v1/period_qa.csv,detector_wide_day_to_day_drift,period_qa,,diagnostic_only; no_auto_accept; no_auto_split;single_day_segment_intentionally_accepted
211,211,1,3,10,138.283005,0.567815,0,accepted_single_day_segment,insufficient_points,data/derived/qa_211_v1/period_qa.csv,detector_wide_day_to_day_drift,period_qa,,diagnostic_only; no_auto_accept; no_auto_split;single_day_segment_intentionally_accepted
211,211,1,3,11,137.246338,0.572676,0,accepted_single_day_segment,insufficient_points,data/derived/qa_211_v1/period_qa.csv,detector_wide_day_to_day_drift,period_qa,,diagnostic_only; no_auto_accept; no_auto_split;single_day_segment_intentionally_accepted
211,211,1,3,12,141.812744,0.594104,0,accepted_single_day_segment,insufficient_points,data/derived/qa_211_v1/period_qa.csv,detector_wide_day_to_day_drift,period_qa,,diagnostic_only; no_auto_accept; no_auto_split;single_day_segment_intentionally_accepted
211,211,1,3,13,141.349457,0.689518,0,accepted_single_day_segment,insufficient_points,data/derived/qa_211_v1/period_qa.csv,detector_wide_day_to_day_drift,period_qa,,diagnostic_only; no_auto_accept; no_auto_split;single_day_segment_intentionally_accepted
211,211,1,3,14,138.54216,0.548442,0,accepted_single_day_segment,insufficient_points,data/derived/qa_211_v1/period_qa.csv,detector_wide_day_to_day_drift,period_qa,,diagnostic_only; no_auto_accept; no_auto_split;single_day_segment_intentionally_accepted
211,211,1,3,15,137.791412,0.568983,0,accepted_single_day_segment,insufficient_points,data/derived/qa_211_v1/period_qa.csv,detector_wide_day_to_day_drift,period_qa,,diagnostic_only; no_auto_accept; no_auto_split;single_day_segment_intentionally_accepted
211,211,1,3,16,137.620102,0.540308,0,accepted_single_day_segment,insufficient_points,data/derived/qa_211_v1/period_qa.csv,detector_wide_day_to_day_drift,period_qa,,diagnostic_only; no_auto_accept; no_auto_split;single_day_segment_intentionally_accepted
211,211,1,3,17,140.13382,0.594775,0,accepted_single_day_segment,insufficient_points,data/derived/qa_211_v1/period_qa.csv,detector_wide_day_to_day_drift,period_qa,,diagnostic_only; no_auto_accept; no_auto_split;single_day_segment_intentionally_accepted
211,211,1,3,18,140.867111,0.577433,0,accepted_single_day_segment,insufficient_points,data/derived/qa_211_v1/period_qa.csv,detector_wide_day_to_day_drift,period_qa,,diagnostic_only; no_auto_accept; no_auto_split;single_day_segment_intentionally_accepted
211,211,1,3,19,141.380051,0.625191,0,accepted_single_day_segment,insufficient_points,data/derived/qa_211_v1/period_qa.csv,detector_wide_day_to_day_drift,period_qa,,diagnostic_only; no_auto_accept; no_auto_split;single_day_segment_intentionally_accepted
211,211,1,3,20,140.23613,0.590345,0,accepted_single_day_segment,insufficient_points,data/derived/qa_211_v1/period_qa.csv,detector_wide_day_to_day_drift,period_qa,,diagnostic_only; no_auto_accept; no_auto_split;single_day_segment_intentionally_accepted
211,211,1,3,21,141.742081,0.630781,0,accepted_single_day_segment,insufficient_points,data/derived/qa_211_v1/period_qa.csv,detector_wide_day_to_day_drift,period_qa,,diagnostic_only; no_auto_accept; no_auto_split;single_day_segment_intentionally_accepted
211,211,1,3,22,141.420471,0.638567,0,accepted_single_day_segment,insufficient_points,data/derived/qa_211_v1/period_qa.csv,detector_wide_day_to_day_drift,period_qa,,diagnostic_only; no_auto_accept; no_auto_split;single_day_segment_intentionally_accepted
211,211,1,3,23,141.085464,0.675576,0,accepted_single_day_segment,insufficient_points,data/derived/qa_211_v1/period_qa.csv,detector_wide_day_to_day_drift,period_qa,,diagnostic_only; no_auto_accept; no_auto_split;single_day_segment_intentionally_accepted
211,211,1,3,24,134.995728,0.689395,0,accepted_single_day_segment,insufficient_points,data/derived/qa_211_v1/period_qa.csv,detector_wide_day_to_day_drift,period_qa,,diagnostic_only; no_auto_accept; no_auto_split;single_day_segment_intentionally_accepted
211,211,1,3,25,138.217865,0.631212,0,accepted_single_day_segment,insufficient_points,data/derived/qa_211_v1/period_qa.csv,detector_wide_day_to_day_drift,period_qa,,diagnostic_only; no_auto_accept; no_auto_split;single_day_segment_intentionally_accepted
211,211,1,3,26,139.049606,0.667402,0,accepted_single_day_segment,insufficient_points,data/derived/qa_211_v1/period_qa.csv,detector_wide_day_to_day_drift,period_qa,,diagnostic_only; no_auto_accept; no_auto_split;single_day_segment_intentionally_accepted
211,211,1,3,27,137.57959,0.620905,0,accepted_single_day_segment,insufficient_points,data/derived/qa_211_v1/period_qa.csv,detector_wide_day_to_day_drift,period_qa,,diagnostic_only; no_auto_accept; no_auto_split;single_day_segment_intentionally_accepted
211,211,1,3,28,138.659866,0.758397,0,accepted_single_day_segment,insufficient_points,data/derived/qa_211_v1/period_qa.csv,detector_wide_day_to_day_drift,period_qa,,diagnostic_only; no_auto_accept; no_auto_split;single_day_segment_intentionally_accepted
211,211,1,3,29,141.952713,0.714263,0,accepted_single_day_segment,insufficient_points,data/derived/qa_211_v1/period_qa.csv,detector_wide_day_to_day_drift,period_qa,,diagnostic_only; no_auto_accept; no_auto_split;single_day_segment_intentionally_accepted
211,211,1,3,30,137.979706,0.77392,0,accepted_single_day_segment,insufficient_points,data/derived/qa_211_v1/period_qa.csv,detector_wide_day_to_day_drift,period_qa,,diagnostic_only; no_auto_accept; no_auto_split;single_day_segment_intentionally_accepted
211,211,1,3,31,138.426773,0.633631,0,accepted_single_day_segment,insufficient_points,data/derived/qa_211_v1/period_qa.csv,detector_wide_day_to_day_drift,period_qa,,diagnostic_only; no_auto_accept; no_auto_split;single_day_segment_intentionally_accepted
211,211,1,4,1,138.45195,0.625146,0,accepted_single_day_segment,insufficient_points,data/derived/qa_211_v1/period_qa.csv,detector_wide_day_to_day_drift,period_qa,,diagnostic_only; no_auto_accept; no_auto_split;single_day_segment_intentionally_accepted
211,211,1,4,2,142.638489,0.735316,0,accepted_single_day_segment,insufficient_points,data/derived/qa_211_v1/period_qa.csv,detector_wide_day_to_day_drift,period_qa,,diagnostic_only; no_auto_accept; no_auto_split;single_day_segment_intentionally_accepted
211,211,1,4,3,142.899902,0.651549,0,accepted_single_day_segment,insufficient_points,data/derived/qa_211_v1/period_qa.csv,detector_wide_day_to_day_drift,period_qa,,diagnostic_only; no_auto_accept; no_auto_split;single_day_segment_intentionally_accepted
211,211,1,4,4,141.344543,0.597725,0,accepted_single_day_segment,insufficient_points,data/derived/qa_211_v1/period_qa.csv,detector_wide_day_to_day_drift,period_qa,,diagnostic_only; no_auto_accept; no_auto_split;single_day_segment_intentionally_accepted
211,211,1,4,5,138.934235,0.528864,0,accepted_single_day_segment,insufficient_points,data/derived/qa_211_v1/period_qa.csv,detector_wide_day_to_day_drift,period_qa,,diagnostic_only; no_auto_accept; no_auto_split;single_day_segment_intentionally_accepted
211,211,1,4,6,142.59967,0.579092,0,accepted_single_day_segment,insufficient_points,data/derived/qa_211_v1/period_qa.csv,detector_wide_day_to_day_drift,period_qa,,diagnostic_only; no_auto_accept; no_auto_split;single_day_segment_intentionally_accepted
211,211,1,4,7,142.312729,0.549114,0,accepted_single_day_segment,insufficient_points,data/derived/qa_211_v1/period_qa.csv,detector_wide_day_to_day_drift,period_qa,,diagnostic_only; no_auto_accept; no_auto_split;single_day_segment_intentionally_accepted
211,211,1,4,8,141.189545,0.511927,0,accepted_single_day_segment,insufficient_points,data/derived/qa_211_v1/period_qa.csv,detector_wide_day_to_day_drift,period_qa,,diagnostic_only; no_auto_accept; no_auto_split;single_day_segment_intentionally_accepted
211,211,1,4,9,141.347275,0.545006,0,accepted_single_day_segment,insufficient_points,data/derived/qa_211_v1/period_qa.csv,detector_wide_day_to_day_drift,period_qa,,diagnostic_only; no_auto_accept; no_auto_split;single_day_segment_intentionally_accepted
211,211,1,4,10,138.125031,0.521777,0,accepted_single_day_segment,insufficient_points,data/derived/qa_211_v1/period_qa.csv,detector_wide_day_to_day_drift,period_qa,,diagnostic_only; no_auto_accept; no_auto_split;single_day_segment_intentionally_accepted
211,211,1,4,11,139.202194,0.53055,0,accepted_single_day_segment,insufficient_points,data/derived/qa_211_v1/period_qa.csv,detector_wide_day_to_day_drift,period_qa,,diagnostic_only; no_auto_accept; no_auto_split;single_day_segment_intentionally_accepted
211,211,1,4,12,137.493515,0.544204,0,accepted_single_day_segment,insufficient_points,data/derived/qa_211_v1/period_qa.csv,detector_wide_day_to_day_drift,period_qa,,diagnostic_only; no_auto_accept; no_auto_split;single_day_segment_intentionally_accepted
211,211,1,4,13,139.683746,0.561928,0,accepted_single_day_segment,insufficient_points,data/derived/qa_211_v1/period_qa.csv,detector_wide_day_to_day_drift,period_qa,,diagnostic_only; no_auto_accept; no_auto_split;single_day_segment_intentionally_accepted
211,211,1,4,14,137.469635,0.524733,0,accepted_single_day_segment,insufficient_points,data/derived/qa_211_v1/period_qa.csv,detector_wide_day_to_day_drift,period_qa,,diagnostic_only; no_auto_accept; no_auto_split;single_day_segment_intentionally_accepted
211,211,1,4,15,136.844543,0.553344,0,accepted_single_day_segment,insufficient_points,data/derived/qa_211_v1/period_qa.csv,detector_wide_day_to_day_drift,period_qa,,diagnostic_only; no_auto_accept; no_auto_split;single_day_segment_intentionally_accepted
211,211,1,4,16,143.389053,0.578613,0,accepted_single_day_segment,insufficient_points,data/derived/qa_211_v1/period_qa.csv,detector_wide_day_to_day_drift,period_qa,,diagnostic_only; no_auto_accept; no_auto_split;single_day_segment_intentionally_accepted
211,211,1,4,17,141.936386,0.555598,0,accepted_single_day_segment,insufficient_points,data/derived/qa_211_v1/period_qa.csv,detector_wide_day_to_day_drift,period_qa,,diagnostic_only; no_auto_accept; no_auto_split;single_day_segment_intentionally_accepted
211,211,1,4,18,142.86821,0.599758,0,accepted_single_day_segment,insufficient_points,data/derived/qa_211_v1/period_qa.csv,detector_wide_day_to_day_drift,period_qa,,diagnostic_only; no_auto_accept; no_auto_split;single_day_segment_intentionally_accepted
211,211,1,4,19,142.043396,0.634653,0,accepted_single_day_segment,insufficient_points,data/derived/qa_211_v1/period_qa.csv,detector_wide_day_to_day_drift,period_qa,,diagnostic_only; no_auto_accept; no_auto_split;single_day_segment_intentionally_accepted
211,211,1,4,20,143.430038,0.638375,0,accepted_single_day_segment,insufficient_points,data/derived/qa_211_v1/period_qa.csv,detector_wide_day_to_day_drift,period_qa,,diagnostic_only; no_auto_accept; no_auto_split;single_day_segment_intentionally_accepted
211,211,1,4,21,149.413101,0.655466,0,accepted_single_day_segment,insufficient_points,data/derived/qa_211_v1/period_qa.csv,detector_wide_day_to_day_drift,period_qa,,diagnostic_only; no_auto_accept; no_auto_split;single_day_segment_intentionally_accepted
211,211,1,4,22,140.84549,0.648877,0,accepted_single_day_segment,insufficient_points,data/derived/qa_211_v1/period_qa.csv,detector_wide_day_to_day_drift,period_qa,,diagnostic_only; no_auto_accept; no_auto_split;single_day_segment_intentionally_accepted
211,211,1,4,23,141.018188,0.589315,0,accepted_single_day_segment,insufficient_points,data/derived/qa_211_v1/period_qa.csv,detector_wide_day_to_day_drift,period_qa,,diagnostic_only; no_auto_accept; no_auto_split;single_day_segment_intentionally_accepted
211,211,1,4,24,140.63269,0.683119,0,accepted_single_day_segment,insufficient_points,data/derived/qa_211_v1/period_qa.csv,detector_wide_day_to_day_drift,period_qa,,diagnostic_only; no_auto_accept; no_auto_split;single_day_segment_intentionally_accepted
211,211,1,4,25,141.992203,0.708028,0,accepted_single_day_segment,insufficient_points,data/derived/qa_211_v1/period_qa.csv,detector_wide_day_to_day_drift,period_qa,,diagnostic_only; no_auto_accept; no_auto_split;single_day_segment_intentionally_accepted
211,211,1,4,26,142.762543,0.66853,0,accepted_single_day_segment,insufficient_points,data/derived/qa_211_v1/period_qa.csv,detector_wide_day_to_day_drift,period_qa,,diagnostic_only; no_auto_accept; no_auto_split;single_day_segment_intentionally_accepted
211,211,1,4,27,140.637177,0.67271,0,accepted_single_day_segment,insufficient_points,data/derived/qa_211_v1/period_qa.csv,detector_wide_day_to_day_drift,period_qa,,diagnostic_only; no_auto_accept; no_auto_split;single_day_segment_intentionally_accepted
211,211,1,4,28,141.526474,0.647487,0,accepted_single_day_segment,insufficient_points,data/derived/qa_211_v1/period_qa.csv,detector_wide_day_to_day_drift,period_qa,,diagnostic_only; no_auto_accept; no_auto_split;single_day_segment_intentionally_accepted
211,211,1,4,29,148.474503,0.734416,0,accepted_single_day_segment,insufficient_points,data/derived/qa_211_v1/period_qa.csv,detector_wide_day_to_day_drift,period_qa,,diagnostic_only; no_auto_accept; no_auto_split;single_day_segment_intentionally_accepted
211,211,1,4,30,143.405121,0.702374,0,accepted_single_day_segment,insufficient_points,data/derived/qa_211_v1/period_qa.csv,detector_wide_day_to_day_drift,period_qa,,diagnostic_only; no_auto_accept; no_auto_split;single_day_segment_intentionally_accepted
211,211,1,4,31,140.74057,0.76976,0,accepted_single_day_segment,insufficient_points,data/derived/qa_211_v1/period_qa.csv,detector_wide_day_to_day_drift,period_qa,,diagnostic_only; no_auto_accept; no_auto_split;single_day_segment_intentionally_accepted
211,211,1,5,1,153.867126,0.875851,0,accepted_single_day_segment,different_from_nominal;insufficient_points,data/derived/qa_211_v1/period_qa.csv,detector_wide_day_to_day_drift,period_qa,,diagnostic_only; no_auto_accept; no_auto_split;single_day_segment_intentionally_accepted
211,211,1,5,2,141.241501,0.728499,0,accepted_single_day_segment,insufficient_points,data/derived/qa_211_v1/period_qa.csv,detector_wide_day_to_day_drift,period_qa,,diagnostic_only; no_auto_accept; no_auto_split;single_day_segment_intentionally_accepted
211,211,1,5,3,143.618286,0.778312,0,accepted_single_day_segment,insufficient_points,data/derived/qa_211_v1/period_qa.csv,detector_wide_day_to_day_drift,period_qa,,diagnostic_only; no_auto_accept; no_auto_split;single_day_segment_intentionally_accepted
211,211,1,5,4,137.866272,0.598801,0,accepted_single_day_segment,insufficient_points,data/derived/qa_211_v1/period_qa.csv,detector_wide_day_to_day_drift,period_qa,,diagnostic_only; no_auto_accept; no_auto_split;single_day_segment_intentionally_accepted
211,211,1,5,5,137.643509,0.515417,0,accepted_single_day_segment,insufficient_points,data/derived/qa_211_v1/period_qa.csv,detector_wide_day_to_day_drift,period_qa,,diagnostic_only; no_auto_accept; no_auto_split;single_day_segment_intentionally_accepted
211,211,1,5,6,136.697037,0.535099,0,accepted_single_day_segment,insufficient_points,data/derived/qa_211_v1/period_qa.csv,detector_wide_day_to_day_drift,period_qa,,diagnostic_only; no_auto_accept; no_auto_split;single_day_segment_intentionally_accepted
211,211,1,5,7,135.870071,0.579586,0,accepted_single_day_segment,insufficient_points,data/derived/qa_211_v1/period_qa.csv,detector_wide_day_to_day_drift,period_qa,,diagnostic_only; no_auto_accept; no_auto_split;single_day_segment_intentionally_accepted
211,211,1,5,8,138.503494,0.558721,0,accepted_single_day_segment,insufficient_points,data/derived/qa_211_v1/period_qa.csv,detector_wide_day_to_day_drift,period_qa,,diagnostic_only; no_auto_accept; no_auto_split;single_day_segment_intentionally_accepted
211,211,1,5,9,136.546021,0.47571,0,accepted_single_day_segment,insufficient_points,data/derived/qa_211_v1/period_qa.csv,detector_wide_day_to_day_drift,period_qa,,diagnostic_only; no_auto_accept; no_auto_split;single_day_segment_intentionally_accepted
211,211,1,5,10,138.134003,0.61537,0,accepted_single_day_segment,insufficient_points,data/derived/qa_211_v1/period_qa.csv,detector_wide_day_to_day_drift,period_qa,,diagnostic_only; no_auto_accept; no_auto_split;single_day_segment_intentionally_accepted
211,211,1,5,11,140.751434,0.567163,0,accepted_single_day_segment,insufficient_points,data/derived/qa_211_v1/period_qa.csv,detector_wide_day_to_day_drift,period_qa,,diagnostic_only; no_auto_accept; no_auto_split;single_day_segment_intentionally_accepted
211,211,1,5,12,138.755722,0.595204,0,accepted_single_day_segment,insufficient_points,data/derived/qa_211_v1/period_qa.csv,detector_wide_day_to_day_drift,period_qa,,diagnostic_only; no_auto_accept; no_auto_split;single_day_segment_intentionally_accepted
211,211,1,5,13,139.463043,0.639281,0,accepted_single_day_segment,insufficient_points,data/derived/qa_211_v1/period_qa.csv,detector_wide_day_to_day_drift,period_qa,,diagnostic_only; no_auto_accept; no_auto_split;single_day_segment_intentionally_accepted
211,211,1,5,14,139.768707,0.612924,0,accepted_single_day_segment,insufficient_points,data/derived/qa_211_v1/period_qa.csv,detector_wide_day_to_day_drift,period_qa,,diagnostic_only; no_auto_accept; no_auto_split;single_day_segment_intentionally_accepted
211,211,1,5,15,139.539169,0.631884,0,accepted_single_day_segment,insufficient_points,data/derived/qa_211_v1/period_qa.csv,detector_wide_day_to_day_drift,period_qa,,diagnostic_only; no_auto_accept; no_auto_split;single_day_segment_intentionally_accepted
211,211,1,5,16,139.25531,0.566646,0,accepted_single_day_segment,insufficient_points,data/derived/qa_211_v1/period_qa.csv,detector_wide_day_to_day_drift,period_qa,,diagnostic_only; no_auto_accept; no_auto_split;single_day_segment_intentionally_accepted
211,211,1,5,17,140.350342,0.601539,0,accepted_single_day_segment,insufficient_points,data/derived/qa_211_v1/period_qa.csv,detector_wide_day_to_day_drift,period_qa,,diagnostic_only; no_auto_accept; no_auto_split;single_day_segment_intentionally_accepted
211,211,1,5,18,139.65892,0.658334,0,accepted_single_day_segment,insufficient_points,data/derived/qa_211_v1/period_qa.csv,detector_wide_day_to_day_drift,period_qa,,diagnostic_only; no_auto_accept; no_auto_split;single_day_segment_intentionally_accepted
211,211,1,5,19,143.02919,0.598858,0,accepted_single_day_segment,insufficient_points,data/derived/qa_211_v1/period_qa.csv,detector_wide_day_to_day_drift,period_qa,,diagnostic_only; no_auto_accept; no_auto_split;single_day_segment_intentionally_accepted
211,211,1,5,20,141.654068,0.663265,0,accepted_single_day_segment,insufficient_points,data/derived/qa_211_v1/period_qa.csv,detector_wide_day_to_day_drift,period_qa,,diagnostic_only; no_auto_accept; no_auto_split;single_day_segment_intentionally_accepted
211,211,1,5,21,139.834915,0.608899,0,accepted_single_day_segment,insufficient_points,data/derived/qa_211_v1/period_qa.csv,detector_wide_day_to_day_drift,period_qa,,diagnostic_only; no_auto_accept; no_auto_split;single_day_segment_intentionally_accepted
211,211,1,5,22,143.905396,0.655601,0,accepted_single_day_segment,insufficient_points,data/derived/qa_211_v1/period_qa.csv,detector_wide_day_to_day_drift,period_qa,,diagnostic_only; no_auto_accept; no_auto_split;single_day_segment_intentionally_accepted
211,211,1,5,23,140.356705,0.715262,0,accepted_single_day_segment,insufficient_points,data/derived/qa_211_v1/period_qa.csv,detector_wide_day_to_day_drift,period_qa,,diagnostic_only; no_auto_accept; no_auto_split;single_day_segment_intentionally_accepted
211,211,1,5,24,139.516891,0.642028,0,accepted_single_day_segment,insufficient_points,data/derived/qa_211_v1/period_qa.csv,detector_wide_day_to_day_drift,period_qa,,diagnostic_only; no_auto_accept; no_auto_split;single_day_segment_intentionally_accepted
211,211,1,5,25,140.64418,0.696637,0,accepted_single_day_segment,insufficient_points,data/derived/qa_211_v1/period_qa.csv,detector_wide_day_to_day_drift,period_qa,,diagnostic_only; no_auto_accept; no_auto_split;single_day_segment_intentionally_accepted
211,211,1,5,26,140.224518,0.674235,0,accepted_single_day_segment,insufficient_points,data/derived/qa_211_v1/period_qa.csv,detector_wide_day_to_day_drift,period_qa,,diagnostic_only; no_auto_accept; no_auto_split;single_day_segment_intentionally_accepted
211,211,1,5,27,140.684326,0.677215,0,accepted_single_day_segment,insufficient_points,data/derived/qa_211_v1/period_qa.csv,detector_wide_day_to_day_drift,period_qa,,diagnostic_only; no_auto_accept; no_auto_split;single_day_segment_intentionally_accepted
211,211,1,5,28,142.614731,0.656566,0,accepted_single_day_segment,insufficient_points,data/derived/qa_211_v1/period_qa.csv,detector_wide_day_to_day_drift,period_qa,,diagnostic_only; no_auto_accept; no_auto_split;single_day_segment_intentionally_accepted
211,211,1,5,29,140.656998,0.736854,0,accepted_single_day_segment,insufficient_points,data/derived/qa_211_v1/period_qa.csv,detector_wide_day_to_day_drift,period_qa,,diagnostic_only; no_auto_accept; no_auto_split;single_day_segment_intentionally_accepted
211,211,1,5,30,140.393753,0.698123,0,accepted_single_day_segment,insufficient_points,data/derived/qa_211_v1/period_qa.csv,detector_wide_day_to_day_drift,period_qa,,diagnostic_only; no_auto_accept; no_auto_split;single_day_segment_intentionally_accepted
211,211,1,5,31,140.439713,0.710095,0,accepted_single_day_segment,insufficient_points,data/derived/qa_211_v1/period_qa.csv,detector_wide_day_to_day_drift,period_qa,,diagnostic_only; no_auto_accept; no_auto_split;single_day_segment_intentionally_accepted
211,211,1,6,1,99.709023,2.315434,0,accepted_single_day_segment,different_from_nominal;insufficient_points,data/derived/qa_211_v1/period_qa.csv,detector_wide_day_to_day_drift,period_qa,,diagnostic_only; no_auto_accept; no_auto_split;single_day_segment_intentionally_accepted
211,211,1,6,2,137.839432,0.598389,0,accepted_single_day_segment,insufficient_points,data/derived/qa_211_v1/period_qa.csv,detector_wide_day_to_day_drift,period_qa,,diagnostic_only; no_auto_accept; no_auto_split;single_day_segment_intentionally_accepted
211,211,1,6,3,140.101944,0.576918,0,accepted_single_day_segment,insufficient_points,data/derived/qa_211_v1/period_qa.csv,detector_wide_day_to_day_drift,period_qa,,diagnostic_only; no_auto_accept; no_auto_split;single_day_segment_intentionally_accepted
211,211,1,6,4,141.551453,0.521589,0,accepted_single_day_segment,insufficient_points,data/derived/qa_211_v1/period_qa.csv,detector_wide_day_to_day_drift,period_qa,,diagnostic_only; no_auto_accept; no_auto_split;single_day_segment_intentionally_accepted
211,211,1,6,5,138.992676,0.501158,0,accepted_single_day_segment,insufficient_points,data/derived/qa_211_v1/period_qa.csv,detector_wide_day_to_day_drift,period_qa,,diagnostic_only; no_auto_accept; no_auto_split;single_day_segment_intentionally_accepted
211,211,1,6,6,137.130386,0.47465,0,accepted_single_day_segment,insufficient_points,data/derived/qa_211_v1/period_qa.csv,detector_wide_day_to_day_drift,period_qa,,diagnostic_only; no_auto_accept; no_auto_split;single_day_segment_intentionally_accepted
211,211,1,6,7,137.721313,0.470885,0,accepted_single_day_segment,insufficient_points,data/derived/qa_211_v1/period_qa.csv,detector_wide_day_to_day_drift,period_qa,,diagnostic_only; no_auto_accept; no_auto_split;single_day_segment_intentionally_accepted
211,211,1,6,8,135.603806,0.454376,0,accepted_single_day_segment,insufficient_points,data/derived/qa_211_v1/period_qa.csv,detector_wide_day_to_day_drift,period_qa,,diagnostic_only; no_auto_accept; no_auto_split;single_day_segment_intentionally_accepted
211,211,1,6,9,138.62822,0.490701,0,accepted_single_day_segment,insufficient_points,data/derived/qa_211_v1/period_qa.csv,detector_wide_day_to_day_drift,period_qa,,diagnostic_only; no_auto_accept; no_auto_split;single_day_segment_intentionally_accepted
211,211,1,6,10,140.706772,0.523286,0,accepted_single_day_segment,insufficient_points,data/derived/qa_211_v1/period_qa.csv,detector_wide_day_to_day_drift,period_qa,,diagnostic_only; no_auto_accept; no_auto_split;single_day_segment_intentionally_accepted
211,211,1,6,11,141.633759,0.519946,0,accepted_single_day_segment,insufficient_points,data/derived/qa_211_v1/period_qa.csv,detector_wide_day_to_day_drift,period_qa,,diagnostic_only; no_auto_accept; no_auto_split;single_day_segment_intentionally_accepted
211,211,1,6,12,141.063278,0.521378,0,accepted_single_day_segment,insufficient_points,data/derived/qa_211_v1/period_qa.csv,detector_wide_day_to_day_drift,period_qa,,diagnostic_only; no_auto_accept; no_auto_split;single_day_segment_intentionally_accepted
211,211,1,6,13,142.224136,0.602552,0,accepted_single_day_segment,insufficient_points,data/derived/qa_211_v1/period_qa.csv,detector_wide_day_to_day_drift,period_qa,,diagnostic_only; no_auto_accept; no_auto_split;single_day_segment_intentionally_accepted
211,211,1,6,14,141.766754,0.543716,0,accepted_single_day_segment,insufficient_points,data/derived/qa_211_v1/period_qa.csv,detector_wide_day_to_day_drift,period_qa,,diagnostic_only; no_auto_accept; no_auto_split;single_day_segment_intentionally_accepted
211,211,1,6,15,143.620667,0.617868,0,accepted_single_day_segment,insufficient_points,data/derived/qa_211_v1/period_qa.csv,detector_wide_day_to_day_drift,period_qa,,diagnostic_only; no_auto_accept; no_auto_split;single_day_segment_intentionally_accepted
211,211,1,6,16,137.225159,0.530221,0,accepted_single_day_segment,insufficient_points,data/derived/qa_211_v1/period_qa.csv,detector_wide_day_to_day_drift,period_qa,,diagnostic_only; no_auto_accept; no_auto_split;single_day_segment_intentionally_accepted
211,211,1,6,17,137.817398,0.574296,0,accepted_single_day_segment,insufficient_points,data/derived/qa_211_v1/period_qa.csv,detector_wide_day_to_day_drift,period_qa,,diagnostic_only; no_auto_accept; no_auto_split;single_day_segment_intentionally_accepted
211,211,1,6,18,139.97522,0.568189,0,accepted_single_day_segment,insufficient_points,data/derived/qa_211_v1/period_qa.csv,detector_wide_day_to_day_drift,period_qa,,diagnostic_only; no_auto_accept; no_auto_split;single_day_segment_intentionally_accepted
211,211,1,6,19,140.542252,0.607522,0,accepted_single_day_segment,insufficient_points,data/derived/qa_211_v1/period_qa.csv,detector_wide_day_to_day_drift,period_qa,,diagnostic_only; no_auto_accept; no_auto_split;single_day_segment_intentionally_accepted
211,211,1,6,20,141.429306,0.53338,0,accepted_single_day_segment,insufficient_points,data/derived/qa_211_v1/period_qa.csv,detector_wide_day_to_day_drift,period_qa,,diagnostic_only; no_auto_accept; no_auto_split;single_day_segment_intentionally_accepted
211,211,1,6,21,143.372086,0.640769,0,accepted_single_day_segment,insufficient_points,data/derived/qa_211_v1/period_qa.csv,detector_wide_day_to_day_drift,period_qa,,diagnostic_only; no_auto_accept; no_auto_split;single_day_segment_intentionally_accepted
211,211,1,6,22,142.350098,0.575778,0,accepted_single_day_segment,insufficient_points,data/derived/qa_211_v1/period_qa.csv,detector_wide_day_to_day_drift,period_qa,,diagnostic_only; no_auto_accept; no_auto_split;single_day_segment_intentionally_accepted
211,211,1,6,23,141.08725,0.639929,0,accepted_single_day_segment,insufficient_points,data/derived/qa_211_v1/period_qa.csv,detector_wide_day_to_day_drift,period_qa,,diagnostic_only; no_auto_accept; no_auto_split;single_day_segment_intentionally_accepted
211,211,1,6,24,141.582443,0.562767,0,accepted_single_day_segment,insufficient_points,data/derived/qa_211_v1/period_qa.csv,detector_wide_day_to_day_drift,period_qa,,diagnostic_only; no_auto_accept; no_auto_split;single_day_segment_intentionally_accepted
211,211,1,6,25,137.934616,0.642422,0,accepted_single_day_segment,insufficient_points,data/derived/qa_211_v1/period_qa.csv,detector_wide_day_to_day_drift,period_qa,,diagnostic_only; no_auto_accept; no_auto_split;single_day_segment_intentionally_accepted
211,211,1,6,26,138.682083,0.555756,0,accepted_single_day_segment,insufficient_points,data/derived/qa_211_v1/period_qa.csv,detector_wide_day_to_day_drift,period_qa,,diagnostic_only; no_auto_accept; no_auto_split;single_day_segment_intentionally_accepted
211,211,1,6,27,140.85466,0.613273,0,accepted_single_day_segment,insufficient_points,data/derived/qa_211_v1/period_qa.csv,detector_wide_day_to_day_drift,period_qa,,diagnostic_only; no_auto_accept; no_auto_split;single_day_segment_intentionally_accepted
211,211,1,6,28,140.141571,0.595922,0,accepted_single_day_segment,insufficient_points,data/derived/qa_211_v1/period_qa.csv,detector_wide_day_to_day_drift,period_qa,,diagnostic_only; no_auto_accept; no_auto_split;single_day_segment_intentionally_accepted
211,211,1,6,29,138.171799,0.598917,0,accepted_single_day_segment,insufficient_points,data/derived/qa_211_v1/period_qa.csv,detector_wide_day_to_day_drift,period_qa,,diagnostic_only; no_auto_accept; no_auto_split;single_day_segment_intentionally_accepted
211,211,1,6,30,138.329742,0.571715,0,accepted_single_day_segment,insufficient_points,data/derived/qa_211_v1/period_qa.csv,detector_wide_day_to_day_drift,period_qa,,diagnostic_only; no_auto_accept; no_auto_split;single_day_segment_intentionally_accepted
211,211,1,6,31,137.264114,0.551897,0,accepted_single_day_segment,insufficient_points,data/derived/qa_211_v1/period_qa.csv,detector_wide_day_to_day_drift,period_qa,,diagnostic_only; no_auto_accept; no_auto_split;single_day_segment_intentionally_accepted
211,211,1,7,1,129.449127,0.863203,0,accepted_single_day_segment,insufficient_points,data/derived/qa_211_v1/period_qa.csv,detector_wide_day_to_day_drift,period_qa,,diagnostic_only; no_auto_accept; no_auto_split;single_day_segment_intentionally_accepted
211,211,1,7,2,134.384415,0.623465,0,accepted_single_day_segment,insufficient_points,data/derived/qa_211_v1/period_qa.csv,detector_wide_day_to_day_drift,period_qa,,diagnostic_only; no_auto_accept; no_auto_split;single_day_segment_intentionally_accepted
211,211,1,7,3,136.389542,0.622366,0,accepted_single_day_segment,insufficient_points,data/derived/qa_211_v1/period_qa.csv,detector_wide_day_to_day_drift,period_qa,,diagnostic_only; no_auto_accept; no_auto_split;single_day_segment_intentionally_accepted
211,211,1,7,4,135.305267,0.623098,0,accepted_single_day_segment,insufficient_points,data/derived/qa_211_v1/period_qa.csv,detector_wide_day_to_day_drift,period_qa,,diagnostic_only; no_auto_accept; no_auto_split;single_day_segment_intentionally_accepted
211,211,1,7,5,135.894684,0.498569,0,accepted_single_day_segment,insufficient_points,data/derived/qa_211_v1/period_qa.csv,detector_wide_day_to_day_drift,period_qa,,diagnostic_only; no_auto_accept; no_auto_split;single_day_segment_intentionally_accepted
211,211,1,7,6,134.01152,0.509085,0,accepted_single_day_segment,insufficient_points,data/derived/qa_211_v1/period_qa.csv,detector_wide_day_to_day_drift,period_qa,,diagnostic_only; no_auto_accept; no_auto_split;single_day_segment_intentionally_accepted
211,211,1,7,7,132.009293,0.506877,0,accepted_single_day_segment,insufficient_points,data/derived/qa_211_v1/period_qa.csv,detector_wide_day_to_day_drift,period_qa,,diagnostic_only; no_auto_accept; no_auto_split;single_day_segment_intentionally_accepted
211,211,1,7,8,132.557846,0.49665,0,accepted_single_day_segment,insufficient_points,data/derived/qa_211_v1/period_qa.csv,detector_wide_day_to_day_drift,period_qa,,diagnostic_only; no_auto_accept; no_auto_split;single_day_segment_intentionally_accepted
211,211,1,7,9,132.845016,0.479355,0,accepted_single_day_segment,insufficient_points,data/derived/qa_211_v1/period_qa.csv,detector_wide_day_to_day_drift,period_qa,,diagnostic_only; no_auto_accept; no_auto_split;single_day_segment_intentionally_accepted
211,211,1,7,10,137.705551,0.532462,0,accepted_single_day_segment,insufficient_points,data/derived/qa_211_v1/period_qa.csv,detector_wide_day_to_day_drift,period_qa,,diagnostic_only; no_auto_accept; no_auto_split;single_day_segment_intentionally_accepted
211,211,1,7,11,138.1577,0.511602,0,accepted_single_day_segment,insufficient_points,data/derived/qa_211_v1/period_qa.csv,detector_wide_day_to_day_drift,period_qa,,diagnostic_only; no_auto_accept; no_auto_split;single_day_segment_intentionally_accepted
211,211,1,7,12,139.234451,0.607461,0,accepted_single_day_segment,insufficient_points,data/derived/qa_211_v1/period_qa.csv,detector_wide_day_to_day_drift,period_qa,,diagnostic_only; no_auto_accept; no_auto_split;single_day_segment_intentionally_accepted
211,211,1,7,13,139.177383,0.564734,0,accepted_single_day_segment,insufficient_points,data/derived/qa_211_v1/period_qa.csv,detector_wide_day_to_day_drift,period_qa,,diagnostic_only; no_auto_accept; no_auto_split;single_day_segment_intentionally_accepted
211,211,1,7,14,132.843872,0.537458,0,accepted_single_day_segment,insufficient_points,data/derived/qa_211_v1/period_qa.csv,detector_wide_day_to_day_drift,period_qa,,diagnostic_only; no_auto_accept; no_auto_split;single_day_segment_intentionally_accepted
211,211,1,7,15,137.957031,0.499183,0,accepted_single_day_segment,insufficient_points,data/derived/qa_211_v1/period_qa.csv,detector_wide_day_to_day_drift,period_qa,,diagnostic_only; no_auto_accept; no_auto_split;single_day_segment_intentionally_accepted
211,211,1,7,16,136.010406,0.580136,0,accepted_single_day_segment,insufficient_points,data/derived/qa_211_v1/period_qa.csv,detector_wide_day_to_day_drift,period_qa,,diagnostic_only; no_auto_accept; no_auto_split;single_day_segment_intentionally_accepted
211,211,1,7,17,139.806793,0.526386,0,accepted_single_day_segment,insufficient_points,data/derived/qa_211_v1/period_qa.csv,detector_wide_day_to_day_drift,period_qa,,diagnostic_only; no_auto_accept; no_auto_split;single_day_segment_intentionally_accepted
211,211,1,7,18,136.621765,0.638825,0,accepted_single_day_segment,insufficient_points,data/derived/qa_211_v1/period_qa.csv,detector_wide_day_to_day_drift,period_qa,,diagnostic_only; no_auto_accept; no_auto_split;single_day_segment_intentionally_accepted
211,211,1,7,19,139.707611,0.550676,0,accepted_single_day_segment,insufficient_points,data/derived/qa_211_v1/period_qa.csv,detector_wide_day_to_day_drift,period_qa,,diagnostic_only; no_auto_accept; no_auto_split;single_day_segment_intentionally_accepted
211,211,1,7,20,138.966522,0.634455,0,accepted_single_day_segment,insufficient_points,data/derived/qa_211_v1/period_qa.csv,detector_wide_day_to_day_drift,period_qa,,diagnostic_only; no_auto_accept; no_auto_split;single_day_segment_intentionally_accepted
211,211,1,7,21,137.001434,0.528632,0,accepted_single_day_segment,insufficient_points,data/derived/qa_211_v1/period_qa.csv,detector_wide_day_to_day_drift,period_qa,,diagnostic_only; no_auto_accept; no_auto_split;single_day_segment_intentionally_accepted
211,211,1,7,22,137.186737,0.632492,0,accepted_single_day_segment,insufficient_points,data/derived/qa_211_v1/period_qa.csv,detector_wide_day_to_day_drift,period_qa,,diagnostic_only; no_auto_accept; no_auto_split;single_day_segment_intentionally_accepted
211,211,1,7,23,138.939209,0.528117,0,accepted_single_day_segment,insufficient_points,data/derived/qa_211_v1/period_qa.csv,detector_wide_day_to_day_drift,period_qa,,diagnostic_only; no_auto_accept; no_auto_split;single_day_segment_intentionally_accepted
211,211,1,7,24,139.965637,0.67431,0,accepted_single_day_segment,insufficient_points,data/derived/qa_211_v1/period_qa.csv,detector_wide_day_to_day_drift,period_qa,,diagnostic_only; no_auto_accept; no_auto_split;single_day_segment_intentionally_accepted
211,211,1,7,25,141.429443,0.581458,0,accepted_single_day_segment,insufficient_points,data/derived/qa_211_v1/period_qa.csv,detector_wide_day_to_day_drift,period_qa,,diagnostic_only; no_auto_accept; no_auto_split;single_day_segment_intentionally_accepted
211,211,1,7,26,135.41983,0.58347,0,accepted_single_day_segment,insufficient_points,data/derived/qa_211_v1/period_qa.csv,detector_wide_day_to_day_drift,period_qa,,diagnostic_only; no_auto_accept; no_auto_split;single_day_segment_intentionally_accepted
211,211,1,7,27,138.410217,0.574453,0,accepted_single_day_segment,insufficient_points,data/derived/qa_211_v1/period_qa.csv,detector_wide_day_to_day_drift,period_qa,,diagnostic_only; no_auto_accept; no_auto_split;single_day_segment_intentionally_accepted
211,211,1,7,28,137.099304,0.61964,0,accepted_single_day_segment,insufficient_points,data/derived/qa_211_v1/period_qa.csv,detector_wide_day_to_day_drift,period_qa,,diagnostic_only; no_auto_accept; no_auto_split;single_day_segment_intentionally_accepted
211,211,1,7,29,139.95993,0.604471,0,accepted_single_day_segment,insufficient_points,data/derived/qa_211_v1/period_qa.csv,detector_wide_day_to_day_drift,period_qa,,diagnostic_only; no_auto_accept; no_auto_split;single_day_segment_intentionally_accepted
211,211,1,7,30,138.623764,0.624702,0,accepted_single_day_segment,insufficient_points,data/derived/qa_211_v1/period_qa.csv,detector_wide_day_to_day_drift,period_qa,,diagnostic_only; no_auto_accept; no_auto_split;single_day_segment_intentionally_accepted
211,211,1,7,31,139.858505,0.621783,0,accepted_single_day_segment,insufficient_points,data/derived/qa_211_v1/period_qa.csv,detector_wide_day_to_day_drift,period_qa,,diagnostic_only; no_auto_accept; no_auto_split;single_day_segment_intentionally_accepted
211,211,1,8,1,147.933929,0.722922,0,accepted_single_day_segment,insufficient_points,data/derived/qa_211_v1/period_qa.csv,detector_wide_day_to_day_drift,period_qa,,diagnostic_only; no_auto_accept; no_auto_split;single_day_segment_intentionally_accepted
211,211,1,8,2,128.53038,0.641189,0,accepted_single_day_segment,insufficient_points,data/derived/qa_211_v1/period_qa.csv,detector_wide_day_to_day_drift,period_qa,,diagnostic_only; no_auto_accept; no_auto_split;single_day_segment_intentionally_accepted
211,211,1,8,3,121.221451,1.447862,0,accepted_single_day_segment,insufficient_points,data/derived/qa_211_v1/period_qa.csv,detector_wide_day_to_day_drift,period_qa,,diagnostic_only; no_auto_accept; no_auto_split;single_day_segment_intentionally_accepted
211,211,1,8,4,133.097717,0.545727,0,accepted_single_day_segment,insufficient_points,data/derived/qa_211_v1/period_qa.csv,detector_wide_day_to_day_drift,period_qa,,diagnostic_only; no_auto_accept; no_auto_split;single_day_segment_intentionally_accepted
211,211,1,8,5,123.489159,0.541352,0,accepted_single_day_segment,insufficient_points,data/derived/qa_211_v1/period_qa.csv,detector_wide_day_to_day_drift,period_qa,,diagnostic_only; no_auto_accept; no_auto_split;single_day_segment_intentionally_accepted
211,211,1,8,6,133.22525,0.517997,0,accepted_single_day_segment,insufficient_points,data/derived/qa_211_v1/period_qa.csv,detector_wide_day_to_day_drift,period_qa,,diagnostic_only; no_auto_accept; no_auto_split;single_day_segment_intentionally_accepted
211,211,1,8,7,133.275314,0.509035,0,accepted_single_day_segment,insufficient_points,data/derived/qa_211_v1/period_qa.csv,detector_wide_day_to_day_drift,period_qa,,diagnostic_only; no_auto_accept; no_auto_split;single_day_segment_intentionally_accepted
211,211,1,8,8,133.159073,0.477918,0,accepted_single_day_segment,insufficient_points,data/derived/qa_211_v1/period_qa.csv,detector_wide_day_to_day_drift,period_qa,,diagnostic_only; no_auto_accept; no_auto_split;single_day_segment_intentionally_accepted
211,211,1,8,9,132.320572,0.48501,0,accepted_single_day_segment,insufficient_points,data/derived/qa_211_v1/period_qa.csv,detector_wide_day_to_day_drift,period_qa,,diagnostic_only; no_auto_accept; no_auto_split;single_day_segment_intentionally_accepted
211,211,1,8,10,135.952087,0.532385,0,accepted_single_day_segment,insufficient_points,data/derived/qa_211_v1/period_qa.csv,detector_wide_day_to_day_drift,period_qa,,diagnostic_only; no_auto_accept; no_auto_split;single_day_segment_intentionally_accepted
211,211,1,8,11,139.836823,0.548871,0,accepted_single_day_segment,insufficient_points,data/derived/qa_211_v1/period_qa.csv,detector_wide_day_to_day_drift,period_qa,,diagnostic_only; no_auto_accept; no_auto_split;single_day_segment_intentionally_accepted
211,211,1,8,12,134.069809,0.527126,0,accepted_single_day_segment,insufficient_points,data/derived/qa_211_v1/period_qa.csv,detector_wide_day_to_day_drift,period_qa,,diagnostic_only; no_auto_accept; no_auto_split;single_day_segment_intentionally_accepted
211,211,1,8,13,136.450241,0.521925,0,accepted_single_day_segment,insufficient_points,data/derived/qa_211_v1/period_qa.csv,detector_wide_day_to_day_drift,period_qa,,diagnostic_only; no_auto_accept; no_auto_split;single_day_segment_intentionally_accepted
211,211,1,8,14,135.199783,0.556948,0,accepted_single_day_segment,insufficient_points,data/derived/qa_211_v1/period_qa.csv,detector_wide_day_to_day_drift,period_qa,,diagnostic_only; no_auto_accept; no_auto_split;single_day_segment_intentionally_accepted
211,211,1,8,15,136.624435,0.543824,0,accepted_single_day_segment,insufficient_points,data/derived/qa_211_v1/period_qa.csv,detector_wide_day_to_day_drift,period_qa,,diagnostic_only; no_auto_accept; no_auto_split;single_day_segment_intentionally_accepted
211,211,1,8,16,136.895859,0.544829,0,accepted_single_day_segment,insufficient_points,data/derived/qa_211_v1/period_qa.csv,detector_wide_day_to_day_drift,period_qa,,diagnostic_only; no_auto_accept; no_auto_split;single_day_segment_intentionally_accepted
211,211,1,8,17,139.268051,0.541048,0,accepted_single_day_segment,insufficient_points,data/derived/qa_211_v1/period_qa.csv,detector_wide_day_to_day_drift,period_qa,,diagnostic_only; no_auto_accept; no_auto_split;single_day_segment_intentionally_accepted
211,211,1,8,18,137.491928,0.585375,0,accepted_single_day_segment,insufficient_points,data/derived/qa_211_v1/period_qa.csv,detector_wide_day_to_day_drift,period_qa,,diagnostic_only; no_auto_accept; no_auto_split;single_day_segment_intentionally_accepted
211,211,1,8,19,136.55954,0.584259,0,accepted_single_day_segment,insufficient_points,data/derived/qa_211_v1/period_qa.csv,detector_wide_day_to_day_drift,period_qa,,diagnostic_only; no_auto_accept; no_auto_split;single_day_segment_intentionally_accepted
211,211,1,8,20,138.599167,0.594607,0,accepted_single_day_segment,insufficient_points,data/derived/qa_211_v1/period_qa.csv,detector_wide_day_to_day_drift,period_qa,,diagnostic_only; no_auto_accept; no_auto_split;single_day_segment_intentionally_accepted
211,211,1,8,21,137.246536,0.613689,0,accepted_single_day_segment,insufficient_points,data/derived/qa_211_v1/period_qa.csv,detector_wide_day_to_day_drift,period_qa,,diagnostic_only; no_auto_accept; no_auto_split;single_day_segment_intentionally_accepted
211,211,1,8,22,137.102127,0.607029,0,accepted_single_day_segment,insufficient_points,data/derived/qa_211_v1/period_qa.csv,detector_wide_day_to_day_drift,period_qa,,diagnostic_only; no_auto_accept; no_auto_split;single_day_segment_intentionally_accepted
211,211,1,8,23,137.955383,0.655091,0,accepted_single_day_segment,insufficient_points,data/derived/qa_211_v1/period_qa.csv,detector_wide_day_to_day_drift,period_qa,,diagnostic_only; no_auto_accept; no_auto_split;single_day_segment_intentionally_accepted
211,211,1,8,24,134.359772,0.718666,0,accepted_single_day_segment,insufficient_points,data/derived/qa_211_v1/period_qa.csv,detector_wide_day_to_day_drift,period_qa,,diagnostic_only; no_auto_accept; no_auto_split;single_day_segment_intentionally_accepted
211,211,1,8,25,136.940765,0.934165,0,accepted_single_day_segment,insufficient_points,data/derived/qa_211_v1/period_qa.csv,detector_wide_day_to_day_drift,period_qa,,diagnostic_only; no_auto_accept; no_auto_split;single_day_segment_intentionally_accepted
211,211,1,8,26,138.311691,0.765113,0,accepted_single_day_segment,insufficient_points,data/derived/qa_211_v1/period_qa.csv,detector_wide_day_to_day_drift,period_qa,,diagnostic_only; no_auto_accept; no_auto_split;single_day_segment_intentionally_accepted
211,211,1,8,27,138.575607,0.572113,0,accepted_single_day_segment,insufficient_points,data/derived/qa_211_v1/period_qa.csv,detector_wide_day_to_day_drift,period_qa,,diagnostic_only; no_auto_accept; no_auto_split;single_day_segment_intentionally_accepted
211,211,1,8,28,137.85733,0.705863,0,accepted_single_day_segment,insufficient_points,data/derived/qa_211_v1/period_qa.csv,detector_wide_day_to_day_drift,period_qa,,diagnostic_only; no_auto_accept; no_auto_split;single_day_segment_intentionally_accepted
211,211,1,8,29,139.123062,0.641999,0,accepted_single_day_segment,insufficient_points,data/derived/qa_211_v1/period_qa.csv,detector_wide_day_to_day_drift,period_qa,,diagnostic_only; no_auto_accept; no_auto_split;single_day_segment_intentionally_accepted
211,211,1,8,30,132.933655,0.600075,0,accepted_single_day_segment,insufficient_points,data/derived/qa_211_v1/period_qa.csv,detector_wide_day_to_day_drift,period_qa,,diagnostic_only; no_auto_accept; no_auto_split;single_day_segment_intentionally_accepted
211,211,1,8,31,135.139587,0.678044,0,accepted_single_day_segment,insufficient_points,data/derived/qa_211_v1/period_qa.csv,detector_wide_day_to_day_drift,period_qa,,diagnostic_only; no_auto_accept; no_auto_split;single_day_segment_intentionally_accepted
211,211,1,9,1,140.304977,0.692956,0,accepted_single_day_segment,insufficient_points,data/derived/qa_211_v1/period_qa.csv,detector_wide_day_to_day_drift,period_qa,,diagnostic_only; no_auto_accept; no_auto_split;single_day_segment_intentionally_accepted
211,211,1,9,2,98.026825,1.303418,0,accepted_single_day_segment,different_from_nominal;insufficient_points,data/derived/qa_211_v1/period_qa.csv,detector_wide_day_to_day_drift,period_qa,,diagnostic_only; no_auto_accept; no_auto_split;single_day_segment_intentionally_accepted
211,211,1,9,3,95.284752,1.164267,0,accepted_single_day_segment,different_from_nominal;insufficient_points,data/derived/qa_211_v1/period_qa.csv,detector_wide_day_to_day_drift,period_qa,,diagnostic_only; no_auto_accept; no_auto_split;single_day_segment_intentionally_accepted
211,211,1,9,4,90.973801,1.12402,0,accepted_single_day_segment,different_from_nominal;insufficient_points,data/derived/qa_211_v1/period_qa.csv,detector_wide_day_to_day_drift,period_qa,,diagnostic_only; no_auto_accept; no_auto_split;single_day_segment_intentionally_accepted
211,211,1,9,5,90.916122,1.05603,0,accepted_single_day_segment,different_from_nominal;insufficient_points,data/derived/qa_211_v1/period_qa.csv,detector_wide_day_to_day_drift,period_qa,,diagnostic_only; no_auto_accept; no_auto_split;single_day_segment_intentionally_accepted
211,211,1,9,6,132.637772,0.547604,0,accepted_single_day_segment,insufficient_points,data/derived/qa_211_v1/period_qa.csv,detector_wide_day_to_day_drift,period_qa,,diagnostic_only; no_auto_accept; no_auto_split;single_day_segment_intentionally_accepted
211,211,1,9,7,132.076584,0.556972,0,accepted_single_day_segment,insufficient_points,data/derived/qa_211_v1/period_qa.csv,detector_wide_day_to_day_drift,period_qa,,diagnostic_only; no_auto_accept; no_auto_split;single_day_segment_intentionally_accepted
211,211,1,9,8,132.038025,0.504665,0,accepted_single_day_segment,insufficient_points,data/derived/qa_211_v1/period_qa.csv,detector_wide_day_to_day_drift,period_qa,,diagnostic_only; no_auto_accept; no_auto_split;single_day_segment_intentionally_accepted
211,211,1,9,9,133.295731,0.464044,0,accepted_single_day_segment,insufficient_points,data/derived/qa_211_v1/period_qa.csv,detector_wide_day_to_day_drift,period_qa,,diagnostic_only; no_auto_accept; no_auto_split;single_day_segment_intentionally_accepted
211,211,1,9,10,116.261864,0.582052,0,accepted_single_day_segment,different_from_nominal;insufficient_points,data/derived/qa_211_v1/period_qa.csv,detector_wide_day_to_day_drift,period_qa,,diagnostic_only; no_auto_accept; no_auto_split;single_day_segment_intentionally_accepted
211,211,1,9,11,123.404251,0.558406,0,accepted_single_day_segment,insufficient_points,data/derived/qa_211_v1/period_qa.csv,detector_wide_day_to_day_drift,period_qa,,diagnostic_only; no_auto_accept; no_auto_split;single_day_segment_intentionally_accepted
211,211,1,9,12,131.989029,0.599995,0,accepted_single_day_segment,insufficient_points,data/derived/qa_211_v1/period_qa.csv,detector_wide_day_to_day_drift,period_qa,,diagnostic_only; no_auto_accept; no_auto_split;single_day_segment_intentionally_accepted
211,211,1,9,13,107.175644,0.91103,0,accepted_single_day_segment,different_from_nominal;insufficient_points,data/derived/qa_211_v1/period_qa.csv,detector_wide_day_to_day_drift,period_qa,,diagnostic_only; no_auto_accept; no_auto_split;single_day_segment_intentionally_accepted
211,211,1,9,14,122.255684,0.674926,0,accepted_single_day_segment,insufficient_points,data/derived/qa_211_v1/period_qa.csv,detector_wide_day_to_day_drift,period_qa,,diagnostic_only; no_auto_accept; no_auto_split;single_day_segment_intentionally_accepted
211,211,1,9,15,119.917442,0.598715,0,accepted_single_day_segment,different_from_nominal;insufficient_points,data/derived/qa_211_v1/period_qa.csv,detector_wide_day_to_day_drift,period_qa,,diagnostic_only; no_auto_accept; no_auto_split;single_day_segment_intentionally_accepted
211,211,1,9,16,111.990143,0.01836,0,accepted_single_day_segment,different_from_nominal;insufficient_points,data/derived/qa_211_v1/period_qa.csv,detector_wide_day_to_day_drift,period_qa,,diagnostic_only; no_auto_accept; no_auto_split;single_day_segment_intentionally_accepted
211,211,1,9,17,264.751984,1.070483,0,accepted_single_day_segment,different_from_nominal;insufficient_points,data/derived/qa_211_v1/period_qa.csv,detector_wide_day_to_day_drift,period_qa,,diagnostic_only; no_auto_accept; no_auto_split;single_day_segment_intentionally_accepted
211,211,1,9,18,265.915863,1.391884,0,accepted_single_day_segment,different_from_nominal;insufficient_points,data/derived/qa_211_v1/period_qa.csv,detector_wide_day_to_day_drift,period_qa,,diagnostic_only; no_auto_accept; no_auto_split;single_day_segment_intentionally_accepted
211,211,1,9,19,115.995178,0.016508,0,accepted_single_day_segment,different_from_nominal;insufficient_points,data/derived/qa_211_v1/period_qa.csv,detector_wide_day_to_day_drift,period_qa,,diagnostic_only; no_auto_accept; no_auto_split;single_day_segment_intentionally_accepted
211,211,1,9,20,107.111176,0.388361,0,accepted_single_day_segment,different_from_nominal;insufficient_points,data/derived/qa_211_v1/period_qa.csv,detector_wide_day_to_day_drift,period_qa,,diagnostic_only; no_auto_accept; no_auto_split;single_day_segment_intentionally_accepted
211,211,1,9,21,108.320045,0.348973,0,accepted_single_day_segment,different_from_nominal;insufficient_points,data/derived/qa_211_v1/period_qa.csv,detector_wide_day_to_day_drift,period_qa,,diagnostic_only; no_auto_accept; no_auto_split;single_day_segment_intentionally_accepted
211,211,1,9,22,103.915176,0.354073,0,accepted_single_day_segment,different_from_nominal;insufficient_points,data/derived/qa_211_v1/period_qa.csv,detector_wide_day_to_day_drift,period_qa,,diagnostic_only; no_auto_accept; no_auto_split;single_day_segment_intentionally_accepted
211,211,1,9,23,104.259315,0.38024,0,accepted_single_day_segment,different_from_nominal;insufficient_points,data/derived/qa_211_v1/period_qa.csv,detector_wide_day_to_day_drift,period_qa,,diagnostic_only; no_auto_accept; no_auto_split;single_day_segment_intentionally_accepted
211,211,1,9,24,140.094299,0.833733,0,accepted_single_day_segment,insufficient_points,data/derived/qa_211_v1/period_qa.csv,detector_wide_day_to_day_drift,period_qa,,diagnostic_only; no_auto_accept; no_auto_split;single_day_segment_intentionally_accepted
211,211,1,9,25,138.374603,0.812952,0,accepted_single_day_segment,insufficient_points,data/derived/qa_211_v1/period_qa.csv,detector_wide_day_to_day_drift,period_qa,,diagnostic_only; no_auto_accept; no_auto_split;single_day_segment_intentionally_accepted
211,211,1,9,26,140.829575,0.679383,0,accepted_single_day_segment,insufficient_points,data/derived/qa_211_v1/period_qa.csv,detector_wide_day_to_day_drift,period_qa,,diagnostic_only; no_auto_accept; no_auto_split;single_day_segment_intentionally_accepted
211,211,1,9,27,140.871429,0.679798,0,accepted_single_day_segment,insufficient_points,data/derived/qa_211_v1/period_qa.csv,detector_wide_day_to_day_drift,period_qa,,diagnostic_only; no_auto_accept; no_auto_split;single_day_segment_intentionally_accepted
211,211,1,9,28,141.85051,0.758504,0,accepted_single_day_segment,insufficient_points,data/derived/qa_211_v1/period_qa.csv,detector_wide_day_to_day_drift,period_qa,,diagnostic_only; no_auto_accept; no_auto_split;single_day_segment_intentionally_accepted
211,211,1,9,29,139.490814,0.679221,0,accepted_single_day_segment,insufficient_points,data/derived/qa_211_v1/period_qa.csv,detector_wide_day_to_day_drift,period_qa,,diagnostic_only; no_auto_accept; no_auto_split;single_day_segment_intentionally_accepted
211,211,1,9,30,138.831757,0.747222,0,accepted_single_day_segment,insufficient_points,data/derived/qa_211_v1/period_qa.csv,detector_wide_day_to_day_drift,period_qa,,diagnostic_only; no_auto_accept; no_auto_split;single_day_segment_intentionally_accepted
211,211,1,9,31,138.510269,0.637618,0,accepted_single_day_segment,insufficient_points,data/derived/qa_211_v1/period_qa.csv,detector_wide_day_to_day_drift,period_qa,,diagnostic_only; no_auto_accept; no_auto_split;single_day_segment_intentionally_accepted
211,211,1,10,1,134.611954,0.610567,0,accepted_single_day_segment,insufficient_points,data/derived/qa_211_v1/period_qa.csv,detector_wide_day_to_day_drift,period_qa,,diagnostic_only; no_auto_accept; no_auto_split;single_day_segment_intentionally_accepted
211,211,1,10,2,97.978203,1.195686,0,accepted_single_day_segment,different_from_nominal;insufficient_points,data/derived/qa_211_v1/period_qa.csv,detector_wide_day_to_day_drift,period_qa,,diagnostic_only; no_auto_accept; no_auto_split;single_day_segment_intentionally_accepted
211,211,1,10,3,102.255989,2.730434,0,accepted_single_day_segment,different_from_nominal;insufficient_points,data/derived/qa_211_v1/period_qa.csv,detector_wide_day_to_day_drift,period_qa,,diagnostic_only; no_auto_accept; no_auto_split;single_day_segment_intentionally_accepted
211,211,1,10,4,95.539246,1.045268,0,accepted_single_day_segment,different_from_nominal;insufficient_points,data/derived/qa_211_v1/period_qa.csv,detector_wide_day_to_day_drift,period_qa,,diagnostic_only; no_auto_accept; no_auto_split;single_day_segment_intentionally_accepted
211,211,1,10,5,91.912491,1.088269,0,accepted_single_day_segment,different_from_nominal;insufficient_points,data/derived/qa_211_v1/period_qa.csv,detector_wide_day_to_day_drift,period_qa,,diagnostic_only; no_auto_accept; no_auto_split;single_day_segment_intentionally_accepted
211,211,1,10,6,135.679092,0.521114,0,accepted_single_day_segment,insufficient_points,data/derived/qa_211_v1/period_qa.csv,detector_wide_day_to_day_drift,period_qa,,diagnostic_only; no_auto_accept; no_auto_split;single_day_segment_intentionally_accepted
211,211,1,10,7,132.992508,0.538384,0,accepted_single_day_segment,insufficient_points,data/derived/qa_211_v1/period_qa.csv,detector_wide_day_to_day_drift,period_qa,,diagnostic_only; no_auto_accept; no_auto_split;single_day_segment_intentionally_accepted
211,211,1,10,8,133.304825,0.508408,0,accepted_single_day_segment,insufficient_points,data/derived/qa_211_v1/period_qa.csv,detector_wide_day_to_day_drift,period_qa,,diagnostic_only; no_auto_accept; no_auto_split;single_day_segment_intentionally_accepted
211,211,1,10,9,132.334976,0.480677,0,accepted_single_day_segment,insufficient_points,data/derived/qa_211_v1/period_qa.csv,detector_wide_day_to_day_drift,period_qa,,diagnostic_only; no_auto_accept; no_auto_split;single_day_segment_intentionally_accepted
211,211,1,10,10,121.714943,0.535905,0,accepted_single_day_segment,insufficient_points,data/derived/qa_211_v1/period_qa.csv,detector_wide_day_to_day_drift,period_qa,,diagnostic_only; no_auto_accept; no_auto_split;single_day_segment_intentionally_accepted
211,211,1,10,11,123.07534,0.552841,0,accepted_single_day_segment,insufficient_points,data/derived/qa_211_v1/period_qa.csv,detector_wide_day_to_day_drift,period_qa,,diagnostic_only; no_auto_accept; no_auto_split;single_day_segment_intentionally_accepted
211,211,1,10,12,139.367249,0.590019,0,accepted_single_day_segment,insufficient_points,data/derived/qa_211_v1/period_qa.csv,detector_wide_day_to_day_drift,period_qa,,diagnostic_only; no_auto_accept; no_auto_split;single_day_segment_intentionally_accepted
211,211,1,10,13,129.565842,0.640012,0,accepted_single_day_segment,insufficient_points,data/derived/qa_211_v1/period_qa.csv,detector_wide_day_to_day_drift,period_qa,,diagnostic_only; no_auto_accept; no_auto_split;single_day_segment_intentionally_accepted
211,211,1,10,14,123.579666,0.610564,0,accepted_single_day_segment,insufficient_points,data/derived/qa_211_v1/period_qa.csv,detector_wide_day_to_day_drift,period_qa,,diagnostic_only; no_auto_accept; no_auto_split;single_day_segment_intentionally_accepted
211,211,1,10,15,130.492905,0.62032,0,accepted_single_day_segment,insufficient_points,data/derived/qa_211_v1/period_qa.csv,detector_wide_day_to_day_drift,period_qa,,diagnostic_only; no_auto_accept; no_auto_split;single_day_segment_intentionally_accepted
211,211,1,10,16,274.537842,1.019539,0,accepted_single_day_segment,different_from_nominal;insufficient_points,data/derived/qa_211_v1/period_qa.csv,detector_wide_day_to_day_drift,period_qa,,diagnostic_only; no_auto_accept; no_auto_split;single_day_segment_intentionally_accepted
211,211,1,10,17,138.328827,0.649631,-126.5,manual_db_override,insufficient_points,data/derived/qa_211_v1/period_qa.csv,pedestal_shift_requires_nonzero_offset,manual_db_override,ADCspectraFix_Day211_EW1_PP10_TT17_PedSub_20260917.pdf,automatic_fit_failed_old_mpv=-53.373657;pedestal_mode=126.5;pedestal_core_centroid=127.675;pedestal_fwhm=12;mip_like_peak=255.5;mip_like_fwhm=88;fit_start_50_60_70_stable;accepted_fit_start=70;chi2_ndf=1.69
211,211,1,10,18,140.716248,0.671344,-120.5,manual_db_override,insufficient_points,data/derived/qa_211_v1/period_qa.csv,pedestal_shift_requires_nonzero_offset,manual_db_override,ADCspectraFix_Day211_EW1_PP10_TT18_PedSub_20260917.pdf,automatic_fit_failed_old_mpv=76.599731;pedestal_mode=120.5;pedestal_core_centroid=120.198;pedestal_fwhm=9;mip_like_peak=257.5;mip_like_fwhm=94;fit_start_50_60_70_stable;accepted_fit_start=70;chi2_ndf=1.75
211,211,1,10,19,118.448097,0.506161,0,accepted_single_day_segment,different_from_nominal;insufficient_points,data/derived/qa_211_v1/period_qa.csv,detector_wide_day_to_day_drift,period_qa,,diagnostic_only; no_auto_accept; no_auto_split;single_day_segment_intentionally_accepted
211,211,1,10,20,112.822083,0.413906,0,accepted_single_day_segment,different_from_nominal;insufficient_points,data/derived/qa_211_v1/period_qa.csv,detector_wide_day_to_day_drift,period_qa,,diagnostic_only; no_auto_accept; no_auto_split;single_day_segment_intentionally_accepted
211,211,1,10,21,108.479767,0.487016,0,accepted_single_day_segment,different_from_nominal;insufficient_points,data/derived/qa_211_v1/period_qa.csv,detector_wide_day_to_day_drift,period_qa,,diagnostic_only; no_auto_accept; no_auto_split;single_day_segment_intentionally_accepted
211,211,1,10,22,110.425652,0.478175,0,accepted_single_day_segment,different_from_nominal;insufficient_points,data/derived/qa_211_v1/period_qa.csv,detector_wide_day_to_day_drift,period_qa,,diagnostic_only; no_auto_accept; no_auto_split;single_day_segment_intentionally_accepted
211,211,1,10,23,110.612923,0.372181,0,accepted_single_day_segment,different_from_nominal;insufficient_points,data/derived/qa_211_v1/period_qa.csv,detector_wide_day_to_day_drift,period_qa,,diagnostic_only; no_auto_accept; no_auto_split;single_day_segment_intentionally_accepted
211,211,1,10,24,142.655243,0.463216,0,accepted_single_day_segment,insufficient_points,data/derived/qa_211_v1/period_qa.csv,detector_wide_day_to_day_drift,period_qa,,diagnostic_only; no_auto_accept; no_auto_split;single_day_segment_intentionally_accepted
211,211,1,10,25,141.081421,0.675309,0,accepted_single_day_segment,insufficient_points,data/derived/qa_211_v1/period_qa.csv,detector_wide_day_to_day_drift,period_qa,,diagnostic_only; no_auto_accept; no_auto_split;single_day_segment_intentionally_accepted
211,211,1,10,26,136.667892,0.774566,0,accepted_single_day_segment,insufficient_points,data/derived/qa_211_v1/period_qa.csv,detector_wide_day_to_day_drift,period_qa,,diagnostic_only; no_auto_accept; no_auto_split;single_day_segment_intentionally_accepted
211,211,1,10,27,143.747864,0.755848,0,accepted_single_day_segment,insufficient_points,data/derived/qa_211_v1/period_qa.csv,detector_wide_day_to_day_drift,period_qa,,diagnostic_only; no_auto_accept; no_auto_split;single_day_segment_intentionally_accepted
211,211,1,10,28,138.411789,0.63507,0,accepted_single_day_segment,insufficient_points,data/derived/qa_211_v1/period_qa.csv,detector_wide_day_to_day_drift,period_qa,,diagnostic_only; no_auto_accept; no_auto_split;single_day_segment_intentionally_accepted
211,211,1,10,29,137.746002,0.729635,0,accepted_single_day_segment,insufficient_points,data/derived/qa_211_v1/period_qa.csv,detector_wide_day_to_day_drift,period_qa,,diagnostic_only; no_auto_accept; no_auto_split;single_day_segment_intentionally_accepted
211,211,1,10,30,137.875977,0.667381,0,accepted_single_day_segment,insufficient_points,data/derived/qa_211_v1/period_qa.csv,detector_wide_day_to_day_drift,period_qa,,diagnostic_only; no_auto_accept; no_auto_split;single_day_segment_intentionally_accepted
211,211,1,10,31,139.333481,0.834862,0,accepted_single_day_segment,insufficient_points,data/derived/qa_211_v1/period_qa.csv,detector_wide_day_to_day_drift,period_qa,,diagnostic_only; no_auto_accept; no_auto_split;single_day_segment_intentionally_accepted
211,211,1,11,1,141.352783,0.600491,0,accepted_single_day_segment,insufficient_points,data/derived/qa_211_v1/period_qa.csv,detector_wide_day_to_day_drift,period_qa,,diagnostic_only; no_auto_accept; no_auto_split;single_day_segment_intentionally_accepted
211,211,1,11,2,92.153633,1.183391,0,accepted_single_day_segment,different_from_nominal;insufficient_points,data/derived/qa_211_v1/period_qa.csv,detector_wide_day_to_day_drift,period_qa,,diagnostic_only; no_auto_accept; no_auto_split;single_day_segment_intentionally_accepted
211,211,1,11,3,93.582687,0.900406,0,accepted_single_day_segment,different_from_nominal;insufficient_points,data/derived/qa_211_v1/period_qa.csv,detector_wide_day_to_day_drift,period_qa,,diagnostic_only; no_auto_accept; no_auto_split;single_day_segment_intentionally_accepted
211,211,1,11,4,88.340843,1.167217,0,accepted_single_day_segment,different_from_nominal;insufficient_points,data/derived/qa_211_v1/period_qa.csv,detector_wide_day_to_day_drift,period_qa,,diagnostic_only; no_auto_accept; no_auto_split;single_day_segment_intentionally_accepted
211,211,1,11,5,91.099899,0.983042,0,accepted_single_day_segment,different_from_nominal;insufficient_points,data/derived/qa_211_v1/period_qa.csv,detector_wide_day_to_day_drift,period_qa,,diagnostic_only; no_auto_accept; no_auto_split;single_day_segment_intentionally_accepted
211,211,1,11,6,132.543823,0.561157,0,accepted_single_day_segment,insufficient_points,data/derived/qa_211_v1/period_qa.csv,detector_wide_day_to_day_drift,period_qa,,diagnostic_only; no_auto_accept; no_auto_split;single_day_segment_intentionally_accepted
211,211,1,11,7,131.346069,0.493322,0,accepted_single_day_segment,insufficient_points,data/derived/qa_211_v1/period_qa.csv,detector_wide_day_to_day_drift,period_qa,,diagnostic_only; no_auto_accept; no_auto_split;single_day_segment_intentionally_accepted
211,211,1,11,8,131.487823,0.470541,0,accepted_single_day_segment,insufficient_points,data/derived/qa_211_v1/period_qa.csv,detector_wide_day_to_day_drift,period_qa,,diagnostic_only; no_auto_accept; no_auto_split;single_day_segment_intentionally_accepted
211,211,1,11,9,133.031708,0.469814,0,accepted_single_day_segment,insufficient_points,data/derived/qa_211_v1/period_qa.csv,detector_wide_day_to_day_drift,period_qa,,diagnostic_only; no_auto_accept; no_auto_split;single_day_segment_intentionally_accepted
211,211,1,11,10,133.290771,0.542059,0,accepted_single_day_segment,insufficient_points,data/derived/qa_211_v1/period_qa.csv,detector_wide_day_to_day_drift,period_qa,,diagnostic_only; no_auto_accept; no_auto_split;single_day_segment_intentionally_accepted
211,211,1,11,11,137.537125,0.516508,0,accepted_single_day_segment,insufficient_points,data/derived/qa_211_v1/period_qa.csv,detector_wide_day_to_day_drift,period_qa,,diagnostic_only; no_auto_accept; no_auto_split;single_day_segment_intentionally_accepted
211,211,1,11,12,127.282387,0.546114,0,accepted_single_day_segment,insufficient_points,data/derived/qa_211_v1/period_qa.csv,detector_wide_day_to_day_drift,period_qa,,diagnostic_only; no_auto_accept; no_auto_split;single_day_segment_intentionally_accepted
211,211,1,11,13,127.084747,0.476572,0,accepted_single_day_segment,insufficient_points,data/derived/qa_211_v1/period_qa.csv,detector_wide_day_to_day_drift,period_qa,,diagnostic_only; no_auto_accept; no_auto_split;single_day_segment_intentionally_accepted
211,211,1,11,14,120.527687,0.53759,0,accepted_single_day_segment,insufficient_points,data/derived/qa_211_v1/period_qa.csv,detector_wide_day_to_day_drift,period_qa,,diagnostic_only; no_auto_accept; no_auto_split;single_day_segment_intentionally_accepted
211,211,1,11,15,139.430771,0.649734,0,accepted_single_day_segment,insufficient_points,data/derived/qa_211_v1/period_qa.csv,detector_wide_day_to_day_drift,period_qa,,diagnostic_only; no_auto_accept; no_auto_split;single_day_segment_intentionally_accepted
211,211,1,11,16,107.353745,0.011624,0,accepted_single_day_segment,different_from_nominal;insufficient_points,data/derived/qa_211_v1/period_qa.csv,detector_wide_day_to_day_drift,period_qa,,diagnostic_only; no_auto_accept; no_auto_split;single_day_segment_intentionally_accepted
211,211,1,11,17,114.522316,0.014638,0,accepted_single_day_segment,different_from_nominal;insufficient_points,data/derived/qa_211_v1/period_qa.csv,detector_wide_day_to_day_drift,period_qa,,diagnostic_only; no_auto_accept; no_auto_split;single_day_segment_intentionally_accepted
211,211,1,11,18,139.599426,1.414214,0,accepted_single_day_segment,insufficient_points,data/derived/qa_211_v1/period_qa.csv,detector_wide_day_to_day_drift,period_qa,,diagnostic_only; no_auto_accept; no_auto_split;single_day_segment_intentionally_accepted
211,211,1,11,19,140.804016,0.534756,-118.5,manual_db_override,insufficient_points,data/derived/qa_211_v1/period_qa.csv,pedestal_shift_requires_nonzero_offset,manual_db_override,ADCspectraFix_Day211_EW1_PP11_TT19_PedSub_20260917.pdf,pedestal_mode=118.5;core_centroid_115.5_121.5=118.40;core_centroid_114.5_122.5=118.58;gaussian_rejected_chi2ndf=956;fit_start_80;chi2ndf=1.58;shape_validation_20260917;pedestal_fwhm=8;mip_like_peak=254.5;mip_like_fwhm=82;pedestal_override_validated
211,211,1,11,20,3.961828027118754e+19,1.414214,0,accepted_single_day_segment,different_from_nominal;insufficient_points,data/derived/qa_211_v1/period_qa.csv,detector_wide_day_to_day_drift,period_qa,,diagnostic_only; no_auto_accept; no_auto_split;single_day_segment_intentionally_accepted
211,211,1,11,21,109.797897,0.013972,0,accepted_single_day_segment,different_from_nominal;insufficient_points,data/derived/qa_211_v1/period_qa.csv,detector_wide_day_to_day_drift,period_qa,,diagnostic_only; no_auto_accept; no_auto_split;single_day_segment_intentionally_accepted
211,211,1,11,22,110.689667,0.01299,0,accepted_single_day_segment,different_from_nominal;insufficient_points,data/derived/qa_211_v1/period_qa.csv,detector_wide_day_to_day_drift,period_qa,,diagnostic_only; no_auto_accept; no_auto_split;single_day_segment_intentionally_accepted
211,211,1,11,23,264.615234,1.422736,0,accepted_single_day_segment,different_from_nominal;insufficient_points,data/derived/qa_211_v1/period_qa.csv,detector_wide_day_to_day_drift,period_qa,,diagnostic_only; no_auto_accept; no_auto_split;single_day_segment_intentionally_accepted
211,211,1,11,24,138.9263,0.599402,0,accepted_single_day_segment,insufficient_points,data/derived/qa_211_v1/period_qa.csv,detector_wide_day_to_day_drift,period_qa,,diagnostic_only; no_auto_accept; no_auto_split;single_day_segment_intentionally_accepted
211,211,1,11,25,134.158844,0.554077,0,accepted_single_day_segment,insufficient_points,data/derived/qa_211_v1/period_qa.csv,detector_wide_day_to_day_drift,period_qa,,diagnostic_only; no_auto_accept; no_auto_split;single_day_segment_intentionally_accepted
211,211,1,11,26,139.131638,0.639464,0,accepted_single_day_segment,insufficient_points,data/derived/qa_211_v1/period_qa.csv,detector_wide_day_to_day_drift,period_qa,,diagnostic_only; no_auto_accept; no_auto_split;single_day_segment_intentionally_accepted
211,211,1,11,27,138.868546,0.603759,0,accepted_single_day_segment,insufficient_points,data/derived/qa_211_v1/period_qa.csv,detector_wide_day_to_day_drift,period_qa,,diagnostic_only; no_auto_accept; no_auto_split;single_day_segment_intentionally_accepted
211,211,1,11,28,139.128662,0.646522,0,accepted_single_day_segment,insufficient_points,data/derived/qa_211_v1/period_qa.csv,detector_wide_day_to_day_drift,period_qa,,diagnostic_only; no_auto_accept; no_auto_split;single_day_segment_intentionally_accepted
211,211,1,11,29,135.101501,0.594593,0,accepted_single_day_segment,insufficient_points,data/derived/qa_211_v1/period_qa.csv,detector_wide_day_to_day_drift,period_qa,,diagnostic_only; no_auto_accept; no_auto_split;single_day_segment_intentionally_accepted
211,211,1,11,30,138.157532,0.62504,0,accepted_single_day_segment,insufficient_points,data/derived/qa_211_v1/period_qa.csv,detector_wide_day_to_day_drift,period_qa,,diagnostic_only; no_auto_accept; no_auto_split;single_day_segment_intentionally_accepted
211,211,1,11,31,136.29895,0.544413,0,accepted_single_day_segment,insufficient_points,data/derived/qa_211_v1/period_qa.csv,detector_wide_day_to_day_drift,period_qa,,diagnostic_only; no_auto_accept; no_auto_split;single_day_segment_intentionally_accepted
211,211,1,12,1,151.99765,0.929939,0,accepted_single_day_segment,different_from_nominal;insufficient_points,data/derived/qa_211_v1/period_qa.csv,detector_wide_day_to_day_drift,period_qa,,diagnostic_only; no_auto_accept; no_auto_split;single_day_segment_intentionally_accepted
211,211,1,12,2,116.620308,1.998864,0,accepted_single_day_segment,different_from_nominal;insufficient_points,data/derived/qa_211_v1/period_qa.csv,detector_wide_day_to_day_drift,period_qa,,diagnostic_only; no_auto_accept; no_auto_split;single_day_segment_intentionally_accepted
211,211,1,12,3,117.191734,1.655681,0,accepted_single_day_segment,different_from_nominal;insufficient_points,data/derived/qa_211_v1/period_qa.csv,detector_wide_day_to_day_drift,period_qa,,diagnostic_only; no_auto_accept; no_auto_split;single_day_segment_intentionally_accepted
211,211,1,12,4,92.05648,1.321205,0,accepted_single_day_segment,different_from_nominal;insufficient_points,data/derived/qa_211_v1/period_qa.csv,detector_wide_day_to_day_drift,period_qa,,diagnostic_only; no_auto_accept; no_auto_split;single_day_segment_intentionally_accepted
211,211,1,12,5,94.538292,1.185199,0,accepted_single_day_segment,different_from_nominal;insufficient_points,data/derived/qa_211_v1/period_qa.csv,detector_wide_day_to_day_drift,period_qa,,diagnostic_only; no_auto_accept; no_auto_split;single_day_segment_intentionally_accepted
211,211,1,12,6,134.812714,0.546662,0,accepted_single_day_segment,insufficient_points,data/derived/qa_211_v1/period_qa.csv,detector_wide_day_to_day_drift,period_qa,,diagnostic_only; no_auto_accept; no_auto_split;single_day_segment_intentionally_accepted
211,211,1,12,7,132.715744,0.566232,0,accepted_single_day_segment,insufficient_points,data/derived/qa_211_v1/period_qa.csv,detector_wide_day_to_day_drift,period_qa,,diagnostic_only; no_auto_accept; no_auto_split;single_day_segment_intentionally_accepted
211,211,1,12,8,133.040756,0.545581,0,accepted_single_day_segment,insufficient_points,data/derived/qa_211_v1/period_qa.csv,detector_wide_day_to_day_drift,period_qa,,diagnostic_only; no_auto_accept; no_auto_split;single_day_segment_intentionally_accepted
211,211,1,12,9,133.166611,0.552476,0,accepted_single_day_segment,insufficient_points,data/derived/qa_211_v1/period_qa.csv,detector_wide_day_to_day_drift,period_qa,,diagnostic_only; no_auto_accept; no_auto_split;single_day_segment_intentionally_accepted
211,211,1,12,10,139.227402,0.626091,0,accepted_single_day_segment,insufficient_points,data/derived/qa_211_v1/period_qa.csv,detector_wide_day_to_day_drift,period_qa,,diagnostic_only; no_auto_accept; no_auto_split;single_day_segment_intentionally_accepted
211,211,1,12,11,136.948578,0.609407,0,accepted_single_day_segment,insufficient_points,data/derived/qa_211_v1/period_qa.csv,detector_wide_day_to_day_drift,period_qa,,diagnostic_only; no_auto_accept; no_auto_split;single_day_segment_intentionally_accepted
211,211,1,12,12,148.166367,0.698906,0,accepted_single_day_segment,insufficient_points,data/derived/qa_211_v1/period_qa.csv,detector_wide_day_to_day_drift,period_qa,,diagnostic_only; no_auto_accept; no_auto_split;single_day_segment_intentionally_accepted
211,211,1,12,13,130.161133,0.670281,0,accepted_single_day_segment,insufficient_points,data/derived/qa_211_v1/period_qa.csv,detector_wide_day_to_day_drift,period_qa,,diagnostic_only; no_auto_accept; no_auto_split;single_day_segment_intentionally_accepted
211,211,1,12,14,169.652069,0.977875,0,accepted_single_day_segment,different_from_nominal;insufficient_points,data/derived/qa_211_v1/period_qa.csv,detector_wide_day_to_day_drift,period_qa,,diagnostic_only; no_auto_accept; no_auto_split;single_day_segment_intentionally_accepted
211,211,1,12,15,174.536682,1.055635,0,accepted_single_day_segment,different_from_nominal;insufficient_points,data/derived/qa_211_v1/period_qa.csv,detector_wide_day_to_day_drift,period_qa,,diagnostic_only; no_auto_accept; no_auto_split;single_day_segment_intentionally_accepted
211,211,1,12,16,122.095634,0.592441,0,accepted_single_day_segment,insufficient_points,data/derived/qa_211_v1/period_qa.csv,detector_wide_day_to_day_drift,period_qa,,diagnostic_only; no_auto_accept; no_auto_split;single_day_segment_intentionally_accepted
211,211,1,12,17,123.706841,0.576282,0,accepted_single_day_segment,insufficient_points,data/derived/qa_211_v1/period_qa.csv,detector_wide_day_to_day_drift,period_qa,,diagnostic_only; no_auto_accept; no_auto_split;single_day_segment_intentionally_accepted
211,211,1,12,18,125.401161,0.63514,0,accepted_single_day_segment,insufficient_points,data/derived/qa_211_v1/period_qa.csv,detector_wide_day_to_day_drift,period_qa,,diagnostic_only; no_auto_accept; no_auto_split;single_day_segment_intentionally_accepted
211,211,1,12,19,124.8993,0.604277,0,accepted_single_day_segment,insufficient_points,data/derived/qa_211_v1/period_qa.csv,detector_wide_day_to_day_drift,period_qa,,diagnostic_only; no_auto_accept; no_auto_split;single_day_segment_intentionally_accepted
211,211,1,12,20,129.33194,0.680835,0,accepted_single_day_segment,insufficient_points,data/derived/qa_211_v1/period_qa.csv,detector_wide_day_to_day_drift,period_qa,,diagnostic_only; no_auto_accept; no_auto_split;single_day_segment_intentionally_accepted
211,211,1,12,21,126.84671,0.651183,0,accepted_single_day_segment,insufficient_points,data/derived/qa_211_v1/period_qa.csv,detector_wide_day_to_day_drift,period_qa,,diagnostic_only; no_auto_accept; no_auto_split;single_day_segment_intentionally_accepted
211,211,1,12,22,134.308121,0.680997,0,accepted_single_day_segment,insufficient_points,data/derived/qa_211_v1/period_qa.csv,detector_wide_day_to_day_drift,period_qa,,diagnostic_only; no_auto_accept; no_auto_split;single_day_segment_intentionally_accepted
211,211,1,12,23,123.794365,0.694271,0,accepted_single_day_segment,insufficient_points,data/derived/qa_211_v1/period_qa.csv,detector_wide_day_to_day_drift,period_qa,,diagnostic_only; no_auto_accept; no_auto_split;single_day_segment_intentionally_accepted
211,211,1,12,24,135.522293,0.68405,0,accepted_single_day_segment,insufficient_points,data/derived/qa_211_v1/period_qa.csv,detector_wide_day_to_day_drift,period_qa,,diagnostic_only; no_auto_accept; no_auto_split;single_day_segment_intentionally_accepted
211,211,1,12,25,137.690659,0.689026,0,accepted_single_day_segment,insufficient_points,data/derived/qa_211_v1/period_qa.csv,detector_wide_day_to_day_drift,period_qa,,diagnostic_only; no_auto_accept; no_auto_split;single_day_segment_intentionally_accepted
211,211,1,12,26,137.790131,0.786775,0,accepted_single_day_segment,insufficient_points,data/derived/qa_211_v1/period_qa.csv,detector_wide_day_to_day_drift,period_qa,,diagnostic_only; no_auto_accept; no_auto_split;single_day_segment_intentionally_accepted
211,211,1,12,27,137.369583,0.732893,0,accepted_single_day_segment,insufficient_points,data/derived/qa_211_v1/period_qa.csv,detector_wide_day_to_day_drift,period_qa,,diagnostic_only; no_auto_accept; no_auto_split;single_day_segment_intentionally_accepted
211,211,1,12,28,137.02066,0.817016,0,accepted_single_day_segment,insufficient_points,data/derived/qa_211_v1/period_qa.csv,detector_wide_day_to_day_drift,period_qa,,diagnostic_only; no_auto_accept; no_auto_split;single_day_segment_intentionally_accepted
211,211,1,12,29,136.812561,0.738406,0,accepted_single_day_segment,insufficient_points,data/derived/qa_211_v1/period_qa.csv,detector_wide_day_to_day_drift,period_qa,,diagnostic_only; no_auto_accept; no_auto_split;single_day_segment_intentionally_accepted
211,211,1,12,30,134.87645,0.637573,0,accepted_single_day_segment,insufficient_points,data/derived/qa_211_v1/period_qa.csv,detector_wide_day_to_day_drift,period_qa,,diagnostic_only; no_auto_accept; no_auto_split;single_day_segment_intentionally_accepted
211,211,1,12,31,134.185333,0.721866,0,accepted_single_day_segment,insufficient_points,data/derived/qa_211_v1/period_qa.csv,detector_wide_day_to_day_drift,period_qa,,diagnostic_only; no_auto_accept; no_auto_split;single_day_segment_intentionally_accepted
212,212,0,1,1,118.670677,1.17286,0,accepted_single_day_segment,different_from_nominal;insufficient_points,data/derived/qa_212_v1/period_qa.csv,detector_wide_day_to_day_drift,period_qa,,diagnostic_only; no_auto_accept; no_auto_split;single_day_segment_intentionally_accepted
212,212,0,1,2,128.258408,0.444891,0,accepted_single_day_segment,insufficient_points,data/derived/qa_212_v1/period_qa.csv,detector_wide_day_to_day_drift,period_qa,,diagnostic_only; no_auto_accept; no_auto_split;single_day_segment_intentionally_accepted
212,212,0,1,3,117.488533,0.971555,0,accepted_single_day_segment,different_from_nominal;insufficient_points,data/derived/qa_212_v1/period_qa.csv,detector_wide_day_to_day_drift,period_qa,,diagnostic_only; no_auto_accept; no_auto_split;single_day_segment_intentionally_accepted
212,212,0,1,4,130.724747,0.294427,0,accepted_single_day_segment,insufficient_points,data/derived/qa_212_v1/period_qa.csv,detector_wide_day_to_day_drift,period_qa,,diagnostic_only; no_auto_accept; no_auto_split;single_day_segment_intentionally_accepted
212,212,0,1,5,128.217026,0.458434,0,accepted_single_day_segment,insufficient_points,data/derived/qa_212_v1/period_qa.csv,detector_wide_day_to_day_drift,period_qa,,diagnostic_only; no_auto_accept; no_auto_split;single_day_segment_intentionally_accepted
212,212,0,1,6,127.434242,0.28701,0,accepted_single_day_segment,insufficient_points,data/derived/qa_212_v1/period_qa.csv,detector_wide_day_to_day_drift,period_qa,,diagnostic_only; no_auto_accept; no_auto_split;single_day_segment_intentionally_accepted
212,212,0,1,7,124.947411,0.356192,0,accepted_single_day_segment,insufficient_points,data/derived/qa_212_v1/period_qa.csv,detector_wide_day_to_day_drift,period_qa,,diagnostic_only; no_auto_accept; no_auto_split;single_day_segment_intentionally_accepted
212,212,0,1,8,126.49794,0.22686,0,accepted_single_day_segment,insufficient_points,data/derived/qa_212_v1/period_qa.csv,detector_wide_day_to_day_drift,period_qa,,diagnostic_only; no_auto_accept; no_auto_split;single_day_segment_intentionally_accepted
212,212,0,1,9,127.17466,0.248396,0,accepted_single_day_segment,insufficient_points,data/derived/qa_212_v1/period_qa.csv,detector_wide_day_to_day_drift,period_qa,,diagnostic_only; no_auto_accept; no_auto_split;single_day_segment_intentionally_accepted
212,212,0,1,10,133.486633,0.231775,0,accepted_single_day_segment,insufficient_points,data/derived/qa_212_v1/period_qa.csv,detector_wide_day_to_day_drift,period_qa,,diagnostic_only; no_auto_accept; no_auto_split;single_day_segment_intentionally_accepted
212,212,0,1,11,133.99675,0.274916,0,accepted_single_day_segment,insufficient_points,data/derived/qa_212_v1/period_qa.csv,detector_wide_day_to_day_drift,period_qa,,diagnostic_only; no_auto_accept; no_auto_split;single_day_segment_intentionally_accepted
212,212,0,1,12,134.850037,0.259066,0,accepted_single_day_segment,insufficient_points,data/derived/qa_212_v1/period_qa.csv,detector_wide_day_to_day_drift,period_qa,,diagnostic_only; no_auto_accept; no_auto_split;single_day_segment_intentionally_accepted
212,212,0,1,13,134.091629,0.265271,0,accepted_single_day_segment,insufficient_points,data/derived/qa_212_v1/period_qa.csv,detector_wide_day_to_day_drift,period_qa,,diagnostic_only; no_auto_accept; no_auto_split;single_day_segment_intentionally_accepted
212,212,0,1,14,134.821823,0.266808,0,accepted_single_day_segment,insufficient_points,data/derived/qa_212_v1/period_qa.csv,detector_wide_day_to_day_drift,period_qa,,diagnostic_only; no_auto_accept; no_auto_split;single_day_segment_intentionally_accepted
212,212,0,1,15,136.12793,0.277104,0,accepted_single_day_segment,insufficient_points,data/derived/qa_212_v1/period_qa.csv,detector_wide_day_to_day_drift,period_qa,,diagnostic_only; no_auto_accept; no_auto_split;single_day_segment_intentionally_accepted
212,212,0,1,16,131.527283,0.22049,0,accepted_single_day_segment,insufficient_points,data/derived/qa_212_v1/period_qa.csv,detector_wide_day_to_day_drift,period_qa,,diagnostic_only; no_auto_accept; no_auto_split;single_day_segment_intentionally_accepted
212,212,0,1,17,132.371353,0.248516,0,accepted_single_day_segment,insufficient_points,data/derived/qa_212_v1/period_qa.csv,detector_wide_day_to_day_drift,period_qa,,diagnostic_only; no_auto_accept; no_auto_split;single_day_segment_intentionally_accepted
212,212,0,1,18,134.408417,0.228266,0,accepted_single_day_segment,insufficient_points,data/derived/qa_212_v1/period_qa.csv,detector_wide_day_to_day_drift,period_qa,,diagnostic_only; no_auto_accept; no_auto_split;single_day_segment_intentionally_accepted
212,212,0,1,19,130.434875,0.226521,0,accepted_single_day_segment,insufficient_points,data/derived/qa_212_v1/period_qa.csv,detector_wide_day_to_day_drift,period_qa,,diagnostic_only; no_auto_accept; no_auto_split;single_day_segment_intentionally_accepted
212,212,0,1,20,132.80751,0.222886,0,accepted_single_day_segment,insufficient_points,data/derived/qa_212_v1/period_qa.csv,detector_wide_day_to_day_drift,period_qa,,diagnostic_only; no_auto_accept; no_auto_split;single_day_segment_intentionally_accepted
212,212,0,1,21,133.141846,0.241835,0,accepted_single_day_segment,insufficient_points,data/derived/qa_212_v1/period_qa.csv,detector_wide_day_to_day_drift,period_qa,,diagnostic_only; no_auto_accept; no_auto_split;single_day_segment_intentionally_accepted
212,212,0,1,22,132.6996,0.244742,0,accepted_single_day_segment,insufficient_points,data/derived/qa_212_v1/period_qa.csv,detector_wide_day_to_day_drift,period_qa,,diagnostic_only; no_auto_accept; no_auto_split;single_day_segment_intentionally_accepted
212,212,0,1,23,133.811478,0.239012,0,accepted_single_day_segment,insufficient_points,data/derived/qa_212_v1/period_qa.csv,detector_wide_day_to_day_drift,period_qa,,diagnostic_only; no_auto_accept; no_auto_split;single_day_segment_intentionally_accepted
212,212,0,1,24,133.160583,0.284561,0,accepted_single_day_segment,insufficient_points,data/derived/qa_212_v1/period_qa.csv,detector_wide_day_to_day_drift,period_qa,,diagnostic_only; no_auto_accept; no_auto_split;single_day_segment_intentionally_accepted
212,212,0,1,25,133.518143,0.285436,0,accepted_single_day_segment,insufficient_points,data/derived/qa_212_v1/period_qa.csv,detector_wide_day_to_day_drift,period_qa,,diagnostic_only; no_auto_accept; no_auto_split;single_day_segment_intentionally_accepted
212,212,0,1,26,134.035675,0.285085,0,accepted_single_day_segment,insufficient_points,data/derived/qa_212_v1/period_qa.csv,detector_wide_day_to_day_drift,period_qa,,diagnostic_only; no_auto_accept; no_auto_split;single_day_segment_intentionally_accepted
212,212,0,1,27,134.720581,0.243859,0,accepted_single_day_segment,insufficient_points,data/derived/qa_212_v1/period_qa.csv,detector_wide_day_to_day_drift,period_qa,,diagnostic_only; no_auto_accept; no_auto_split;single_day_segment_intentionally_accepted
212,212,0,1,28,135.232758,0.295008,0,accepted_single_day_segment,insufficient_points,data/derived/qa_212_v1/period_qa.csv,detector_wide_day_to_day_drift,period_qa,,diagnostic_only; no_auto_accept; no_auto_split;single_day_segment_intentionally_accepted
212,212,0,1,29,135.564804,0.313818,0,accepted_single_day_segment,insufficient_points,data/derived/qa_212_v1/period_qa.csv,detector_wide_day_to_day_drift,period_qa,,diagnostic_only; no_auto_accept; no_auto_split;single_day_segment_intentionally_accepted
212,212,0,1,30,132.18837,0.280638,0,accepted_single_day_segment,insufficient_points,data/derived/qa_212_v1/period_qa.csv,detector_wide_day_to_day_drift,period_qa,,diagnostic_only; no_auto_accept; no_auto_split;single_day_segment_intentionally_accepted
212,212,0,1,31,135.56131,0.329401,0,accepted_single_day_segment,insufficient_points,data/derived/qa_212_v1/period_qa.csv,detector_wide_day_to_day_drift,period_qa,,diagnostic_only; no_auto_accept; no_auto_split;single_day_segment_intentionally_accepted
212,212,0,2,1,137.218674,0.329461,0,accepted_single_day_segment,insufficient_points,data/derived/qa_212_v1/period_qa.csv,detector_wide_day_to_day_drift,period_qa,,diagnostic_only; no_auto_accept; no_auto_split;single_day_segment_intentionally_accepted
212,212,0,2,2,133.09346,0.262377,0,accepted_single_day_segment,insufficient_points,data/derived/qa_212_v1/period_qa.csv,detector_wide_day_to_day_drift,period_qa,,diagnostic_only; no_auto_accept; no_auto_split;single_day_segment_intentionally_accepted
212,212,0,2,3,133.862045,0.279743,0,accepted_single_day_segment,insufficient_points,data/derived/qa_212_v1/period_qa.csv,detector_wide_day_to_day_drift,period_qa,,diagnostic_only; no_auto_accept; no_auto_split;single_day_segment_intentionally_accepted
212,212,0,2,4,131.670578,0.239132,0,accepted_single_day_segment,insufficient_points,data/derived/qa_212_v1/period_qa.csv,detector_wide_day_to_day_drift,period_qa,,diagnostic_only; no_auto_accept; no_auto_split;single_day_segment_intentionally_accepted
212,212,0,2,5,132.6772,0.231796,0,accepted_single_day_segment,insufficient_points,data/derived/qa_212_v1/period_qa.csv,detector_wide_day_to_day_drift,period_qa,,diagnostic_only; no_auto_accept; no_auto_split;single_day_segment_intentionally_accepted
212,212,0,2,6,131.506851,0.212471,0,accepted_single_day_segment,insufficient_points,data/derived/qa_212_v1/period_qa.csv,detector_wide_day_to_day_drift,period_qa,,diagnostic_only; no_auto_accept; no_auto_split;single_day_segment_intentionally_accepted
212,212,0,2,7,131.313522,0.212232,0,accepted_single_day_segment,insufficient_points,data/derived/qa_212_v1/period_qa.csv,detector_wide_day_to_day_drift,period_qa,,diagnostic_only; no_auto_accept; no_auto_split;single_day_segment_intentionally_accepted
212,212,0,2,8,130.332886,0.191793,0,accepted_single_day_segment,insufficient_points,data/derived/qa_212_v1/period_qa.csv,detector_wide_day_to_day_drift,period_qa,,diagnostic_only; no_auto_accept; no_auto_split;single_day_segment_intentionally_accepted
212,212,0,2,9,130.996552,0.193156,0,accepted_single_day_segment,insufficient_points,data/derived/qa_212_v1/period_qa.csv,detector_wide_day_to_day_drift,period_qa,,diagnostic_only; no_auto_accept; no_auto_split;single_day_segment_intentionally_accepted
212,212,0,2,10,135.425125,0.228101,0,accepted_single_day_segment,insufficient_points,data/derived/qa_212_v1/period_qa.csv,detector_wide_day_to_day_drift,period_qa,,diagnostic_only; no_auto_accept; no_auto_split;single_day_segment_intentionally_accepted
212,212,0,2,11,138.36496,0.227526,0,accepted_single_day_segment,insufficient_points,data/derived/qa_212_v1/period_qa.csv,detector_wide_day_to_day_drift,period_qa,,diagnostic_only; no_auto_accept; no_auto_split;single_day_segment_intentionally_accepted
212,212,0,2,12,136.975845,0.226632,0,accepted_single_day_segment,insufficient_points,data/derived/qa_212_v1/period_qa.csv,detector_wide_day_to_day_drift,period_qa,,diagnostic_only; no_auto_accept; no_auto_split;single_day_segment_intentionally_accepted
212,212,0,2,13,137.345551,0.239541,0,accepted_single_day_segment,insufficient_points,data/derived/qa_212_v1/period_qa.csv,detector_wide_day_to_day_drift,period_qa,,diagnostic_only; no_auto_accept; no_auto_split;single_day_segment_intentionally_accepted
212,212,0,2,14,137.275391,0.22354,0,accepted_single_day_segment,insufficient_points,data/derived/qa_212_v1/period_qa.csv,detector_wide_day_to_day_drift,period_qa,,diagnostic_only; no_auto_accept; no_auto_split;single_day_segment_intentionally_accepted
212,212,0,2,15,137.532272,0.235934,0,accepted_single_day_segment,insufficient_points,data/derived/qa_212_v1/period_qa.csv,detector_wide_day_to_day_drift,period_qa,,diagnostic_only; no_auto_accept; no_auto_split;single_day_segment_intentionally_accepted
212,212,0,2,16,135.750702,0.22283,0,accepted_single_day_segment,insufficient_points,data/derived/qa_212_v1/period_qa.csv,detector_wide_day_to_day_drift,period_qa,,diagnostic_only; no_auto_accept; no_auto_split;single_day_segment_intentionally_accepted
212,212,0,2,17,137.121536,0.222431,0,accepted_single_day_segment,insufficient_points,data/derived/qa_212_v1/period_qa.csv,detector_wide_day_to_day_drift,period_qa,,diagnostic_only; no_auto_accept; no_auto_split;single_day_segment_intentionally_accepted
212,212,0,2,18,135.722092,0.228771,0,accepted_single_day_segment,insufficient_points,data/derived/qa_212_v1/period_qa.csv,detector_wide_day_to_day_drift,period_qa,,diagnostic_only; no_auto_accept; no_auto_split;single_day_segment_intentionally_accepted
212,212,0,2,19,134.623962,0.226827,0,accepted_single_day_segment,insufficient_points,data/derived/qa_212_v1/period_qa.csv,detector_wide_day_to_day_drift,period_qa,,diagnostic_only; no_auto_accept; no_auto_split;single_day_segment_intentionally_accepted
212,212,0,2,20,137.278595,0.225545,0,accepted_single_day_segment,insufficient_points,data/derived/qa_212_v1/period_qa.csv,detector_wide_day_to_day_drift,period_qa,,diagnostic_only; no_auto_accept; no_auto_split;single_day_segment_intentionally_accepted
212,212,0,2,21,135.690201,0.229332,0,accepted_single_day_segment,insufficient_points,data/derived/qa_212_v1/period_qa.csv,detector_wide_day_to_day_drift,period_qa,,diagnostic_only; no_auto_accept; no_auto_split;single_day_segment_intentionally_accepted
212,212,0,2,22,136.965881,0.226093,0,accepted_single_day_segment,insufficient_points,data/derived/qa_212_v1/period_qa.csv,detector_wide_day_to_day_drift,period_qa,,diagnostic_only; no_auto_accept; no_auto_split;single_day_segment_intentionally_accepted
212,212,0,2,23,136.492249,0.242992,0,accepted_single_day_segment,insufficient_points,data/derived/qa_212_v1/period_qa.csv,detector_wide_day_to_day_drift,period_qa,,diagnostic_only; no_auto_accept; no_auto_split;single_day_segment_intentionally_accepted
212,212,0,2,24,137.895996,0.241432,0,accepted_single_day_segment,insufficient_points,data/derived/qa_212_v1/period_qa.csv,detector_wide_day_to_day_drift,period_qa,,diagnostic_only; no_auto_accept; no_auto_split;single_day_segment_intentionally_accepted
212,212,0,2,25,135.031052,0.235177,0,accepted_single_day_segment,insufficient_points,data/derived/qa_212_v1/period_qa.csv,detector_wide_day_to_day_drift,period_qa,,diagnostic_only; no_auto_accept; no_auto_split;single_day_segment_intentionally_accepted
212,212,0,2,26,140.1418,0.244073,0,accepted_single_day_segment,insufficient_points,data/derived/qa_212_v1/period_qa.csv,detector_wide_day_to_day_drift,period_qa,,diagnostic_only; no_auto_accept; no_auto_split;single_day_segment_intentionally_accepted
212,212,0,2,27,136.277359,0.240116,0,accepted_single_day_segment,insufficient_points,data/derived/qa_212_v1/period_qa.csv,detector_wide_day_to_day_drift,period_qa,,diagnostic_only; no_auto_accept; no_auto_split;single_day_segment_intentionally_accepted
212,212,0,2,28,137.64888,0.256979,0,accepted_single_day_segment,insufficient_points,data/derived/qa_212_v1/period_qa.csv,detector_wide_day_to_day_drift,period_qa,,diagnostic_only; no_auto_accept; no_auto_split;single_day_segment_intentionally_accepted
212,212,0,2,29,135.124039,0.269037,0,accepted_single_day_segment,insufficient_points,data/derived/qa_212_v1/period_qa.csv,detector_wide_day_to_day_drift,period_qa,,diagnostic_only; no_auto_accept; no_auto_split;single_day_segment_intentionally_accepted
212,212,0,2,30,136.817108,0.257143,0,accepted_single_day_segment,insufficient_points,data/derived/qa_212_v1/period_qa.csv,detector_wide_day_to_day_drift,period_qa,,diagnostic_only; no_auto_accept; no_auto_split;single_day_segment_intentionally_accepted
212,212,0,2,31,135.553894,0.281029,0,accepted_single_day_segment,insufficient_points,data/derived/qa_212_v1/period_qa.csv,detector_wide_day_to_day_drift,period_qa,,diagnostic_only; no_auto_accept; no_auto_split;single_day_segment_intentionally_accepted
212,212,0,3,1,134.925171,0.387532,0,accepted_single_day_segment,insufficient_points,data/derived/qa_212_v1/period_qa.csv,detector_wide_day_to_day_drift,period_qa,,diagnostic_only; no_auto_accept; no_auto_split;single_day_segment_intentionally_accepted
212,212,0,3,2,132.05304,0.322878,0,accepted_single_day_segment,insufficient_points,data/derived/qa_212_v1/period_qa.csv,detector_wide_day_to_day_drift,period_qa,,diagnostic_only; no_auto_accept; no_auto_split;single_day_segment_intentionally_accepted
212,212,0,3,3,131.516586,0.337171,0,accepted_single_day_segment,insufficient_points,data/derived/qa_212_v1/period_qa.csv,detector_wide_day_to_day_drift,period_qa,,diagnostic_only; no_auto_accept; no_auto_split;single_day_segment_intentionally_accepted
212,212,0,3,4,132.931747,0.234564,0,accepted_single_day_segment,insufficient_points,data/derived/qa_212_v1/period_qa.csv,detector_wide_day_to_day_drift,period_qa,,diagnostic_only; no_auto_accept; no_auto_split;single_day_segment_intentionally_accepted
212,212,0,3,5,131.488739,0.21538,0,accepted_single_day_segment,insufficient_points,data/derived/qa_212_v1/period_qa.csv,detector_wide_day_to_day_drift,period_qa,,diagnostic_only; no_auto_accept; no_auto_split;single_day_segment_intentionally_accepted
212,212,0,3,6,132.268677,0.209623,0,accepted_single_day_segment,insufficient_points,data/derived/qa_212_v1/period_qa.csv,detector_wide_day_to_day_drift,period_qa,,diagnostic_only; no_auto_accept; no_auto_split;single_day_segment_intentionally_accepted
212,212,0,3,7,129.498367,0.20713,0,accepted_single_day_segment,insufficient_points,data/derived/qa_212_v1/period_qa.csv,detector_wide_day_to_day_drift,period_qa,,diagnostic_only; no_auto_accept; no_auto_split;single_day_segment_intentionally_accepted
212,212,0,3,8,130.494171,0.210264,0,accepted_single_day_segment,insufficient_points,data/derived/qa_212_v1/period_qa.csv,detector_wide_day_to_day_drift,period_qa,,diagnostic_only; no_auto_accept; no_auto_split;single_day_segment_intentionally_accepted
212,212,0,3,9,131.104874,0.204629,0,accepted_single_day_segment,insufficient_points,data/derived/qa_212_v1/period_qa.csv,detector_wide_day_to_day_drift,period_qa,,diagnostic_only; no_auto_accept; no_auto_split;single_day_segment_intentionally_accepted
212,212,0,3,10,137.131088,0.232097,0,accepted_single_day_segment,insufficient_points,data/derived/qa_212_v1/period_qa.csv,detector_wide_day_to_day_drift,period_qa,,diagnostic_only; no_auto_accept; no_auto_split;single_day_segment_intentionally_accepted
212,212,0,3,11,138.953094,0.231859,0,accepted_single_day_segment,insufficient_points,data/derived/qa_212_v1/period_qa.csv,detector_wide_day_to_day_drift,period_qa,,diagnostic_only; no_auto_accept; no_auto_split;single_day_segment_intentionally_accepted
212,212,0,3,12,136.892685,0.223816,0,accepted_single_day_segment,insufficient_points,data/derived/qa_212_v1/period_qa.csv,detector_wide_day_to_day_drift,period_qa,,diagnostic_only; no_auto_accept; no_auto_split;single_day_segment_intentionally_accepted
212,212,0,3,13,136.052872,0.232996,0,accepted_single_day_segment,insufficient_points,data/derived/qa_212_v1/period_qa.csv,detector_wide_day_to_day_drift,period_qa,,diagnostic_only; no_auto_accept; no_auto_split;single_day_segment_intentionally_accepted
212,212,0,3,14,136.905365,0.222048,0,accepted_single_day_segment,insufficient_points,data/derived/qa_212_v1/period_qa.csv,detector_wide_day_to_day_drift,period_qa,,diagnostic_only; no_auto_accept; no_auto_split;single_day_segment_intentionally_accepted
212,212,0,3,15,136.315948,0.227656,0,accepted_single_day_segment,insufficient_points,data/derived/qa_212_v1/period_qa.csv,detector_wide_day_to_day_drift,period_qa,,diagnostic_only; no_auto_accept; no_auto_split;single_day_segment_intentionally_accepted
212,212,0,3,16,137.859314,0.225138,0,accepted_single_day_segment,insufficient_points,data/derived/qa_212_v1/period_qa.csv,detector_wide_day_to_day_drift,period_qa,,diagnostic_only; no_auto_accept; no_auto_split;single_day_segment_intentionally_accepted
212,212,0,3,17,138.917313,0.224672,0,accepted_single_day_segment,insufficient_points,data/derived/qa_212_v1/period_qa.csv,detector_wide_day_to_day_drift,period_qa,,diagnostic_only; no_auto_accept; no_auto_split;single_day_segment_intentionally_accepted
212,212,0,3,18,137.500351,0.233795,0,accepted_single_day_segment,insufficient_points,data/derived/qa_212_v1/period_qa.csv,detector_wide_day_to_day_drift,period_qa,,diagnostic_only; no_auto_accept; no_auto_split;single_day_segment_intentionally_accepted
212,212,0,3,19,137.265961,0.232606,0,accepted_single_day_segment,insufficient_points,data/derived/qa_212_v1/period_qa.csv,detector_wide_day_to_day_drift,period_qa,,diagnostic_only; no_auto_accept; no_auto_split;single_day_segment_intentionally_accepted
212,212,0,3,20,133.546021,0.228207,0,accepted_single_day_segment,insufficient_points,data/derived/qa_212_v1/period_qa.csv,detector_wide_day_to_day_drift,period_qa,,diagnostic_only; no_auto_accept; no_auto_split;single_day_segment_intentionally_accepted
212,212,0,3,21,136.220276,0.229681,0,accepted_single_day_segment,insufficient_points,data/derived/qa_212_v1/period_qa.csv,detector_wide_day_to_day_drift,period_qa,,diagnostic_only; no_auto_accept; no_auto_split;single_day_segment_intentionally_accepted
212,212,0,3,22,138.30986,0.244671,0,accepted_single_day_segment,insufficient_points,data/derived/qa_212_v1/period_qa.csv,detector_wide_day_to_day_drift,period_qa,,diagnostic_only; no_auto_accept; no_auto_split;single_day_segment_intentionally_accepted
212,212,0,3,23,137.022888,0.227033,0,accepted_single_day_segment,insufficient_points,data/derived/qa_212_v1/period_qa.csv,detector_wide_day_to_day_drift,period_qa,,diagnostic_only; no_auto_accept; no_auto_split;single_day_segment_intentionally_accepted
212,212,0,3,24,137.151459,0.256662,0,accepted_single_day_segment,insufficient_points,data/derived/qa_212_v1/period_qa.csv,detector_wide_day_to_day_drift,period_qa,,diagnostic_only; no_auto_accept; no_auto_split;single_day_segment_intentionally_accepted
212,212,0,3,25,137.991486,0.263208,0,accepted_single_day_segment,insufficient_points,data/derived/qa_212_v1/period_qa.csv,detector_wide_day_to_day_drift,period_qa,,diagnostic_only; no_auto_accept; no_auto_split;single_day_segment_intentionally_accepted
212,212,0,3,26,137.58844,0.249661,0,accepted_single_day_segment,insufficient_points,data/derived/qa_212_v1/period_qa.csv,detector_wide_day_to_day_drift,period_qa,,diagnostic_only; no_auto_accept; no_auto_split;single_day_segment_intentionally_accepted
212,212,0,3,27,139.718399,0.269187,0,accepted_single_day_segment,insufficient_points,data/derived/qa_212_v1/period_qa.csv,detector_wide_day_to_day_drift,period_qa,,diagnostic_only; no_auto_accept; no_auto_split;single_day_segment_intentionally_accepted
212,212,0,3,28,138.382492,0.295506,0,accepted_single_day_segment,insufficient_points,data/derived/qa_212_v1/period_qa.csv,detector_wide_day_to_day_drift,period_qa,,diagnostic_only; no_auto_accept; no_auto_split;single_day_segment_intentionally_accepted
212,212,0,3,29,135.622253,0.277322,0,accepted_single_day_segment,insufficient_points,data/derived/qa_212_v1/period_qa.csv,detector_wide_day_to_day_drift,period_qa,,diagnostic_only; no_auto_accept; no_auto_split;single_day_segment_intentionally_accepted
212,212,0,3,30,136.55632,0.29082,0,accepted_single_day_segment,insufficient_points,data/derived/qa_212_v1/period_qa.csv,detector_wide_day_to_day_drift,period_qa,,diagnostic_only; no_auto_accept; no_auto_split;single_day_segment_intentionally_accepted
212,212,0,3,31,136.393585,0.279852,0,accepted_single_day_segment,insufficient_points,data/derived/qa_212_v1/period_qa.csv,detector_wide_day_to_day_drift,period_qa,,diagnostic_only; no_auto_accept; no_auto_split;single_day_segment_intentionally_accepted
212,212,0,4,1,138.401581,0.281676,0,accepted_single_day_segment,insufficient_points,data/derived/qa_212_v1/period_qa.csv,detector_wide_day_to_day_drift,period_qa,,diagnostic_only; no_auto_accept; no_auto_split;single_day_segment_intentionally_accepted
212,212,0,4,2,131.66658,0.263386,0,accepted_single_day_segment,insufficient_points,data/derived/qa_212_v1/period_qa.csv,detector_wide_day_to_day_drift,period_qa,,diagnostic_only; no_auto_accept; no_auto_split;single_day_segment_intentionally_accepted
212,212,0,4,3,132.737656,0.251307,0,accepted_single_day_segment,insufficient_points,data/derived/qa_212_v1/period_qa.csv,detector_wide_day_to_day_drift,period_qa,,diagnostic_only; no_auto_accept; no_auto_split;single_day_segment_intentionally_accepted
212,212,0,4,4,131.427048,0.257414,0,accepted_single_day_segment,insufficient_points,data/derived/qa_212_v1/period_qa.csv,detector_wide_day_to_day_drift,period_qa,,diagnostic_only; no_auto_accept; no_auto_split;single_day_segment_intentionally_accepted
212,212,0,4,5,133.888596,0.213113,0,accepted_single_day_segment,insufficient_points,data/derived/qa_212_v1/period_qa.csv,detector_wide_day_to_day_drift,period_qa,,diagnostic_only; no_auto_accept; no_auto_split;single_day_segment_intentionally_accepted
212,212,0,4,6,132.067596,0.225406,0,accepted_single_day_segment,insufficient_points,data/derived/qa_212_v1/period_qa.csv,detector_wide_day_to_day_drift,period_qa,,diagnostic_only; no_auto_accept; no_auto_split;single_day_segment_intentionally_accepted
212,212,0,4,7,133.564255,0.199689,0,accepted_single_day_segment,insufficient_points,data/derived/qa_212_v1/period_qa.csv,detector_wide_day_to_day_drift,period_qa,,diagnostic_only; no_auto_accept; no_auto_split;single_day_segment_intentionally_accepted
212,212,0,4,8,132.655746,0.19732,0,accepted_single_day_segment,insufficient_points,data/derived/qa_212_v1/period_qa.csv,detector_wide_day_to_day_drift,period_qa,,diagnostic_only; no_auto_accept; no_auto_split;single_day_segment_intentionally_accepted
212,212,0,4,9,130.26944,0.181591,0,accepted_single_day_segment,insufficient_points,data/derived/qa_212_v1/period_qa.csv,detector_wide_day_to_day_drift,period_qa,,diagnostic_only; no_auto_accept; no_auto_split;single_day_segment_intentionally_accepted
212,212,0,4,10,136.927368,0.219061,0,accepted_single_day_segment,insufficient_points,data/derived/qa_212_v1/period_qa.csv,detector_wide_day_to_day_drift,period_qa,,diagnostic_only; no_auto_accept; no_auto_split;single_day_segment_intentionally_accepted
212,212,0,4,11,139.207916,0.212266,0,accepted_single_day_segment,insufficient_points,data/derived/qa_212_v1/period_qa.csv,detector_wide_day_to_day_drift,period_qa,,diagnostic_only; no_auto_accept; no_auto_split;single_day_segment_intentionally_accepted
212,212,0,4,12,138.883636,0.243873,0,accepted_single_day_segment,insufficient_points,data/derived/qa_212_v1/period_qa.csv,detector_wide_day_to_day_drift,period_qa,,diagnostic_only; no_auto_accept; no_auto_split;single_day_segment_intentionally_accepted
212,212,0,4,13,136.82251,0.235323,0,accepted_single_day_segment,insufficient_points,data/derived/qa_212_v1/period_qa.csv,detector_wide_day_to_day_drift,period_qa,,diagnostic_only; no_auto_accept; no_auto_split;single_day_segment_intentionally_accepted
212,212,0,4,14,140.416351,0.253165,0,accepted_single_day_segment,insufficient_points,data/derived/qa_212_v1/period_qa.csv,detector_wide_day_to_day_drift,period_qa,,diagnostic_only; no_auto_accept; no_auto_split;single_day_segment_intentionally_accepted
212,212,0,4,15,137.219894,0.226304,0,accepted_single_day_segment,insufficient_points,data/derived/qa_212_v1/period_qa.csv,detector_wide_day_to_day_drift,period_qa,,diagnostic_only; no_auto_accept; no_auto_split;single_day_segment_intentionally_accepted
212,212,0,4,16,138.046585,0.217587,0,accepted_single_day_segment,insufficient_points,data/derived/qa_212_v1/period_qa.csv,detector_wide_day_to_day_drift,period_qa,,diagnostic_only; no_auto_accept; no_auto_split;single_day_segment_intentionally_accepted
212,212,0,4,17,136.180908,0.210988,0,accepted_single_day_segment,insufficient_points,data/derived/qa_212_v1/period_qa.csv,detector_wide_day_to_day_drift,period_qa,,diagnostic_only; no_auto_accept; no_auto_split;single_day_segment_intentionally_accepted
212,212,0,4,18,137.445343,0.213185,0,accepted_single_day_segment,insufficient_points,data/derived/qa_212_v1/period_qa.csv,detector_wide_day_to_day_drift,period_qa,,diagnostic_only; no_auto_accept; no_auto_split;single_day_segment_intentionally_accepted
212,212,0,4,19,137.212296,0.213559,0,accepted_single_day_segment,insufficient_points,data/derived/qa_212_v1/period_qa.csv,detector_wide_day_to_day_drift,period_qa,,diagnostic_only; no_auto_accept; no_auto_split;single_day_segment_intentionally_accepted
212,212,0,4,20,135.431183,0.211175,0,accepted_single_day_segment,insufficient_points,data/derived/qa_212_v1/period_qa.csv,detector_wide_day_to_day_drift,period_qa,,diagnostic_only; no_auto_accept; no_auto_split;single_day_segment_intentionally_accepted
212,212,0,4,21,135.204117,0.226263,0,accepted_single_day_segment,insufficient_points,data/derived/qa_212_v1/period_qa.csv,detector_wide_day_to_day_drift,period_qa,,diagnostic_only; no_auto_accept; no_auto_split;single_day_segment_intentionally_accepted
212,212,0,4,22,137.704681,0.227437,0,accepted_single_day_segment,insufficient_points,data/derived/qa_212_v1/period_qa.csv,detector_wide_day_to_day_drift,period_qa,,diagnostic_only; no_auto_accept; no_auto_split;single_day_segment_intentionally_accepted
212,212,0,4,23,135.650467,0.213013,0,accepted_single_day_segment,insufficient_points,data/derived/qa_212_v1/period_qa.csv,detector_wide_day_to_day_drift,period_qa,,diagnostic_only; no_auto_accept; no_auto_split;single_day_segment_intentionally_accepted
212,212,0,4,24,138.595779,0.221387,0,accepted_single_day_segment,insufficient_points,data/derived/qa_212_v1/period_qa.csv,detector_wide_day_to_day_drift,period_qa,,diagnostic_only; no_auto_accept; no_auto_split;single_day_segment_intentionally_accepted
212,212,0,4,25,134.358017,0.20781,0,accepted_single_day_segment,insufficient_points,data/derived/qa_212_v1/period_qa.csv,detector_wide_day_to_day_drift,period_qa,,diagnostic_only; no_auto_accept; no_auto_split;single_day_segment_intentionally_accepted
212,212,0,4,26,136.489014,0.223819,0,accepted_single_day_segment,insufficient_points,data/derived/qa_212_v1/period_qa.csv,detector_wide_day_to_day_drift,period_qa,,diagnostic_only; no_auto_accept; no_auto_split;single_day_segment_intentionally_accepted
212,212,0,4,27,134.171829,0.204045,0,accepted_single_day_segment,insufficient_points,data/derived/qa_212_v1/period_qa.csv,detector_wide_day_to_day_drift,period_qa,,diagnostic_only; no_auto_accept; no_auto_split;single_day_segment_intentionally_accepted
212,212,0,4,28,136.79361,0.248674,0,accepted_single_day_segment,insufficient_points,data/derived/qa_212_v1/period_qa.csv,detector_wide_day_to_day_drift,period_qa,,diagnostic_only; no_auto_accept; no_auto_split;single_day_segment_intentionally_accepted
212,212,0,4,29,135.696304,0.241322,0,accepted_single_day_segment,insufficient_points,data/derived/qa_212_v1/period_qa.csv,detector_wide_day_to_day_drift,period_qa,,diagnostic_only; no_auto_accept; no_auto_split;single_day_segment_intentionally_accepted
212,212,0,4,30,135.694748,0.255092,0,accepted_single_day_segment,insufficient_points,data/derived/qa_212_v1/period_qa.csv,detector_wide_day_to_day_drift,period_qa,,diagnostic_only; no_auto_accept; no_auto_split;single_day_segment_intentionally_accepted
212,212,0,4,31,134.298874,0.24757,0,accepted_single_day_segment,insufficient_points,data/derived/qa_212_v1/period_qa.csv,detector_wide_day_to_day_drift,period_qa,,diagnostic_only; no_auto_accept; no_auto_split;single_day_segment_intentionally_accepted
212,212,0,5,1,132.932007,0.336558,0,accepted_single_day_segment,insufficient_points,data/derived/qa_212_v1/period_qa.csv,detector_wide_day_to_day_drift,period_qa,,diagnostic_only; no_auto_accept; no_auto_split;single_day_segment_intentionally_accepted
212,212,0,5,2,135.182709,0.25687,0,accepted_single_day_segment,insufficient_points,data/derived/qa_212_v1/period_qa.csv,detector_wide_day_to_day_drift,period_qa,,diagnostic_only; no_auto_accept; no_auto_split;single_day_segment_intentionally_accepted
212,212,0,5,3,133.107681,0.281382,0,accepted_single_day_segment,insufficient_points,data/derived/qa_212_v1/period_qa.csv,detector_wide_day_to_day_drift,period_qa,,diagnostic_only; no_auto_accept; no_auto_split;single_day_segment_intentionally_accepted
212,212,0,5,4,133.857147,0.246665,0,accepted_single_day_segment,insufficient_points,data/derived/qa_212_v1/period_qa.csv,detector_wide_day_to_day_drift,period_qa,,diagnostic_only; no_auto_accept; no_auto_split;single_day_segment_intentionally_accepted
212,212,0,5,5,131.244781,0.24453,0,accepted_single_day_segment,insufficient_points,data/derived/qa_212_v1/period_qa.csv,detector_wide_day_to_day_drift,period_qa,,diagnostic_only; no_auto_accept; no_auto_split;single_day_segment_intentionally_accepted
212,212,0,5,6,132.760635,0.243358,0,accepted_single_day_segment,insufficient_points,data/derived/qa_212_v1/period_qa.csv,detector_wide_day_to_day_drift,period_qa,,diagnostic_only; no_auto_accept; no_auto_split;single_day_segment_intentionally_accepted
212,212,0,5,7,130.243927,0.240106,0,accepted_single_day_segment,insufficient_points,data/derived/qa_212_v1/period_qa.csv,detector_wide_day_to_day_drift,period_qa,,diagnostic_only; no_auto_accept; no_auto_split;single_day_segment_intentionally_accepted
212,212,0,5,8,131.145325,0.219666,0,accepted_single_day_segment,insufficient_points,data/derived/qa_212_v1/period_qa.csv,detector_wide_day_to_day_drift,period_qa,,diagnostic_only; no_auto_accept; no_auto_split;single_day_segment_intentionally_accepted
212,212,0,5,9,131.082565,0.223096,0,accepted_single_day_segment,insufficient_points,data/derived/qa_212_v1/period_qa.csv,detector_wide_day_to_day_drift,period_qa,,diagnostic_only; no_auto_accept; no_auto_split;single_day_segment_intentionally_accepted
212,212,0,5,10,156.457962,0.302627,0,accepted_single_day_segment,different_from_nominal;insufficient_points,data/derived/qa_212_v1/period_qa.csv,detector_wide_day_to_day_drift,period_qa,,diagnostic_only; no_auto_accept; no_auto_split;single_day_segment_intentionally_accepted
212,212,0,5,11,162.36348,0.362668,0,accepted_single_day_segment,different_from_nominal;insufficient_points,data/derived/qa_212_v1/period_qa.csv,detector_wide_day_to_day_drift,period_qa,,diagnostic_only; no_auto_accept; no_auto_split;single_day_segment_intentionally_accepted
212,212,0,5,12,162.785461,0.321465,0,accepted_single_day_segment,different_from_nominal;insufficient_points,data/derived/qa_212_v1/period_qa.csv,detector_wide_day_to_day_drift,period_qa,,diagnostic_only; no_auto_accept; no_auto_split;single_day_segment_intentionally_accepted
212,212,0,5,13,160.351944,0.349577,0,accepted_single_day_segment,different_from_nominal;insufficient_points,data/derived/qa_212_v1/period_qa.csv,detector_wide_day_to_day_drift,period_qa,,diagnostic_only; no_auto_accept; no_auto_split;single_day_segment_intentionally_accepted
212,212,0,5,14,146.027802,0.257304,0,accepted_single_day_segment,insufficient_points,data/derived/qa_212_v1/period_qa.csv,detector_wide_day_to_day_drift,period_qa,,diagnostic_only; no_auto_accept; no_auto_split;single_day_segment_intentionally_accepted
212,212,0,5,15,161.902298,0.3644,0,accepted_single_day_segment,different_from_nominal;insufficient_points,data/derived/qa_212_v1/period_qa.csv,detector_wide_day_to_day_drift,period_qa,,diagnostic_only; no_auto_accept; no_auto_split;single_day_segment_intentionally_accepted
212,212,0,5,16,132.884506,0.219907,0,accepted_single_day_segment,insufficient_points,data/derived/qa_212_v1/period_qa.csv,detector_wide_day_to_day_drift,period_qa,,diagnostic_only; no_auto_accept; no_auto_split;single_day_segment_intentionally_accepted
212,212,0,5,17,137.168304,0.25474,0,accepted_single_day_segment,insufficient_points,data/derived/qa_212_v1/period_qa.csv,detector_wide_day_to_day_drift,period_qa,,diagnostic_only; no_auto_accept; no_auto_split;single_day_segment_intentionally_accepted
212,212,0,5,18,134.612747,0.233879,0,accepted_single_day_segment,insufficient_points,data/derived/qa_212_v1/period_qa.csv,detector_wide_day_to_day_drift,period_qa,,diagnostic_only; no_auto_accept; no_auto_split;single_day_segment_intentionally_accepted
212,212,0,5,19,133.27771,0.224971,0,accepted_single_day_segment,insufficient_points,data/derived/qa_212_v1/period_qa.csv,detector_wide_day_to_day_drift,period_qa,,diagnostic_only; no_auto_accept; no_auto_split;single_day_segment_intentionally_accepted
212,212,0,5,20,134.062988,0.217943,0,accepted_single_day_segment,insufficient_points,data/derived/qa_212_v1/period_qa.csv,detector_wide_day_to_day_drift,period_qa,,diagnostic_only; no_auto_accept; no_auto_split;single_day_segment_intentionally_accepted
212,212,0,5,21,136.847961,0.251671,0,accepted_single_day_segment,insufficient_points,data/derived/qa_212_v1/period_qa.csv,detector_wide_day_to_day_drift,period_qa,,diagnostic_only; no_auto_accept; no_auto_split;single_day_segment_intentionally_accepted
212,212,0,5,22,136.249924,0.229717,0,accepted_single_day_segment,insufficient_points,data/derived/qa_212_v1/period_qa.csv,detector_wide_day_to_day_drift,period_qa,,diagnostic_only; no_auto_accept; no_auto_split;single_day_segment_intentionally_accepted
212,212,0,5,23,135.191238,0.240631,0,accepted_single_day_segment,insufficient_points,data/derived/qa_212_v1/period_qa.csv,detector_wide_day_to_day_drift,period_qa,,diagnostic_only; no_auto_accept; no_auto_split;single_day_segment_intentionally_accepted
212,212,0,5,24,136.551666,0.236009,0,accepted_single_day_segment,insufficient_points,data/derived/qa_212_v1/period_qa.csv,detector_wide_day_to_day_drift,period_qa,,diagnostic_only; no_auto_accept; no_auto_split;single_day_segment_intentionally_accepted
212,212,0,5,25,134.47403,0.281634,0,accepted_single_day_segment,insufficient_points,data/derived/qa_212_v1/period_qa.csv,detector_wide_day_to_day_drift,period_qa,,diagnostic_only; no_auto_accept; no_auto_split;single_day_segment_intentionally_accepted
212,212,0,5,26,135.017395,0.243334,0,accepted_single_day_segment,insufficient_points,data/derived/qa_212_v1/period_qa.csv,detector_wide_day_to_day_drift,period_qa,,diagnostic_only; no_auto_accept; no_auto_split;single_day_segment_intentionally_accepted
212,212,0,5,27,134.168121,0.263835,0,accepted_single_day_segment,insufficient_points,data/derived/qa_212_v1/period_qa.csv,detector_wide_day_to_day_drift,period_qa,,diagnostic_only; no_auto_accept; no_auto_split;single_day_segment_intentionally_accepted
212,212,0,5,28,134.519287,0.265215,0,accepted_single_day_segment,insufficient_points,data/derived/qa_212_v1/period_qa.csv,detector_wide_day_to_day_drift,period_qa,,diagnostic_only; no_auto_accept; no_auto_split;single_day_segment_intentionally_accepted
212,212,0,5,29,132.21286,0.25866,0,accepted_single_day_segment,insufficient_points,data/derived/qa_212_v1/period_qa.csv,detector_wide_day_to_day_drift,period_qa,,diagnostic_only; no_auto_accept; no_auto_split;single_day_segment_intentionally_accepted
212,212,0,5,30,135.275848,0.250657,0,accepted_single_day_segment,insufficient_points,data/derived/qa_212_v1/period_qa.csv,detector_wide_day_to_day_drift,period_qa,,diagnostic_only; no_auto_accept; no_auto_split;single_day_segment_intentionally_accepted
212,212,0,5,31,135.37175,0.259779,0,accepted_single_day_segment,insufficient_points,data/derived/qa_212_v1/period_qa.csv,detector_wide_day_to_day_drift,period_qa,,diagnostic_only; no_auto_accept; no_auto_split;single_day_segment_intentionally_accepted
212,212,0,6,1,132.41748,0.550956,0,accepted_single_day_segment,insufficient_points,data/derived/qa_212_v1/period_qa.csv,detector_wide_day_to_day_drift,period_qa,,diagnostic_only; no_auto_accept; no_auto_split;single_day_segment_intentionally_accepted
212,212,0,6,2,127.747986,0.585153,0,accepted_single_day_segment,insufficient_points,data/derived/qa_212_v1/period_qa.csv,detector_wide_day_to_day_drift,period_qa,,diagnostic_only; no_auto_accept; no_auto_split;single_day_segment_intentionally_accepted
212,212,0,6,3,129.858017,0.463571,0,accepted_single_day_segment,insufficient_points,data/derived/qa_212_v1/period_qa.csv,detector_wide_day_to_day_drift,period_qa,,diagnostic_only; no_auto_accept; no_auto_split;single_day_segment_intentionally_accepted
212,212,0,6,4,134.110031,0.31876,0,accepted_single_day_segment,insufficient_points,data/derived/qa_212_v1/period_qa.csv,detector_wide_day_to_day_drift,period_qa,,diagnostic_only; no_auto_accept; no_auto_split;single_day_segment_intentionally_accepted
212,212,0,6,5,129.990417,0.372722,0,accepted_single_day_segment,insufficient_points,data/derived/qa_212_v1/period_qa.csv,detector_wide_day_to_day_drift,period_qa,,diagnostic_only; no_auto_accept; no_auto_split;single_day_segment_intentionally_accepted
212,212,0,6,6,132.354828,0.282997,0,accepted_single_day_segment,insufficient_points,data/derived/qa_212_v1/period_qa.csv,detector_wide_day_to_day_drift,period_qa,,diagnostic_only; no_auto_accept; no_auto_split;single_day_segment_intentionally_accepted
212,212,0,6,7,133.63205,0.265032,0,accepted_single_day_segment,insufficient_points,data/derived/qa_212_v1/period_qa.csv,detector_wide_day_to_day_drift,period_qa,,diagnostic_only; no_auto_accept; no_auto_split;single_day_segment_intentionally_accepted
212,212,0,6,8,131.695023,0.203725,0,accepted_single_day_segment,insufficient_points,data/derived/qa_212_v1/period_qa.csv,detector_wide_day_to_day_drift,period_qa,,diagnostic_only; no_auto_accept; no_auto_split;single_day_segment_intentionally_accepted
212,212,0,6,9,131.159027,0.236407,0,accepted_single_day_segment,insufficient_points,data/derived/qa_212_v1/period_qa.csv,detector_wide_day_to_day_drift,period_qa,,diagnostic_only; no_auto_accept; no_auto_split;single_day_segment_intentionally_accepted
212,212,0,6,10,160.036636,0.340395,0,accepted_single_day_segment,different_from_nominal;insufficient_points,data/derived/qa_212_v1/period_qa.csv,detector_wide_day_to_day_drift,period_qa,,diagnostic_only; no_auto_accept; no_auto_split;single_day_segment_intentionally_accepted
212,212,0,6,11,164.749527,0.321079,0,accepted_single_day_segment,different_from_nominal;insufficient_points,data/derived/qa_212_v1/period_qa.csv,detector_wide_day_to_day_drift,period_qa,,diagnostic_only; no_auto_accept; no_auto_split;single_day_segment_intentionally_accepted
212,212,0,6,12,,,,raw_input_unavailable,insufficient_points,data/derived/qa_212_v1/period_qa.csv,,none,,No usable raw daily observation; no carry-forward.
212,212,0,6,13,,,,raw_input_unavailable,insufficient_points,data/derived/qa_212_v1/period_qa.csv,,none,,No usable raw daily observation; no carry-forward.
212,212,0,6,14,,,,raw_input_unavailable,insufficient_points,data/derived/qa_212_v1/period_qa.csv,,none,,No usable raw daily observation; no carry-forward.
212,212,0,6,15,,,,raw_input_unavailable,insufficient_points,data/derived/qa_212_v1/period_qa.csv,,none,,No usable raw daily observation; no carry-forward.
212,212,0,6,16,137.129623,0.232664,0,accepted_single_day_segment,insufficient_points,data/derived/qa_212_v1/period_qa.csv,detector_wide_day_to_day_drift,period_qa,,diagnostic_only; no_auto_accept; no_auto_split;single_day_segment_intentionally_accepted
212,212,0,6,17,136.766388,0.246072,0,accepted_single_day_segment,insufficient_points,data/derived/qa_212_v1/period_qa.csv,detector_wide_day_to_day_drift,period_qa,,diagnostic_only; no_auto_accept; no_auto_split;single_day_segment_intentionally_accepted
212,212,0,6,18,136.39325,0.24083,0,accepted_single_day_segment,insufficient_points,data/derived/qa_212_v1/period_qa.csv,detector_wide_day_to_day_drift,period_qa,,diagnostic_only; no_auto_accept; no_auto_split;single_day_segment_intentionally_accepted
212,212,0,6,19,134.323654,0.240707,0,accepted_single_day_segment,insufficient_points,data/derived/qa_212_v1/period_qa.csv,detector_wide_day_to_day_drift,period_qa,,diagnostic_only; no_auto_accept; no_auto_split;single_day_segment_intentionally_accepted
212,212,0,6,20,137.831635,0.230269,0,accepted_single_day_segment,insufficient_points,data/derived/qa_212_v1/period_qa.csv,detector_wide_day_to_day_drift,period_qa,,diagnostic_only; no_auto_accept; no_auto_split;single_day_segment_intentionally_accepted
212,212,0,6,21,135.936172,0.254557,0,accepted_single_day_segment,insufficient_points,data/derived/qa_212_v1/period_qa.csv,detector_wide_day_to_day_drift,period_qa,,diagnostic_only; no_auto_accept; no_auto_split;single_day_segment_intentionally_accepted
212,212,0,6,22,140.31131,0.236577,0,accepted_single_day_segment,insufficient_points,data/derived/qa_212_v1/period_qa.csv,detector_wide_day_to_day_drift,period_qa,,diagnostic_only; no_auto_accept; no_auto_split;single_day_segment_intentionally_accepted
212,212,0,6,23,135.875,0.224116,0,accepted_single_day_segment,insufficient_points,data/derived/qa_212_v1/period_qa.csv,detector_wide_day_to_day_drift,period_qa,,diagnostic_only; no_auto_accept; no_auto_split;single_day_segment_intentionally_accepted
212,212,0,6,24,135.608109,0.246024,0,accepted_single_day_segment,insufficient_points,data/derived/qa_212_v1/period_qa.csv,detector_wide_day_to_day_drift,period_qa,,diagnostic_only; no_auto_accept; no_auto_split;single_day_segment_intentionally_accepted
212,212,0,6,25,134.851166,0.266275,0,accepted_single_day_segment,insufficient_points,data/derived/qa_212_v1/period_qa.csv,detector_wide_day_to_day_drift,period_qa,,diagnostic_only; no_auto_accept; no_auto_split;single_day_segment_intentionally_accepted
212,212,0,6,26,134.126297,0.246712,0,accepted_single_day_segment,insufficient_points,data/derived/qa_212_v1/period_qa.csv,detector_wide_day_to_day_drift,period_qa,,diagnostic_only; no_auto_accept; no_auto_split;single_day_segment_intentionally_accepted
212,212,0,6,27,133.814743,0.276126,0,accepted_single_day_segment,insufficient_points,data/derived/qa_212_v1/period_qa.csv,detector_wide_day_to_day_drift,period_qa,,diagnostic_only; no_auto_accept; no_auto_split;single_day_segment_intentionally_accepted
212,212,0,6,28,136.958908,0.263344,0,accepted_single_day_segment,insufficient_points,data/derived/qa_212_v1/period_qa.csv,detector_wide_day_to_day_drift,period_qa,,diagnostic_only; no_auto_accept; no_auto_split;single_day_segment_intentionally_accepted
212,212,0,6,29,134.009155,0.28234,0,accepted_single_day_segment,insufficient_points,data/derived/qa_212_v1/period_qa.csv,detector_wide_day_to_day_drift,period_qa,,diagnostic_only; no_auto_accept; no_auto_split;single_day_segment_intentionally_accepted
212,212,0,6,30,133.563309,0.288895,0,accepted_single_day_segment,insufficient_points,data/derived/qa_212_v1/period_qa.csv,detector_wide_day_to_day_drift,period_qa,,diagnostic_only; no_auto_accept; no_auto_split;single_day_segment_intentionally_accepted
212,212,0,6,31,134.536407,0.27469,0,accepted_single_day_segment,insufficient_points,data/derived/qa_212_v1/period_qa.csv,detector_wide_day_to_day_drift,period_qa,,diagnostic_only; no_auto_accept; no_auto_split;single_day_segment_intentionally_accepted
212,212,0,7,1,132.453873,0.406118,0,accepted_single_day_segment,insufficient_points,data/derived/qa_212_v1/period_qa.csv,detector_wide_day_to_day_drift,period_qa,,diagnostic_only; no_auto_accept; no_auto_split;single_day_segment_intentionally_accepted
212,212,0,7,2,131.604034,0.359454,0,accepted_single_day_segment,insufficient_points,data/derived/qa_212_v1/period_qa.csv,detector_wide_day_to_day_drift,period_qa,,diagnostic_only; no_auto_accept; no_auto_split;single_day_segment_intentionally_accepted
212,212,0,7,3,132.390167,0.354272,0,accepted_single_day_segment,insufficient_points,data/derived/qa_212_v1/period_qa.csv,detector_wide_day_to_day_drift,period_qa,,diagnostic_only; no_auto_accept; no_auto_split;single_day_segment_intentionally_accepted
212,212,0,7,4,131.514191,0.284244,0,accepted_single_day_segment,insufficient_points,data/derived/qa_212_v1/period_qa.csv,detector_wide_day_to_day_drift,period_qa,,diagnostic_only; no_auto_accept; no_auto_split;single_day_segment_intentionally_accepted
212,212,0,7,5,132.352448,0.265223,0,accepted_single_day_segment,insufficient_points,data/derived/qa_212_v1/period_qa.csv,detector_wide_day_to_day_drift,period_qa,,diagnostic_only; no_auto_accept; no_auto_split;single_day_segment_intentionally_accepted
212,212,0,7,6,130.969681,0.270349,0,accepted_single_day_segment,insufficient_points,data/derived/qa_212_v1/period_qa.csv,detector_wide_day_to_day_drift,period_qa,,diagnostic_only; no_auto_accept; no_auto_split;single_day_segment_intentionally_accepted
212,212,0,7,7,130.986435,0.258158,0,accepted_single_day_segment,insufficient_points,data/derived/qa_212_v1/period_qa.csv,detector_wide_day_to_day_drift,period_qa,,diagnostic_only; no_auto_accept; no_auto_split;single_day_segment_intentionally_accepted
212,212,0,7,8,132.676636,0.226825,0,accepted_single_day_segment,insufficient_points,data/derived/qa_212_v1/period_qa.csv,detector_wide_day_to_day_drift,period_qa,,diagnostic_only; no_auto_accept; no_auto_split;single_day_segment_intentionally_accepted
212,212,0,7,9,129.633774,0.216619,0,accepted_single_day_segment,insufficient_points,data/derived/qa_212_v1/period_qa.csv,detector_wide_day_to_day_drift,period_qa,,diagnostic_only; no_auto_accept; no_auto_split;single_day_segment_intentionally_accepted
212,212,0,7,10,,,,raw_input_unavailable,insufficient_points,data/derived/qa_212_v1/period_qa.csv,,none,,No usable raw daily observation; no carry-forward.
212,212,0,7,11,,,,raw_input_unavailable,insufficient_points,data/derived/qa_212_v1/period_qa.csv,,none,,No usable raw daily observation; no carry-forward.
212,212,0,7,12,,,,raw_input_unavailable,insufficient_points,data/derived/qa_212_v1/period_qa.csv,,none,,No usable raw daily observation; no carry-forward.
212,212,0,7,13,,,,raw_input_unavailable,insufficient_points,data/derived/qa_212_v1/period_qa.csv,,none,,No usable raw daily observation; no carry-forward.
212,212,0,7,14,,,,raw_input_unavailable,insufficient_points,data/derived/qa_212_v1/period_qa.csv,,none,,No usable raw daily observation; no carry-forward.
212,212,0,7,15,,,,raw_input_unavailable,insufficient_points,data/derived/qa_212_v1/period_qa.csv,,none,,No usable raw daily observation; no carry-forward.
212,212,0,7,16,137.247238,0.22908,0,accepted_single_day_segment,insufficient_points,data/derived/qa_212_v1/period_qa.csv,detector_wide_day_to_day_drift,period_qa,,diagnostic_only; no_auto_accept; no_auto_split;single_day_segment_intentionally_accepted
212,212,0,7,17,136.862305,0.238208,0,accepted_single_day_segment,insufficient_points,data/derived/qa_212_v1/period_qa.csv,detector_wide_day_to_day_drift,period_qa,,diagnostic_only; no_auto_accept; no_auto_split;single_day_segment_intentionally_accepted
212,212,0,7,18,137.23848,0.251835,0,accepted_single_day_segment,insufficient_points,data/derived/qa_212_v1/period_qa.csv,detector_wide_day_to_day_drift,period_qa,,diagnostic_only; no_auto_accept; no_auto_split;single_day_segment_intentionally_accepted
212,212,0,7,19,135.369965,0.227525,0,accepted_single_day_segment,insufficient_points,data/derived/qa_212_v1/period_qa.csv,detector_wide_day_to_day_drift,period_qa,,diagnostic_only; no_auto_accept; no_auto_split;single_day_segment_intentionally_accepted
212,212,0,7,20,136.343369,0.2421,0,accepted_single_day_segment,insufficient_points,data/derived/qa_212_v1/period_qa.csv,detector_wide_day_to_day_drift,period_qa,,diagnostic_only; no_auto_accept; no_auto_split;single_day_segment_intentionally_accepted
212,212,0,7,21,137.253571,0.269913,0,accepted_single_day_segment,insufficient_points,data/derived/qa_212_v1/period_qa.csv,detector_wide_day_to_day_drift,period_qa,,diagnostic_only; no_auto_accept; no_auto_split;single_day_segment_intentionally_accepted
212,212,0,7,22,137.688965,0.239544,0,accepted_single_day_segment,insufficient_points,data/derived/qa_212_v1/period_qa.csv,detector_wide_day_to_day_drift,period_qa,,diagnostic_only; no_auto_accept; no_auto_split;single_day_segment_intentionally_accepted
212,212,0,7,23,136.725967,0.258094,0,accepted_single_day_segment,insufficient_points,data/derived/qa_212_v1/period_qa.csv,detector_wide_day_to_day_drift,period_qa,,diagnostic_only; no_auto_accept; no_auto_split;single_day_segment_intentionally_accepted
212,212,0,7,24,134.924866,0.238116,0,accepted_single_day_segment,insufficient_points,data/derived/qa_212_v1/period_qa.csv,detector_wide_day_to_day_drift,period_qa,,diagnostic_only; no_auto_accept; no_auto_split;single_day_segment_intentionally_accepted
212,212,0,7,25,133.04277,0.233569,0,accepted_single_day_segment,insufficient_points,data/derived/qa_212_v1/period_qa.csv,detector_wide_day_to_day_drift,period_qa,,diagnostic_only; no_auto_accept; no_auto_split;single_day_segment_intentionally_accepted
212,212,0,7,26,135.760666,0.233883,0,accepted_single_day_segment,insufficient_points,data/derived/qa_212_v1/period_qa.csv,detector_wide_day_to_day_drift,period_qa,,diagnostic_only; no_auto_accept; no_auto_split;single_day_segment_intentionally_accepted
212,212,0,7,27,135.916183,0.263856,0,accepted_single_day_segment,insufficient_points,data/derived/qa_212_v1/period_qa.csv,detector_wide_day_to_day_drift,period_qa,,diagnostic_only; no_auto_accept; no_auto_split;single_day_segment_intentionally_accepted
212,212,0,7,28,136.931549,0.251998,0,accepted_single_day_segment,insufficient_points,data/derived/qa_212_v1/period_qa.csv,detector_wide_day_to_day_drift,period_qa,,diagnostic_only; no_auto_accept; no_auto_split;single_day_segment_intentionally_accepted
212,212,0,7,29,136.702011,0.281074,0,accepted_single_day_segment,insufficient_points,data/derived/qa_212_v1/period_qa.csv,detector_wide_day_to_day_drift,period_qa,,diagnostic_only; no_auto_accept; no_auto_split;single_day_segment_intentionally_accepted
212,212,0,7,30,137.73317,0.2732,0,accepted_single_day_segment,insufficient_points,data/derived/qa_212_v1/period_qa.csv,detector_wide_day_to_day_drift,period_qa,,diagnostic_only; no_auto_accept; no_auto_split;single_day_segment_intentionally_accepted
212,212,0,7,31,132.833984,0.310053,0,accepted_single_day_segment,insufficient_points,data/derived/qa_212_v1/period_qa.csv,detector_wide_day_to_day_drift,period_qa,,diagnostic_only; no_auto_accept; no_auto_split;single_day_segment_intentionally_accepted
212,212,0,8,1,135.631897,0.314595,0,accepted_single_day_segment,insufficient_points,data/derived/qa_212_v1/period_qa.csv,detector_wide_day_to_day_drift,period_qa,,diagnostic_only; no_auto_accept; no_auto_split;single_day_segment_intentionally_accepted
212,212,0,8,2,133.621231,0.357677,0,accepted_single_day_segment,insufficient_points,data/derived/qa_212_v1/period_qa.csv,detector_wide_day_to_day_drift,period_qa,,diagnostic_only; no_auto_accept; no_auto_split;single_day_segment_intentionally_accepted
212,212,0,8,3,134.997528,0.302013,0,accepted_single_day_segment,insufficient_points,data/derived/qa_212_v1/period_qa.csv,detector_wide_day_to_day_drift,period_qa,,diagnostic_only; no_auto_accept; no_auto_split;single_day_segment_intentionally_accepted
212,212,0,8,4,132.042679,0.259582,0,accepted_single_day_segment,insufficient_points,data/derived/qa_212_v1/period_qa.csv,detector_wide_day_to_day_drift,period_qa,,diagnostic_only; no_auto_accept; no_auto_split;single_day_segment_intentionally_accepted
212,212,0,8,5,132.80098,0.273724,0,accepted_single_day_segment,insufficient_points,data/derived/qa_212_v1/period_qa.csv,detector_wide_day_to_day_drift,period_qa,,diagnostic_only; no_auto_accept; no_auto_split;single_day_segment_intentionally_accepted
212,212,0,8,6,130.96553,0.237009,0,accepted_single_day_segment,insufficient_points,data/derived/qa_212_v1/period_qa.csv,detector_wide_day_to_day_drift,period_qa,,diagnostic_only; no_auto_accept; no_auto_split;single_day_segment_intentionally_accepted
212,212,0,8,7,134.476974,0.242097,0,accepted_single_day_segment,insufficient_points,data/derived/qa_212_v1/period_qa.csv,detector_wide_day_to_day_drift,period_qa,,diagnostic_only; no_auto_accept; no_auto_split;single_day_segment_intentionally_accepted
212,212,0,8,8,131.518265,0.205689,0,accepted_single_day_segment,insufficient_points,data/derived/qa_212_v1/period_qa.csv,detector_wide_day_to_day_drift,period_qa,,diagnostic_only; no_auto_accept; no_auto_split;single_day_segment_intentionally_accepted
212,212,0,8,9,131.908371,0.211097,0,accepted_single_day_segment,insufficient_points,data/derived/qa_212_v1/period_qa.csv,detector_wide_day_to_day_drift,period_qa,,diagnostic_only; no_auto_accept; no_auto_split;single_day_segment_intentionally_accepted
212,212,0,8,10,,,,raw_input_unavailable,insufficient_points,data/derived/qa_212_v1/period_qa.csv,,none,,No usable raw daily observation; no carry-forward.
212,212,0,8,11,,,,raw_input_unavailable,insufficient_points,data/derived/qa_212_v1/period_qa.csv,,none,,No usable raw daily observation; no carry-forward.
212,212,0,8,12,,,,raw_input_unavailable,insufficient_points,data/derived/qa_212_v1/period_qa.csv,,none,,No usable raw daily observation; no carry-forward.
212,212,0,8,13,,,,raw_input_unavailable,insufficient_points,data/derived/qa_212_v1/period_qa.csv,,none,,No usable raw daily observation; no carry-forward.
212,212,0,8,14,,,,raw_input_unavailable,insufficient_points,data/derived/qa_212_v1/period_qa.csv,,none,,No usable raw daily observation; no carry-forward.
212,212,0,8,15,,,,raw_input_unavailable,insufficient_points,data/derived/qa_212_v1/period_qa.csv,,none,,No usable raw daily observation; no carry-forward.
212,212,0,8,16,141.413422,0.24799,0,accepted_single_day_segment,insufficient_points,data/derived/qa_212_v1/period_qa.csv,detector_wide_day_to_day_drift,period_qa,,diagnostic_only; no_auto_accept; no_auto_split;single_day_segment_intentionally_accepted
212,212,0,8,17,137.500534,0.240378,0,accepted_single_day_segment,insufficient_points,data/derived/qa_212_v1/period_qa.csv,detector_wide_day_to_day_drift,period_qa,,diagnostic_only; no_auto_accept; no_auto_split;single_day_segment_intentionally_accepted
212,212,0,8,18,138.393723,0.253507,0,accepted_single_day_segment,insufficient_points,data/derived/qa_212_v1/period_qa.csv,detector_wide_day_to_day_drift,period_qa,,diagnostic_only; no_auto_accept; no_auto_split;single_day_segment_intentionally_accepted
212,212,0,8,19,136.519272,0.245752,0,accepted_single_day_segment,insufficient_points,data/derived/qa_212_v1/period_qa.csv,detector_wide_day_to_day_drift,period_qa,,diagnostic_only; no_auto_accept; no_auto_split;single_day_segment_intentionally_accepted
212,212,0,8,20,138.508087,0.247342,0,accepted_single_day_segment,insufficient_points,data/derived/qa_212_v1/period_qa.csv,detector_wide_day_to_day_drift,period_qa,,diagnostic_only; no_auto_accept; no_auto_split;single_day_segment_intentionally_accepted
212,212,0,8,21,137.118103,0.24855,0,accepted_single_day_segment,insufficient_points,data/derived/qa_212_v1/period_qa.csv,detector_wide_day_to_day_drift,period_qa,,diagnostic_only; no_auto_accept; no_auto_split;single_day_segment_intentionally_accepted
212,212,0,8,22,140.485138,0.259762,0,accepted_single_day_segment,insufficient_points,data/derived/qa_212_v1/period_qa.csv,detector_wide_day_to_day_drift,period_qa,,diagnostic_only; no_auto_accept; no_auto_split;single_day_segment_intentionally_accepted
212,212,0,8,23,136.852066,0.242221,0,accepted_single_day_segment,insufficient_points,data/derived/qa_212_v1/period_qa.csv,detector_wide_day_to_day_drift,period_qa,,diagnostic_only; no_auto_accept; no_auto_split;single_day_segment_intentionally_accepted
212,212,0,8,24,136.323151,0.239839,0,accepted_single_day_segment,insufficient_points,data/derived/qa_212_v1/period_qa.csv,detector_wide_day_to_day_drift,period_qa,,diagnostic_only; no_auto_accept; no_auto_split;single_day_segment_intentionally_accepted
212,212,0,8,25,135.285736,0.242737,0,accepted_single_day_segment,insufficient_points,data/derived/qa_212_v1/period_qa.csv,detector_wide_day_to_day_drift,period_qa,,diagnostic_only; no_auto_accept; no_auto_split;single_day_segment_intentionally_accepted
212,212,0,8,26,135.799927,0.244537,0,accepted_single_day_segment,insufficient_points,data/derived/qa_212_v1/period_qa.csv,detector_wide_day_to_day_drift,period_qa,,diagnostic_only; no_auto_accept; no_auto_split;single_day_segment_intentionally_accepted
212,212,0,8,27,134.833588,0.241162,0,accepted_single_day_segment,insufficient_points,data/derived/qa_212_v1/period_qa.csv,detector_wide_day_to_day_drift,period_qa,,diagnostic_only; no_auto_accept; no_auto_split;single_day_segment_intentionally_accepted
212,212,0,8,28,134.781281,0.247242,0,accepted_single_day_segment,insufficient_points,data/derived/qa_212_v1/period_qa.csv,detector_wide_day_to_day_drift,period_qa,,diagnostic_only; no_auto_accept; no_auto_split;single_day_segment_intentionally_accepted
212,212,0,8,29,135.327454,0.249162,0,accepted_single_day_segment,insufficient_points,data/derived/qa_212_v1/period_qa.csv,detector_wide_day_to_day_drift,period_qa,,diagnostic_only; no_auto_accept; no_auto_split;single_day_segment_intentionally_accepted
212,212,0,8,30,136.065552,0.264605,0,accepted_single_day_segment,insufficient_points,data/derived/qa_212_v1/period_qa.csv,detector_wide_day_to_day_drift,period_qa,,diagnostic_only; no_auto_accept; no_auto_split;single_day_segment_intentionally_accepted
212,212,0,8,31,133.262726,0.248061,0,accepted_single_day_segment,insufficient_points,data/derived/qa_212_v1/period_qa.csv,detector_wide_day_to_day_drift,period_qa,,diagnostic_only; no_auto_accept; no_auto_split;single_day_segment_intentionally_accepted
212,212,0,9,1,136.626587,0.334668,0,accepted_single_day_segment,insufficient_points,data/derived/qa_212_v1/period_qa.csv,detector_wide_day_to_day_drift,period_qa,,diagnostic_only; no_auto_accept; no_auto_split;single_day_segment_intentionally_accepted
212,212,0,9,2,134.957703,0.324894,0,accepted_single_day_segment,insufficient_points,data/derived/qa_212_v1/period_qa.csv,detector_wide_day_to_day_drift,period_qa,,diagnostic_only; no_auto_accept; no_auto_split;single_day_segment_intentionally_accepted
212,212,0,9,3,134.285706,0.303181,0,accepted_single_day_segment,insufficient_points,data/derived/qa_212_v1/period_qa.csv,detector_wide_day_to_day_drift,period_qa,,diagnostic_only; no_auto_accept; no_auto_split;single_day_segment_intentionally_accepted
212,212,0,9,4,133.42131,0.260621,0,accepted_single_day_segment,insufficient_points,data/derived/qa_212_v1/period_qa.csv,detector_wide_day_to_day_drift,period_qa,,diagnostic_only; no_auto_accept; no_auto_split;single_day_segment_intentionally_accepted
212,212,0,9,5,134.497589,0.279827,0,accepted_single_day_segment,insufficient_points,data/derived/qa_212_v1/period_qa.csv,detector_wide_day_to_day_drift,period_qa,,diagnostic_only; no_auto_accept; no_auto_split;single_day_segment_intentionally_accepted
212,212,0,9,6,131.319748,0.26802,0,accepted_single_day_segment,insufficient_points,data/derived/qa_212_v1/period_qa.csv,detector_wide_day_to_day_drift,period_qa,,diagnostic_only; no_auto_accept; no_auto_split;single_day_segment_intentionally_accepted
212,212,0,9,7,133.551788,0.244671,0,accepted_single_day_segment,insufficient_points,data/derived/qa_212_v1/period_qa.csv,detector_wide_day_to_day_drift,period_qa,,diagnostic_only; no_auto_accept; no_auto_split;single_day_segment_intentionally_accepted
212,212,0,9,8,130.105179,0.229825,0,accepted_single_day_segment,insufficient_points,data/derived/qa_212_v1/period_qa.csv,detector_wide_day_to_day_drift,period_qa,,diagnostic_only; no_auto_accept; no_auto_split;single_day_segment_intentionally_accepted
212,212,0,9,9,133.160202,0.219169,0,accepted_single_day_segment,insufficient_points,data/derived/qa_212_v1/period_qa.csv,detector_wide_day_to_day_drift,period_qa,,diagnostic_only; no_auto_accept; no_auto_split;single_day_segment_intentionally_accepted
212,212,0,9,10,,,,raw_input_unavailable,insufficient_points,data/derived/qa_212_v1/period_qa.csv,,none,,No usable raw daily observation; no carry-forward.
212,212,0,9,11,,,,raw_input_unavailable,insufficient_points,data/derived/qa_212_v1/period_qa.csv,,none,,No usable raw daily observation; no carry-forward.
212,212,0,9,12,,,,raw_input_unavailable,insufficient_points,data/derived/qa_212_v1/period_qa.csv,,none,,No usable raw daily observation; no carry-forward.
212,212,0,9,13,,,,raw_input_unavailable,insufficient_points,data/derived/qa_212_v1/period_qa.csv,,none,,No usable raw daily observation; no carry-forward.
212,212,0,9,14,,,,raw_input_unavailable,insufficient_points,data/derived/qa_212_v1/period_qa.csv,,none,,No usable raw daily observation; no carry-forward.
212,212,0,9,15,,,,raw_input_unavailable,insufficient_points,data/derived/qa_212_v1/period_qa.csv,,none,,No usable raw daily observation; no carry-forward.
212,212,0,9,16,137.77095,0.236304,0,accepted_single_day_segment,insufficient_points,data/derived/qa_212_v1/period_qa.csv,detector_wide_day_to_day_drift,period_qa,,diagnostic_only; no_auto_accept; no_auto_split;single_day_segment_intentionally_accepted
212,212,0,9,17,138.220627,0.249179,0,accepted_single_day_segment,insufficient_points,data/derived/qa_212_v1/period_qa.csv,detector_wide_day_to_day_drift,period_qa,,diagnostic_only; no_auto_accept; no_auto_split;single_day_segment_intentionally_accepted
212,212,0,9,18,138.949158,0.241114,0,accepted_single_day_segment,insufficient_points,data/derived/qa_212_v1/period_qa.csv,detector_wide_day_to_day_drift,period_qa,,diagnostic_only; no_auto_accept; no_auto_split;single_day_segment_intentionally_accepted
212,212,0,9,19,136.480988,0.253002,0,accepted_single_day_segment,insufficient_points,data/derived/qa_212_v1/period_qa.csv,detector_wide_day_to_day_drift,period_qa,,diagnostic_only; no_auto_accept; no_auto_split;single_day_segment_intentionally_accepted
212,212,0,9,20,138.359116,0.24947,0,accepted_single_day_segment,insufficient_points,data/derived/qa_212_v1/period_qa.csv,detector_wide_day_to_day_drift,period_qa,,diagnostic_only; no_auto_accept; no_auto_split;single_day_segment_intentionally_accepted
212,212,0,9,21,140.802139,0.240811,0,accepted_single_day_segment,insufficient_points,data/derived/qa_212_v1/period_qa.csv,detector_wide_day_to_day_drift,period_qa,,diagnostic_only; no_auto_accept; no_auto_split;single_day_segment_intentionally_accepted
212,212,0,9,22,140.631454,0.253521,0,accepted_single_day_segment,insufficient_points,data/derived/qa_212_v1/period_qa.csv,detector_wide_day_to_day_drift,period_qa,,diagnostic_only; no_auto_accept; no_auto_split;single_day_segment_intentionally_accepted
212,212,0,9,23,138.0784,0.261353,0,accepted_single_day_segment,insufficient_points,data/derived/qa_212_v1/period_qa.csv,detector_wide_day_to_day_drift,period_qa,,diagnostic_only; no_auto_accept; no_auto_split;single_day_segment_intentionally_accepted
212,212,0,9,24,135.129471,0.226787,0,accepted_single_day_segment,insufficient_points,data/derived/qa_212_v1/period_qa.csv,detector_wide_day_to_day_drift,period_qa,,diagnostic_only; no_auto_accept; no_auto_split;single_day_segment_intentionally_accepted
212,212,0,9,25,134.175278,0.254199,0,accepted_single_day_segment,insufficient_points,data/derived/qa_212_v1/period_qa.csv,detector_wide_day_to_day_drift,period_qa,,diagnostic_only; no_auto_accept; no_auto_split;single_day_segment_intentionally_accepted
212,212,0,9,26,136.116852,0.236808,0,accepted_single_day_segment,insufficient_points,data/derived/qa_212_v1/period_qa.csv,detector_wide_day_to_day_drift,period_qa,,diagnostic_only; no_auto_accept; no_auto_split;single_day_segment_intentionally_accepted
212,212,0,9,27,136.738815,0.25276,0,accepted_single_day_segment,insufficient_points,data/derived/qa_212_v1/period_qa.csv,detector_wide_day_to_day_drift,period_qa,,diagnostic_only; no_auto_accept; no_auto_split;single_day_segment_intentionally_accepted
212,212,0,9,28,136.401962,0.276806,0,accepted_single_day_segment,insufficient_points,data/derived/qa_212_v1/period_qa.csv,detector_wide_day_to_day_drift,period_qa,,diagnostic_only; no_auto_accept; no_auto_split;single_day_segment_intentionally_accepted
212,212,0,9,29,135.152985,0.250063,0,accepted_single_day_segment,insufficient_points,data/derived/qa_212_v1/period_qa.csv,detector_wide_day_to_day_drift,period_qa,,diagnostic_only; no_auto_accept; no_auto_split;single_day_segment_intentionally_accepted
212,212,0,9,30,138.98085,0.257403,0,accepted_single_day_segment,insufficient_points,data/derived/qa_212_v1/period_qa.csv,detector_wide_day_to_day_drift,period_qa,,diagnostic_only; no_auto_accept; no_auto_split;single_day_segment_intentionally_accepted
212,212,0,9,31,135.506989,0.274422,0,accepted_single_day_segment,insufficient_points,data/derived/qa_212_v1/period_qa.csv,detector_wide_day_to_day_drift,period_qa,,diagnostic_only; no_auto_accept; no_auto_split;single_day_segment_intentionally_accepted
212,212,0,10,1,133.805405,0.33102,0,accepted_single_day_segment,insufficient_points,data/derived/qa_212_v1/period_qa.csv,detector_wide_day_to_day_drift,period_qa,,diagnostic_only; no_auto_accept; no_auto_split;single_day_segment_intentionally_accepted
212,212,0,10,2,134.242889,0.2694,0,accepted_single_day_segment,insufficient_points,data/derived/qa_212_v1/period_qa.csv,detector_wide_day_to_day_drift,period_qa,,diagnostic_only; no_auto_accept; no_auto_split;single_day_segment_intentionally_accepted
212,212,0,10,3,134.297928,0.379064,0,accepted_single_day_segment,insufficient_points,data/derived/qa_212_v1/period_qa.csv,detector_wide_day_to_day_drift,period_qa,,diagnostic_only; no_auto_accept; no_auto_split;single_day_segment_intentionally_accepted
212,212,0,10,4,131.993835,0.240406,0,accepted_single_day_segment,insufficient_points,data/derived/qa_212_v1/period_qa.csv,detector_wide_day_to_day_drift,period_qa,,diagnostic_only; no_auto_accept; no_auto_split;single_day_segment_intentionally_accepted
212,212,0,10,5,130.766449,0.229624,0,accepted_single_day_segment,insufficient_points,data/derived/qa_212_v1/period_qa.csv,detector_wide_day_to_day_drift,period_qa,,diagnostic_only; no_auto_accept; no_auto_split;single_day_segment_intentionally_accepted
212,212,0,10,6,132.042114,0.232355,0,accepted_single_day_segment,insufficient_points,data/derived/qa_212_v1/period_qa.csv,detector_wide_day_to_day_drift,period_qa,,diagnostic_only; no_auto_accept; no_auto_split;single_day_segment_intentionally_accepted
212,212,0,10,7,132.599274,0.226363,0,accepted_single_day_segment,insufficient_points,data/derived/qa_212_v1/period_qa.csv,detector_wide_day_to_day_drift,period_qa,,diagnostic_only; no_auto_accept; no_auto_split;single_day_segment_intentionally_accepted
212,212,0,10,8,134.467346,0.211477,0,accepted_single_day_segment,insufficient_points,data/derived/qa_212_v1/period_qa.csv,detector_wide_day_to_day_drift,period_qa,,diagnostic_only; no_auto_accept; no_auto_split;single_day_segment_intentionally_accepted
212,212,0,10,9,135.083755,0.199915,0,accepted_single_day_segment,insufficient_points,data/derived/qa_212_v1/period_qa.csv,detector_wide_day_to_day_drift,period_qa,,diagnostic_only; no_auto_accept; no_auto_split;single_day_segment_intentionally_accepted
212,212,0,10,10,,,,raw_input_unavailable,insufficient_points,data/derived/qa_212_v1/period_qa.csv,,none,,No usable raw daily observation; no carry-forward.
212,212,0,10,11,,,,raw_input_unavailable,insufficient_points,data/derived/qa_212_v1/period_qa.csv,,none,,No usable raw daily observation; no carry-forward.
212,212,0,10,12,,,,raw_input_unavailable,insufficient_points,data/derived/qa_212_v1/period_qa.csv,,none,,No usable raw daily observation; no carry-forward.
212,212,0,10,13,,,,raw_input_unavailable,insufficient_points,data/derived/qa_212_v1/period_qa.csv,,none,,No usable raw daily observation; no carry-forward.
212,212,0,10,14,,,,raw_input_unavailable,insufficient_points,data/derived/qa_212_v1/period_qa.csv,,none,,No usable raw daily observation; no carry-forward.
212,212,0,10,15,,,,raw_input_unavailable,insufficient_points,data/derived/qa_212_v1/period_qa.csv,,none,,No usable raw daily observation; no carry-forward.
212,212,0,10,16,142.308472,0.239752,0,accepted_single_day_segment,insufficient_points,data/derived/qa_212_v1/period_qa.csv,detector_wide_day_to_day_drift,period_qa,,diagnostic_only; no_auto_accept; no_auto_split;single_day_segment_intentionally_accepted
212,212,0,10,17,140.354218,0.245791,0,accepted_single_day_segment,insufficient_points,data/derived/qa_212_v1/period_qa.csv,detector_wide_day_to_day_drift,period_qa,,diagnostic_only; no_auto_accept; no_auto_split;single_day_segment_intentionally_accepted
212,212,0,10,18,141.494537,0.251794,0,accepted_single_day_segment,insufficient_points,data/derived/qa_212_v1/period_qa.csv,detector_wide_day_to_day_drift,period_qa,,diagnostic_only; no_auto_accept; no_auto_split;single_day_segment_intentionally_accepted
212,212,0,10,19,139.925079,0.252279,0,accepted_single_day_segment,insufficient_points,data/derived/qa_212_v1/period_qa.csv,detector_wide_day_to_day_drift,period_qa,,diagnostic_only; no_auto_accept; no_auto_split;single_day_segment_intentionally_accepted
212,212,0,10,20,140.199539,0.233908,0,accepted_single_day_segment,insufficient_points,data/derived/qa_212_v1/period_qa.csv,detector_wide_day_to_day_drift,period_qa,,diagnostic_only; no_auto_accept; no_auto_split;single_day_segment_intentionally_accepted
212,212,0,10,21,141.69487,0.257012,0,accepted_single_day_segment,insufficient_points,data/derived/qa_212_v1/period_qa.csv,detector_wide_day_to_day_drift,period_qa,,diagnostic_only; no_auto_accept; no_auto_split;single_day_segment_intentionally_accepted
212,212,0,10,22,140.913193,0.24566,0,accepted_single_day_segment,insufficient_points,data/derived/qa_212_v1/period_qa.csv,detector_wide_day_to_day_drift,period_qa,,diagnostic_only; no_auto_accept; no_auto_split;single_day_segment_intentionally_accepted
212,212,0,10,23,141.870575,0.270877,0,accepted_single_day_segment,insufficient_points,data/derived/qa_212_v1/period_qa.csv,detector_wide_day_to_day_drift,period_qa,,diagnostic_only; no_auto_accept; no_auto_split;single_day_segment_intentionally_accepted
212,212,0,10,24,137.578537,0.260225,0,accepted_single_day_segment,insufficient_points,data/derived/qa_212_v1/period_qa.csv,detector_wide_day_to_day_drift,period_qa,,diagnostic_only; no_auto_accept; no_auto_split;single_day_segment_intentionally_accepted
212,212,0,10,25,138.735779,0.252225,0,accepted_single_day_segment,insufficient_points,data/derived/qa_212_v1/period_qa.csv,detector_wide_day_to_day_drift,period_qa,,diagnostic_only; no_auto_accept; no_auto_split;single_day_segment_intentionally_accepted
212,212,0,10,26,139.000061,0.264633,0,accepted_single_day_segment,insufficient_points,data/derived/qa_212_v1/period_qa.csv,detector_wide_day_to_day_drift,period_qa,,diagnostic_only; no_auto_accept; no_auto_split;single_day_segment_intentionally_accepted
212,212,0,10,27,140.221802,0.246656,0,accepted_single_day_segment,insufficient_points,data/derived/qa_212_v1/period_qa.csv,detector_wide_day_to_day_drift,period_qa,,diagnostic_only; no_auto_accept; no_auto_split;single_day_segment_intentionally_accepted
212,212,0,10,28,134.550262,0.310613,0,accepted_single_day_segment,insufficient_points,data/derived/qa_212_v1/period_qa.csv,detector_wide_day_to_day_drift,period_qa,,diagnostic_only; no_auto_accept; no_auto_split;single_day_segment_intentionally_accepted
212,212,0,10,29,139.784683,0.270088,0,accepted_single_day_segment,insufficient_points,data/derived/qa_212_v1/period_qa.csv,detector_wide_day_to_day_drift,period_qa,,diagnostic_only; no_auto_accept; no_auto_split;single_day_segment_intentionally_accepted
212,212,0,10,30,139.845337,0.285015,0,accepted_single_day_segment,insufficient_points,data/derived/qa_212_v1/period_qa.csv,detector_wide_day_to_day_drift,period_qa,,diagnostic_only; no_auto_accept; no_auto_split;single_day_segment_intentionally_accepted
212,212,0,10,31,136.723648,0.286001,0,accepted_single_day_segment,insufficient_points,data/derived/qa_212_v1/period_qa.csv,detector_wide_day_to_day_drift,period_qa,,diagnostic_only; no_auto_accept; no_auto_split;single_day_segment_intentionally_accepted
212,212,0,11,1,136.270798,0.387077,0,accepted_single_day_segment,insufficient_points,data/derived/qa_212_v1/period_qa.csv,detector_wide_day_to_day_drift,period_qa,,diagnostic_only; no_auto_accept; no_auto_split;single_day_segment_intentionally_accepted
212,212,0,11,2,130.672516,0.344865,0,accepted_single_day_segment,insufficient_points,data/derived/qa_212_v1/period_qa.csv,detector_wide_day_to_day_drift,period_qa,,diagnostic_only; no_auto_accept; no_auto_split;single_day_segment_intentionally_accepted
212,212,0,11,3,140.412872,0.418853,0,accepted_single_day_segment,insufficient_points,data/derived/qa_212_v1/period_qa.csv,detector_wide_day_to_day_drift,period_qa,,diagnostic_only; no_auto_accept; no_auto_split;single_day_segment_intentionally_accepted
212,212,0,11,4,132.678192,0.243374,0,accepted_single_day_segment,insufficient_points,data/derived/qa_212_v1/period_qa.csv,detector_wide_day_to_day_drift,period_qa,,diagnostic_only; no_auto_accept; no_auto_split;single_day_segment_intentionally_accepted
212,212,0,11,5,133.384705,0.245553,0,accepted_single_day_segment,insufficient_points,data/derived/qa_212_v1/period_qa.csv,detector_wide_day_to_day_drift,period_qa,,diagnostic_only; no_auto_accept; no_auto_split;single_day_segment_intentionally_accepted
212,212,0,11,6,136.784302,0.291931,0,accepted_single_day_segment,insufficient_points,data/derived/qa_212_v1/period_qa.csv,detector_wide_day_to_day_drift,period_qa,,diagnostic_only; no_auto_accept; no_auto_split;single_day_segment_intentionally_accepted
212,212,0,11,7,132.860703,0.251409,0,accepted_single_day_segment,insufficient_points,data/derived/qa_212_v1/period_qa.csv,detector_wide_day_to_day_drift,period_qa,,diagnostic_only; no_auto_accept; no_auto_split;single_day_segment_intentionally_accepted
212,212,0,11,8,127.664322,0.206055,0,accepted_single_day_segment,insufficient_points,data/derived/qa_212_v1/period_qa.csv,detector_wide_day_to_day_drift,period_qa,,diagnostic_only; no_auto_accept; no_auto_split;single_day_segment_intentionally_accepted
212,212,0,11,9,132.621613,0.239506,0,accepted_single_day_segment,insufficient_points,data/derived/qa_212_v1/period_qa.csv,detector_wide_day_to_day_drift,period_qa,,diagnostic_only; no_auto_accept; no_auto_split;single_day_segment_intentionally_accepted
212,212,0,11,10,,,,raw_input_unavailable,insufficient_points,data/derived/qa_212_v1/period_qa.csv,,none,,No usable raw daily observation; no carry-forward.
212,212,0,11,11,,,,raw_input_unavailable,insufficient_points,data/derived/qa_212_v1/period_qa.csv,,none,,No usable raw daily observation; no carry-forward.
212,212,0,11,12,,,,raw_input_unavailable,insufficient_points,data/derived/qa_212_v1/period_qa.csv,,none,,No usable raw daily observation; no carry-forward.
212,212,0,11,13,,,,raw_input_unavailable,insufficient_points,data/derived/qa_212_v1/period_qa.csv,,none,,No usable raw daily observation; no carry-forward.
212,212,0,11,14,135.113159,0.240948,0,accepted_single_day_segment,insufficient_points,data/derived/qa_212_v1/period_qa.csv,detector_wide_day_to_day_drift,period_qa,,diagnostic_only; no_auto_accept; no_auto_split;single_day_segment_intentionally_accepted
212,212,0,11,15,138.000809,0.260759,0,accepted_single_day_segment,insufficient_points,data/derived/qa_212_v1/period_qa.csv,detector_wide_day_to_day_drift,period_qa,,diagnostic_only; no_auto_accept; no_auto_split;single_day_segment_intentionally_accepted
212,212,0,11,16,137.935776,0.240357,0,accepted_single_day_segment,insufficient_points,data/derived/qa_212_v1/period_qa.csv,detector_wide_day_to_day_drift,period_qa,,diagnostic_only; no_auto_accept; no_auto_split;single_day_segment_intentionally_accepted
212,212,0,11,17,134.305695,0.22953,0,accepted_single_day_segment,insufficient_points,data/derived/qa_212_v1/period_qa.csv,detector_wide_day_to_day_drift,period_qa,,diagnostic_only; no_auto_accept; no_auto_split;single_day_segment_intentionally_accepted
212,212,0,11,18,134.242722,0.242138,0,accepted_single_day_segment,insufficient_points,data/derived/qa_212_v1/period_qa.csv,detector_wide_day_to_day_drift,period_qa,,diagnostic_only; no_auto_accept; no_auto_split;single_day_segment_intentionally_accepted
212,212,0,11,19,132.927505,0.241892,0,accepted_single_day_segment,insufficient_points,data/derived/qa_212_v1/period_qa.csv,detector_wide_day_to_day_drift,period_qa,,diagnostic_only; no_auto_accept; no_auto_split;single_day_segment_intentionally_accepted
212,212,0,11,20,137.800964,0.262673,0,accepted_single_day_segment,insufficient_points,data/derived/qa_212_v1/period_qa.csv,detector_wide_day_to_day_drift,period_qa,,diagnostic_only; no_auto_accept; no_auto_split;single_day_segment_intentionally_accepted
212,212,0,11,21,135.296936,0.260198,0,accepted_single_day_segment,insufficient_points,data/derived/qa_212_v1/period_qa.csv,detector_wide_day_to_day_drift,period_qa,,diagnostic_only; no_auto_accept; no_auto_split;single_day_segment_intentionally_accepted
212,212,0,11,22,134.409897,0.243819,0,accepted_single_day_segment,insufficient_points,data/derived/qa_212_v1/period_qa.csv,detector_wide_day_to_day_drift,period_qa,,diagnostic_only; no_auto_accept; no_auto_split;single_day_segment_intentionally_accepted
212,212,0,11,23,133.748291,0.25945,0,accepted_single_day_segment,insufficient_points,data/derived/qa_212_v1/period_qa.csv,detector_wide_day_to_day_drift,period_qa,,diagnostic_only; no_auto_accept; no_auto_split;single_day_segment_intentionally_accepted
212,212,0,11,24,137.716385,0.257949,0,accepted_single_day_segment,insufficient_points,data/derived/qa_212_v1/period_qa.csv,detector_wide_day_to_day_drift,period_qa,,diagnostic_only; no_auto_accept; no_auto_split;single_day_segment_intentionally_accepted
212,212,0,11,25,136.455017,0.25016,0,accepted_single_day_segment,insufficient_points,data/derived/qa_212_v1/period_qa.csv,detector_wide_day_to_day_drift,period_qa,,diagnostic_only; no_auto_accept; no_auto_split;single_day_segment_intentionally_accepted
212,212,0,11,26,139.473282,0.269825,0,accepted_single_day_segment,insufficient_points,data/derived/qa_212_v1/period_qa.csv,detector_wide_day_to_day_drift,period_qa,,diagnostic_only; no_auto_accept; no_auto_split;single_day_segment_intentionally_accepted
212,212,0,11,27,135.900833,0.276651,0,accepted_single_day_segment,insufficient_points,data/derived/qa_212_v1/period_qa.csv,detector_wide_day_to_day_drift,period_qa,,diagnostic_only; no_auto_accept; no_auto_split;single_day_segment_intentionally_accepted
212,212,0,11,28,137.368561,0.27362,0,accepted_single_day_segment,insufficient_points,data/derived/qa_212_v1/period_qa.csv,detector_wide_day_to_day_drift,period_qa,,diagnostic_only; no_auto_accept; no_auto_split;single_day_segment_intentionally_accepted
212,212,0,11,29,135.011169,0.288182,0,accepted_single_day_segment,insufficient_points,data/derived/qa_212_v1/period_qa.csv,detector_wide_day_to_day_drift,period_qa,,diagnostic_only; no_auto_accept; no_auto_split;single_day_segment_intentionally_accepted
212,212,0,11,30,137.435623,0.290673,0,accepted_single_day_segment,insufficient_points,data/derived/qa_212_v1/period_qa.csv,detector_wide_day_to_day_drift,period_qa,,diagnostic_only; no_auto_accept; no_auto_split;single_day_segment_intentionally_accepted
212,212,0,11,31,134.601273,0.292204,0,accepted_single_day_segment,insufficient_points,data/derived/qa_212_v1/period_qa.csv,detector_wide_day_to_day_drift,period_qa,,diagnostic_only; no_auto_accept; no_auto_split;single_day_segment_intentionally_accepted
212,212,0,12,1,139.089005,0.311335,0,accepted_single_day_segment,insufficient_points,data/derived/qa_212_v1/period_qa.csv,detector_wide_day_to_day_drift,period_qa,,diagnostic_only; no_auto_accept; no_auto_split;single_day_segment_intentionally_accepted
212,212,0,12,2,131.286758,0.331934,0,accepted_single_day_segment,insufficient_points,data/derived/qa_212_v1/period_qa.csv,detector_wide_day_to_day_drift,period_qa,,diagnostic_only; no_auto_accept; no_auto_split;single_day_segment_intentionally_accepted
212,212,0,12,3,132.101959,0.345842,0,accepted_single_day_segment,insufficient_points,data/derived/qa_212_v1/period_qa.csv,detector_wide_day_to_day_drift,period_qa,,diagnostic_only; no_auto_accept; no_auto_split;single_day_segment_intentionally_accepted
212,212,0,12,4,132.078247,0.227289,0,accepted_single_day_segment,insufficient_points,data/derived/qa_212_v1/period_qa.csv,detector_wide_day_to_day_drift,period_qa,,diagnostic_only; no_auto_accept; no_auto_split;single_day_segment_intentionally_accepted
212,212,0,12,5,134.584671,0.230069,0,accepted_single_day_segment,insufficient_points,data/derived/qa_212_v1/period_qa.csv,detector_wide_day_to_day_drift,period_qa,,diagnostic_only; no_auto_accept; no_auto_split;single_day_segment_intentionally_accepted
212,212,0,12,6,133.121582,0.22134,0,accepted_single_day_segment,insufficient_points,data/derived/qa_212_v1/period_qa.csv,detector_wide_day_to_day_drift,period_qa,,diagnostic_only; no_auto_accept; no_auto_split;single_day_segment_intentionally_accepted
212,212,0,12,7,131.685089,0.22938,0,accepted_single_day_segment,insufficient_points,data/derived/qa_212_v1/period_qa.csv,detector_wide_day_to_day_drift,period_qa,,diagnostic_only; no_auto_accept; no_auto_split;single_day_segment_intentionally_accepted
212,212,0,12,8,134.6082,0.211472,0,accepted_single_day_segment,insufficient_points,data/derived/qa_212_v1/period_qa.csv,detector_wide_day_to_day_drift,period_qa,,diagnostic_only; no_auto_accept; no_auto_split;single_day_segment_intentionally_accepted
212,212,0,12,9,134.510147,0.198981,0,accepted_single_day_segment,insufficient_points,data/derived/qa_212_v1/period_qa.csv,detector_wide_day_to_day_drift,period_qa,,diagnostic_only; no_auto_accept; no_auto_split;single_day_segment_intentionally_accepted
212,212,0,12,10,137.704102,0.227573,0,accepted_single_day_segment,insufficient_points,data/derived/qa_212_v1/period_qa.csv,detector_wide_day_to_day_drift,period_qa,,diagnostic_only; no_auto_accept; no_auto_split;single_day_segment_intentionally_accepted
212,212,0,12,11,138.228653,0.215688,0,accepted_single_day_segment,insufficient_points,data/derived/qa_212_v1/period_qa.csv,detector_wide_day_to_day_drift,period_qa,,diagnostic_only; no_auto_accept; no_auto_split;single_day_segment_intentionally_accepted
212,212,0,12,12,137.705139,0.232344,0,accepted_single_day_segment,insufficient_points,data/derived/qa_212_v1/period_qa.csv,detector_wide_day_to_day_drift,period_qa,,diagnostic_only; no_auto_accept; no_auto_split;single_day_segment_intentionally_accepted
212,212,0,12,13,137.580368,0.229285,0,accepted_single_day_segment,insufficient_points,data/derived/qa_212_v1/period_qa.csv,detector_wide_day_to_day_drift,period_qa,,diagnostic_only; no_auto_accept; no_auto_split;single_day_segment_intentionally_accepted
212,212,0,12,14,135.600281,0.22197,0,accepted_single_day_segment,insufficient_points,data/derived/qa_212_v1/period_qa.csv,detector_wide_day_to_day_drift,period_qa,,diagnostic_only; no_auto_accept; no_auto_split;single_day_segment_intentionally_accepted
212,212,0,12,15,138.496689,0.225896,0,accepted_single_day_segment,insufficient_points,data/derived/qa_212_v1/period_qa.csv,detector_wide_day_to_day_drift,period_qa,,diagnostic_only; no_auto_accept; no_auto_split;single_day_segment_intentionally_accepted
212,212,0,12,16,140.169067,0.229998,0,accepted_single_day_segment,insufficient_points,data/derived/qa_212_v1/period_qa.csv,detector_wide_day_to_day_drift,period_qa,,diagnostic_only; no_auto_accept; no_auto_split;single_day_segment_intentionally_accepted
212,212,0,12,17,136.672409,0.214493,0,accepted_single_day_segment,insufficient_points,data/derived/qa_212_v1/period_qa.csv,detector_wide_day_to_day_drift,period_qa,,diagnostic_only; no_auto_accept; no_auto_split;single_day_segment_intentionally_accepted
212,212,0,12,18,138.043579,0.24408,0,accepted_single_day_segment,insufficient_points,data/derived/qa_212_v1/period_qa.csv,detector_wide_day_to_day_drift,period_qa,,diagnostic_only; no_auto_accept; no_auto_split;single_day_segment_intentionally_accepted
212,212,0,12,19,137.378922,0.226112,0,accepted_single_day_segment,insufficient_points,data/derived/qa_212_v1/period_qa.csv,detector_wide_day_to_day_drift,period_qa,,diagnostic_only; no_auto_accept; no_auto_split;single_day_segment_intentionally_accepted
212,212,0,12,20,136.387222,0.22648,0,accepted_single_day_segment,insufficient_points,data/derived/qa_212_v1/period_qa.csv,detector_wide_day_to_day_drift,period_qa,,diagnostic_only; no_auto_accept; no_auto_split;single_day_segment_intentionally_accepted
212,212,0,12,21,138.346466,0.214456,0,accepted_single_day_segment,insufficient_points,data/derived/qa_212_v1/period_qa.csv,detector_wide_day_to_day_drift,period_qa,,diagnostic_only; no_auto_accept; no_auto_split;single_day_segment_intentionally_accepted
212,212,0,12,22,133.177139,0.216387,0,accepted_single_day_segment,insufficient_points,data/derived/qa_212_v1/period_qa.csv,detector_wide_day_to_day_drift,period_qa,,diagnostic_only; no_auto_accept; no_auto_split;single_day_segment_intentionally_accepted
212,212,0,12,23,137.356827,0.218883,0,accepted_single_day_segment,insufficient_points,data/derived/qa_212_v1/period_qa.csv,detector_wide_day_to_day_drift,period_qa,,diagnostic_only; no_auto_accept; no_auto_split;single_day_segment_intentionally_accepted
212,212,0,12,24,139.461578,0.232226,0,accepted_single_day_segment,insufficient_points,data/derived/qa_212_v1/period_qa.csv,detector_wide_day_to_day_drift,period_qa,,diagnostic_only; no_auto_accept; no_auto_split;single_day_segment_intentionally_accepted
212,212,0,12,25,136.348816,0.241344,0,accepted_single_day_segment,insufficient_points,data/derived/qa_212_v1/period_qa.csv,detector_wide_day_to_day_drift,period_qa,,diagnostic_only; no_auto_accept; no_auto_split;single_day_segment_intentionally_accepted
212,212,0,12,26,138.786041,0.246133,0,accepted_single_day_segment,insufficient_points,data/derived/qa_212_v1/period_qa.csv,detector_wide_day_to_day_drift,period_qa,,diagnostic_only; no_auto_accept; no_auto_split;single_day_segment_intentionally_accepted
212,212,0,12,27,137.31691,0.248265,0,accepted_single_day_segment,insufficient_points,data/derived/qa_212_v1/period_qa.csv,detector_wide_day_to_day_drift,period_qa,,diagnostic_only; no_auto_accept; no_auto_split;single_day_segment_intentionally_accepted
212,212,0,12,28,137.934158,0.257019,0,accepted_single_day_segment,insufficient_points,data/derived/qa_212_v1/period_qa.csv,detector_wide_day_to_day_drift,period_qa,,diagnostic_only; no_auto_accept; no_auto_split;single_day_segment_intentionally_accepted
212,212,0,12,29,137.783829,0.258326,0,accepted_single_day_segment,insufficient_points,data/derived/qa_212_v1/period_qa.csv,detector_wide_day_to_day_drift,period_qa,,diagnostic_only; no_auto_accept; no_auto_split;single_day_segment_intentionally_accepted
212,212,0,12,30,137.646942,0.263735,0,accepted_single_day_segment,insufficient_points,data/derived/qa_212_v1/period_qa.csv,detector_wide_day_to_day_drift,period_qa,,diagnostic_only; no_auto_accept; no_auto_split;single_day_segment_intentionally_accepted
212,212,0,12,31,138.855606,0.286786,0,accepted_single_day_segment,insufficient_points,data/derived/qa_212_v1/period_qa.csv,detector_wide_day_to_day_drift,period_qa,,diagnostic_only; no_auto_accept; no_auto_split;single_day_segment_intentionally_accepted
212,212,1,1,1,140.834412,0.329056,0,accepted_single_day_segment,insufficient_points,data/derived/qa_212_v1/period_qa.csv,detector_wide_day_to_day_drift,period_qa,,diagnostic_only; no_auto_accept; no_auto_split;single_day_segment_intentionally_accepted
212,212,1,1,2,132.847321,0.381542,0,accepted_single_day_segment,insufficient_points,data/derived/qa_212_v1/period_qa.csv,detector_wide_day_to_day_drift,period_qa,,diagnostic_only; no_auto_accept; no_auto_split;single_day_segment_intentionally_accepted
212,212,1,1,3,133.519257,0.320379,0,accepted_single_day_segment,insufficient_points,data/derived/qa_212_v1/period_qa.csv,detector_wide_day_to_day_drift,period_qa,,diagnostic_only; no_auto_accept; no_auto_split;single_day_segment_intentionally_accepted
212,212,1,1,4,131.468735,0.275268,0,accepted_single_day_segment,insufficient_points,data/derived/qa_212_v1/period_qa.csv,detector_wide_day_to_day_drift,period_qa,,diagnostic_only; no_auto_accept; no_auto_split;single_day_segment_intentionally_accepted
212,212,1,1,5,132.077682,0.26975,0,accepted_single_day_segment,insufficient_points,data/derived/qa_212_v1/period_qa.csv,detector_wide_day_to_day_drift,period_qa,,diagnostic_only; no_auto_accept; no_auto_split;single_day_segment_intentionally_accepted
212,212,1,1,6,,,,known_dead_tile,insufficient_points,data/derived/qa_212_v1/period_qa.csv,,none,,Known dead tile; no carry-forward.
212,212,1,1,7,136.447006,0.290311,0,accepted_single_day_segment,insufficient_points,data/derived/qa_212_v1/period_qa.csv,detector_wide_day_to_day_drift,period_qa,,diagnostic_only; no_auto_accept; no_auto_split;single_day_segment_intentionally_accepted
212,212,1,1,8,133.221909,0.27983,0,accepted_single_day_segment,insufficient_points,data/derived/qa_212_v1/period_qa.csv,detector_wide_day_to_day_drift,period_qa,,diagnostic_only; no_auto_accept; no_auto_split;single_day_segment_intentionally_accepted
212,212,1,1,9,133.663483,0.257374,0,accepted_single_day_segment,insufficient_points,data/derived/qa_212_v1/period_qa.csv,detector_wide_day_to_day_drift,period_qa,,diagnostic_only; no_auto_accept; no_auto_split;single_day_segment_intentionally_accepted
212,212,1,1,10,135.23291,0.265703,0,accepted_single_day_segment,insufficient_points,data/derived/qa_212_v1/period_qa.csv,detector_wide_day_to_day_drift,period_qa,,diagnostic_only; no_auto_accept; no_auto_split;single_day_segment_intentionally_accepted
212,212,1,1,11,134.491684,0.257446,0,accepted_single_day_segment,insufficient_points,data/derived/qa_212_v1/period_qa.csv,detector_wide_day_to_day_drift,period_qa,,diagnostic_only; no_auto_accept; no_auto_split;single_day_segment_intentionally_accepted
212,212,1,1,12,132.052673,0.260749,0,accepted_single_day_segment,insufficient_points,data/derived/qa_212_v1/period_qa.csv,detector_wide_day_to_day_drift,period_qa,,diagnostic_only; no_auto_accept; no_auto_split;single_day_segment_intentionally_accepted
212,212,1,1,13,135.081955,0.296378,0,accepted_single_day_segment,insufficient_points,data/derived/qa_212_v1/period_qa.csv,detector_wide_day_to_day_drift,period_qa,,diagnostic_only; no_auto_accept; no_auto_split;single_day_segment_intentionally_accepted
212,212,1,1,14,134.720306,0.276546,0,accepted_single_day_segment,insufficient_points,data/derived/qa_212_v1/period_qa.csv,detector_wide_day_to_day_drift,period_qa,,diagnostic_only; no_auto_accept; no_auto_split;single_day_segment_intentionally_accepted
212,212,1,1,15,135.262314,0.274554,0,accepted_single_day_segment,insufficient_points,data/derived/qa_212_v1/period_qa.csv,detector_wide_day_to_day_drift,period_qa,,diagnostic_only; no_auto_accept; no_auto_split;single_day_segment_intentionally_accepted
212,212,1,1,16,133.932663,0.266433,0,accepted_single_day_segment,insufficient_points,data/derived/qa_212_v1/period_qa.csv,detector_wide_day_to_day_drift,period_qa,,diagnostic_only; no_auto_accept; no_auto_split;single_day_segment_intentionally_accepted
212,212,1,1,17,132.11174,0.253679,0,accepted_single_day_segment,insufficient_points,data/derived/qa_212_v1/period_qa.csv,detector_wide_day_to_day_drift,period_qa,,diagnostic_only; no_auto_accept; no_auto_split;single_day_segment_intentionally_accepted
212,212,1,1,18,135.276474,0.27792,0,accepted_single_day_segment,insufficient_points,data/derived/qa_212_v1/period_qa.csv,detector_wide_day_to_day_drift,period_qa,,diagnostic_only; no_auto_accept; no_auto_split;single_day_segment_intentionally_accepted
212,212,1,1,19,135.311127,0.263744,0,accepted_single_day_segment,insufficient_points,data/derived/qa_212_v1/period_qa.csv,detector_wide_day_to_day_drift,period_qa,,diagnostic_only; no_auto_accept; no_auto_split;single_day_segment_intentionally_accepted
212,212,1,1,20,134.914993,0.286437,0,accepted_single_day_segment,insufficient_points,data/derived/qa_212_v1/period_qa.csv,detector_wide_day_to_day_drift,period_qa,,diagnostic_only; no_auto_accept; no_auto_split;single_day_segment_intentionally_accepted
212,212,1,1,21,131.51973,0.270657,0,accepted_single_day_segment,insufficient_points,data/derived/qa_212_v1/period_qa.csv,detector_wide_day_to_day_drift,period_qa,,diagnostic_only; no_auto_accept; no_auto_split;single_day_segment_intentionally_accepted
212,212,1,1,22,135.916946,0.280326,0,accepted_single_day_segment,insufficient_points,data/derived/qa_212_v1/period_qa.csv,detector_wide_day_to_day_drift,period_qa,,diagnostic_only; no_auto_accept; no_auto_split;single_day_segment_intentionally_accepted
212,212,1,1,23,134.447037,0.279074,0,accepted_single_day_segment,insufficient_points,data/derived/qa_212_v1/period_qa.csv,detector_wide_day_to_day_drift,period_qa,,diagnostic_only; no_auto_accept; no_auto_split;single_day_segment_intentionally_accepted
212,212,1,1,24,139.946304,0.315722,0,accepted_single_day_segment,insufficient_points,data/derived/qa_212_v1/period_qa.csv,detector_wide_day_to_day_drift,period_qa,,diagnostic_only; no_auto_accept; no_auto_split;single_day_segment_intentionally_accepted
212,212,1,1,25,135.484955,0.302955,0,accepted_single_day_segment,insufficient_points,data/derived/qa_212_v1/period_qa.csv,detector_wide_day_to_day_drift,period_qa,,diagnostic_only; no_auto_accept; no_auto_split;single_day_segment_intentionally_accepted
212,212,1,1,26,136.196548,0.297581,0,accepted_single_day_segment,insufficient_points,data/derived/qa_212_v1/period_qa.csv,detector_wide_day_to_day_drift,period_qa,,diagnostic_only; no_auto_accept; no_auto_split;single_day_segment_intentionally_accepted
212,212,1,1,27,137.240524,0.325502,0,accepted_single_day_segment,insufficient_points,data/derived/qa_212_v1/period_qa.csv,detector_wide_day_to_day_drift,period_qa,,diagnostic_only; no_auto_accept; no_auto_split;single_day_segment_intentionally_accepted
212,212,1,1,28,137.293381,0.305951,0,accepted_single_day_segment,insufficient_points,data/derived/qa_212_v1/period_qa.csv,detector_wide_day_to_day_drift,period_qa,,diagnostic_only; no_auto_accept; no_auto_split;single_day_segment_intentionally_accepted
212,212,1,1,29,135.964325,0.322001,0,accepted_single_day_segment,insufficient_points,data/derived/qa_212_v1/period_qa.csv,detector_wide_day_to_day_drift,period_qa,,diagnostic_only; no_auto_accept; no_auto_split;single_day_segment_intentionally_accepted
212,212,1,1,30,135.290649,0.29268,0,accepted_single_day_segment,insufficient_points,data/derived/qa_212_v1/period_qa.csv,detector_wide_day_to_day_drift,period_qa,,diagnostic_only; no_auto_accept; no_auto_split;single_day_segment_intentionally_accepted
212,212,1,1,31,135.880814,0.295637,0,accepted_single_day_segment,insufficient_points,data/derived/qa_212_v1/period_qa.csv,detector_wide_day_to_day_drift,period_qa,,diagnostic_only; no_auto_accept; no_auto_split;single_day_segment_intentionally_accepted
212,212,1,2,1,143.511307,0.381475,0,accepted_single_day_segment,insufficient_points,data/derived/qa_212_v1/period_qa.csv,detector_wide_day_to_day_drift,period_qa,,diagnostic_only; no_auto_accept; no_auto_split;single_day_segment_intentionally_accepted
212,212,1,2,2,133.03569,0.303843,0,accepted_single_day_segment,insufficient_points,data/derived/qa_212_v1/period_qa.csv,detector_wide_day_to_day_drift,period_qa,,diagnostic_only; no_auto_accept; no_auto_split;single_day_segment_intentionally_accepted
212,212,1,2,3,133.078156,0.291223,0,accepted_single_day_segment,insufficient_points,data/derived/qa_212_v1/period_qa.csv,detector_wide_day_to_day_drift,period_qa,,diagnostic_only; no_auto_accept; no_auto_split;single_day_segment_intentionally_accepted
212,212,1,2,4,135.077881,0.249364,0,accepted_single_day_segment,insufficient_points,data/derived/qa_212_v1/period_qa.csv,detector_wide_day_to_day_drift,period_qa,,diagnostic_only; no_auto_accept; no_auto_split;single_day_segment_intentionally_accepted
212,212,1,2,5,135.804199,0.245005,0,accepted_single_day_segment,insufficient_points,data/derived/qa_212_v1/period_qa.csv,detector_wide_day_to_day_drift,period_qa,,diagnostic_only; no_auto_accept; no_auto_split;single_day_segment_intentionally_accepted
212,212,1,2,6,134.618332,0.247035,0,accepted_single_day_segment,insufficient_points,data/derived/qa_212_v1/period_qa.csv,detector_wide_day_to_day_drift,period_qa,,diagnostic_only; no_auto_accept; no_auto_split;single_day_segment_intentionally_accepted
212,212,1,2,7,136.057831,0.272281,0,accepted_single_day_segment,insufficient_points,data/derived/qa_212_v1/period_qa.csv,detector_wide_day_to_day_drift,period_qa,,diagnostic_only; no_auto_accept; no_auto_split;single_day_segment_intentionally_accepted
212,212,1,2,8,134.970322,0.258858,0,accepted_single_day_segment,insufficient_points,data/derived/qa_212_v1/period_qa.csv,detector_wide_day_to_day_drift,period_qa,,diagnostic_only; no_auto_accept; no_auto_split;single_day_segment_intentionally_accepted
212,212,1,2,9,136.869064,0.24419,0,accepted_single_day_segment,insufficient_points,data/derived/qa_212_v1/period_qa.csv,detector_wide_day_to_day_drift,period_qa,,diagnostic_only; no_auto_accept; no_auto_split;single_day_segment_intentionally_accepted
212,212,1,2,10,,,,known_dead_tile,insufficient_points,data/derived/qa_212_v1/period_qa.csv,,none,,Known dead tile; no carry-forward.
212,212,1,2,11,137.548828,0.277082,0,accepted_single_day_segment,insufficient_points,data/derived/qa_212_v1/period_qa.csv,detector_wide_day_to_day_drift,period_qa,,diagnostic_only; no_auto_accept; no_auto_split;single_day_segment_intentionally_accepted
212,212,1,2,12,131.650513,0.251712,0,accepted_single_day_segment,insufficient_points,data/derived/qa_212_v1/period_qa.csv,detector_wide_day_to_day_drift,period_qa,,diagnostic_only; no_auto_accept; no_auto_split;single_day_segment_intentionally_accepted
212,212,1,2,13,132.044739,0.271388,0,accepted_single_day_segment,insufficient_points,data/derived/qa_212_v1/period_qa.csv,detector_wide_day_to_day_drift,period_qa,,diagnostic_only; no_auto_accept; no_auto_split;single_day_segment_intentionally_accepted
212,212,1,2,14,132.585281,0.266631,0,accepted_single_day_segment,insufficient_points,data/derived/qa_212_v1/period_qa.csv,detector_wide_day_to_day_drift,period_qa,,diagnostic_only; no_auto_accept; no_auto_split;single_day_segment_intentionally_accepted
212,212,1,2,15,130.038651,0.256399,0,accepted_single_day_segment,insufficient_points,data/derived/qa_212_v1/period_qa.csv,detector_wide_day_to_day_drift,period_qa,,diagnostic_only; no_auto_accept; no_auto_split;single_day_segment_intentionally_accepted
212,212,1,2,16,133.18129,0.265325,0,accepted_single_day_segment,insufficient_points,data/derived/qa_212_v1/period_qa.csv,detector_wide_day_to_day_drift,period_qa,,diagnostic_only; no_auto_accept; no_auto_split;single_day_segment_intentionally_accepted
212,212,1,2,17,134.492874,0.282289,0,accepted_single_day_segment,insufficient_points,data/derived/qa_212_v1/period_qa.csv,detector_wide_day_to_day_drift,period_qa,,diagnostic_only; no_auto_accept; no_auto_split;single_day_segment_intentionally_accepted
212,212,1,2,18,134.145935,0.27985,0,accepted_single_day_segment,insufficient_points,data/derived/qa_212_v1/period_qa.csv,detector_wide_day_to_day_drift,period_qa,,diagnostic_only; no_auto_accept; no_auto_split;single_day_segment_intentionally_accepted
212,212,1,2,19,133.001862,0.278254,0,accepted_single_day_segment,insufficient_points,data/derived/qa_212_v1/period_qa.csv,detector_wide_day_to_day_drift,period_qa,,diagnostic_only; no_auto_accept; no_auto_split;single_day_segment_intentionally_accepted
212,212,1,2,20,136.796112,0.278693,0,accepted_single_day_segment,insufficient_points,data/derived/qa_212_v1/period_qa.csv,detector_wide_day_to_day_drift,period_qa,,diagnostic_only; no_auto_accept; no_auto_split;single_day_segment_intentionally_accepted
212,212,1,2,21,134.258408,0.281752,0,accepted_single_day_segment,insufficient_points,data/derived/qa_212_v1/period_qa.csv,detector_wide_day_to_day_drift,period_qa,,diagnostic_only; no_auto_accept; no_auto_split;single_day_segment_intentionally_accepted
212,212,1,2,22,133.462967,0.277817,0,accepted_single_day_segment,insufficient_points,data/derived/qa_212_v1/period_qa.csv,detector_wide_day_to_day_drift,period_qa,,diagnostic_only; no_auto_accept; no_auto_split;single_day_segment_intentionally_accepted
212,212,1,2,23,133.860458,0.295622,0,accepted_single_day_segment,insufficient_points,data/derived/qa_212_v1/period_qa.csv,detector_wide_day_to_day_drift,period_qa,,diagnostic_only; no_auto_accept; no_auto_split;single_day_segment_intentionally_accepted
212,212,1,2,24,136.878815,0.320881,0,accepted_single_day_segment,insufficient_points,data/derived/qa_212_v1/period_qa.csv,detector_wide_day_to_day_drift,period_qa,,diagnostic_only; no_auto_accept; no_auto_split;single_day_segment_intentionally_accepted
212,212,1,2,25,134.758209,0.353477,0,accepted_single_day_segment,insufficient_points,data/derived/qa_212_v1/period_qa.csv,detector_wide_day_to_day_drift,period_qa,,diagnostic_only; no_auto_accept; no_auto_split;single_day_segment_intentionally_accepted
212,212,1,2,26,135.871521,0.305126,0,accepted_single_day_segment,insufficient_points,data/derived/qa_212_v1/period_qa.csv,detector_wide_day_to_day_drift,period_qa,,diagnostic_only; no_auto_accept; no_auto_split;single_day_segment_intentionally_accepted
212,212,1,2,27,134.070374,0.314537,0,accepted_single_day_segment,insufficient_points,data/derived/qa_212_v1/period_qa.csv,detector_wide_day_to_day_drift,period_qa,,diagnostic_only; no_auto_accept; no_auto_split;single_day_segment_intentionally_accepted
212,212,1,2,28,132.680969,0.28692,0,accepted_single_day_segment,insufficient_points,data/derived/qa_212_v1/period_qa.csv,detector_wide_day_to_day_drift,period_qa,,diagnostic_only; no_auto_accept; no_auto_split;single_day_segment_intentionally_accepted
212,212,1,2,29,135.152313,0.298455,0,accepted_single_day_segment,insufficient_points,data/derived/qa_212_v1/period_qa.csv,detector_wide_day_to_day_drift,period_qa,,diagnostic_only; no_auto_accept; no_auto_split;single_day_segment_intentionally_accepted
212,212,1,2,30,135.236923,0.295927,0,accepted_single_day_segment,insufficient_points,data/derived/qa_212_v1/period_qa.csv,detector_wide_day_to_day_drift,period_qa,,diagnostic_only; no_auto_accept; no_auto_split;single_day_segment_intentionally_accepted
212,212,1,2,31,135.629333,0.283367,0,accepted_single_day_segment,insufficient_points,data/derived/qa_212_v1/period_qa.csv,detector_wide_day_to_day_drift,period_qa,,diagnostic_only; no_auto_accept; no_auto_split;single_day_segment_intentionally_accepted
212,212,1,3,1,131.435669,0.474238,0,accepted_single_day_segment,insufficient_points,data/derived/qa_212_v1/period_qa.csv,detector_wide_day_to_day_drift,period_qa,,diagnostic_only; no_auto_accept; no_auto_split;single_day_segment_intentionally_accepted
212,212,1,3,2,135.500534,0.279561,0,accepted_single_day_segment,insufficient_points,data/derived/qa_212_v1/period_qa.csv,detector_wide_day_to_day_drift,period_qa,,diagnostic_only; no_auto_accept; no_auto_split;single_day_segment_intentionally_accepted
212,212,1,3,3,134.963928,0.319718,0,accepted_single_day_segment,insufficient_points,data/derived/qa_212_v1/period_qa.csv,detector_wide_day_to_day_drift,period_qa,,diagnostic_only; no_auto_accept; no_auto_split;single_day_segment_intentionally_accepted
212,212,1,3,4,132.734329,0.285413,0,accepted_single_day_segment,insufficient_points,data/derived/qa_212_v1/period_qa.csv,detector_wide_day_to_day_drift,period_qa,,diagnostic_only; no_auto_accept; no_auto_split;single_day_segment_intentionally_accepted
212,212,1,3,5,134.048401,0.30202,0,accepted_single_day_segment,insufficient_points,data/derived/qa_212_v1/period_qa.csv,detector_wide_day_to_day_drift,period_qa,,diagnostic_only; no_auto_accept; no_auto_split;single_day_segment_intentionally_accepted
212,212,1,3,6,137.20488,0.267054,0,accepted_single_day_segment,insufficient_points,data/derived/qa_212_v1/period_qa.csv,detector_wide_day_to_day_drift,period_qa,,diagnostic_only; no_auto_accept; no_auto_split;single_day_segment_intentionally_accepted
212,212,1,3,7,133.948273,0.271148,0,accepted_single_day_segment,insufficient_points,data/derived/qa_212_v1/period_qa.csv,detector_wide_day_to_day_drift,period_qa,,diagnostic_only; no_auto_accept; no_auto_split;single_day_segment_intentionally_accepted
212,212,1,3,8,135.894943,0.268097,0,accepted_single_day_segment,insufficient_points,data/derived/qa_212_v1/period_qa.csv,detector_wide_day_to_day_drift,period_qa,,diagnostic_only; no_auto_accept; no_auto_split;single_day_segment_intentionally_accepted
212,212,1,3,9,133.188278,0.275247,0,accepted_single_day_segment,insufficient_points,data/derived/qa_212_v1/period_qa.csv,detector_wide_day_to_day_drift,period_qa,,diagnostic_only; no_auto_accept; no_auto_split;single_day_segment_intentionally_accepted
212,212,1,3,10,133.493576,0.260291,0,accepted_single_day_segment,insufficient_points,data/derived/qa_212_v1/period_qa.csv,detector_wide_day_to_day_drift,period_qa,,diagnostic_only; no_auto_accept; no_auto_split;single_day_segment_intentionally_accepted
212,212,1,3,11,132.633438,0.283803,0,accepted_single_day_segment,insufficient_points,data/derived/qa_212_v1/period_qa.csv,detector_wide_day_to_day_drift,period_qa,,diagnostic_only; no_auto_accept; no_auto_split;single_day_segment_intentionally_accepted
212,212,1,3,12,136.1082,0.277759,0,accepted_single_day_segment,insufficient_points,data/derived/qa_212_v1/period_qa.csv,detector_wide_day_to_day_drift,period_qa,,diagnostic_only; no_auto_accept; no_auto_split;single_day_segment_intentionally_accepted
212,212,1,3,13,133.263016,0.310291,0,accepted_single_day_segment,insufficient_points,data/derived/qa_212_v1/period_qa.csv,detector_wide_day_to_day_drift,period_qa,,diagnostic_only; no_auto_accept; no_auto_split;single_day_segment_intentionally_accepted
212,212,1,3,14,134.657089,0.256032,0,accepted_single_day_segment,insufficient_points,data/derived/qa_212_v1/period_qa.csv,detector_wide_day_to_day_drift,period_qa,,diagnostic_only; no_auto_accept; no_auto_split;single_day_segment_intentionally_accepted
212,212,1,3,15,133.300385,0.274253,0,accepted_single_day_segment,insufficient_points,data/derived/qa_212_v1/period_qa.csv,detector_wide_day_to_day_drift,period_qa,,diagnostic_only; no_auto_accept; no_auto_split;single_day_segment_intentionally_accepted
212,212,1,3,16,135.293152,0.26953,0,accepted_single_day_segment,insufficient_points,data/derived/qa_212_v1/period_qa.csv,detector_wide_day_to_day_drift,period_qa,,diagnostic_only; no_auto_accept; no_auto_split;single_day_segment_intentionally_accepted
212,212,1,3,17,134.442123,0.281875,0,accepted_single_day_segment,insufficient_points,data/derived/qa_212_v1/period_qa.csv,detector_wide_day_to_day_drift,period_qa,,diagnostic_only; no_auto_accept; no_auto_split;single_day_segment_intentionally_accepted
212,212,1,3,18,136.658447,0.290911,0,accepted_single_day_segment,insufficient_points,data/derived/qa_212_v1/period_qa.csv,detector_wide_day_to_day_drift,period_qa,,diagnostic_only; no_auto_accept; no_auto_split;single_day_segment_intentionally_accepted
212,212,1,3,19,134.12352,0.298347,0,accepted_single_day_segment,insufficient_points,data/derived/qa_212_v1/period_qa.csv,detector_wide_day_to_day_drift,period_qa,,diagnostic_only; no_auto_accept; no_auto_split;single_day_segment_intentionally_accepted
212,212,1,3,20,135.562042,0.297301,0,accepted_single_day_segment,insufficient_points,data/derived/qa_212_v1/period_qa.csv,detector_wide_day_to_day_drift,period_qa,,diagnostic_only; no_auto_accept; no_auto_split;single_day_segment_intentionally_accepted
212,212,1,3,21,136.888336,0.297717,0,accepted_single_day_segment,insufficient_points,data/derived/qa_212_v1/period_qa.csv,detector_wide_day_to_day_drift,period_qa,,diagnostic_only; no_auto_accept; no_auto_split;single_day_segment_intentionally_accepted
212,212,1,3,22,136.310684,0.292646,0,accepted_single_day_segment,insufficient_points,data/derived/qa_212_v1/period_qa.csv,detector_wide_day_to_day_drift,period_qa,,diagnostic_only; no_auto_accept; no_auto_split;single_day_segment_intentionally_accepted
212,212,1,3,23,134.81282,0.327154,0,accepted_single_day_segment,insufficient_points,data/derived/qa_212_v1/period_qa.csv,detector_wide_day_to_day_drift,period_qa,,diagnostic_only; no_auto_accept; no_auto_split;single_day_segment_intentionally_accepted
212,212,1,3,24,131.607513,0.325315,0,accepted_single_day_segment,insufficient_points,data/derived/qa_212_v1/period_qa.csv,detector_wide_day_to_day_drift,period_qa,,diagnostic_only; no_auto_accept; no_auto_split;single_day_segment_intentionally_accepted
212,212,1,3,25,133.939941,0.319744,0,accepted_single_day_segment,insufficient_points,data/derived/qa_212_v1/period_qa.csv,detector_wide_day_to_day_drift,period_qa,,diagnostic_only; no_auto_accept; no_auto_split;single_day_segment_intentionally_accepted
212,212,1,3,26,135.429749,0.314654,0,accepted_single_day_segment,insufficient_points,data/derived/qa_212_v1/period_qa.csv,detector_wide_day_to_day_drift,period_qa,,diagnostic_only; no_auto_accept; no_auto_split;single_day_segment_intentionally_accepted
212,212,1,3,27,133.020691,0.31504,0,accepted_single_day_segment,insufficient_points,data/derived/qa_212_v1/period_qa.csv,detector_wide_day_to_day_drift,period_qa,,diagnostic_only; no_auto_accept; no_auto_split;single_day_segment_intentionally_accepted
212,212,1,3,28,134.541809,0.356562,0,accepted_single_day_segment,insufficient_points,data/derived/qa_212_v1/period_qa.csv,detector_wide_day_to_day_drift,period_qa,,diagnostic_only; no_auto_accept; no_auto_split;single_day_segment_intentionally_accepted
212,212,1,3,29,137.26535,0.34341,0,accepted_single_day_segment,insufficient_points,data/derived/qa_212_v1/period_qa.csv,detector_wide_day_to_day_drift,period_qa,,diagnostic_only; no_auto_accept; no_auto_split;single_day_segment_intentionally_accepted
212,212,1,3,30,134.7146,0.394393,0,accepted_single_day_segment,insufficient_points,data/derived/qa_212_v1/period_qa.csv,detector_wide_day_to_day_drift,period_qa,,diagnostic_only; no_auto_accept; no_auto_split;single_day_segment_intentionally_accepted
212,212,1,3,31,134.687912,0.31151,0,accepted_single_day_segment,insufficient_points,data/derived/qa_212_v1/period_qa.csv,detector_wide_day_to_day_drift,period_qa,,diagnostic_only; no_auto_accept; no_auto_split;single_day_segment_intentionally_accepted
212,212,1,4,1,136.550888,0.303976,0,accepted_single_day_segment,insufficient_points,data/derived/qa_212_v1/period_qa.csv,detector_wide_day_to_day_drift,period_qa,,diagnostic_only; no_auto_accept; no_auto_split;single_day_segment_intentionally_accepted
212,212,1,4,2,134.982162,0.392271,0,accepted_single_day_segment,insufficient_points,data/derived/qa_212_v1/period_qa.csv,detector_wide_day_to_day_drift,period_qa,,diagnostic_only; no_auto_accept; no_auto_split;single_day_segment_intentionally_accepted
212,212,1,4,3,135.668655,0.310058,0,accepted_single_day_segment,insufficient_points,data/derived/qa_212_v1/period_qa.csv,detector_wide_day_to_day_drift,period_qa,,diagnostic_only; no_auto_accept; no_auto_split;single_day_segment_intentionally_accepted
212,212,1,4,4,136.830795,0.281578,0,accepted_single_day_segment,insufficient_points,data/derived/qa_212_v1/period_qa.csv,detector_wide_day_to_day_drift,period_qa,,diagnostic_only; no_auto_accept; no_auto_split;single_day_segment_intentionally_accepted
212,212,1,4,5,136.088593,0.250316,0,accepted_single_day_segment,insufficient_points,data/derived/qa_212_v1/period_qa.csv,detector_wide_day_to_day_drift,period_qa,,diagnostic_only; no_auto_accept; no_auto_split;single_day_segment_intentionally_accepted
212,212,1,4,6,138.159988,0.266602,0,accepted_single_day_segment,insufficient_points,data/derived/qa_212_v1/period_qa.csv,detector_wide_day_to_day_drift,period_qa,,diagnostic_only; no_auto_accept; no_auto_split;single_day_segment_intentionally_accepted
212,212,1,4,7,139.030441,0.264214,0,accepted_single_day_segment,insufficient_points,data/derived/qa_212_v1/period_qa.csv,detector_wide_day_to_day_drift,period_qa,,diagnostic_only; no_auto_accept; no_auto_split;single_day_segment_intentionally_accepted
212,212,1,4,8,138.626541,0.257049,0,accepted_single_day_segment,insufficient_points,data/derived/qa_212_v1/period_qa.csv,detector_wide_day_to_day_drift,period_qa,,diagnostic_only; no_auto_accept; no_auto_split;single_day_segment_intentionally_accepted
212,212,1,4,9,139.006317,0.261062,0,accepted_single_day_segment,insufficient_points,data/derived/qa_212_v1/period_qa.csv,detector_wide_day_to_day_drift,period_qa,,diagnostic_only; no_auto_accept; no_auto_split;single_day_segment_intentionally_accepted
212,212,1,4,10,134.366669,0.257303,0,accepted_single_day_segment,insufficient_points,data/derived/qa_212_v1/period_qa.csv,detector_wide_day_to_day_drift,period_qa,,diagnostic_only; no_auto_accept; no_auto_split;single_day_segment_intentionally_accepted
212,212,1,4,11,134.600281,0.263516,0,accepted_single_day_segment,insufficient_points,data/derived/qa_212_v1/period_qa.csv,detector_wide_day_to_day_drift,period_qa,,diagnostic_only; no_auto_accept; no_auto_split;single_day_segment_intentionally_accepted
212,212,1,4,12,134.776596,0.265814,0,accepted_single_day_segment,insufficient_points,data/derived/qa_212_v1/period_qa.csv,detector_wide_day_to_day_drift,period_qa,,diagnostic_only; no_auto_accept; no_auto_split;single_day_segment_intentionally_accepted
212,212,1,4,13,134.531616,0.269286,0,accepted_single_day_segment,insufficient_points,data/derived/qa_212_v1/period_qa.csv,detector_wide_day_to_day_drift,period_qa,,diagnostic_only; no_auto_accept; no_auto_split;single_day_segment_intentionally_accepted
212,212,1,4,14,133.449387,0.253915,0,accepted_single_day_segment,insufficient_points,data/derived/qa_212_v1/period_qa.csv,detector_wide_day_to_day_drift,period_qa,,diagnostic_only; no_auto_accept; no_auto_split;single_day_segment_intentionally_accepted
212,212,1,4,15,133.320511,0.273098,0,accepted_single_day_segment,insufficient_points,data/derived/qa_212_v1/period_qa.csv,detector_wide_day_to_day_drift,period_qa,,diagnostic_only; no_auto_accept; no_auto_split;single_day_segment_intentionally_accepted
212,212,1,4,16,140.470795,0.28806,0,accepted_single_day_segment,insufficient_points,data/derived/qa_212_v1/period_qa.csv,detector_wide_day_to_day_drift,period_qa,,diagnostic_only; no_auto_accept; no_auto_split;single_day_segment_intentionally_accepted
212,212,1,4,17,139.947449,0.280139,0,accepted_single_day_segment,insufficient_points,data/derived/qa_212_v1/period_qa.csv,detector_wide_day_to_day_drift,period_qa,,diagnostic_only; no_auto_accept; no_auto_split;single_day_segment_intentionally_accepted
212,212,1,4,18,139.844299,0.283304,0,accepted_single_day_segment,insufficient_points,data/derived/qa_212_v1/period_qa.csv,detector_wide_day_to_day_drift,period_qa,,diagnostic_only; no_auto_accept; no_auto_split;single_day_segment_intentionally_accepted
212,212,1,4,19,139.115677,0.29785,0,accepted_single_day_segment,insufficient_points,data/derived/qa_212_v1/period_qa.csv,detector_wide_day_to_day_drift,period_qa,,diagnostic_only; no_auto_accept; no_auto_split;single_day_segment_intentionally_accepted
212,212,1,4,20,140.427948,0.31536,0,accepted_single_day_segment,insufficient_points,data/derived/qa_212_v1/period_qa.csv,detector_wide_day_to_day_drift,period_qa,,diagnostic_only; no_auto_accept; no_auto_split;single_day_segment_intentionally_accepted
212,212,1,4,21,146.093033,0.315745,0,accepted_single_day_segment,insufficient_points,data/derived/qa_212_v1/period_qa.csv,detector_wide_day_to_day_drift,period_qa,,diagnostic_only; no_auto_accept; no_auto_split;single_day_segment_intentionally_accepted
212,212,1,4,22,138.411926,0.326378,0,accepted_single_day_segment,insufficient_points,data/derived/qa_212_v1/period_qa.csv,detector_wide_day_to_day_drift,period_qa,,diagnostic_only; no_auto_accept; no_auto_split;single_day_segment_intentionally_accepted
212,212,1,4,23,140.468826,0.287124,0,accepted_single_day_segment,insufficient_points,data/derived/qa_212_v1/period_qa.csv,detector_wide_day_to_day_drift,period_qa,,diagnostic_only; no_auto_accept; no_auto_split;single_day_segment_intentionally_accepted
212,212,1,4,24,136.496033,0.320965,0,accepted_single_day_segment,insufficient_points,data/derived/qa_212_v1/period_qa.csv,detector_wide_day_to_day_drift,period_qa,,diagnostic_only; no_auto_accept; no_auto_split;single_day_segment_intentionally_accepted
212,212,1,4,25,137.253387,0.315893,0,accepted_single_day_segment,insufficient_points,data/derived/qa_212_v1/period_qa.csv,detector_wide_day_to_day_drift,period_qa,,diagnostic_only; no_auto_accept; no_auto_split;single_day_segment_intentionally_accepted
212,212,1,4,26,138.54538,0.33159,0,accepted_single_day_segment,insufficient_points,data/derived/qa_212_v1/period_qa.csv,detector_wide_day_to_day_drift,period_qa,,diagnostic_only; no_auto_accept; no_auto_split;single_day_segment_intentionally_accepted
212,212,1,4,27,136.24324,0.323488,0,accepted_single_day_segment,insufficient_points,data/derived/qa_212_v1/period_qa.csv,detector_wide_day_to_day_drift,period_qa,,diagnostic_only; no_auto_accept; no_auto_split;single_day_segment_intentionally_accepted
212,212,1,4,28,138.358017,0.305083,0,accepted_single_day_segment,insufficient_points,data/derived/qa_212_v1/period_qa.csv,detector_wide_day_to_day_drift,period_qa,,diagnostic_only; no_auto_accept; no_auto_split;single_day_segment_intentionally_accepted
212,212,1,4,29,142.456635,0.360273,0,accepted_single_day_segment,insufficient_points,data/derived/qa_212_v1/period_qa.csv,detector_wide_day_to_day_drift,period_qa,,diagnostic_only; no_auto_accept; no_auto_split;single_day_segment_intentionally_accepted
212,212,1,4,30,139.648483,0.33777,0,accepted_single_day_segment,insufficient_points,data/derived/qa_212_v1/period_qa.csv,detector_wide_day_to_day_drift,period_qa,,diagnostic_only; no_auto_accept; no_auto_split;single_day_segment_intentionally_accepted
212,212,1,4,31,136.687988,0.363839,0,accepted_single_day_segment,insufficient_points,data/derived/qa_212_v1/period_qa.csv,detector_wide_day_to_day_drift,period_qa,,diagnostic_only; no_auto_accept; no_auto_split;single_day_segment_intentionally_accepted
212,212,1,5,1,147.916687,0.421301,0,accepted_single_day_segment,insufficient_points,data/derived/qa_212_v1/period_qa.csv,detector_wide_day_to_day_drift,period_qa,,diagnostic_only; no_auto_accept; no_auto_split;single_day_segment_intentionally_accepted
212,212,1,5,2,133.508514,0.377386,0,accepted_single_day_segment,insufficient_points,data/derived/qa_212_v1/period_qa.csv,detector_wide_day_to_day_drift,period_qa,,diagnostic_only; no_auto_accept; no_auto_split;single_day_segment_intentionally_accepted
212,212,1,5,3,133.866913,0.405379,0,accepted_single_day_segment,insufficient_points,data/derived/qa_212_v1/period_qa.csv,detector_wide_day_to_day_drift,period_qa,,diagnostic_only; no_auto_accept; no_auto_split;single_day_segment_intentionally_accepted
212,212,1,5,4,132.658508,0.283343,0,accepted_single_day_segment,insufficient_points,data/derived/qa_212_v1/period_qa.csv,detector_wide_day_to_day_drift,period_qa,,diagnostic_only; no_auto_accept; no_auto_split;single_day_segment_intentionally_accepted
212,212,1,5,5,134.699707,0.260378,0,accepted_single_day_segment,insufficient_points,data/derived/qa_212_v1/period_qa.csv,detector_wide_day_to_day_drift,period_qa,,diagnostic_only; no_auto_accept; no_auto_split;single_day_segment_intentionally_accepted
212,212,1,5,6,132.649857,0.271964,0,accepted_single_day_segment,insufficient_points,data/derived/qa_212_v1/period_qa.csv,detector_wide_day_to_day_drift,period_qa,,diagnostic_only; no_auto_accept; no_auto_split;single_day_segment_intentionally_accepted
212,212,1,5,7,132.18634,0.297559,0,accepted_single_day_segment,insufficient_points,data/derived/qa_212_v1/period_qa.csv,detector_wide_day_to_day_drift,period_qa,,diagnostic_only; no_auto_accept; no_auto_split;single_day_segment_intentionally_accepted
212,212,1,5,8,133.720642,0.262849,0,accepted_single_day_segment,insufficient_points,data/derived/qa_212_v1/period_qa.csv,detector_wide_day_to_day_drift,period_qa,,diagnostic_only; no_auto_accept; no_auto_split;single_day_segment_intentionally_accepted
212,212,1,5,9,134.602783,0.237933,0,accepted_single_day_segment,insufficient_points,data/derived/qa_212_v1/period_qa.csv,detector_wide_day_to_day_drift,period_qa,,diagnostic_only; no_auto_accept; no_auto_split;single_day_segment_intentionally_accepted
212,212,1,5,10,131.14418,0.30844,0,accepted_single_day_segment,insufficient_points,data/derived/qa_212_v1/period_qa.csv,detector_wide_day_to_day_drift,period_qa,,diagnostic_only; no_auto_accept; no_auto_split;single_day_segment_intentionally_accepted
212,212,1,5,11,136.462753,0.271755,0,accepted_single_day_segment,insufficient_points,data/derived/qa_212_v1/period_qa.csv,detector_wide_day_to_day_drift,period_qa,,diagnostic_only; no_auto_accept; no_auto_split;single_day_segment_intentionally_accepted
212,212,1,5,12,133.272491,0.284586,0,accepted_single_day_segment,insufficient_points,data/derived/qa_212_v1/period_qa.csv,detector_wide_day_to_day_drift,period_qa,,diagnostic_only; no_auto_accept; no_auto_split;single_day_segment_intentionally_accepted
212,212,1,5,13,134.286301,0.320179,0,accepted_single_day_segment,insufficient_points,data/derived/qa_212_v1/period_qa.csv,detector_wide_day_to_day_drift,period_qa,,diagnostic_only; no_auto_accept; no_auto_split;single_day_segment_intentionally_accepted
212,212,1,5,14,135.094376,0.288404,0,accepted_single_day_segment,insufficient_points,data/derived/qa_212_v1/period_qa.csv,detector_wide_day_to_day_drift,period_qa,,diagnostic_only; no_auto_accept; no_auto_split;single_day_segment_intentionally_accepted
212,212,1,5,15,132.84964,0.310694,0,accepted_single_day_segment,insufficient_points,data/derived/qa_212_v1/period_qa.csv,detector_wide_day_to_day_drift,period_qa,,diagnostic_only; no_auto_accept; no_auto_split;single_day_segment_intentionally_accepted
212,212,1,5,16,135.38092,0.280607,0,accepted_single_day_segment,insufficient_points,data/derived/qa_212_v1/period_qa.csv,detector_wide_day_to_day_drift,period_qa,,diagnostic_only; no_auto_accept; no_auto_split;single_day_segment_intentionally_accepted
212,212,1,5,17,135.201416,0.280662,0,accepted_single_day_segment,insufficient_points,data/derived/qa_212_v1/period_qa.csv,detector_wide_day_to_day_drift,period_qa,,diagnostic_only; no_auto_accept; no_auto_split;single_day_segment_intentionally_accepted
212,212,1,5,18,134.430191,0.293738,0,accepted_single_day_segment,insufficient_points,data/derived/qa_212_v1/period_qa.csv,detector_wide_day_to_day_drift,period_qa,,diagnostic_only; no_auto_accept; no_auto_split;single_day_segment_intentionally_accepted
212,212,1,5,19,138.157181,0.285253,0,accepted_single_day_segment,insufficient_points,data/derived/qa_212_v1/period_qa.csv,detector_wide_day_to_day_drift,period_qa,,diagnostic_only; no_auto_accept; no_auto_split;single_day_segment_intentionally_accepted
212,212,1,5,20,136.420837,0.302711,0,accepted_single_day_segment,insufficient_points,data/derived/qa_212_v1/period_qa.csv,detector_wide_day_to_day_drift,period_qa,,diagnostic_only; no_auto_accept; no_auto_split;single_day_segment_intentionally_accepted
212,212,1,5,21,134.78273,0.297392,0,accepted_single_day_segment,insufficient_points,data/derived/qa_212_v1/period_qa.csv,detector_wide_day_to_day_drift,period_qa,,diagnostic_only; no_auto_accept; no_auto_split;single_day_segment_intentionally_accepted
212,212,1,5,22,138.707855,0.328492,0,accepted_single_day_segment,insufficient_points,data/derived/qa_212_v1/period_qa.csv,detector_wide_day_to_day_drift,period_qa,,diagnostic_only; no_auto_accept; no_auto_split;single_day_segment_intentionally_accepted
212,212,1,5,23,133.071793,0.349871,0,accepted_single_day_segment,insufficient_points,data/derived/qa_212_v1/period_qa.csv,detector_wide_day_to_day_drift,period_qa,,diagnostic_only; no_auto_accept; no_auto_split;single_day_segment_intentionally_accepted
212,212,1,5,24,135.940659,0.308799,0,accepted_single_day_segment,insufficient_points,data/derived/qa_212_v1/period_qa.csv,detector_wide_day_to_day_drift,period_qa,,diagnostic_only; no_auto_accept; no_auto_split;single_day_segment_intentionally_accepted
212,212,1,5,25,135.919662,0.316592,0,accepted_single_day_segment,insufficient_points,data/derived/qa_212_v1/period_qa.csv,detector_wide_day_to_day_drift,period_qa,,diagnostic_only; no_auto_accept; no_auto_split;single_day_segment_intentionally_accepted
212,212,1,5,26,135.291977,0.31734,0,accepted_single_day_segment,insufficient_points,data/derived/qa_212_v1/period_qa.csv,detector_wide_day_to_day_drift,period_qa,,diagnostic_only; no_auto_accept; no_auto_split;single_day_segment_intentionally_accepted
212,212,1,5,27,135.649643,0.342015,0,accepted_single_day_segment,insufficient_points,data/derived/qa_212_v1/period_qa.csv,detector_wide_day_to_day_drift,period_qa,,diagnostic_only; no_auto_accept; no_auto_split;single_day_segment_intentionally_accepted
212,212,1,5,28,138.100113,0.325176,0,accepted_single_day_segment,insufficient_points,data/derived/qa_212_v1/period_qa.csv,detector_wide_day_to_day_drift,period_qa,,diagnostic_only; no_auto_accept; no_auto_split;single_day_segment_intentionally_accepted
212,212,1,5,29,134.75293,0.355908,0,accepted_single_day_segment,insufficient_points,data/derived/qa_212_v1/period_qa.csv,detector_wide_day_to_day_drift,period_qa,,diagnostic_only; no_auto_accept; no_auto_split;single_day_segment_intentionally_accepted
212,212,1,5,30,136.352554,0.324952,0,accepted_single_day_segment,insufficient_points,data/derived/qa_212_v1/period_qa.csv,detector_wide_day_to_day_drift,period_qa,,diagnostic_only; no_auto_accept; no_auto_split;single_day_segment_intentionally_accepted
212,212,1,5,31,135.061691,0.328142,0,accepted_single_day_segment,insufficient_points,data/derived/qa_212_v1/period_qa.csv,detector_wide_day_to_day_drift,period_qa,,diagnostic_only; no_auto_accept; no_auto_split;single_day_segment_intentionally_accepted
212,212,1,6,1,100.711716,0.843821,0,accepted_single_day_segment,different_from_nominal;insufficient_points,data/derived/qa_212_v1/period_qa.csv,detector_wide_day_to_day_drift,period_qa,,diagnostic_only; no_auto_accept; no_auto_split;single_day_segment_intentionally_accepted
212,212,1,6,2,133.541306,0.297568,0,accepted_single_day_segment,insufficient_points,data/derived/qa_212_v1/period_qa.csv,detector_wide_day_to_day_drift,period_qa,,diagnostic_only; no_auto_accept; no_auto_split;single_day_segment_intentionally_accepted
212,212,1,6,3,135.166061,0.277916,0,accepted_single_day_segment,insufficient_points,data/derived/qa_212_v1/period_qa.csv,detector_wide_day_to_day_drift,period_qa,,diagnostic_only; no_auto_accept; no_auto_split;single_day_segment_intentionally_accepted
212,212,1,6,4,136.867813,0.249869,0,accepted_single_day_segment,insufficient_points,data/derived/qa_212_v1/period_qa.csv,detector_wide_day_to_day_drift,period_qa,,diagnostic_only; no_auto_accept; no_auto_split;single_day_segment_intentionally_accepted
212,212,1,6,5,135.142197,0.240487,0,accepted_single_day_segment,insufficient_points,data/derived/qa_212_v1/period_qa.csv,detector_wide_day_to_day_drift,period_qa,,diagnostic_only; no_auto_accept; no_auto_split;single_day_segment_intentionally_accepted
212,212,1,6,6,133.542938,0.236464,0,accepted_single_day_segment,insufficient_points,data/derived/qa_212_v1/period_qa.csv,detector_wide_day_to_day_drift,period_qa,,diagnostic_only; no_auto_accept; no_auto_split;single_day_segment_intentionally_accepted
212,212,1,6,7,135.256851,0.228012,0,accepted_single_day_segment,insufficient_points,data/derived/qa_212_v1/period_qa.csv,detector_wide_day_to_day_drift,period_qa,,diagnostic_only; no_auto_accept; no_auto_split;single_day_segment_intentionally_accepted
212,212,1,6,8,133.100403,0.2237,0,accepted_single_day_segment,insufficient_points,data/derived/qa_212_v1/period_qa.csv,detector_wide_day_to_day_drift,period_qa,,diagnostic_only; no_auto_accept; no_auto_split;single_day_segment_intentionally_accepted
212,212,1,6,9,136.523529,0.239568,0,accepted_single_day_segment,insufficient_points,data/derived/qa_212_v1/period_qa.csv,detector_wide_day_to_day_drift,period_qa,,diagnostic_only; no_auto_accept; no_auto_split;single_day_segment_intentionally_accepted
212,212,1,6,10,134.411789,0.250455,0,accepted_single_day_segment,insufficient_points,data/derived/qa_212_v1/period_qa.csv,detector_wide_day_to_day_drift,period_qa,,diagnostic_only; no_auto_accept; no_auto_split;single_day_segment_intentionally_accepted
212,212,1,6,11,137.656677,0.255448,0,accepted_single_day_segment,insufficient_points,data/derived/qa_212_v1/period_qa.csv,detector_wide_day_to_day_drift,period_qa,,diagnostic_only; no_auto_accept; no_auto_split;single_day_segment_intentionally_accepted
212,212,1,6,12,135.386673,0.257892,0,accepted_single_day_segment,insufficient_points,data/derived/qa_212_v1/period_qa.csv,detector_wide_day_to_day_drift,period_qa,,diagnostic_only; no_auto_accept; no_auto_split;single_day_segment_intentionally_accepted
212,212,1,6,13,135.10817,0.291624,0,accepted_single_day_segment,insufficient_points,data/derived/qa_212_v1/period_qa.csv,detector_wide_day_to_day_drift,period_qa,,diagnostic_only; no_auto_accept; no_auto_split;single_day_segment_intentionally_accepted
212,212,1,6,14,135.537781,0.246659,0,accepted_single_day_segment,insufficient_points,data/derived/qa_212_v1/period_qa.csv,detector_wide_day_to_day_drift,period_qa,,diagnostic_only; no_auto_accept; no_auto_split;single_day_segment_intentionally_accepted
212,212,1,6,15,135.008484,0.290736,0,accepted_single_day_segment,insufficient_points,data/derived/qa_212_v1/period_qa.csv,detector_wide_day_to_day_drift,period_qa,,diagnostic_only; no_auto_accept; no_auto_split;single_day_segment_intentionally_accepted
212,212,1,6,16,132.375381,0.24671,0,accepted_single_day_segment,insufficient_points,data/derived/qa_212_v1/period_qa.csv,detector_wide_day_to_day_drift,period_qa,,diagnostic_only; no_auto_accept; no_auto_split;single_day_segment_intentionally_accepted
212,212,1,6,17,132.855606,0.269529,0,accepted_single_day_segment,insufficient_points,data/derived/qa_212_v1/period_qa.csv,detector_wide_day_to_day_drift,period_qa,,diagnostic_only; no_auto_accept; no_auto_split;single_day_segment_intentionally_accepted
212,212,1,6,18,135.149765,0.268288,0,accepted_single_day_segment,insufficient_points,data/derived/qa_212_v1/period_qa.csv,detector_wide_day_to_day_drift,period_qa,,diagnostic_only; no_auto_accept; no_auto_split;single_day_segment_intentionally_accepted
212,212,1,6,19,137.255432,0.276763,0,accepted_single_day_segment,insufficient_points,data/derived/qa_212_v1/period_qa.csv,detector_wide_day_to_day_drift,period_qa,,diagnostic_only; no_auto_accept; no_auto_split;single_day_segment_intentionally_accepted
212,212,1,6,20,137.765762,0.259429,0,accepted_single_day_segment,insufficient_points,data/derived/qa_212_v1/period_qa.csv,detector_wide_day_to_day_drift,period_qa,,diagnostic_only; no_auto_accept; no_auto_split;single_day_segment_intentionally_accepted
212,212,1,6,21,137.509384,0.302482,0,accepted_single_day_segment,insufficient_points,data/derived/qa_212_v1/period_qa.csv,detector_wide_day_to_day_drift,period_qa,,diagnostic_only; no_auto_accept; no_auto_split;single_day_segment_intentionally_accepted
212,212,1,6,22,138.089569,0.275037,0,accepted_single_day_segment,insufficient_points,data/derived/qa_212_v1/period_qa.csv,detector_wide_day_to_day_drift,period_qa,,diagnostic_only; no_auto_accept; no_auto_split;single_day_segment_intentionally_accepted
212,212,1,6,23,135.403183,0.307936,0,accepted_single_day_segment,insufficient_points,data/derived/qa_212_v1/period_qa.csv,detector_wide_day_to_day_drift,period_qa,,diagnostic_only; no_auto_accept; no_auto_split;single_day_segment_intentionally_accepted
212,212,1,6,24,138.366791,0.27173,0,accepted_single_day_segment,insufficient_points,data/derived/qa_212_v1/period_qa.csv,detector_wide_day_to_day_drift,period_qa,,diagnostic_only; no_auto_accept; no_auto_split;single_day_segment_intentionally_accepted
212,212,1,6,25,134.732758,0.3151,0,accepted_single_day_segment,insufficient_points,data/derived/qa_212_v1/period_qa.csv,detector_wide_day_to_day_drift,period_qa,,diagnostic_only; no_auto_accept; no_auto_split;single_day_segment_intentionally_accepted
212,212,1,6,26,135.900146,0.257135,0,accepted_single_day_segment,insufficient_points,data/derived/qa_212_v1/period_qa.csv,detector_wide_day_to_day_drift,period_qa,,diagnostic_only; no_auto_accept; no_auto_split;single_day_segment_intentionally_accepted
212,212,1,6,27,136.186218,0.292389,0,accepted_single_day_segment,insufficient_points,data/derived/qa_212_v1/period_qa.csv,detector_wide_day_to_day_drift,period_qa,,diagnostic_only; no_auto_accept; no_auto_split;single_day_segment_intentionally_accepted
212,212,1,6,28,136.924927,0.268671,0,accepted_single_day_segment,insufficient_points,data/derived/qa_212_v1/period_qa.csv,detector_wide_day_to_day_drift,period_qa,,diagnostic_only; no_auto_accept; no_auto_split;single_day_segment_intentionally_accepted
212,212,1,6,29,135.341125,0.294108,0,accepted_single_day_segment,insufficient_points,data/derived/qa_212_v1/period_qa.csv,detector_wide_day_to_day_drift,period_qa,,diagnostic_only; no_auto_accept; no_auto_split;single_day_segment_intentionally_accepted
212,212,1,6,30,137.167999,0.284574,0,accepted_single_day_segment,insufficient_points,data/derived/qa_212_v1/period_qa.csv,detector_wide_day_to_day_drift,period_qa,,diagnostic_only; no_auto_accept; no_auto_split;single_day_segment_intentionally_accepted
212,212,1,6,31,135.532394,0.295158,0,accepted_single_day_segment,insufficient_points,data/derived/qa_212_v1/period_qa.csv,detector_wide_day_to_day_drift,period_qa,,diagnostic_only; no_auto_accept; no_auto_split;single_day_segment_intentionally_accepted
212,212,1,7,1,126.456841,0.48811,0,accepted_single_day_segment,insufficient_points,data/derived/qa_212_v1/period_qa.csv,detector_wide_day_to_day_drift,period_qa,,diagnostic_only; no_auto_accept; no_auto_split;single_day_segment_intentionally_accepted
212,212,1,7,2,131.652161,0.325334,0,accepted_single_day_segment,insufficient_points,data/derived/qa_212_v1/period_qa.csv,detector_wide_day_to_day_drift,period_qa,,diagnostic_only; no_auto_accept; no_auto_split;single_day_segment_intentionally_accepted
212,212,1,7,3,132.362411,0.329548,0,accepted_single_day_segment,insufficient_points,data/derived/qa_212_v1/period_qa.csv,detector_wide_day_to_day_drift,period_qa,,diagnostic_only; no_auto_accept; no_auto_split;single_day_segment_intentionally_accepted
212,212,1,7,4,132.184036,0.321459,0,accepted_single_day_segment,insufficient_points,data/derived/qa_212_v1/period_qa.csv,detector_wide_day_to_day_drift,period_qa,,diagnostic_only; no_auto_accept; no_auto_split;single_day_segment_intentionally_accepted
212,212,1,7,5,133.840607,0.247519,0,accepted_single_day_segment,insufficient_points,data/derived/qa_212_v1/period_qa.csv,detector_wide_day_to_day_drift,period_qa,,diagnostic_only; no_auto_accept; no_auto_split;single_day_segment_intentionally_accepted
212,212,1,7,6,131.235199,0.262179,0,accepted_single_day_segment,insufficient_points,data/derived/qa_212_v1/period_qa.csv,detector_wide_day_to_day_drift,period_qa,,diagnostic_only; no_auto_accept; no_auto_split;single_day_segment_intentionally_accepted
212,212,1,7,7,129.551193,0.244033,0,accepted_single_day_segment,insufficient_points,data/derived/qa_212_v1/period_qa.csv,detector_wide_day_to_day_drift,period_qa,,diagnostic_only; no_auto_accept; no_auto_split;single_day_segment_intentionally_accepted
212,212,1,7,8,130.660294,0.240229,0,accepted_single_day_segment,insufficient_points,data/derived/qa_212_v1/period_qa.csv,detector_wide_day_to_day_drift,period_qa,,diagnostic_only; no_auto_accept; no_auto_split;single_day_segment_intentionally_accepted
212,212,1,7,9,130.40538,0.22328,0,accepted_single_day_segment,insufficient_points,data/derived/qa_212_v1/period_qa.csv,detector_wide_day_to_day_drift,period_qa,,diagnostic_only; no_auto_accept; no_auto_split;single_day_segment_intentionally_accepted
212,212,1,7,10,133.748413,0.250942,0,accepted_single_day_segment,insufficient_points,data/derived/qa_212_v1/period_qa.csv,detector_wide_day_to_day_drift,period_qa,,diagnostic_only; no_auto_accept; no_auto_split;single_day_segment_intentionally_accepted
212,212,1,7,11,134.403488,0.24717,0,accepted_single_day_segment,insufficient_points,data/derived/qa_212_v1/period_qa.csv,detector_wide_day_to_day_drift,period_qa,,diagnostic_only; no_auto_accept; no_auto_split;single_day_segment_intentionally_accepted
212,212,1,7,12,134.561798,0.302878,0,accepted_single_day_segment,insufficient_points,data/derived/qa_212_v1/period_qa.csv,detector_wide_day_to_day_drift,period_qa,,diagnostic_only; no_auto_accept; no_auto_split;single_day_segment_intentionally_accepted
212,212,1,7,13,135.246979,0.266036,0,accepted_single_day_segment,insufficient_points,data/derived/qa_212_v1/period_qa.csv,detector_wide_day_to_day_drift,period_qa,,diagnostic_only; no_auto_accept; no_auto_split;single_day_segment_intentionally_accepted
212,212,1,7,14,129.896912,0.256552,0,accepted_single_day_segment,insufficient_points,data/derived/qa_212_v1/period_qa.csv,detector_wide_day_to_day_drift,period_qa,,diagnostic_only; no_auto_accept; no_auto_split;single_day_segment_intentionally_accepted
212,212,1,7,15,134.579208,0.244011,0,accepted_single_day_segment,insufficient_points,data/derived/qa_212_v1/period_qa.csv,detector_wide_day_to_day_drift,period_qa,,diagnostic_only; no_auto_accept; no_auto_split;single_day_segment_intentionally_accepted
212,212,1,7,16,132.326508,0.289583,0,accepted_single_day_segment,insufficient_points,data/derived/qa_212_v1/period_qa.csv,detector_wide_day_to_day_drift,period_qa,,diagnostic_only; no_auto_accept; no_auto_split;single_day_segment_intentionally_accepted
212,212,1,7,17,135.968109,0.249811,0,accepted_single_day_segment,insufficient_points,data/derived/qa_212_v1/period_qa.csv,detector_wide_day_to_day_drift,period_qa,,diagnostic_only; no_auto_accept; no_auto_split;single_day_segment_intentionally_accepted
212,212,1,7,18,131.834091,0.311985,0,accepted_single_day_segment,insufficient_points,data/derived/qa_212_v1/period_qa.csv,detector_wide_day_to_day_drift,period_qa,,diagnostic_only; no_auto_accept; no_auto_split;single_day_segment_intentionally_accepted
212,212,1,7,19,136.473221,0.261038,0,accepted_single_day_segment,insufficient_points,data/derived/qa_212_v1/period_qa.csv,detector_wide_day_to_day_drift,period_qa,,diagnostic_only; no_auto_accept; no_auto_split;single_day_segment_intentionally_accepted
212,212,1,7,20,134.851471,0.294445,0,accepted_single_day_segment,insufficient_points,data/derived/qa_212_v1/period_qa.csv,detector_wide_day_to_day_drift,period_qa,,diagnostic_only; no_auto_accept; no_auto_split;single_day_segment_intentionally_accepted
212,212,1,7,21,134.386887,0.25552,0,accepted_single_day_segment,insufficient_points,data/derived/qa_212_v1/period_qa.csv,detector_wide_day_to_day_drift,period_qa,,diagnostic_only; no_auto_accept; no_auto_split;single_day_segment_intentionally_accepted
212,212,1,7,22,134.276627,0.307875,0,accepted_single_day_segment,insufficient_points,data/derived/qa_212_v1/period_qa.csv,detector_wide_day_to_day_drift,period_qa,,diagnostic_only; no_auto_accept; no_auto_split;single_day_segment_intentionally_accepted
212,212,1,7,23,136.070068,0.258432,0,accepted_single_day_segment,insufficient_points,data/derived/qa_212_v1/period_qa.csv,detector_wide_day_to_day_drift,period_qa,,diagnostic_only; no_auto_accept; no_auto_split;single_day_segment_intentionally_accepted
212,212,1,7,24,136.27919,0.33245,0,accepted_single_day_segment,insufficient_points,data/derived/qa_212_v1/period_qa.csv,detector_wide_day_to_day_drift,period_qa,,diagnostic_only; no_auto_accept; no_auto_split;single_day_segment_intentionally_accepted
212,212,1,7,25,137.547302,0.283049,0,accepted_single_day_segment,insufficient_points,data/derived/qa_212_v1/period_qa.csv,detector_wide_day_to_day_drift,period_qa,,diagnostic_only; no_auto_accept; no_auto_split;single_day_segment_intentionally_accepted
212,212,1,7,26,133.543503,0.304317,0,accepted_single_day_segment,insufficient_points,data/derived/qa_212_v1/period_qa.csv,detector_wide_day_to_day_drift,period_qa,,diagnostic_only; no_auto_accept; no_auto_split;single_day_segment_intentionally_accepted
212,212,1,7,27,135.717468,0.257838,0,accepted_single_day_segment,insufficient_points,data/derived/qa_212_v1/period_qa.csv,detector_wide_day_to_day_drift,period_qa,,diagnostic_only; no_auto_accept; no_auto_split;single_day_segment_intentionally_accepted
212,212,1,7,28,133.88176,0.288599,0,accepted_single_day_segment,insufficient_points,data/derived/qa_212_v1/period_qa.csv,detector_wide_day_to_day_drift,period_qa,,diagnostic_only; no_auto_accept; no_auto_split;single_day_segment_intentionally_accepted
212,212,1,7,29,135.84938,0.293688,0,accepted_single_day_segment,insufficient_points,data/derived/qa_212_v1/period_qa.csv,detector_wide_day_to_day_drift,period_qa,,diagnostic_only; no_auto_accept; no_auto_split;single_day_segment_intentionally_accepted
212,212,1,7,30,135.263824,0.302116,0,accepted_single_day_segment,insufficient_points,data/derived/qa_212_v1/period_qa.csv,detector_wide_day_to_day_drift,period_qa,,diagnostic_only; no_auto_accept; no_auto_split;single_day_segment_intentionally_accepted
212,212,1,7,31,136.459763,0.306209,0,accepted_single_day_segment,insufficient_points,data/derived/qa_212_v1/period_qa.csv,detector_wide_day_to_day_drift,period_qa,,diagnostic_only; no_auto_accept; no_auto_split;single_day_segment_intentionally_accepted
212,212,1,8,1,143.520462,0.340185,0,accepted_single_day_segment,insufficient_points,data/derived/qa_212_v1/period_qa.csv,detector_wide_day_to_day_drift,period_qa,,diagnostic_only; no_auto_accept; no_auto_split;single_day_segment_intentionally_accepted
212,212,1,8,2,126.319801,0.311645,0,accepted_single_day_segment,insufficient_points,data/derived/qa_212_v1/period_qa.csv,detector_wide_day_to_day_drift,period_qa,,diagnostic_only; no_auto_accept; no_auto_split;single_day_segment_intentionally_accepted
212,212,1,8,3,114.46965,0.892712,0,accepted_single_day_segment,different_from_nominal;insufficient_points,data/derived/qa_212_v1/period_qa.csv,detector_wide_day_to_day_drift,period_qa,,diagnostic_only; no_auto_accept; no_auto_split;single_day_segment_intentionally_accepted
212,212,1,8,4,128.854736,0.270051,0,accepted_single_day_segment,insufficient_points,data/derived/qa_212_v1/period_qa.csv,detector_wide_day_to_day_drift,period_qa,,diagnostic_only; no_auto_accept; no_auto_split;single_day_segment_intentionally_accepted
212,212,1,8,5,121.86377,0.279567,0,accepted_single_day_segment,insufficient_points,data/derived/qa_212_v1/period_qa.csv,detector_wide_day_to_day_drift,period_qa,,diagnostic_only; no_auto_accept; no_auto_split;single_day_segment_intentionally_accepted
212,212,1,8,6,130.412735,0.251844,0,accepted_single_day_segment,insufficient_points,data/derived/qa_212_v1/period_qa.csv,detector_wide_day_to_day_drift,period_qa,,diagnostic_only; no_auto_accept; no_auto_split;single_day_segment_intentionally_accepted
212,212,1,8,7,130.505692,0.244068,0,accepted_single_day_segment,insufficient_points,data/derived/qa_212_v1/period_qa.csv,detector_wide_day_to_day_drift,period_qa,,diagnostic_only; no_auto_accept; no_auto_split;single_day_segment_intentionally_accepted
212,212,1,8,8,131.049271,0.238931,0,accepted_single_day_segment,insufficient_points,data/derived/qa_212_v1/period_qa.csv,detector_wide_day_to_day_drift,period_qa,,diagnostic_only; no_auto_accept; no_auto_split;single_day_segment_intentionally_accepted
212,212,1,8,9,131.170578,0.253773,0,accepted_single_day_segment,insufficient_points,data/derived/qa_212_v1/period_qa.csv,detector_wide_day_to_day_drift,period_qa,,diagnostic_only; no_auto_accept; no_auto_split;single_day_segment_intentionally_accepted
212,212,1,8,10,132.51619,0.266313,0,accepted_single_day_segment,insufficient_points,data/derived/qa_212_v1/period_qa.csv,detector_wide_day_to_day_drift,period_qa,,diagnostic_only; no_auto_accept; no_auto_split;single_day_segment_intentionally_accepted
212,212,1,8,11,135.431839,0.264493,0,accepted_single_day_segment,insufficient_points,data/derived/qa_212_v1/period_qa.csv,detector_wide_day_to_day_drift,period_qa,,diagnostic_only; no_auto_accept; no_auto_split;single_day_segment_intentionally_accepted
212,212,1,8,12,131.30452,0.253046,0,accepted_single_day_segment,insufficient_points,data/derived/qa_212_v1/period_qa.csv,detector_wide_day_to_day_drift,period_qa,,diagnostic_only; no_auto_accept; no_auto_split;single_day_segment_intentionally_accepted
212,212,1,8,13,133.914719,0.264522,0,accepted_single_day_segment,insufficient_points,data/derived/qa_212_v1/period_qa.csv,detector_wide_day_to_day_drift,period_qa,,diagnostic_only; no_auto_accept; no_auto_split;single_day_segment_intentionally_accepted
212,212,1,8,14,132.624847,0.262392,0,accepted_single_day_segment,insufficient_points,data/derived/qa_212_v1/period_qa.csv,detector_wide_day_to_day_drift,period_qa,,diagnostic_only; no_auto_accept; no_auto_split;single_day_segment_intentionally_accepted
212,212,1,8,15,133.730515,0.275395,0,accepted_single_day_segment,insufficient_points,data/derived/qa_212_v1/period_qa.csv,detector_wide_day_to_day_drift,period_qa,,diagnostic_only; no_auto_accept; no_auto_split;single_day_segment_intentionally_accepted
212,212,1,8,16,134.599426,0.267588,0,accepted_single_day_segment,insufficient_points,data/derived/qa_212_v1/period_qa.csv,detector_wide_day_to_day_drift,period_qa,,diagnostic_only; no_auto_accept; no_auto_split;single_day_segment_intentionally_accepted
212,212,1,8,17,138.072037,0.27485,0,accepted_single_day_segment,insufficient_points,data/derived/qa_212_v1/period_qa.csv,detector_wide_day_to_day_drift,period_qa,,diagnostic_only; no_auto_accept; no_auto_split;single_day_segment_intentionally_accepted
212,212,1,8,18,135.348053,0.289894,0,accepted_single_day_segment,insufficient_points,data/derived/qa_212_v1/period_qa.csv,detector_wide_day_to_day_drift,period_qa,,diagnostic_only; no_auto_accept; no_auto_split;single_day_segment_intentionally_accepted
212,212,1,8,19,132.980713,0.275122,0,accepted_single_day_segment,insufficient_points,data/derived/qa_212_v1/period_qa.csv,detector_wide_day_to_day_drift,period_qa,,diagnostic_only; no_auto_accept; no_auto_split;single_day_segment_intentionally_accepted
212,212,1,8,20,135.962479,0.295862,0,accepted_single_day_segment,insufficient_points,data/derived/qa_212_v1/period_qa.csv,detector_wide_day_to_day_drift,period_qa,,diagnostic_only; no_auto_accept; no_auto_split;single_day_segment_intentionally_accepted
212,212,1,8,21,134.077209,0.300536,0,accepted_single_day_segment,insufficient_points,data/derived/qa_212_v1/period_qa.csv,detector_wide_day_to_day_drift,period_qa,,diagnostic_only; no_auto_accept; no_auto_split;single_day_segment_intentionally_accepted
212,212,1,8,22,134.788055,0.311725,0,accepted_single_day_segment,insufficient_points,data/derived/qa_212_v1/period_qa.csv,detector_wide_day_to_day_drift,period_qa,,diagnostic_only; no_auto_accept; no_auto_split;single_day_segment_intentionally_accepted
212,212,1,8,23,136.120834,0.313713,0,accepted_single_day_segment,insufficient_points,data/derived/qa_212_v1/period_qa.csv,detector_wide_day_to_day_drift,period_qa,,diagnostic_only; no_auto_accept; no_auto_split;single_day_segment_intentionally_accepted
212,212,1,8,24,131.113708,0.363549,0,accepted_single_day_segment,insufficient_points,data/derived/qa_212_v1/period_qa.csv,detector_wide_day_to_day_drift,period_qa,,diagnostic_only; no_auto_accept; no_auto_split;single_day_segment_intentionally_accepted
212,212,1,8,25,129.165161,0.428257,0,accepted_single_day_segment,insufficient_points,data/derived/qa_212_v1/period_qa.csv,detector_wide_day_to_day_drift,period_qa,,diagnostic_only; no_auto_accept; no_auto_split;single_day_segment_intentionally_accepted
212,212,1,8,26,134.398407,0.362123,0,accepted_single_day_segment,insufficient_points,data/derived/qa_212_v1/period_qa.csv,detector_wide_day_to_day_drift,period_qa,,diagnostic_only; no_auto_accept; no_auto_split;single_day_segment_intentionally_accepted
212,212,1,8,27,135.776367,0.30266,0,accepted_single_day_segment,insufficient_points,data/derived/qa_212_v1/period_qa.csv,detector_wide_day_to_day_drift,period_qa,,diagnostic_only; no_auto_accept; no_auto_split;single_day_segment_intentionally_accepted
212,212,1,8,28,135.226227,0.346167,0,accepted_single_day_segment,insufficient_points,data/derived/qa_212_v1/period_qa.csv,detector_wide_day_to_day_drift,period_qa,,diagnostic_only; no_auto_accept; no_auto_split;single_day_segment_intentionally_accepted
212,212,1,8,29,134.934784,0.30564,0,accepted_single_day_segment,insufficient_points,data/derived/qa_212_v1/period_qa.csv,detector_wide_day_to_day_drift,period_qa,,diagnostic_only; no_auto_accept; no_auto_split;single_day_segment_intentionally_accepted
212,212,1,8,30,131.728836,0.300394,0,accepted_single_day_segment,insufficient_points,data/derived/qa_212_v1/period_qa.csv,detector_wide_day_to_day_drift,period_qa,,diagnostic_only; no_auto_accept; no_auto_split;single_day_segment_intentionally_accepted
212,212,1,8,31,131.715591,0.319033,0,accepted_single_day_segment,insufficient_points,data/derived/qa_212_v1/period_qa.csv,detector_wide_day_to_day_drift,period_qa,,diagnostic_only; no_auto_accept; no_auto_split;single_day_segment_intentionally_accepted
212,212,1,9,1,138.113968,0.353281,0,accepted_single_day_segment,insufficient_points,data/derived/qa_212_v1/period_qa.csv,detector_wide_day_to_day_drift,period_qa,,diagnostic_only; no_auto_accept; no_auto_split;single_day_segment_intentionally_accepted
212,212,1,9,2,97.122108,0.704654,0,accepted_single_day_segment,different_from_nominal;insufficient_points,data/derived/qa_212_v1/period_qa.csv,detector_wide_day_to_day_drift,period_qa,,diagnostic_only; no_auto_accept; no_auto_split;single_day_segment_intentionally_accepted
212,212,1,9,3,95.111176,0.698597,0,accepted_single_day_segment,different_from_nominal;insufficient_points,data/derived/qa_212_v1/period_qa.csv,detector_wide_day_to_day_drift,period_qa,,diagnostic_only; no_auto_accept; no_auto_split;single_day_segment_intentionally_accepted
212,212,1,9,4,91.286308,0.65198,0,accepted_single_day_segment,different_from_nominal;insufficient_points,data/derived/qa_212_v1/period_qa.csv,detector_wide_day_to_day_drift,period_qa,,diagnostic_only; no_auto_accept; no_auto_split;single_day_segment_intentionally_accepted
212,212,1,9,5,91.352638,0.614839,0,accepted_single_day_segment,different_from_nominal;insufficient_points,data/derived/qa_212_v1/period_qa.csv,detector_wide_day_to_day_drift,period_qa,,diagnostic_only; no_auto_accept; no_auto_split;single_day_segment_intentionally_accepted
212,212,1,9,6,129.267639,0.267643,0,accepted_single_day_segment,insufficient_points,data/derived/qa_212_v1/period_qa.csv,detector_wide_day_to_day_drift,period_qa,,diagnostic_only; no_auto_accept; no_auto_split;single_day_segment_intentionally_accepted
212,212,1,9,7,128.629791,0.287017,0,accepted_single_day_segment,insufficient_points,data/derived/qa_212_v1/period_qa.csv,detector_wide_day_to_day_drift,period_qa,,diagnostic_only; no_auto_accept; no_auto_split;single_day_segment_intentionally_accepted
212,212,1,9,8,130.013367,0.25751,0,accepted_single_day_segment,insufficient_points,data/derived/qa_212_v1/period_qa.csv,detector_wide_day_to_day_drift,period_qa,,diagnostic_only; no_auto_accept; no_auto_split;single_day_segment_intentionally_accepted
212,212,1,9,9,131.4272,0.234634,0,accepted_single_day_segment,insufficient_points,data/derived/qa_212_v1/period_qa.csv,detector_wide_day_to_day_drift,period_qa,,diagnostic_only; no_auto_accept; no_auto_split;single_day_segment_intentionally_accepted
212,212,1,9,10,116.405289,0.302233,0,accepted_single_day_segment,different_from_nominal;insufficient_points,data/derived/qa_212_v1/period_qa.csv,detector_wide_day_to_day_drift,period_qa,,diagnostic_only; no_auto_accept; no_auto_split;single_day_segment_intentionally_accepted
212,212,1,9,11,121.31752,0.281781,0,accepted_single_day_segment,insufficient_points,data/derived/qa_212_v1/period_qa.csv,detector_wide_day_to_day_drift,period_qa,,diagnostic_only; no_auto_accept; no_auto_split;single_day_segment_intentionally_accepted
212,212,1,9,12,128.614731,0.29764,0,accepted_single_day_segment,insufficient_points,data/derived/qa_212_v1/period_qa.csv,detector_wide_day_to_day_drift,period_qa,,diagnostic_only; no_auto_accept; no_auto_split;single_day_segment_intentionally_accepted
212,212,1,9,13,107.609909,0.5281,0,accepted_single_day_segment,different_from_nominal;insufficient_points,data/derived/qa_212_v1/period_qa.csv,detector_wide_day_to_day_drift,period_qa,,diagnostic_only; no_auto_accept; no_auto_split;single_day_segment_intentionally_accepted
212,212,1,9,14,120.732979,0.320193,0,accepted_single_day_segment,insufficient_points,data/derived/qa_212_v1/period_qa.csv,detector_wide_day_to_day_drift,period_qa,,diagnostic_only; no_auto_accept; no_auto_split;single_day_segment_intentionally_accepted
212,212,1,9,15,118.554604,0.310187,0,accepted_single_day_segment,different_from_nominal;insufficient_points,data/derived/qa_212_v1/period_qa.csv,detector_wide_day_to_day_drift,period_qa,,diagnostic_only; no_auto_accept; no_auto_split;single_day_segment_intentionally_accepted
212,212,1,9,16,112.271255,0.010043,0,accepted_single_day_segment,different_from_nominal;insufficient_points,data/derived/qa_212_v1/period_qa.csv,detector_wide_day_to_day_drift,period_qa,,diagnostic_only; no_auto_accept; no_auto_split;single_day_segment_intentionally_accepted
212,212,1,9,17,120.57737,0.009634,0,accepted_single_day_segment,insufficient_points,data/derived/qa_212_v1/period_qa.csv,detector_wide_day_to_day_drift,period_qa,,diagnostic_only; no_auto_accept; no_auto_split;single_day_segment_intentionally_accepted
212,212,1,9,18,120.950394,0.009137,0,accepted_single_day_segment,insufficient_points,data/derived/qa_212_v1/period_qa.csv,detector_wide_day_to_day_drift,period_qa,,diagnostic_only; no_auto_accept; no_auto_split;single_day_segment_intentionally_accepted
212,212,1,9,19,116.21344,0.009115,0,accepted_single_day_segment,different_from_nominal;insufficient_points,data/derived/qa_212_v1/period_qa.csv,detector_wide_day_to_day_drift,period_qa,,diagnostic_only; no_auto_accept; no_auto_split;single_day_segment_intentionally_accepted
212,212,1,9,20,119.763458,0.009288,0,accepted_single_day_segment,different_from_nominal;insufficient_points,data/derived/qa_212_v1/period_qa.csv,detector_wide_day_to_day_drift,period_qa,,diagnostic_only; no_auto_accept; no_auto_split;single_day_segment_intentionally_accepted
212,212,1,9,21,123.866295,0.010673,0,accepted_single_day_segment,insufficient_points,data/derived/qa_212_v1/period_qa.csv,detector_wide_day_to_day_drift,period_qa,,diagnostic_only; no_auto_accept; no_auto_split;single_day_segment_intentionally_accepted
212,212,1,9,22,115.090088,0.010537,0,accepted_single_day_segment,different_from_nominal;insufficient_points,data/derived/qa_212_v1/period_qa.csv,detector_wide_day_to_day_drift,period_qa,,diagnostic_only; no_auto_accept; no_auto_split;single_day_segment_intentionally_accepted
212,212,1,9,23,120.716347,0.010923,0,accepted_single_day_segment,insufficient_points,data/derived/qa_212_v1/period_qa.csv,detector_wide_day_to_day_drift,period_qa,,diagnostic_only; no_auto_accept; no_auto_split;single_day_segment_intentionally_accepted
212,212,1,9,24,130.341049,0.38443,0,accepted_single_day_segment,insufficient_points,data/derived/qa_212_v1/period_qa.csv,detector_wide_day_to_day_drift,period_qa,,diagnostic_only; no_auto_accept; no_auto_split;single_day_segment_intentionally_accepted
212,212,1,9,25,131.182632,0.414017,0,accepted_single_day_segment,insufficient_points,data/derived/qa_212_v1/period_qa.csv,detector_wide_day_to_day_drift,period_qa,,diagnostic_only; no_auto_accept; no_auto_split;single_day_segment_intentionally_accepted
212,212,1,9,26,136.661285,0.317753,0,accepted_single_day_segment,insufficient_points,data/derived/qa_212_v1/period_qa.csv,detector_wide_day_to_day_drift,period_qa,,diagnostic_only; no_auto_accept; no_auto_split;single_day_segment_intentionally_accepted
212,212,1,9,27,136.970444,0.315661,0,accepted_single_day_segment,insufficient_points,data/derived/qa_212_v1/period_qa.csv,detector_wide_day_to_day_drift,period_qa,,diagnostic_only; no_auto_accept; no_auto_split;single_day_segment_intentionally_accepted
212,212,1,9,28,137.409058,0.333724,0,accepted_single_day_segment,insufficient_points,data/derived/qa_212_v1/period_qa.csv,detector_wide_day_to_day_drift,period_qa,,diagnostic_only; no_auto_accept; no_auto_split;single_day_segment_intentionally_accepted
212,212,1,9,29,135.044022,0.36086,0,accepted_single_day_segment,insufficient_points,data/derived/qa_212_v1/period_qa.csv,detector_wide_day_to_day_drift,period_qa,,diagnostic_only; no_auto_accept; no_auto_split;single_day_segment_intentionally_accepted
212,212,1,9,30,135.132309,0.370211,0,accepted_single_day_segment,insufficient_points,data/derived/qa_212_v1/period_qa.csv,detector_wide_day_to_day_drift,period_qa,,diagnostic_only; no_auto_accept; no_auto_split;single_day_segment_intentionally_accepted
212,212,1,9,31,132.943085,0.326659,0,accepted_single_day_segment,insufficient_points,data/derived/qa_212_v1/period_qa.csv,detector_wide_day_to_day_drift,period_qa,,diagnostic_only; no_auto_accept; no_auto_split;single_day_segment_intentionally_accepted
212,212,1,10,1,132.827423,0.311568,0,accepted_single_day_segment,insufficient_points,data/derived/qa_212_v1/period_qa.csv,detector_wide_day_to_day_drift,period_qa,,diagnostic_only; no_auto_accept; no_auto_split;single_day_segment_intentionally_accepted
212,212,1,10,2,99.864082,0.726844,0,accepted_single_day_segment,different_from_nominal;insufficient_points,data/derived/qa_212_v1/period_qa.csv,detector_wide_day_to_day_drift,period_qa,,diagnostic_only; no_auto_accept; no_auto_split;single_day_segment_intentionally_accepted
212,212,1,10,3,101.528198,0.759575,0,accepted_single_day_segment,different_from_nominal;insufficient_points,data/derived/qa_212_v1/period_qa.csv,detector_wide_day_to_day_drift,period_qa,,diagnostic_only; no_auto_accept; no_auto_split;single_day_segment_intentionally_accepted
212,212,1,10,4,98.98867,0.588796,0,accepted_single_day_segment,different_from_nominal;insufficient_points,data/derived/qa_212_v1/period_qa.csv,detector_wide_day_to_day_drift,period_qa,,diagnostic_only; no_auto_accept; no_auto_split;single_day_segment_intentionally_accepted
212,212,1,10,5,91.965973,0.588057,0,accepted_single_day_segment,different_from_nominal;insufficient_points,data/derived/qa_212_v1/period_qa.csv,detector_wide_day_to_day_drift,period_qa,,diagnostic_only; no_auto_accept; no_auto_split;single_day_segment_intentionally_accepted
212,212,1,10,6,132.902512,0.258268,0,accepted_single_day_segment,insufficient_points,data/derived/qa_212_v1/period_qa.csv,detector_wide_day_to_day_drift,period_qa,,diagnostic_only; no_auto_accept; no_auto_split;single_day_segment_intentionally_accepted
212,212,1,10,7,131.01387,0.271375,0,accepted_single_day_segment,insufficient_points,data/derived/qa_212_v1/period_qa.csv,detector_wide_day_to_day_drift,period_qa,,diagnostic_only; no_auto_accept; no_auto_split;single_day_segment_intentionally_accepted
212,212,1,10,8,131.504364,0.255557,0,accepted_single_day_segment,insufficient_points,data/derived/qa_212_v1/period_qa.csv,detector_wide_day_to_day_drift,period_qa,,diagnostic_only; no_auto_accept; no_auto_split;single_day_segment_intentionally_accepted
212,212,1,10,9,131.071945,0.242102,0,accepted_single_day_segment,insufficient_points,data/derived/qa_212_v1/period_qa.csv,detector_wide_day_to_day_drift,period_qa,,diagnostic_only; no_auto_accept; no_auto_split;single_day_segment_intentionally_accepted
212,212,1,10,10,119.982285,0.304301,0,accepted_single_day_segment,different_from_nominal;insufficient_points,data/derived/qa_212_v1/period_qa.csv,detector_wide_day_to_day_drift,period_qa,,diagnostic_only; no_auto_accept; no_auto_split;single_day_segment_intentionally_accepted
212,212,1,10,11,121.55484,0.279285,0,accepted_single_day_segment,insufficient_points,data/derived/qa_212_v1/period_qa.csv,detector_wide_day_to_day_drift,period_qa,,diagnostic_only; no_auto_accept; no_auto_split;single_day_segment_intentionally_accepted
212,212,1,10,12,135.424057,0.27925,0,accepted_single_day_segment,insufficient_points,data/derived/qa_212_v1/period_qa.csv,detector_wide_day_to_day_drift,period_qa,,diagnostic_only; no_auto_accept; no_auto_split;single_day_segment_intentionally_accepted
212,212,1,10,13,124.963509,0.304284,0,accepted_single_day_segment,insufficient_points,data/derived/qa_212_v1/period_qa.csv,detector_wide_day_to_day_drift,period_qa,,diagnostic_only; no_auto_accept; no_auto_split;single_day_segment_intentionally_accepted
212,212,1,10,14,122.123611,0.30955,0,accepted_single_day_segment,insufficient_points,data/derived/qa_212_v1/period_qa.csv,detector_wide_day_to_day_drift,period_qa,,diagnostic_only; no_auto_accept; no_auto_split;single_day_segment_intentionally_accepted
212,212,1,10,15,128.382584,0.298534,0,accepted_single_day_segment,insufficient_points,data/derived/qa_212_v1/period_qa.csv,detector_wide_day_to_day_drift,period_qa,,diagnostic_only; no_auto_accept; no_auto_split;single_day_segment_intentionally_accepted
212,212,1,10,16,126.886353,0.009589,0,accepted_single_day_segment,insufficient_points,data/derived/qa_212_v1/period_qa.csv,detector_wide_day_to_day_drift,period_qa,,diagnostic_only; no_auto_accept; no_auto_split;single_day_segment_intentionally_accepted
212,212,1,10,17,127.298973,0.010756,0,accepted_single_day_segment,insufficient_points,data/derived/qa_212_v1/period_qa.csv,detector_wide_day_to_day_drift,period_qa,,diagnostic_only; no_auto_accept; no_auto_split;single_day_segment_intentionally_accepted
212,212,1,10,18,120.291862,0.010736,0,accepted_single_day_segment,insufficient_points,data/derived/qa_212_v1/period_qa.csv,detector_wide_day_to_day_drift,period_qa,,diagnostic_only; no_auto_accept; no_auto_split;single_day_segment_intentionally_accepted
212,212,1,10,19,138.081131,0.351747,-137.5,manual_db_override,insufficient_points,data/derived/qa_212_v1/period_qa.csv,pedestal_shift_requires_nonzero_offset,manual_db_override,ADCspectraFix_Day212_EW1_PP10_TT19_PedSub_20260917.pdf,automatic_fit_failed_old_mpv=145.956238;automatic_fit_old_error=1063687104.0;pedestal_mode=137.5;pedestal_core_centroid=139.511;pedestal_fwhm=7;mip_like_peak=272.5;mip_like_fwhm=115;fit_start_60_70_stable;accepted_fit_start=70;chi2_ndf=3.28;higher_fit_start_drift_observed
212,212,1,10,20,10637006.0,1.414214,0,accepted_single_day_segment,different_from_nominal;insufficient_points,data/derived/qa_212_v1/period_qa.csv,detector_wide_day_to_day_drift,period_qa,,diagnostic_only; no_auto_accept; no_auto_split;single_day_segment_intentionally_accepted
212,212,1,10,21,147.133499,0.000274,0,accepted_single_day_segment,insufficient_points,data/derived/qa_212_v1/period_qa.csv,detector_wide_day_to_day_drift,period_qa,,diagnostic_only; no_auto_accept; no_auto_split;single_day_segment_intentionally_accepted
212,212,1,10,22,129.90007,0.009065,0,accepted_single_day_segment,insufficient_points,data/derived/qa_212_v1/period_qa.csv,detector_wide_day_to_day_drift,period_qa,,diagnostic_only; no_auto_accept; no_auto_split;single_day_segment_intentionally_accepted
212,212,1,10,23,124.508766,0.01035,0,accepted_single_day_segment,insufficient_points,data/derived/qa_212_v1/period_qa.csv,detector_wide_day_to_day_drift,period_qa,,diagnostic_only; no_auto_accept; no_auto_split;single_day_segment_intentionally_accepted
212,212,1,10,24,135.996613,0.33516,0,accepted_single_day_segment,insufficient_points,data/derived/qa_212_v1/period_qa.csv,detector_wide_day_to_day_drift,period_qa,,diagnostic_only; no_auto_accept; no_auto_split;single_day_segment_intentionally_accepted
212,212,1,10,25,136.981796,0.325148,0,accepted_single_day_segment,insufficient_points,data/derived/qa_212_v1/period_qa.csv,detector_wide_day_to_day_drift,period_qa,,diagnostic_only; no_auto_accept; no_auto_split;single_day_segment_intentionally_accepted
212,212,1,10,26,131.41861,0.367312,0,accepted_single_day_segment,insufficient_points,data/derived/qa_212_v1/period_qa.csv,detector_wide_day_to_day_drift,period_qa,,diagnostic_only; no_auto_accept; no_auto_split;single_day_segment_intentionally_accepted
212,212,1,10,27,139.547775,0.359231,0,accepted_single_day_segment,insufficient_points,data/derived/qa_212_v1/period_qa.csv,detector_wide_day_to_day_drift,period_qa,,diagnostic_only; no_auto_accept; no_auto_split;single_day_segment_intentionally_accepted
212,212,1,10,28,134.588821,0.310627,0,accepted_single_day_segment,insufficient_points,data/derived/qa_212_v1/period_qa.csv,detector_wide_day_to_day_drift,period_qa,,diagnostic_only; no_auto_accept; no_auto_split;single_day_segment_intentionally_accepted
212,212,1,10,29,133.144699,0.357736,0,accepted_single_day_segment,insufficient_points,data/derived/qa_212_v1/period_qa.csv,detector_wide_day_to_day_drift,period_qa,,diagnostic_only; no_auto_accept; no_auto_split;single_day_segment_intentionally_accepted
212,212,1,10,30,134.806732,0.320128,0,accepted_single_day_segment,insufficient_points,data/derived/qa_212_v1/period_qa.csv,detector_wide_day_to_day_drift,period_qa,,diagnostic_only; no_auto_accept; no_auto_split;single_day_segment_intentionally_accepted
212,212,1,10,31,135.217697,0.377299,0,accepted_single_day_segment,insufficient_points,data/derived/qa_212_v1/period_qa.csv,detector_wide_day_to_day_drift,period_qa,,diagnostic_only; no_auto_accept; no_auto_split;single_day_segment_intentionally_accepted
212,212,1,11,1,138.300842,0.305802,0,accepted_single_day_segment,insufficient_points,data/derived/qa_212_v1/period_qa.csv,detector_wide_day_to_day_drift,period_qa,,diagnostic_only; no_auto_accept; no_auto_split;single_day_segment_intentionally_accepted
212,212,1,11,2,94.694168,0.587266,0,accepted_single_day_segment,different_from_nominal;insufficient_points,data/derived/qa_212_v1/period_qa.csv,detector_wide_day_to_day_drift,period_qa,,diagnostic_only; no_auto_accept; no_auto_split;single_day_segment_intentionally_accepted
212,212,1,11,3,94.334007,0.58486,0,accepted_single_day_segment,different_from_nominal;insufficient_points,data/derived/qa_212_v1/period_qa.csv,detector_wide_day_to_day_drift,period_qa,,diagnostic_only; no_auto_accept; no_auto_split;single_day_segment_intentionally_accepted
212,212,1,11,4,91.757828,0.598153,0,accepted_single_day_segment,different_from_nominal;insufficient_points,data/derived/qa_212_v1/period_qa.csv,detector_wide_day_to_day_drift,period_qa,,diagnostic_only; no_auto_accept; no_auto_split;single_day_segment_intentionally_accepted
212,212,1,11,5,92.308334,0.561915,0,accepted_single_day_segment,different_from_nominal;insufficient_points,data/derived/qa_212_v1/period_qa.csv,detector_wide_day_to_day_drift,period_qa,,diagnostic_only; no_auto_accept; no_auto_split;single_day_segment_intentionally_accepted
212,212,1,11,6,129.979263,0.268136,0,accepted_single_day_segment,insufficient_points,data/derived/qa_212_v1/period_qa.csv,detector_wide_day_to_day_drift,period_qa,,diagnostic_only; no_auto_accept; no_auto_split;single_day_segment_intentionally_accepted
212,212,1,11,7,130.093414,0.243852,0,accepted_single_day_segment,insufficient_points,data/derived/qa_212_v1/period_qa.csv,detector_wide_day_to_day_drift,period_qa,,diagnostic_only; no_auto_accept; no_auto_split;single_day_segment_intentionally_accepted
212,212,1,11,8,130.912384,0.236864,0,accepted_single_day_segment,insufficient_points,data/derived/qa_212_v1/period_qa.csv,detector_wide_day_to_day_drift,period_qa,,diagnostic_only; no_auto_accept; no_auto_split;single_day_segment_intentionally_accepted
212,212,1,11,9,131.089844,0.232156,0,accepted_single_day_segment,insufficient_points,data/derived/qa_212_v1/period_qa.csv,detector_wide_day_to_day_drift,period_qa,,diagnostic_only; no_auto_accept; no_auto_split;single_day_segment_intentionally_accepted
212,212,1,11,10,130.10231,0.260059,0,accepted_single_day_segment,insufficient_points,data/derived/qa_212_v1/period_qa.csv,detector_wide_day_to_day_drift,period_qa,,diagnostic_only; no_auto_accept; no_auto_split;single_day_segment_intentionally_accepted
212,212,1,11,11,134.914383,0.253639,0,accepted_single_day_segment,insufficient_points,data/derived/qa_212_v1/period_qa.csv,detector_wide_day_to_day_drift,period_qa,,diagnostic_only; no_auto_accept; no_auto_split;single_day_segment_intentionally_accepted
212,212,1,11,12,126.085068,0.277637,0,accepted_single_day_segment,insufficient_points,data/derived/qa_212_v1/period_qa.csv,detector_wide_day_to_day_drift,period_qa,,diagnostic_only; no_auto_accept; no_auto_split;single_day_segment_intentionally_accepted
212,212,1,11,13,125.52021,0.256185,0,accepted_single_day_segment,insufficient_points,data/derived/qa_212_v1/period_qa.csv,detector_wide_day_to_day_drift,period_qa,,diagnostic_only; no_auto_accept; no_auto_split;single_day_segment_intentionally_accepted
212,212,1,11,14,120.877518,0.259512,0,accepted_single_day_segment,insufficient_points,data/derived/qa_212_v1/period_qa.csv,detector_wide_day_to_day_drift,period_qa,,diagnostic_only; no_auto_accept; no_auto_split;single_day_segment_intentionally_accepted
212,212,1,11,15,137.528244,0.305866,0,accepted_single_day_segment,insufficient_points,data/derived/qa_212_v1/period_qa.csv,detector_wide_day_to_day_drift,period_qa,,diagnostic_only; no_auto_accept; no_auto_split;single_day_segment_intentionally_accepted
212,212,1,11,16,107.515167,0.006598,0,accepted_single_day_segment,different_from_nominal;insufficient_points,data/derived/qa_212_v1/period_qa.csv,detector_wide_day_to_day_drift,period_qa,,diagnostic_only; no_auto_accept; no_auto_split;single_day_segment_intentionally_accepted
212,212,1,11,17,114.821037,0.008216,0,accepted_single_day_segment,different_from_nominal;insufficient_points,data/derived/qa_212_v1/period_qa.csv,detector_wide_day_to_day_drift,period_qa,,diagnostic_only; no_auto_accept; no_auto_split;single_day_segment_intentionally_accepted
212,212,1,11,18,119.293892,0.007003,0,accepted_single_day_segment,different_from_nominal;insufficient_points,data/derived/qa_212_v1/period_qa.csv,detector_wide_day_to_day_drift,period_qa,,diagnostic_only; no_auto_accept; no_auto_split;single_day_segment_intentionally_accepted
212,212,1,11,19,118.368355,0.008038,0,accepted_single_day_segment,different_from_nominal;insufficient_points,data/derived/qa_212_v1/period_qa.csv,detector_wide_day_to_day_drift,period_qa,,diagnostic_only; no_auto_accept; no_auto_split;single_day_segment_intentionally_accepted
212,212,1,11,20,111.454819,0.00774,0,accepted_single_day_segment,different_from_nominal;insufficient_points,data/derived/qa_212_v1/period_qa.csv,detector_wide_day_to_day_drift,period_qa,,diagnostic_only; no_auto_accept; no_auto_split;single_day_segment_intentionally_accepted
212,212,1,11,21,109.975128,0.008127,0,accepted_single_day_segment,different_from_nominal;insufficient_points,data/derived/qa_212_v1/period_qa.csv,detector_wide_day_to_day_drift,period_qa,,diagnostic_only; no_auto_accept; no_auto_split;single_day_segment_intentionally_accepted
212,212,1,11,22,110.874962,0.007102,0,accepted_single_day_segment,different_from_nominal;insufficient_points,data/derived/qa_212_v1/period_qa.csv,detector_wide_day_to_day_drift,period_qa,,diagnostic_only; no_auto_accept; no_auto_split;single_day_segment_intentionally_accepted
212,212,1,11,23,118.13829,0.009165,0,accepted_single_day_segment,different_from_nominal;insufficient_points,data/derived/qa_212_v1/period_qa.csv,detector_wide_day_to_day_drift,period_qa,,diagnostic_only; no_auto_accept; no_auto_split;single_day_segment_intentionally_accepted
212,212,1,11,24,137.641602,0.310111,0,accepted_single_day_segment,insufficient_points,data/derived/qa_212_v1/period_qa.csv,detector_wide_day_to_day_drift,period_qa,,diagnostic_only; no_auto_accept; no_auto_split;single_day_segment_intentionally_accepted
212,212,1,11,25,132.753998,0.271456,0,accepted_single_day_segment,insufficient_points,data/derived/qa_212_v1/period_qa.csv,detector_wide_day_to_day_drift,period_qa,,diagnostic_only; no_auto_accept; no_auto_split;single_day_segment_intentionally_accepted
212,212,1,11,26,136.70369,0.30201,0,accepted_single_day_segment,insufficient_points,data/derived/qa_212_v1/period_qa.csv,detector_wide_day_to_day_drift,period_qa,,diagnostic_only; no_auto_accept; no_auto_split;single_day_segment_intentionally_accepted
212,212,1,11,27,136.255203,0.295526,0,accepted_single_day_segment,insufficient_points,data/derived/qa_212_v1/period_qa.csv,detector_wide_day_to_day_drift,period_qa,,diagnostic_only; no_auto_accept; no_auto_split;single_day_segment_intentionally_accepted
212,212,1,11,28,136.715805,0.328258,0,accepted_single_day_segment,insufficient_points,data/derived/qa_212_v1/period_qa.csv,detector_wide_day_to_day_drift,period_qa,,diagnostic_only; no_auto_accept; no_auto_split;single_day_segment_intentionally_accepted
212,212,1,11,29,133.140808,0.307399,0,accepted_single_day_segment,insufficient_points,data/derived/qa_212_v1/period_qa.csv,detector_wide_day_to_day_drift,period_qa,,diagnostic_only; no_auto_accept; no_auto_split;single_day_segment_intentionally_accepted
212,212,1,11,30,136.360352,0.29845,0,accepted_single_day_segment,insufficient_points,data/derived/qa_212_v1/period_qa.csv,detector_wide_day_to_day_drift,period_qa,,diagnostic_only; no_auto_accept; no_auto_split;single_day_segment_intentionally_accepted
212,212,1,11,31,134.452393,0.295541,0,accepted_single_day_segment,insufficient_points,data/derived/qa_212_v1/period_qa.csv,detector_wide_day_to_day_drift,period_qa,,diagnostic_only; no_auto_accept; no_auto_split;single_day_segment_intentionally_accepted
212,212,1,12,1,148.88504,0.482758,0,accepted_single_day_segment,insufficient_points,data/derived/qa_212_v1/period_qa.csv,detector_wide_day_to_day_drift,period_qa,,diagnostic_only; no_auto_accept; no_auto_split;single_day_segment_intentionally_accepted
212,212,1,12,2,115.936287,0.87431,0,accepted_single_day_segment,different_from_nominal;insufficient_points,data/derived/qa_212_v1/period_qa.csv,detector_wide_day_to_day_drift,period_qa,,diagnostic_only; no_auto_accept; no_auto_split;single_day_segment_intentionally_accepted
212,212,1,12,3,104.024971,0.754255,0,accepted_single_day_segment,different_from_nominal;insufficient_points,data/derived/qa_212_v1/period_qa.csv,detector_wide_day_to_day_drift,period_qa,,diagnostic_only; no_auto_accept; no_auto_split;single_day_segment_intentionally_accepted
212,212,1,12,4,92.348427,0.607665,0,accepted_single_day_segment,different_from_nominal;insufficient_points,data/derived/qa_212_v1/period_qa.csv,detector_wide_day_to_day_drift,period_qa,,diagnostic_only; no_auto_accept; no_auto_split;single_day_segment_intentionally_accepted
212,212,1,12,5,94.190048,0.65555,0,accepted_single_day_segment,different_from_nominal;insufficient_points,data/derived/qa_212_v1/period_qa.csv,detector_wide_day_to_day_drift,period_qa,,diagnostic_only; no_auto_accept; no_auto_split;single_day_segment_intentionally_accepted
212,212,1,12,6,132.550491,0.266447,0,accepted_single_day_segment,insufficient_points,data/derived/qa_212_v1/period_qa.csv,detector_wide_day_to_day_drift,period_qa,,diagnostic_only; no_auto_accept; no_auto_split;single_day_segment_intentionally_accepted
212,212,1,12,7,129.814224,0.283725,0,accepted_single_day_segment,insufficient_points,data/derived/qa_212_v1/period_qa.csv,detector_wide_day_to_day_drift,period_qa,,diagnostic_only; no_auto_accept; no_auto_split;single_day_segment_intentionally_accepted
212,212,1,12,8,131.301987,0.261788,0,accepted_single_day_segment,insufficient_points,data/derived/qa_212_v1/period_qa.csv,detector_wide_day_to_day_drift,period_qa,,diagnostic_only; no_auto_accept; no_auto_split;single_day_segment_intentionally_accepted
212,212,1,12,9,130.809982,0.273586,0,accepted_single_day_segment,insufficient_points,data/derived/qa_212_v1/period_qa.csv,detector_wide_day_to_day_drift,period_qa,,diagnostic_only; no_auto_accept; no_auto_split;single_day_segment_intentionally_accepted
212,212,1,12,10,135.429947,0.324656,0,accepted_single_day_segment,insufficient_points,data/derived/qa_212_v1/period_qa.csv,detector_wide_day_to_day_drift,period_qa,,diagnostic_only; no_auto_accept; no_auto_split;single_day_segment_intentionally_accepted
212,212,1,12,11,134.751862,0.288222,0,accepted_single_day_segment,insufficient_points,data/derived/qa_212_v1/period_qa.csv,detector_wide_day_to_day_drift,period_qa,,diagnostic_only; no_auto_accept; no_auto_split;single_day_segment_intentionally_accepted
212,212,1,12,12,144.903671,0.343866,0,accepted_single_day_segment,insufficient_points,data/derived/qa_212_v1/period_qa.csv,detector_wide_day_to_day_drift,period_qa,,diagnostic_only; no_auto_accept; no_auto_split;single_day_segment_intentionally_accepted
212,212,1,12,13,128.947128,0.339551,0,accepted_single_day_segment,insufficient_points,data/derived/qa_212_v1/period_qa.csv,detector_wide_day_to_day_drift,period_qa,,diagnostic_only; no_auto_accept; no_auto_split;single_day_segment_intentionally_accepted
212,212,1,12,14,163.280975,0.550443,0,accepted_single_day_segment,different_from_nominal;insufficient_points,data/derived/qa_212_v1/period_qa.csv,detector_wide_day_to_day_drift,period_qa,,diagnostic_only; no_auto_accept; no_auto_split;single_day_segment_intentionally_accepted
212,212,1,12,15,169.50853,0.639297,0,accepted_single_day_segment,different_from_nominal;insufficient_points,data/derived/qa_212_v1/period_qa.csv,detector_wide_day_to_day_drift,period_qa,,diagnostic_only; no_auto_accept; no_auto_split;single_day_segment_intentionally_accepted
212,212,1,12,16,120.3731,0.315873,0,accepted_single_day_segment,insufficient_points,data/derived/qa_212_v1/period_qa.csv,detector_wide_day_to_day_drift,period_qa,,diagnostic_only; no_auto_accept; no_auto_split;single_day_segment_intentionally_accepted
212,212,1,12,17,120.019905,0.28982,0,accepted_single_day_segment,insufficient_points,data/derived/qa_212_v1/period_qa.csv,detector_wide_day_to_day_drift,period_qa,,diagnostic_only; no_auto_accept; no_auto_split;single_day_segment_intentionally_accepted
212,212,1,12,18,122.86937,0.320428,0,accepted_single_day_segment,insufficient_points,data/derived/qa_212_v1/period_qa.csv,detector_wide_day_to_day_drift,period_qa,,diagnostic_only; no_auto_accept; no_auto_split;single_day_segment_intentionally_accepted
212,212,1,12,19,122.717049,0.30665,0,accepted_single_day_segment,insufficient_points,data/derived/qa_212_v1/period_qa.csv,detector_wide_day_to_day_drift,period_qa,,diagnostic_only; no_auto_accept; no_auto_split;single_day_segment_intentionally_accepted
212,212,1,12,20,125.336075,0.331319,0,accepted_single_day_segment,insufficient_points,data/derived/qa_212_v1/period_qa.csv,detector_wide_day_to_day_drift,period_qa,,diagnostic_only; no_auto_accept; no_auto_split;single_day_segment_intentionally_accepted
212,212,1,12,21,123.842476,0.325979,0,accepted_single_day_segment,insufficient_points,data/derived/qa_212_v1/period_qa.csv,detector_wide_day_to_day_drift,period_qa,,diagnostic_only; no_auto_accept; no_auto_split;single_day_segment_intentionally_accepted
212,212,1,12,22,129.720917,0.346797,0,accepted_single_day_segment,insufficient_points,data/derived/qa_212_v1/period_qa.csv,detector_wide_day_to_day_drift,period_qa,,diagnostic_only; no_auto_accept; no_auto_split;single_day_segment_intentionally_accepted
212,212,1,12,23,119.336632,0.349688,0,accepted_single_day_segment,different_from_nominal;insufficient_points,data/derived/qa_212_v1/period_qa.csv,detector_wide_day_to_day_drift,period_qa,,diagnostic_only; no_auto_accept; no_auto_split;single_day_segment_intentionally_accepted
212,212,1,12,24,132.59845,0.348271,0,accepted_single_day_segment,insufficient_points,data/derived/qa_212_v1/period_qa.csv,detector_wide_day_to_day_drift,period_qa,,diagnostic_only; no_auto_accept; no_auto_split;single_day_segment_intentionally_accepted
212,212,1,12,25,134.69957,0.361954,0,accepted_single_day_segment,insufficient_points,data/derived/qa_212_v1/period_qa.csv,detector_wide_day_to_day_drift,period_qa,,diagnostic_only; no_auto_accept; no_auto_split;single_day_segment_intentionally_accepted
212,212,1,12,26,133.708725,0.372855,0,accepted_single_day_segment,insufficient_points,data/derived/qa_212_v1/period_qa.csv,detector_wide_day_to_day_drift,period_qa,,diagnostic_only; no_auto_accept; no_auto_split;single_day_segment_intentionally_accepted
212,212,1,12,27,134.61235,0.364609,0,accepted_single_day_segment,insufficient_points,data/derived/qa_212_v1/period_qa.csv,detector_wide_day_to_day_drift,period_qa,,diagnostic_only; no_auto_accept; no_auto_split;single_day_segment_intentionally_accepted
212,212,1,12,28,134.425751,0.37725,0,accepted_single_day_segment,insufficient_points,data/derived/qa_212_v1/period_qa.csv,detector_wide_day_to_day_drift,period_qa,,diagnostic_only; no_auto_accept; no_auto_split;single_day_segment_intentionally_accepted
212,212,1,12,29,132.405457,0.381316,0,accepted_single_day_segment,insufficient_points,data/derived/qa_212_v1/period_qa.csv,detector_wide_day_to_day_drift,period_qa,,diagnostic_only; no_auto_accept; no_auto_split;single_day_segment_intentionally_accepted
212,212,1,12,30,134.494293,0.349664,0,accepted_single_day_segment,insufficient_points,data/derived/qa_212_v1/period_qa.csv,detector_wide_day_to_day_drift,period_qa,,diagnostic_only; no_auto_accept; no_auto_split;single_day_segment_intentionally_accepted
212,212,1,12,31,131.400436,0.373175,0,accepted_single_day_segment,insufficient_points,data/derived/qa_212_v1/period_qa.csv,detector_wide_day_to_day_drift,period_qa,,diagnostic_only; no_auto_accept; no_auto_split;single_day_segment_intentionally_accepted
213,213,0,1,1,106.289383,0.648356,0,accepted_single_day_segment,different_from_nominal;insufficient_points,data/derived/qa_213_v1/period_qa.csv,detector_wide_day_to_day_drift,period_qa,,diagnostic_only; no_auto_accept; no_auto_split;single_day_segment_intentionally_accepted
213,213,0,1,2,121.018738,0.389084,0,accepted_single_day_segment,insufficient_points,data/derived/qa_213_v1/period_qa.csv,detector_wide_day_to_day_drift,period_qa,,diagnostic_only; no_auto_accept; no_auto_split;single_day_segment_intentionally_accepted
213,213,0,1,3,102.636421,0.617048,0,accepted_single_day_segment,different_from_nominal;insufficient_points,data/derived/qa_213_v1/period_qa.csv,detector_wide_day_to_day_drift,period_qa,,diagnostic_only; no_auto_accept; no_auto_split;single_day_segment_intentionally_accepted
213,213,0,1,4,127.890732,0.181131,0,accepted_single_day_segment,insufficient_points,data/derived/qa_213_v1/period_qa.csv,detector_wide_day_to_day_drift,period_qa,,diagnostic_only; no_auto_accept; no_auto_split;single_day_segment_intentionally_accepted
213,213,0,1,5,118.241402,0.411319,0,accepted_single_day_segment,different_from_nominal;insufficient_points,data/derived/qa_213_v1/period_qa.csv,detector_wide_day_to_day_drift,period_qa,,diagnostic_only; no_auto_accept; no_auto_split;single_day_segment_intentionally_accepted
213,213,0,1,6,123.825562,0.184808,0,accepted_single_day_segment,insufficient_points,data/derived/qa_213_v1/period_qa.csv,detector_wide_day_to_day_drift,period_qa,,diagnostic_only; no_auto_accept; no_auto_split;single_day_segment_intentionally_accepted
213,213,0,1,7,116.592857,0.389232,0,accepted_single_day_segment,different_from_nominal;insufficient_points,data/derived/qa_213_v1/period_qa.csv,detector_wide_day_to_day_drift,period_qa,,diagnostic_only; no_auto_accept; no_auto_split;single_day_segment_intentionally_accepted
213,213,0,1,8,124.542625,0.124491,0,accepted_single_day_segment,insufficient_points,data/derived/qa_213_v1/period_qa.csv,detector_wide_day_to_day_drift,period_qa,,diagnostic_only; no_auto_accept; no_auto_split;single_day_segment_intentionally_accepted
213,213,0,1,9,123.781723,0.140367,0,accepted_single_day_segment,insufficient_points,data/derived/qa_213_v1/period_qa.csv,detector_wide_day_to_day_drift,period_qa,,diagnostic_only; no_auto_accept; no_auto_split;single_day_segment_intentionally_accepted
213,213,0,1,10,132.654724,0.133325,0,accepted_single_day_segment,insufficient_points,data/derived/qa_213_v1/period_qa.csv,detector_wide_day_to_day_drift,period_qa,,diagnostic_only; no_auto_accept; no_auto_split;single_day_segment_intentionally_accepted
213,213,0,1,11,131.134552,0.15129,0,accepted_single_day_segment,insufficient_points,data/derived/qa_213_v1/period_qa.csv,detector_wide_day_to_day_drift,period_qa,,diagnostic_only; no_auto_accept; no_auto_split;single_day_segment_intentionally_accepted
213,213,0,1,12,133.143372,0.146284,0,accepted_single_day_segment,insufficient_points,data/derived/qa_213_v1/period_qa.csv,detector_wide_day_to_day_drift,period_qa,,diagnostic_only; no_auto_accept; no_auto_split;single_day_segment_intentionally_accepted
213,213,0,1,13,131.790222,0.150904,0,accepted_single_day_segment,insufficient_points,data/derived/qa_213_v1/period_qa.csv,detector_wide_day_to_day_drift,period_qa,,diagnostic_only; no_auto_accept; no_auto_split;single_day_segment_intentionally_accepted
213,213,0,1,14,132.417206,0.150381,0,accepted_single_day_segment,insufficient_points,data/derived/qa_213_v1/period_qa.csv,detector_wide_day_to_day_drift,period_qa,,diagnostic_only; no_auto_accept; no_auto_split;single_day_segment_intentionally_accepted
213,213,0,1,15,132.500046,0.156041,0,accepted_single_day_segment,insufficient_points,data/derived/qa_213_v1/period_qa.csv,detector_wide_day_to_day_drift,period_qa,,diagnostic_only; no_auto_accept; no_auto_split;single_day_segment_intentionally_accepted
213,213,0,1,16,128.831833,0.124359,0,accepted_single_day_segment,insufficient_points,data/derived/qa_213_v1/period_qa.csv,detector_wide_day_to_day_drift,period_qa,,diagnostic_only; no_auto_accept; no_auto_split;single_day_segment_intentionally_accepted
213,213,0,1,17,129.639053,0.138281,0,accepted_single_day_segment,insufficient_points,data/derived/qa_213_v1/period_qa.csv,detector_wide_day_to_day_drift,period_qa,,diagnostic_only; no_auto_accept; no_auto_split;single_day_segment_intentionally_accepted
213,213,0,1,18,132.068588,0.126711,0,accepted_single_day_segment,insufficient_points,data/derived/qa_213_v1/period_qa.csv,detector_wide_day_to_day_drift,period_qa,,diagnostic_only; no_auto_accept; no_auto_split;single_day_segment_intentionally_accepted
213,213,0,1,19,128.102448,0.126106,0,accepted_single_day_segment,insufficient_points,data/derived/qa_213_v1/period_qa.csv,detector_wide_day_to_day_drift,period_qa,,diagnostic_only; no_auto_accept; no_auto_split;single_day_segment_intentionally_accepted
213,213,0,1,20,130.405807,0.12478,0,accepted_single_day_segment,insufficient_points,data/derived/qa_213_v1/period_qa.csv,detector_wide_day_to_day_drift,period_qa,,diagnostic_only; no_auto_accept; no_auto_split;single_day_segment_intentionally_accepted
213,213,0,1,21,130.067749,0.135025,0,accepted_single_day_segment,insufficient_points,data/derived/qa_213_v1/period_qa.csv,detector_wide_day_to_day_drift,period_qa,,diagnostic_only; no_auto_accept; no_auto_split;single_day_segment_intentionally_accepted
213,213,0,1,22,130.17981,0.134553,0,accepted_single_day_segment,insufficient_points,data/derived/qa_213_v1/period_qa.csv,detector_wide_day_to_day_drift,period_qa,,diagnostic_only; no_auto_accept; no_auto_split;single_day_segment_intentionally_accepted
213,213,0,1,23,131.178253,0.135062,0,accepted_single_day_segment,insufficient_points,data/derived/qa_213_v1/period_qa.csv,detector_wide_day_to_day_drift,period_qa,,diagnostic_only; no_auto_accept; no_auto_split;single_day_segment_intentionally_accepted
213,213,0,1,24,130.379501,0.160374,0,accepted_single_day_segment,insufficient_points,data/derived/qa_213_v1/period_qa.csv,detector_wide_day_to_day_drift,period_qa,,diagnostic_only; no_auto_accept; no_auto_split;single_day_segment_intentionally_accepted
213,213,0,1,25,131.205521,0.164383,0,accepted_single_day_segment,insufficient_points,data/derived/qa_213_v1/period_qa.csv,detector_wide_day_to_day_drift,period_qa,,diagnostic_only; no_auto_accept; no_auto_split;single_day_segment_intentionally_accepted
213,213,0,1,26,131.630066,0.163738,0,accepted_single_day_segment,insufficient_points,data/derived/qa_213_v1/period_qa.csv,detector_wide_day_to_day_drift,period_qa,,diagnostic_only; no_auto_accept; no_auto_split;single_day_segment_intentionally_accepted
213,213,0,1,27,132.495422,0.139408,0,accepted_single_day_segment,insufficient_points,data/derived/qa_213_v1/period_qa.csv,detector_wide_day_to_day_drift,period_qa,,diagnostic_only; no_auto_accept; no_auto_split;single_day_segment_intentionally_accepted
213,213,0,1,28,131.837845,0.179258,0,accepted_single_day_segment,insufficient_points,data/derived/qa_213_v1/period_qa.csv,detector_wide_day_to_day_drift,period_qa,,diagnostic_only; no_auto_accept; no_auto_split;single_day_segment_intentionally_accepted
213,213,0,1,29,132.765518,0.175932,0,accepted_single_day_segment,insufficient_points,data/derived/qa_213_v1/period_qa.csv,detector_wide_day_to_day_drift,period_qa,,diagnostic_only; no_auto_accept; no_auto_split;single_day_segment_intentionally_accepted
213,213,0,1,30,131.493011,0.158534,0,accepted_single_day_segment,insufficient_points,data/derived/qa_213_v1/period_qa.csv,detector_wide_day_to_day_drift,period_qa,,diagnostic_only; no_auto_accept; no_auto_split;single_day_segment_intentionally_accepted
213,213,0,1,31,132.912979,0.175984,0,accepted_single_day_segment,insufficient_points,data/derived/qa_213_v1/period_qa.csv,detector_wide_day_to_day_drift,period_qa,,diagnostic_only; no_auto_accept; no_auto_split;single_day_segment_intentionally_accepted
213,213,0,2,1,135.291641,0.192985,0,accepted_single_day_segment,insufficient_points,data/derived/qa_213_v1/period_qa.csv,detector_wide_day_to_day_drift,period_qa,,diagnostic_only; no_auto_accept; no_auto_split;single_day_segment_intentionally_accepted
213,213,0,2,2,130.281631,0.146474,0,accepted_single_day_segment,insufficient_points,data/derived/qa_213_v1/period_qa.csv,detector_wide_day_to_day_drift,period_qa,,diagnostic_only; no_auto_accept; no_auto_split;single_day_segment_intentionally_accepted
213,213,0,2,3,131.697479,0.158185,0,accepted_single_day_segment,insufficient_points,data/derived/qa_213_v1/period_qa.csv,detector_wide_day_to_day_drift,period_qa,,diagnostic_only; no_auto_accept; no_auto_split;single_day_segment_intentionally_accepted
213,213,0,2,4,129.670883,0.134666,0,accepted_single_day_segment,insufficient_points,data/derived/qa_213_v1/period_qa.csv,detector_wide_day_to_day_drift,period_qa,,diagnostic_only; no_auto_accept; no_auto_split;single_day_segment_intentionally_accepted
213,213,0,2,5,131.174026,0.130577,0,accepted_single_day_segment,insufficient_points,data/derived/qa_213_v1/period_qa.csv,detector_wide_day_to_day_drift,period_qa,,diagnostic_only; no_auto_accept; no_auto_split;single_day_segment_intentionally_accepted
213,213,0,2,6,130.35965,0.119939,0,accepted_single_day_segment,insufficient_points,data/derived/qa_213_v1/period_qa.csv,detector_wide_day_to_day_drift,period_qa,,diagnostic_only; no_auto_accept; no_auto_split;single_day_segment_intentionally_accepted
213,213,0,2,7,129.626877,0.120677,0,accepted_single_day_segment,insufficient_points,data/derived/qa_213_v1/period_qa.csv,detector_wide_day_to_day_drift,period_qa,,diagnostic_only; no_auto_accept; no_auto_split;single_day_segment_intentionally_accepted
213,213,0,2,8,129.976227,0.111807,0,accepted_single_day_segment,insufficient_points,data/derived/qa_213_v1/period_qa.csv,detector_wide_day_to_day_drift,period_qa,,diagnostic_only; no_auto_accept; no_auto_split;single_day_segment_intentionally_accepted
213,213,0,2,9,130.30452,0.112459,0,accepted_single_day_segment,insufficient_points,data/derived/qa_213_v1/period_qa.csv,detector_wide_day_to_day_drift,period_qa,,diagnostic_only; no_auto_accept; no_auto_split;single_day_segment_intentionally_accepted
213,213,0,2,10,134.839462,0.129387,0,accepted_single_day_segment,insufficient_points,data/derived/qa_213_v1/period_qa.csv,detector_wide_day_to_day_drift,period_qa,,diagnostic_only; no_auto_accept; no_auto_split;single_day_segment_intentionally_accepted
213,213,0,2,11,137.144714,0.130552,0,accepted_single_day_segment,insufficient_points,data/derived/qa_213_v1/period_qa.csv,detector_wide_day_to_day_drift,period_qa,,diagnostic_only; no_auto_accept; no_auto_split;single_day_segment_intentionally_accepted
213,213,0,2,12,136.080612,0.128652,0,accepted_single_day_segment,insufficient_points,data/derived/qa_213_v1/period_qa.csv,detector_wide_day_to_day_drift,period_qa,,diagnostic_only; no_auto_accept; no_auto_split;single_day_segment_intentionally_accepted
213,213,0,2,13,136.226364,0.136413,0,accepted_single_day_segment,insufficient_points,data/derived/qa_213_v1/period_qa.csv,detector_wide_day_to_day_drift,period_qa,,diagnostic_only; no_auto_accept; no_auto_split;single_day_segment_intentionally_accepted
213,213,0,2,14,136.969604,0.128132,0,accepted_single_day_segment,insufficient_points,data/derived/qa_213_v1/period_qa.csv,detector_wide_day_to_day_drift,period_qa,,diagnostic_only; no_auto_accept; no_auto_split;single_day_segment_intentionally_accepted
213,213,0,2,15,136.603394,0.132499,0,accepted_single_day_segment,insufficient_points,data/derived/qa_213_v1/period_qa.csv,detector_wide_day_to_day_drift,period_qa,,diagnostic_only; no_auto_accept; no_auto_split;single_day_segment_intentionally_accepted
213,213,0,2,16,134.231171,0.127779,0,accepted_single_day_segment,insufficient_points,data/derived/qa_213_v1/period_qa.csv,detector_wide_day_to_day_drift,period_qa,,diagnostic_only; no_auto_accept; no_auto_split;single_day_segment_intentionally_accepted
213,213,0,2,17,135.504807,0.125684,0,accepted_single_day_segment,insufficient_points,data/derived/qa_213_v1/period_qa.csv,detector_wide_day_to_day_drift,period_qa,,diagnostic_only; no_auto_accept; no_auto_split;single_day_segment_intentionally_accepted
213,213,0,2,18,133.368698,0.130236,0,accepted_single_day_segment,insufficient_points,data/derived/qa_213_v1/period_qa.csv,detector_wide_day_to_day_drift,period_qa,,diagnostic_only; no_auto_accept; no_auto_split;single_day_segment_intentionally_accepted
213,213,0,2,19,132.766617,0.128155,0,accepted_single_day_segment,insufficient_points,data/derived/qa_213_v1/period_qa.csv,detector_wide_day_to_day_drift,period_qa,,diagnostic_only; no_auto_accept; no_auto_split;single_day_segment_intentionally_accepted
213,213,0,2,20,136.289948,0.130139,0,accepted_single_day_segment,insufficient_points,data/derived/qa_213_v1/period_qa.csv,detector_wide_day_to_day_drift,period_qa,,diagnostic_only; no_auto_accept; no_auto_split;single_day_segment_intentionally_accepted
213,213,0,2,21,133.814743,0.132855,0,accepted_single_day_segment,insufficient_points,data/derived/qa_213_v1/period_qa.csv,detector_wide_day_to_day_drift,period_qa,,diagnostic_only; no_auto_accept; no_auto_split;single_day_segment_intentionally_accepted
213,213,0,2,22,135.356323,0.126306,0,accepted_single_day_segment,insufficient_points,data/derived/qa_213_v1/period_qa.csv,detector_wide_day_to_day_drift,period_qa,,diagnostic_only; no_auto_accept; no_auto_split;single_day_segment_intentionally_accepted
213,213,0,2,23,134.260544,0.13406,0,accepted_single_day_segment,insufficient_points,data/derived/qa_213_v1/period_qa.csv,detector_wide_day_to_day_drift,period_qa,,diagnostic_only; no_auto_accept; no_auto_split;single_day_segment_intentionally_accepted
213,213,0,2,24,136.02536,0.138077,0,accepted_single_day_segment,insufficient_points,data/derived/qa_213_v1/period_qa.csv,detector_wide_day_to_day_drift,period_qa,,diagnostic_only; no_auto_accept; no_auto_split;single_day_segment_intentionally_accepted
213,213,0,2,25,132.678299,0.133625,0,accepted_single_day_segment,insufficient_points,data/derived/qa_213_v1/period_qa.csv,detector_wide_day_to_day_drift,period_qa,,diagnostic_only; no_auto_accept; no_auto_split;single_day_segment_intentionally_accepted
213,213,0,2,26,137.862976,0.13719,0,accepted_single_day_segment,insufficient_points,data/derived/qa_213_v1/period_qa.csv,detector_wide_day_to_day_drift,period_qa,,diagnostic_only; no_auto_accept; no_auto_split;single_day_segment_intentionally_accepted
213,213,0,2,27,133.025772,0.135471,0,accepted_single_day_segment,insufficient_points,data/derived/qa_213_v1/period_qa.csv,detector_wide_day_to_day_drift,period_qa,,diagnostic_only; no_auto_accept; no_auto_split;single_day_segment_intentionally_accepted
213,213,0,2,28,135.543091,0.144857,0,accepted_single_day_segment,insufficient_points,data/derived/qa_213_v1/period_qa.csv,detector_wide_day_to_day_drift,period_qa,,diagnostic_only; no_auto_accept; no_auto_split;single_day_segment_intentionally_accepted
213,213,0,2,29,131.87825,0.144702,0,accepted_single_day_segment,insufficient_points,data/derived/qa_213_v1/period_qa.csv,detector_wide_day_to_day_drift,period_qa,,diagnostic_only; no_auto_accept; no_auto_split;single_day_segment_intentionally_accepted
213,213,0,2,30,134.13443,0.144657,0,accepted_single_day_segment,insufficient_points,data/derived/qa_213_v1/period_qa.csv,detector_wide_day_to_day_drift,period_qa,,diagnostic_only; no_auto_accept; no_auto_split;single_day_segment_intentionally_accepted
213,213,0,2,31,132.296188,0.142056,0,accepted_single_day_segment,insufficient_points,data/derived/qa_213_v1/period_qa.csv,detector_wide_day_to_day_drift,period_qa,,diagnostic_only; no_auto_accept; no_auto_split;single_day_segment_intentionally_accepted
213,213,0,3,1,130.757736,0.223457,0,accepted_single_day_segment,insufficient_points,data/derived/qa_213_v1/period_qa.csv,detector_wide_day_to_day_drift,period_qa,,diagnostic_only; no_auto_accept; no_auto_split;single_day_segment_intentionally_accepted
213,213,0,3,2,125.476578,0.243533,0,accepted_single_day_segment,insufficient_points,data/derived/qa_213_v1/period_qa.csv,detector_wide_day_to_day_drift,period_qa,,diagnostic_only; no_auto_accept; no_auto_split;single_day_segment_intentionally_accepted
213,213,0,3,3,126.355896,0.221566,0,accepted_single_day_segment,insufficient_points,data/derived/qa_213_v1/period_qa.csv,detector_wide_day_to_day_drift,period_qa,,diagnostic_only; no_auto_accept; no_auto_split;single_day_segment_intentionally_accepted
213,213,0,3,4,129.980392,0.134848,0,accepted_single_day_segment,insufficient_points,data/derived/qa_213_v1/period_qa.csv,detector_wide_day_to_day_drift,period_qa,,diagnostic_only; no_auto_accept; no_auto_split;single_day_segment_intentionally_accepted
213,213,0,3,5,130.404266,0.123581,0,accepted_single_day_segment,insufficient_points,data/derived/qa_213_v1/period_qa.csv,detector_wide_day_to_day_drift,period_qa,,diagnostic_only; no_auto_accept; no_auto_split;single_day_segment_intentionally_accepted
213,213,0,3,6,130.24379,0.119995,0,accepted_single_day_segment,insufficient_points,data/derived/qa_213_v1/period_qa.csv,detector_wide_day_to_day_drift,period_qa,,diagnostic_only; no_auto_accept; no_auto_split;single_day_segment_intentionally_accepted
213,213,0,3,7,127.519226,0.118236,0,accepted_single_day_segment,insufficient_points,data/derived/qa_213_v1/period_qa.csv,detector_wide_day_to_day_drift,period_qa,,diagnostic_only; no_auto_accept; no_auto_split;single_day_segment_intentionally_accepted
213,213,0,3,8,127.907112,0.119271,0,accepted_single_day_segment,insufficient_points,data/derived/qa_213_v1/period_qa.csv,detector_wide_day_to_day_drift,period_qa,,diagnostic_only; no_auto_accept; no_auto_split;single_day_segment_intentionally_accepted
213,213,0,3,9,129.355927,0.117649,0,accepted_single_day_segment,insufficient_points,data/derived/qa_213_v1/period_qa.csv,detector_wide_day_to_day_drift,period_qa,,diagnostic_only; no_auto_accept; no_auto_split;single_day_segment_intentionally_accepted
213,213,0,3,10,134.922424,0.1305,0,accepted_single_day_segment,insufficient_points,data/derived/qa_213_v1/period_qa.csv,detector_wide_day_to_day_drift,period_qa,,diagnostic_only; no_auto_accept; no_auto_split;single_day_segment_intentionally_accepted
213,213,0,3,11,137.276718,0.131285,0,accepted_single_day_segment,insufficient_points,data/derived/qa_213_v1/period_qa.csv,detector_wide_day_to_day_drift,period_qa,,diagnostic_only; no_auto_accept; no_auto_split;single_day_segment_intentionally_accepted
213,213,0,3,12,135.034744,0.126622,0,accepted_single_day_segment,insufficient_points,data/derived/qa_213_v1/period_qa.csv,detector_wide_day_to_day_drift,period_qa,,diagnostic_only; no_auto_accept; no_auto_split;single_day_segment_intentionally_accepted
213,213,0,3,13,134.770096,0.133293,0,accepted_single_day_segment,insufficient_points,data/derived/qa_213_v1/period_qa.csv,detector_wide_day_to_day_drift,period_qa,,diagnostic_only; no_auto_accept; no_auto_split;single_day_segment_intentionally_accepted
213,213,0,3,14,135.256149,0.127222,0,accepted_single_day_segment,insufficient_points,data/derived/qa_213_v1/period_qa.csv,detector_wide_day_to_day_drift,period_qa,,diagnostic_only; no_auto_accept; no_auto_split;single_day_segment_intentionally_accepted
213,213,0,3,15,136.023193,0.13276,0,accepted_single_day_segment,insufficient_points,data/derived/qa_213_v1/period_qa.csv,detector_wide_day_to_day_drift,period_qa,,diagnostic_only; no_auto_accept; no_auto_split;single_day_segment_intentionally_accepted
213,213,0,3,16,134.926987,0.123576,0,accepted_single_day_segment,insufficient_points,data/derived/qa_213_v1/period_qa.csv,detector_wide_day_to_day_drift,period_qa,,diagnostic_only; no_auto_accept; no_auto_split;single_day_segment_intentionally_accepted
213,213,0,3,17,137.135422,0.127295,0,accepted_single_day_segment,insufficient_points,data/derived/qa_213_v1/period_qa.csv,detector_wide_day_to_day_drift,period_qa,,diagnostic_only; no_auto_accept; no_auto_split;single_day_segment_intentionally_accepted
213,213,0,3,18,133.976028,0.128447,0,accepted_single_day_segment,insufficient_points,data/derived/qa_213_v1/period_qa.csv,detector_wide_day_to_day_drift,period_qa,,diagnostic_only; no_auto_accept; no_auto_split;single_day_segment_intentionally_accepted
213,213,0,3,19,135.43959,0.131378,0,accepted_single_day_segment,insufficient_points,data/derived/qa_213_v1/period_qa.csv,detector_wide_day_to_day_drift,period_qa,,diagnostic_only; no_auto_accept; no_auto_split;single_day_segment_intentionally_accepted
213,213,0,3,20,130.679962,0.129113,0,accepted_single_day_segment,insufficient_points,data/derived/qa_213_v1/period_qa.csv,detector_wide_day_to_day_drift,period_qa,,diagnostic_only; no_auto_accept; no_auto_split;single_day_segment_intentionally_accepted
213,213,0,3,21,133.491684,0.126517,0,accepted_single_day_segment,insufficient_points,data/derived/qa_213_v1/period_qa.csv,detector_wide_day_to_day_drift,period_qa,,diagnostic_only; no_auto_accept; no_auto_split;single_day_segment_intentionally_accepted
213,213,0,3,22,135.028778,0.134904,0,accepted_single_day_segment,insufficient_points,data/derived/qa_213_v1/period_qa.csv,detector_wide_day_to_day_drift,period_qa,,diagnostic_only; no_auto_accept; no_auto_split;single_day_segment_intentionally_accepted
213,213,0,3,23,134.884903,0.128847,0,accepted_single_day_segment,insufficient_points,data/derived/qa_213_v1/period_qa.csv,detector_wide_day_to_day_drift,period_qa,,diagnostic_only; no_auto_accept; no_auto_split;single_day_segment_intentionally_accepted
213,213,0,3,24,135.52652,0.145622,0,accepted_single_day_segment,insufficient_points,data/derived/qa_213_v1/period_qa.csv,detector_wide_day_to_day_drift,period_qa,,diagnostic_only; no_auto_accept; no_auto_split;single_day_segment_intentionally_accepted
213,213,0,3,25,135.33429,0.147781,0,accepted_single_day_segment,insufficient_points,data/derived/qa_213_v1/period_qa.csv,detector_wide_day_to_day_drift,period_qa,,diagnostic_only; no_auto_accept; no_auto_split;single_day_segment_intentionally_accepted
213,213,0,3,26,135.972,0.149522,0,accepted_single_day_segment,insufficient_points,data/derived/qa_213_v1/period_qa.csv,detector_wide_day_to_day_drift,period_qa,,diagnostic_only; no_auto_accept; no_auto_split;single_day_segment_intentionally_accepted
213,213,0,3,27,137.469406,0.150127,0,accepted_single_day_segment,insufficient_points,data/derived/qa_213_v1/period_qa.csv,detector_wide_day_to_day_drift,period_qa,,diagnostic_only; no_auto_accept; no_auto_split;single_day_segment_intentionally_accepted
213,213,0,3,28,136.773239,0.166552,0,accepted_single_day_segment,insufficient_points,data/derived/qa_213_v1/period_qa.csv,detector_wide_day_to_day_drift,period_qa,,diagnostic_only; no_auto_accept; no_auto_split;single_day_segment_intentionally_accepted
213,213,0,3,29,133.57074,0.155366,0,accepted_single_day_segment,insufficient_points,data/derived/qa_213_v1/period_qa.csv,detector_wide_day_to_day_drift,period_qa,,diagnostic_only; no_auto_accept; no_auto_split;single_day_segment_intentionally_accepted
213,213,0,3,30,133.649384,0.171058,0,accepted_single_day_segment,insufficient_points,data/derived/qa_213_v1/period_qa.csv,detector_wide_day_to_day_drift,period_qa,,diagnostic_only; no_auto_accept; no_auto_split;single_day_segment_intentionally_accepted
213,213,0,3,31,134.355942,0.157508,0,accepted_single_day_segment,insufficient_points,data/derived/qa_213_v1/period_qa.csv,detector_wide_day_to_day_drift,period_qa,,diagnostic_only; no_auto_accept; no_auto_split;single_day_segment_intentionally_accepted
213,213,0,4,1,137.206696,0.167331,0,accepted_single_day_segment,insufficient_points,data/derived/qa_213_v1/period_qa.csv,detector_wide_day_to_day_drift,period_qa,,diagnostic_only; no_auto_accept; no_auto_split;single_day_segment_intentionally_accepted
213,213,0,4,2,129.615112,0.153272,0,accepted_single_day_segment,insufficient_points,data/derived/qa_213_v1/period_qa.csv,detector_wide_day_to_day_drift,period_qa,,diagnostic_only; no_auto_accept; no_auto_split;single_day_segment_intentionally_accepted
213,213,0,4,3,130.428864,0.144093,0,accepted_single_day_segment,insufficient_points,data/derived/qa_213_v1/period_qa.csv,detector_wide_day_to_day_drift,period_qa,,diagnostic_only; no_auto_accept; no_auto_split;single_day_segment_intentionally_accepted
213,213,0,4,4,130.149429,0.146795,0,accepted_single_day_segment,insufficient_points,data/derived/qa_213_v1/period_qa.csv,detector_wide_day_to_day_drift,period_qa,,diagnostic_only; no_auto_accept; no_auto_split;single_day_segment_intentionally_accepted
213,213,0,4,5,132.464828,0.122518,0,accepted_single_day_segment,insufficient_points,data/derived/qa_213_v1/period_qa.csv,detector_wide_day_to_day_drift,period_qa,,diagnostic_only; no_auto_accept; no_auto_split;single_day_segment_intentionally_accepted
213,213,0,4,6,130.476913,0.132409,0,accepted_single_day_segment,insufficient_points,data/derived/qa_213_v1/period_qa.csv,detector_wide_day_to_day_drift,period_qa,,diagnostic_only; no_auto_accept; no_auto_split;single_day_segment_intentionally_accepted
213,213,0,4,7,132.743866,0.113594,0,accepted_single_day_segment,insufficient_points,data/derived/qa_213_v1/period_qa.csv,detector_wide_day_to_day_drift,period_qa,,diagnostic_only; no_auto_accept; no_auto_split;single_day_segment_intentionally_accepted
213,213,0,4,8,131.660675,0.112769,0,accepted_single_day_segment,insufficient_points,data/derived/qa_213_v1/period_qa.csv,detector_wide_day_to_day_drift,period_qa,,diagnostic_only; no_auto_accept; no_auto_split;single_day_segment_intentionally_accepted
213,213,0,4,9,130.07663,0.106032,0,accepted_single_day_segment,insufficient_points,data/derived/qa_213_v1/period_qa.csv,detector_wide_day_to_day_drift,period_qa,,diagnostic_only; no_auto_accept; no_auto_split;single_day_segment_intentionally_accepted
213,213,0,4,10,135.799896,0.12573,0,accepted_single_day_segment,insufficient_points,data/derived/qa_213_v1/period_qa.csv,detector_wide_day_to_day_drift,period_qa,,diagnostic_only; no_auto_accept; no_auto_split;single_day_segment_intentionally_accepted
213,213,0,4,11,138.678955,0.12176,0,accepted_single_day_segment,insufficient_points,data/derived/qa_213_v1/period_qa.csv,detector_wide_day_to_day_drift,period_qa,,diagnostic_only; no_auto_accept; no_auto_split;single_day_segment_intentionally_accepted
213,213,0,4,12,137.611084,0.136219,0,accepted_single_day_segment,insufficient_points,data/derived/qa_213_v1/period_qa.csv,detector_wide_day_to_day_drift,period_qa,,diagnostic_only; no_auto_accept; no_auto_split;single_day_segment_intentionally_accepted
213,213,0,4,13,135.583572,0.133829,0,accepted_single_day_segment,insufficient_points,data/derived/qa_213_v1/period_qa.csv,detector_wide_day_to_day_drift,period_qa,,diagnostic_only; no_auto_accept; no_auto_split;single_day_segment_intentionally_accepted
213,213,0,4,14,138.864243,0.141359,0,accepted_single_day_segment,insufficient_points,data/derived/qa_213_v1/period_qa.csv,detector_wide_day_to_day_drift,period_qa,,diagnostic_only; no_auto_accept; no_auto_split;single_day_segment_intentionally_accepted
213,213,0,4,15,136.594772,0.132203,0,accepted_single_day_segment,insufficient_points,data/derived/qa_213_v1/period_qa.csv,detector_wide_day_to_day_drift,period_qa,,diagnostic_only; no_auto_accept; no_auto_split;single_day_segment_intentionally_accepted
213,213,0,4,16,135.066971,0.120484,0,accepted_single_day_segment,insufficient_points,data/derived/qa_213_v1/period_qa.csv,detector_wide_day_to_day_drift,period_qa,,diagnostic_only; no_auto_accept; no_auto_split;single_day_segment_intentionally_accepted
213,213,0,4,17,134.040573,0.116376,0,accepted_single_day_segment,insufficient_points,data/derived/qa_213_v1/period_qa.csv,detector_wide_day_to_day_drift,period_qa,,diagnostic_only; no_auto_accept; no_auto_split;single_day_segment_intentionally_accepted
213,213,0,4,18,134.899536,0.120364,0,accepted_single_day_segment,insufficient_points,data/derived/qa_213_v1/period_qa.csv,detector_wide_day_to_day_drift,period_qa,,diagnostic_only; no_auto_accept; no_auto_split;single_day_segment_intentionally_accepted
213,213,0,4,19,134.814423,0.119882,0,accepted_single_day_segment,insufficient_points,data/derived/qa_213_v1/period_qa.csv,detector_wide_day_to_day_drift,period_qa,,diagnostic_only; no_auto_accept; no_auto_split;single_day_segment_intentionally_accepted
213,213,0,4,20,133.366302,0.118445,0,accepted_single_day_segment,insufficient_points,data/derived/qa_213_v1/period_qa.csv,detector_wide_day_to_day_drift,period_qa,,diagnostic_only; no_auto_accept; no_auto_split;single_day_segment_intentionally_accepted
213,213,0,4,21,132.033356,0.124907,0,accepted_single_day_segment,insufficient_points,data/derived/qa_213_v1/period_qa.csv,detector_wide_day_to_day_drift,period_qa,,diagnostic_only; no_auto_accept; no_auto_split;single_day_segment_intentionally_accepted
213,213,0,4,22,135.517731,0.128047,0,accepted_single_day_segment,insufficient_points,data/derived/qa_213_v1/period_qa.csv,detector_wide_day_to_day_drift,period_qa,,diagnostic_only; no_auto_accept; no_auto_split;single_day_segment_intentionally_accepted
213,213,0,4,23,133.20488,0.116932,0,accepted_single_day_segment,insufficient_points,data/derived/qa_213_v1/period_qa.csv,detector_wide_day_to_day_drift,period_qa,,diagnostic_only; no_auto_accept; no_auto_split;single_day_segment_intentionally_accepted
213,213,0,4,24,138.279007,0.128926,0,accepted_single_day_segment,insufficient_points,data/derived/qa_213_v1/period_qa.csv,detector_wide_day_to_day_drift,period_qa,,diagnostic_only; no_auto_accept; no_auto_split;single_day_segment_intentionally_accepted
213,213,0,4,25,133.873199,0.121336,0,accepted_single_day_segment,insufficient_points,data/derived/qa_213_v1/period_qa.csv,detector_wide_day_to_day_drift,period_qa,,diagnostic_only; no_auto_accept; no_auto_split;single_day_segment_intentionally_accepted
213,213,0,4,26,136.442413,0.131217,0,accepted_single_day_segment,insufficient_points,data/derived/qa_213_v1/period_qa.csv,detector_wide_day_to_day_drift,period_qa,,diagnostic_only; no_auto_accept; no_auto_split;single_day_segment_intentionally_accepted
213,213,0,4,27,134.366913,0.12176,0,accepted_single_day_segment,insufficient_points,data/derived/qa_213_v1/period_qa.csv,detector_wide_day_to_day_drift,period_qa,,diagnostic_only; no_auto_accept; no_auto_split;single_day_segment_intentionally_accepted
213,213,0,4,28,135.93718,0.142507,0,accepted_single_day_segment,insufficient_points,data/derived/qa_213_v1/period_qa.csv,detector_wide_day_to_day_drift,period_qa,,diagnostic_only; no_auto_accept; no_auto_split;single_day_segment_intentionally_accepted
213,213,0,4,29,134.727707,0.138014,0,accepted_single_day_segment,insufficient_points,data/derived/qa_213_v1/period_qa.csv,detector_wide_day_to_day_drift,period_qa,,diagnostic_only; no_auto_accept; no_auto_split;single_day_segment_intentionally_accepted
213,213,0,4,30,135.318298,0.148008,0,accepted_single_day_segment,insufficient_points,data/derived/qa_213_v1/period_qa.csv,detector_wide_day_to_day_drift,period_qa,,diagnostic_only; no_auto_accept; no_auto_split;single_day_segment_intentionally_accepted
213,213,0,4,31,134.369492,0.144543,0,accepted_single_day_segment,insufficient_points,data/derived/qa_213_v1/period_qa.csv,detector_wide_day_to_day_drift,period_qa,,diagnostic_only; no_auto_accept; no_auto_split;single_day_segment_intentionally_accepted
213,213,0,5,1,130.466415,0.197936,0,accepted_single_day_segment,insufficient_points,data/derived/qa_213_v1/period_qa.csv,detector_wide_day_to_day_drift,period_qa,,diagnostic_only; no_auto_accept; no_auto_split;single_day_segment_intentionally_accepted
213,213,0,5,2,133.345901,0.145147,0,accepted_single_day_segment,insufficient_points,data/derived/qa_213_v1/period_qa.csv,detector_wide_day_to_day_drift,period_qa,,diagnostic_only; no_auto_accept; no_auto_split;single_day_segment_intentionally_accepted
213,213,0,5,3,130.248367,0.161359,0,accepted_single_day_segment,insufficient_points,data/derived/qa_213_v1/period_qa.csv,detector_wide_day_to_day_drift,period_qa,,diagnostic_only; no_auto_accept; no_auto_split;single_day_segment_intentionally_accepted
213,213,0,5,4,132.54097,0.13745,0,accepted_single_day_segment,insufficient_points,data/derived/qa_213_v1/period_qa.csv,detector_wide_day_to_day_drift,period_qa,,diagnostic_only; no_auto_accept; no_auto_split;single_day_segment_intentionally_accepted
213,213,0,5,5,129.018143,0.142108,0,accepted_single_day_segment,insufficient_points,data/derived/qa_213_v1/period_qa.csv,detector_wide_day_to_day_drift,period_qa,,diagnostic_only; no_auto_accept; no_auto_split;single_day_segment_intentionally_accepted
213,213,0,5,6,131.325592,0.135659,0,accepted_single_day_segment,insufficient_points,data/derived/qa_213_v1/period_qa.csv,detector_wide_day_to_day_drift,period_qa,,diagnostic_only; no_auto_accept; no_auto_split;single_day_segment_intentionally_accepted
213,213,0,5,7,127.974808,0.140414,0,accepted_single_day_segment,insufficient_points,data/derived/qa_213_v1/period_qa.csv,detector_wide_day_to_day_drift,period_qa,,diagnostic_only; no_auto_accept; no_auto_split;single_day_segment_intentionally_accepted
213,213,0,5,8,129.335815,0.12644,0,accepted_single_day_segment,insufficient_points,data/derived/qa_213_v1/period_qa.csv,detector_wide_day_to_day_drift,period_qa,,diagnostic_only; no_auto_accept; no_auto_split;single_day_segment_intentionally_accepted
213,213,0,5,9,128.946991,0.127544,0,accepted_single_day_segment,insufficient_points,data/derived/qa_213_v1/period_qa.csv,detector_wide_day_to_day_drift,period_qa,,diagnostic_only; no_auto_accept; no_auto_split;single_day_segment_intentionally_accepted
213,213,0,5,10,156.553925,0.176864,0,accepted_single_day_segment,different_from_nominal;insufficient_points,data/derived/qa_213_v1/period_qa.csv,detector_wide_day_to_day_drift,period_qa,,diagnostic_only; no_auto_accept; no_auto_split;single_day_segment_intentionally_accepted
213,213,0,5,11,157.746918,0.198866,0,accepted_single_day_segment,different_from_nominal;insufficient_points,data/derived/qa_213_v1/period_qa.csv,detector_wide_day_to_day_drift,period_qa,,diagnostic_only; no_auto_accept; no_auto_split;single_day_segment_intentionally_accepted
213,213,0,5,12,160.59996,0.177805,0,accepted_single_day_segment,different_from_nominal;insufficient_points,data/derived/qa_213_v1/period_qa.csv,detector_wide_day_to_day_drift,period_qa,,diagnostic_only; no_auto_accept; no_auto_split;single_day_segment_intentionally_accepted
213,213,0,5,13,157.512329,0.193103,0,accepted_single_day_segment,different_from_nominal;insufficient_points,data/derived/qa_213_v1/period_qa.csv,detector_wide_day_to_day_drift,period_qa,,diagnostic_only; no_auto_accept; no_auto_split;single_day_segment_intentionally_accepted
213,213,0,5,14,143.241501,0.145591,0,accepted_single_day_segment,insufficient_points,data/derived/qa_213_v1/period_qa.csv,detector_wide_day_to_day_drift,period_qa,,diagnostic_only; no_auto_accept; no_auto_split;single_day_segment_intentionally_accepted
213,213,0,5,15,159.356705,0.195822,0,accepted_single_day_segment,different_from_nominal;insufficient_points,data/derived/qa_213_v1/period_qa.csv,detector_wide_day_to_day_drift,period_qa,,diagnostic_only; no_auto_accept; no_auto_split;single_day_segment_intentionally_accepted
213,213,0,5,16,130.775146,0.123536,0,accepted_single_day_segment,insufficient_points,data/derived/qa_213_v1/period_qa.csv,detector_wide_day_to_day_drift,period_qa,,diagnostic_only; no_auto_accept; no_auto_split;single_day_segment_intentionally_accepted
213,213,0,5,17,133.874542,0.142466,0,accepted_single_day_segment,insufficient_points,data/derived/qa_213_v1/period_qa.csv,detector_wide_day_to_day_drift,period_qa,,diagnostic_only; no_auto_accept; no_auto_split;single_day_segment_intentionally_accepted
213,213,0,5,18,132.001053,0.130348,0,accepted_single_day_segment,insufficient_points,data/derived/qa_213_v1/period_qa.csv,detector_wide_day_to_day_drift,period_qa,,diagnostic_only; no_auto_accept; no_auto_split;single_day_segment_intentionally_accepted
213,213,0,5,19,130.511963,0.123046,0,accepted_single_day_segment,insufficient_points,data/derived/qa_213_v1/period_qa.csv,detector_wide_day_to_day_drift,period_qa,,diagnostic_only; no_auto_accept; no_auto_split;single_day_segment_intentionally_accepted
213,213,0,5,20,132.604126,0.126344,0,accepted_single_day_segment,insufficient_points,data/derived/qa_213_v1/period_qa.csv,detector_wide_day_to_day_drift,period_qa,,diagnostic_only; no_auto_accept; no_auto_split;single_day_segment_intentionally_accepted
213,213,0,5,21,134.743896,0.138243,0,accepted_single_day_segment,insufficient_points,data/derived/qa_213_v1/period_qa.csv,detector_wide_day_to_day_drift,period_qa,,diagnostic_only; no_auto_accept; no_auto_split;single_day_segment_intentionally_accepted
213,213,0,5,22,134.616272,0.129761,0,accepted_single_day_segment,insufficient_points,data/derived/qa_213_v1/period_qa.csv,detector_wide_day_to_day_drift,period_qa,,diagnostic_only; no_auto_accept; no_auto_split;single_day_segment_intentionally_accepted
213,213,0,5,23,131.602478,0.147774,0,accepted_single_day_segment,insufficient_points,data/derived/qa_213_v1/period_qa.csv,detector_wide_day_to_day_drift,period_qa,,diagnostic_only; no_auto_accept; no_auto_split;single_day_segment_intentionally_accepted
213,213,0,5,24,133.075806,0.132366,0,accepted_single_day_segment,insufficient_points,data/derived/qa_213_v1/period_qa.csv,detector_wide_day_to_day_drift,period_qa,,diagnostic_only; no_auto_accept; no_auto_split;single_day_segment_intentionally_accepted
213,213,0,5,25,128.742126,0.150972,0,accepted_single_day_segment,insufficient_points,data/derived/qa_213_v1/period_qa.csv,detector_wide_day_to_day_drift,period_qa,,diagnostic_only; no_auto_accept; no_auto_split;single_day_segment_intentionally_accepted
213,213,0,5,26,130.917175,0.134869,0,accepted_single_day_segment,insufficient_points,data/derived/qa_213_v1/period_qa.csv,detector_wide_day_to_day_drift,period_qa,,diagnostic_only; no_auto_accept; no_auto_split;single_day_segment_intentionally_accepted
213,213,0,5,27,130.211166,0.141868,0,accepted_single_day_segment,insufficient_points,data/derived/qa_213_v1/period_qa.csv,detector_wide_day_to_day_drift,period_qa,,diagnostic_only; no_auto_accept; no_auto_split;single_day_segment_intentionally_accepted
213,213,0,5,28,131.547073,0.140807,0,accepted_single_day_segment,insufficient_points,data/derived/qa_213_v1/period_qa.csv,detector_wide_day_to_day_drift,period_qa,,diagnostic_only; no_auto_accept; no_auto_split;single_day_segment_intentionally_accepted
213,213,0,5,29,128.266006,0.145989,0,accepted_single_day_segment,insufficient_points,data/derived/qa_213_v1/period_qa.csv,detector_wide_day_to_day_drift,period_qa,,diagnostic_only; no_auto_accept; no_auto_split;single_day_segment_intentionally_accepted
213,213,0,5,30,132.253693,0.137982,0,accepted_single_day_segment,insufficient_points,data/derived/qa_213_v1/period_qa.csv,detector_wide_day_to_day_drift,period_qa,,diagnostic_only; no_auto_accept; no_auto_split;single_day_segment_intentionally_accepted
213,213,0,5,31,131.093643,0.152437,0,accepted_single_day_segment,insufficient_points,data/derived/qa_213_v1/period_qa.csv,detector_wide_day_to_day_drift,period_qa,,diagnostic_only; no_auto_accept; no_auto_split;single_day_segment_intentionally_accepted
213,213,0,6,1,121.249969,0.513364,0,accepted_single_day_segment,insufficient_points,data/derived/qa_213_v1/period_qa.csv,detector_wide_day_to_day_drift,period_qa,,diagnostic_only; no_auto_accept; no_auto_split;single_day_segment_intentionally_accepted
213,213,0,6,2,114.056694,0.604618,0,accepted_single_day_segment,different_from_nominal;insufficient_points,data/derived/qa_213_v1/period_qa.csv,detector_wide_day_to_day_drift,period_qa,,diagnostic_only; no_auto_accept; no_auto_split;single_day_segment_intentionally_accepted
213,213,0,6,3,121.073944,0.392772,0,accepted_single_day_segment,insufficient_points,data/derived/qa_213_v1/period_qa.csv,detector_wide_day_to_day_drift,period_qa,,diagnostic_only; no_auto_accept; no_auto_split;single_day_segment_intentionally_accepted
213,213,0,6,4,129.383987,0.188473,0,accepted_single_day_segment,insufficient_points,data/derived/qa_213_v1/period_qa.csv,detector_wide_day_to_day_drift,period_qa,,diagnostic_only; no_auto_accept; no_auto_split;single_day_segment_intentionally_accepted
213,213,0,6,5,119.46727,0.395488,0,accepted_single_day_segment,different_from_nominal;insufficient_points,data/derived/qa_213_v1/period_qa.csv,detector_wide_day_to_day_drift,period_qa,,diagnostic_only; no_auto_accept; no_auto_split;single_day_segment_intentionally_accepted
213,213,0,6,6,129.117706,0.167168,0,accepted_single_day_segment,insufficient_points,data/derived/qa_213_v1/period_qa.csv,detector_wide_day_to_day_drift,period_qa,,diagnostic_only; no_auto_accept; no_auto_split;single_day_segment_intentionally_accepted
213,213,0,6,7,129.758499,0.154524,0,accepted_single_day_segment,insufficient_points,data/derived/qa_213_v1/period_qa.csv,detector_wide_day_to_day_drift,period_qa,,diagnostic_only; no_auto_accept; no_auto_split;single_day_segment_intentionally_accepted
213,213,0,6,8,129.983292,0.118241,0,accepted_single_day_segment,insufficient_points,data/derived/qa_213_v1/period_qa.csv,detector_wide_day_to_day_drift,period_qa,,diagnostic_only; no_auto_accept; no_auto_split;single_day_segment_intentionally_accepted
213,213,0,6,9,127.8955,0.136745,0,accepted_single_day_segment,insufficient_points,data/derived/qa_213_v1/period_qa.csv,detector_wide_day_to_day_drift,period_qa,,diagnostic_only; no_auto_accept; no_auto_split;single_day_segment_intentionally_accepted
213,213,0,6,10,155.45546,0.196095,0,accepted_single_day_segment,different_from_nominal;insufficient_points,data/derived/qa_213_v1/period_qa.csv,detector_wide_day_to_day_drift,period_qa,,diagnostic_only; no_auto_accept; no_auto_split;single_day_segment_intentionally_accepted
213,213,0,6,11,161.734909,0.188646,0,accepted_single_day_segment,different_from_nominal;insufficient_points,data/derived/qa_213_v1/period_qa.csv,detector_wide_day_to_day_drift,period_qa,,diagnostic_only; no_auto_accept; no_auto_split;single_day_segment_intentionally_accepted
213,213,0,6,12,,,,raw_input_unavailable,insufficient_points,data/derived/qa_213_v1/period_qa.csv,,none,,No usable raw daily observation; no carry-forward.
213,213,0,6,13,,,,raw_input_unavailable,insufficient_points,data/derived/qa_213_v1/period_qa.csv,,none,,No usable raw daily observation; no carry-forward.
213,213,0,6,14,,,,raw_input_unavailable,insufficient_points,data/derived/qa_213_v1/period_qa.csv,,none,,No usable raw daily observation; no carry-forward.
213,213,0,6,15,,,,raw_input_unavailable,insufficient_points,data/derived/qa_213_v1/period_qa.csv,,none,,No usable raw daily observation; no carry-forward.
213,213,0,6,16,132.723114,0.128986,0,accepted_single_day_segment,insufficient_points,data/derived/qa_213_v1/period_qa.csv,detector_wide_day_to_day_drift,period_qa,,diagnostic_only; no_auto_accept; no_auto_split;single_day_segment_intentionally_accepted
213,213,0,6,17,133.438354,0.137401,0,accepted_single_day_segment,insufficient_points,data/derived/qa_213_v1/period_qa.csv,detector_wide_day_to_day_drift,period_qa,,diagnostic_only; no_auto_accept; no_auto_split;single_day_segment_intentionally_accepted
213,213,0,6,18,132.691422,0.135627,0,accepted_single_day_segment,insufficient_points,data/derived/qa_213_v1/period_qa.csv,detector_wide_day_to_day_drift,period_qa,,diagnostic_only; no_auto_accept; no_auto_split;single_day_segment_intentionally_accepted
213,213,0,6,19,129.278397,0.142561,0,accepted_single_day_segment,insufficient_points,data/derived/qa_213_v1/period_qa.csv,detector_wide_day_to_day_drift,period_qa,,diagnostic_only; no_auto_accept; no_auto_split;single_day_segment_intentionally_accepted
213,213,0,6,20,135.012421,0.128124,0,accepted_single_day_segment,insufficient_points,data/derived/qa_213_v1/period_qa.csv,detector_wide_day_to_day_drift,period_qa,,diagnostic_only; no_auto_accept; no_auto_split;single_day_segment_intentionally_accepted
213,213,0,6,21,131.683578,0.139778,0,accepted_single_day_segment,insufficient_points,data/derived/qa_213_v1/period_qa.csv,detector_wide_day_to_day_drift,period_qa,,diagnostic_only; no_auto_accept; no_auto_split;single_day_segment_intentionally_accepted
213,213,0,6,22,136.859222,0.132855,0,accepted_single_day_segment,insufficient_points,data/derived/qa_213_v1/period_qa.csv,detector_wide_day_to_day_drift,period_qa,,diagnostic_only; no_auto_accept; no_auto_split;single_day_segment_intentionally_accepted
213,213,0,6,23,133.850677,0.129953,0,accepted_single_day_segment,insufficient_points,data/derived/qa_213_v1/period_qa.csv,detector_wide_day_to_day_drift,period_qa,,diagnostic_only; no_auto_accept; no_auto_split;single_day_segment_intentionally_accepted
213,213,0,6,24,132.690506,0.138639,0,accepted_single_day_segment,insufficient_points,data/derived/qa_213_v1/period_qa.csv,detector_wide_day_to_day_drift,period_qa,,diagnostic_only; no_auto_accept; no_auto_split;single_day_segment_intentionally_accepted
213,213,0,6,25,133.647156,0.14076,0,accepted_single_day_segment,insufficient_points,data/derived/qa_213_v1/period_qa.csv,detector_wide_day_to_day_drift,period_qa,,diagnostic_only; no_auto_accept; no_auto_split;single_day_segment_intentionally_accepted
213,213,0,6,26,132.521179,0.142442,0,accepted_single_day_segment,insufficient_points,data/derived/qa_213_v1/period_qa.csv,detector_wide_day_to_day_drift,period_qa,,diagnostic_only; no_auto_accept; no_auto_split;single_day_segment_intentionally_accepted
213,213,0,6,27,128.904526,0.177251,0,accepted_single_day_segment,insufficient_points,data/derived/qa_213_v1/period_qa.csv,detector_wide_day_to_day_drift,period_qa,,diagnostic_only; no_auto_accept; no_auto_split;single_day_segment_intentionally_accepted
213,213,0,6,28,134.970612,0.142829,0,accepted_single_day_segment,insufficient_points,data/derived/qa_213_v1/period_qa.csv,detector_wide_day_to_day_drift,period_qa,,diagnostic_only; no_auto_accept; no_auto_split;single_day_segment_intentionally_accepted
213,213,0,6,29,131.473007,0.158442,0,accepted_single_day_segment,insufficient_points,data/derived/qa_213_v1/period_qa.csv,detector_wide_day_to_day_drift,period_qa,,diagnostic_only; no_auto_accept; no_auto_split;single_day_segment_intentionally_accepted
213,213,0,6,30,130.402512,0.155828,0,accepted_single_day_segment,insufficient_points,data/derived/qa_213_v1/period_qa.csv,detector_wide_day_to_day_drift,period_qa,,diagnostic_only; no_auto_accept; no_auto_split;single_day_segment_intentionally_accepted
213,213,0,6,31,133.692322,0.156461,0,accepted_single_day_segment,insufficient_points,data/derived/qa_213_v1/period_qa.csv,detector_wide_day_to_day_drift,period_qa,,diagnostic_only; no_auto_accept; no_auto_split;single_day_segment_intentionally_accepted
213,213,0,7,1,128.386047,0.247309,0,accepted_single_day_segment,insufficient_points,data/derived/qa_213_v1/period_qa.csv,detector_wide_day_to_day_drift,period_qa,,diagnostic_only; no_auto_accept; no_auto_split;single_day_segment_intentionally_accepted
213,213,0,7,2,126.321266,0.251323,0,accepted_single_day_segment,insufficient_points,data/derived/qa_213_v1/period_qa.csv,detector_wide_day_to_day_drift,period_qa,,diagnostic_only; no_auto_accept; no_auto_split;single_day_segment_intentionally_accepted
213,213,0,7,3,126.940018,0.244808,0,accepted_single_day_segment,insufficient_points,data/derived/qa_213_v1/period_qa.csv,detector_wide_day_to_day_drift,period_qa,,diagnostic_only; no_auto_accept; no_auto_split;single_day_segment_intentionally_accepted
213,213,0,7,4,129.08139,0.164803,0,accepted_single_day_segment,insufficient_points,data/derived/qa_213_v1/period_qa.csv,detector_wide_day_to_day_drift,period_qa,,diagnostic_only; no_auto_accept; no_auto_split;single_day_segment_intentionally_accepted
213,213,0,7,5,128.920471,0.15498,0,accepted_single_day_segment,insufficient_points,data/derived/qa_213_v1/period_qa.csv,detector_wide_day_to_day_drift,period_qa,,diagnostic_only; no_auto_accept; no_auto_split;single_day_segment_intentionally_accepted
213,213,0,7,6,128.426666,0.152052,0,accepted_single_day_segment,insufficient_points,data/derived/qa_213_v1/period_qa.csv,detector_wide_day_to_day_drift,period_qa,,diagnostic_only; no_auto_accept; no_auto_split;single_day_segment_intentionally_accepted
213,213,0,7,7,127.705734,0.150049,0,accepted_single_day_segment,insufficient_points,data/derived/qa_213_v1/period_qa.csv,detector_wide_day_to_day_drift,period_qa,,diagnostic_only; no_auto_accept; no_auto_split;single_day_segment_intentionally_accepted
213,213,0,7,8,131.044312,0.126695,0,accepted_single_day_segment,insufficient_points,data/derived/qa_213_v1/period_qa.csv,detector_wide_day_to_day_drift,period_qa,,diagnostic_only; no_auto_accept; no_auto_split;single_day_segment_intentionally_accepted
213,213,0,7,9,127.854843,0.125808,0,accepted_single_day_segment,insufficient_points,data/derived/qa_213_v1/period_qa.csv,detector_wide_day_to_day_drift,period_qa,,diagnostic_only; no_auto_accept; no_auto_split;single_day_segment_intentionally_accepted
213,213,0,7,10,,,,raw_input_unavailable,insufficient_points,data/derived/qa_213_v1/period_qa.csv,,none,,No usable raw daily observation; no carry-forward.
213,213,0,7,11,,,,raw_input_unavailable,insufficient_points,data/derived/qa_213_v1/period_qa.csv,,none,,No usable raw daily observation; no carry-forward.
213,213,0,7,12,,,,raw_input_unavailable,insufficient_points,data/derived/qa_213_v1/period_qa.csv,,none,,No usable raw daily observation; no carry-forward.
213,213,0,7,13,,,,raw_input_unavailable,insufficient_points,data/derived/qa_213_v1/period_qa.csv,,none,,No usable raw daily observation; no carry-forward.
213,213,0,7,14,,,,raw_input_unavailable,insufficient_points,data/derived/qa_213_v1/period_qa.csv,,none,,No usable raw daily observation; no carry-forward.
213,213,0,7,15,,,,raw_input_unavailable,insufficient_points,data/derived/qa_213_v1/period_qa.csv,,none,,No usable raw daily observation; no carry-forward.
213,213,0,7,16,135.092117,0.128587,0,accepted_single_day_segment,insufficient_points,data/derived/qa_213_v1/period_qa.csv,detector_wide_day_to_day_drift,period_qa,,diagnostic_only; no_auto_accept; no_auto_split;single_day_segment_intentionally_accepted
213,213,0,7,17,134.054199,0.134601,0,accepted_single_day_segment,insufficient_points,data/derived/qa_213_v1/period_qa.csv,detector_wide_day_to_day_drift,period_qa,,diagnostic_only; no_auto_accept; no_auto_split;single_day_segment_intentionally_accepted
213,213,0,7,18,134.30954,0.140645,0,accepted_single_day_segment,insufficient_points,data/derived/qa_213_v1/period_qa.csv,detector_wide_day_to_day_drift,period_qa,,diagnostic_only; no_auto_accept; no_auto_split;single_day_segment_intentionally_accepted
213,213,0,7,19,134.146896,0.125936,0,accepted_single_day_segment,insufficient_points,data/derived/qa_213_v1/period_qa.csv,detector_wide_day_to_day_drift,period_qa,,diagnostic_only; no_auto_accept; no_auto_split;single_day_segment_intentionally_accepted
213,213,0,7,20,134.716843,0.138618,0,accepted_single_day_segment,insufficient_points,data/derived/qa_213_v1/period_qa.csv,detector_wide_day_to_day_drift,period_qa,,diagnostic_only; no_auto_accept; no_auto_split;single_day_segment_intentionally_accepted
213,213,0,7,21,134.680542,0.147013,0,accepted_single_day_segment,insufficient_points,data/derived/qa_213_v1/period_qa.csv,detector_wide_day_to_day_drift,period_qa,,diagnostic_only; no_auto_accept; no_auto_split;single_day_segment_intentionally_accepted
213,213,0,7,22,136.51062,0.134799,0,accepted_single_day_segment,insufficient_points,data/derived/qa_213_v1/period_qa.csv,detector_wide_day_to_day_drift,period_qa,,diagnostic_only; no_auto_accept; no_auto_split;single_day_segment_intentionally_accepted
213,213,0,7,23,133.910126,0.143773,0,accepted_single_day_segment,insufficient_points,data/derived/qa_213_v1/period_qa.csv,detector_wide_day_to_day_drift,period_qa,,diagnostic_only; no_auto_accept; no_auto_split;single_day_segment_intentionally_accepted
213,213,0,7,24,131.594299,0.133557,0,accepted_single_day_segment,insufficient_points,data/derived/qa_213_v1/period_qa.csv,detector_wide_day_to_day_drift,period_qa,,diagnostic_only; no_auto_accept; no_auto_split;single_day_segment_intentionally_accepted
213,213,0,7,25,128.071518,0.1361,0,accepted_single_day_segment,insufficient_points,data/derived/qa_213_v1/period_qa.csv,detector_wide_day_to_day_drift,period_qa,,diagnostic_only; no_auto_accept; no_auto_split;single_day_segment_intentionally_accepted
213,213,0,7,26,133.643951,0.131571,0,accepted_single_day_segment,insufficient_points,data/derived/qa_213_v1/period_qa.csv,detector_wide_day_to_day_drift,period_qa,,diagnostic_only; no_auto_accept; no_auto_split;single_day_segment_intentionally_accepted
213,213,0,7,27,131.87323,0.141315,0,accepted_single_day_segment,insufficient_points,data/derived/qa_213_v1/period_qa.csv,detector_wide_day_to_day_drift,period_qa,,diagnostic_only; no_auto_accept; no_auto_split;single_day_segment_intentionally_accepted
213,213,0,7,28,134.584488,0.139749,0,accepted_single_day_segment,insufficient_points,data/derived/qa_213_v1/period_qa.csv,detector_wide_day_to_day_drift,period_qa,,diagnostic_only; no_auto_accept; no_auto_split;single_day_segment_intentionally_accepted
213,213,0,7,29,131.639679,0.156263,0,accepted_single_day_segment,insufficient_points,data/derived/qa_213_v1/period_qa.csv,detector_wide_day_to_day_drift,period_qa,,diagnostic_only; no_auto_accept; no_auto_split;single_day_segment_intentionally_accepted
213,213,0,7,30,134.679642,0.153394,0,accepted_single_day_segment,insufficient_points,data/derived/qa_213_v1/period_qa.csv,detector_wide_day_to_day_drift,period_qa,,diagnostic_only; no_auto_accept; no_auto_split;single_day_segment_intentionally_accepted
213,213,0,7,31,127.571655,0.171791,0,accepted_single_day_segment,insufficient_points,data/derived/qa_213_v1/period_qa.csv,detector_wide_day_to_day_drift,period_qa,,diagnostic_only; no_auto_accept; no_auto_split;single_day_segment_intentionally_accepted
213,213,0,8,1,133.3862,0.190592,0,accepted_single_day_segment,insufficient_points,data/derived/qa_213_v1/period_qa.csv,detector_wide_day_to_day_drift,period_qa,,diagnostic_only; no_auto_accept; no_auto_split;single_day_segment_intentionally_accepted
213,213,0,8,2,127.235489,0.235439,0,accepted_single_day_segment,insufficient_points,data/derived/qa_213_v1/period_qa.csv,detector_wide_day_to_day_drift,period_qa,,diagnostic_only; no_auto_accept; no_auto_split;single_day_segment_intentionally_accepted
213,213,0,8,3,132.0979,0.174066,0,accepted_single_day_segment,insufficient_points,data/derived/qa_213_v1/period_qa.csv,detector_wide_day_to_day_drift,period_qa,,diagnostic_only; no_auto_accept; no_auto_split;single_day_segment_intentionally_accepted
213,213,0,8,4,128.857376,0.157342,0,accepted_single_day_segment,insufficient_points,data/derived/qa_213_v1/period_qa.csv,detector_wide_day_to_day_drift,period_qa,,diagnostic_only; no_auto_accept; no_auto_split;single_day_segment_intentionally_accepted
213,213,0,8,5,129.355652,0.149425,0,accepted_single_day_segment,insufficient_points,data/derived/qa_213_v1/period_qa.csv,detector_wide_day_to_day_drift,period_qa,,diagnostic_only; no_auto_accept; no_auto_split;single_day_segment_intentionally_accepted
213,213,0,8,6,129.29631,0.13698,0,accepted_single_day_segment,insufficient_points,data/derived/qa_213_v1/period_qa.csv,detector_wide_day_to_day_drift,period_qa,,diagnostic_only; no_auto_accept; no_auto_split;single_day_segment_intentionally_accepted
213,213,0,8,7,132.065201,0.135099,0,accepted_single_day_segment,insufficient_points,data/derived/qa_213_v1/period_qa.csv,detector_wide_day_to_day_drift,period_qa,,diagnostic_only; no_auto_accept; no_auto_split;single_day_segment_intentionally_accepted
213,213,0,8,8,130.330734,0.117849,0,accepted_single_day_segment,insufficient_points,data/derived/qa_213_v1/period_qa.csv,detector_wide_day_to_day_drift,period_qa,,diagnostic_only; no_auto_accept; no_auto_split;single_day_segment_intentionally_accepted
213,213,0,8,9,130.840195,0.119703,0,accepted_single_day_segment,insufficient_points,data/derived/qa_213_v1/period_qa.csv,detector_wide_day_to_day_drift,period_qa,,diagnostic_only; no_auto_accept; no_auto_split;single_day_segment_intentionally_accepted
213,213,0,8,10,,,,raw_input_unavailable,insufficient_points,data/derived/qa_213_v1/period_qa.csv,,none,,No usable raw daily observation; no carry-forward.
213,213,0,8,11,,,,raw_input_unavailable,insufficient_points,data/derived/qa_213_v1/period_qa.csv,,none,,No usable raw daily observation; no carry-forward.
213,213,0,8,12,,,,raw_input_unavailable,insufficient_points,data/derived/qa_213_v1/period_qa.csv,,none,,No usable raw daily observation; no carry-forward.
213,213,0,8,13,,,,raw_input_unavailable,insufficient_points,data/derived/qa_213_v1/period_qa.csv,,none,,No usable raw daily observation; no carry-forward.
213,213,0,8,14,,,,raw_input_unavailable,insufficient_points,data/derived/qa_213_v1/period_qa.csv,,none,,No usable raw daily observation; no carry-forward.
213,213,0,8,15,,,,raw_input_unavailable,insufficient_points,data/derived/qa_213_v1/period_qa.csv,,none,,No usable raw daily observation; no carry-forward.
213,213,0,8,16,139.845215,0.140254,0,accepted_single_day_segment,insufficient_points,data/derived/qa_213_v1/period_qa.csv,detector_wide_day_to_day_drift,period_qa,,diagnostic_only; no_auto_accept; no_auto_split;single_day_segment_intentionally_accepted
213,213,0,8,17,137.057327,0.137104,0,accepted_single_day_segment,insufficient_points,data/derived/qa_213_v1/period_qa.csv,detector_wide_day_to_day_drift,period_qa,,diagnostic_only; no_auto_accept; no_auto_split;single_day_segment_intentionally_accepted
213,213,0,8,18,136.973511,0.141292,0,accepted_single_day_segment,insufficient_points,data/derived/qa_213_v1/period_qa.csv,detector_wide_day_to_day_drift,period_qa,,diagnostic_only; no_auto_accept; no_auto_split;single_day_segment_intentionally_accepted
213,213,0,8,19,134.871735,0.140241,0,accepted_single_day_segment,insufficient_points,data/derived/qa_213_v1/period_qa.csv,detector_wide_day_to_day_drift,period_qa,,diagnostic_only; no_auto_accept; no_auto_split;single_day_segment_intentionally_accepted
213,213,0,8,20,138.173248,0.141218,0,accepted_single_day_segment,insufficient_points,data/derived/qa_213_v1/period_qa.csv,detector_wide_day_to_day_drift,period_qa,,diagnostic_only; no_auto_accept; no_auto_split;single_day_segment_intentionally_accepted
213,213,0,8,21,135.888382,0.139311,0,accepted_single_day_segment,insufficient_points,data/derived/qa_213_v1/period_qa.csv,detector_wide_day_to_day_drift,period_qa,,diagnostic_only; no_auto_accept; no_auto_split;single_day_segment_intentionally_accepted
213,213,0,8,22,139.478287,0.146394,0,accepted_single_day_segment,insufficient_points,data/derived/qa_213_v1/period_qa.csv,detector_wide_day_to_day_drift,period_qa,,diagnostic_only; no_auto_accept; no_auto_split;single_day_segment_intentionally_accepted
213,213,0,8,23,136.159561,0.139368,0,accepted_single_day_segment,insufficient_points,data/derived/qa_213_v1/period_qa.csv,detector_wide_day_to_day_drift,period_qa,,diagnostic_only; no_auto_accept; no_auto_split;single_day_segment_intentionally_accepted
213,213,0,8,24,134.425095,0.136962,0,accepted_single_day_segment,insufficient_points,data/derived/qa_213_v1/period_qa.csv,detector_wide_day_to_day_drift,period_qa,,diagnostic_only; no_auto_accept; no_auto_split;single_day_segment_intentionally_accepted
213,213,0,8,25,132.098068,0.13678,0,accepted_single_day_segment,insufficient_points,data/derived/qa_213_v1/period_qa.csv,detector_wide_day_to_day_drift,period_qa,,diagnostic_only; no_auto_accept; no_auto_split;single_day_segment_intentionally_accepted
213,213,0,8,26,133.796951,0.136595,0,accepted_single_day_segment,insufficient_points,data/derived/qa_213_v1/period_qa.csv,detector_wide_day_to_day_drift,period_qa,,diagnostic_only; no_auto_accept; no_auto_split;single_day_segment_intentionally_accepted
213,213,0,8,27,132.319214,0.136356,0,accepted_single_day_segment,insufficient_points,data/derived/qa_213_v1/period_qa.csv,detector_wide_day_to_day_drift,period_qa,,diagnostic_only; no_auto_accept; no_auto_split;single_day_segment_intentionally_accepted
213,213,0,8,28,131.928741,0.148172,0,accepted_single_day_segment,insufficient_points,data/derived/qa_213_v1/period_qa.csv,detector_wide_day_to_day_drift,period_qa,,diagnostic_only; no_auto_accept; no_auto_split;single_day_segment_intentionally_accepted
213,213,0,8,29,133.561874,0.141948,0,accepted_single_day_segment,insufficient_points,data/derived/qa_213_v1/period_qa.csv,detector_wide_day_to_day_drift,period_qa,,diagnostic_only; no_auto_accept; no_auto_split;single_day_segment_intentionally_accepted
213,213,0,8,30,133.469376,0.15076,0,accepted_single_day_segment,insufficient_points,data/derived/qa_213_v1/period_qa.csv,detector_wide_day_to_day_drift,period_qa,,diagnostic_only; no_auto_accept; no_auto_split;single_day_segment_intentionally_accepted
213,213,0,8,31,129.299484,0.152079,0,accepted_single_day_segment,insufficient_points,data/derived/qa_213_v1/period_qa.csv,detector_wide_day_to_day_drift,period_qa,,diagnostic_only; no_auto_accept; no_auto_split;single_day_segment_intentionally_accepted
213,213,0,9,1,132.974884,0.191714,0,accepted_single_day_segment,insufficient_points,data/derived/qa_213_v1/period_qa.csv,detector_wide_day_to_day_drift,period_qa,,diagnostic_only; no_auto_accept; no_auto_split;single_day_segment_intentionally_accepted
213,213,0,9,2,128.382797,0.207236,0,accepted_single_day_segment,insufficient_points,data/derived/qa_213_v1/period_qa.csv,detector_wide_day_to_day_drift,period_qa,,diagnostic_only; no_auto_accept; no_auto_split;single_day_segment_intentionally_accepted
213,213,0,9,3,130.578995,0.171323,0,accepted_single_day_segment,insufficient_points,data/derived/qa_213_v1/period_qa.csv,detector_wide_day_to_day_drift,period_qa,,diagnostic_only; no_auto_accept; no_auto_split;single_day_segment_intentionally_accepted
213,213,0,9,4,128.496353,0.154038,0,accepted_single_day_segment,insufficient_points,data/derived/qa_213_v1/period_qa.csv,detector_wide_day_to_day_drift,period_qa,,diagnostic_only; no_auto_accept; no_auto_split;single_day_segment_intentionally_accepted
213,213,0,9,5,129.680283,0.160858,0,accepted_single_day_segment,insufficient_points,data/derived/qa_213_v1/period_qa.csv,detector_wide_day_to_day_drift,period_qa,,diagnostic_only; no_auto_accept; no_auto_split;single_day_segment_intentionally_accepted
213,213,0,9,6,127.090439,0.15631,0,accepted_single_day_segment,insufficient_points,data/derived/qa_213_v1/period_qa.csv,detector_wide_day_to_day_drift,period_qa,,diagnostic_only; no_auto_accept; no_auto_split;single_day_segment_intentionally_accepted
213,213,0,9,7,130.641129,0.134312,0,accepted_single_day_segment,insufficient_points,data/derived/qa_213_v1/period_qa.csv,detector_wide_day_to_day_drift,period_qa,,diagnostic_only; no_auto_accept; no_auto_split;single_day_segment_intentionally_accepted
213,213,0,9,8,127.011795,0.132509,0,accepted_single_day_segment,insufficient_points,data/derived/qa_213_v1/period_qa.csv,detector_wide_day_to_day_drift,period_qa,,diagnostic_only; no_auto_accept; no_auto_split;single_day_segment_intentionally_accepted
213,213,0,9,9,130.083664,0.124198,0,accepted_single_day_segment,insufficient_points,data/derived/qa_213_v1/period_qa.csv,detector_wide_day_to_day_drift,period_qa,,diagnostic_only; no_auto_accept; no_auto_split;single_day_segment_intentionally_accepted
213,213,0,9,10,,,,raw_input_unavailable,insufficient_points,data/derived/qa_213_v1/period_qa.csv,,none,,No usable raw daily observation; no carry-forward.
213,213,0,9,11,,,,raw_input_unavailable,insufficient_points,data/derived/qa_213_v1/period_qa.csv,,none,,No usable raw daily observation; no carry-forward.
213,213,0,9,12,,,,raw_input_unavailable,insufficient_points,data/derived/qa_213_v1/period_qa.csv,,none,,No usable raw daily observation; no carry-forward.
213,213,0,9,13,,,,raw_input_unavailable,insufficient_points,data/derived/qa_213_v1/period_qa.csv,,none,,No usable raw daily observation; no carry-forward.
213,213,0,9,14,,,,raw_input_unavailable,insufficient_points,data/derived/qa_213_v1/period_qa.csv,,none,,No usable raw daily observation; no carry-forward.
213,213,0,9,15,,,,raw_input_unavailable,insufficient_points,data/derived/qa_213_v1/period_qa.csv,,none,,No usable raw daily observation; no carry-forward.
213,213,0,9,16,136.433289,0.132242,0,accepted_single_day_segment,insufficient_points,data/derived/qa_213_v1/period_qa.csv,detector_wide_day_to_day_drift,period_qa,,diagnostic_only; no_auto_accept; no_auto_split;single_day_segment_intentionally_accepted
213,213,0,9,17,135.142334,0.13844,0,accepted_single_day_segment,insufficient_points,data/derived/qa_213_v1/period_qa.csv,detector_wide_day_to_day_drift,period_qa,,diagnostic_only; no_auto_accept; no_auto_split;single_day_segment_intentionally_accepted
213,213,0,9,18,137.603409,0.136741,0,accepted_single_day_segment,insufficient_points,data/derived/qa_213_v1/period_qa.csv,detector_wide_day_to_day_drift,period_qa,,diagnostic_only; no_auto_accept; no_auto_split;single_day_segment_intentionally_accepted
213,213,0,9,19,133.77951,0.139195,0,accepted_single_day_segment,insufficient_points,data/derived/qa_213_v1/period_qa.csv,detector_wide_day_to_day_drift,period_qa,,diagnostic_only; no_auto_accept; no_auto_split;single_day_segment_intentionally_accepted
213,213,0,9,20,135.788345,0.141632,0,accepted_single_day_segment,insufficient_points,data/derived/qa_213_v1/period_qa.csv,detector_wide_day_to_day_drift,period_qa,,diagnostic_only; no_auto_accept; no_auto_split;single_day_segment_intentionally_accepted
213,213,0,9,21,139.444168,0.136105,0,accepted_single_day_segment,insufficient_points,data/derived/qa_213_v1/period_qa.csv,detector_wide_day_to_day_drift,period_qa,,diagnostic_only; no_auto_accept; no_auto_split;single_day_segment_intentionally_accepted
213,213,0,9,22,139.76149,0.144293,0,accepted_single_day_segment,insufficient_points,data/derived/qa_213_v1/period_qa.csv,detector_wide_day_to_day_drift,period_qa,,diagnostic_only; no_auto_accept; no_auto_split;single_day_segment_intentionally_accepted
213,213,0,9,23,136.747375,0.147188,0,accepted_single_day_segment,insufficient_points,data/derived/qa_213_v1/period_qa.csv,detector_wide_day_to_day_drift,period_qa,,diagnostic_only; no_auto_accept; no_auto_split;single_day_segment_intentionally_accepted
213,213,0,9,24,134.537506,0.128904,0,accepted_single_day_segment,insufficient_points,data/derived/qa_213_v1/period_qa.csv,detector_wide_day_to_day_drift,period_qa,,diagnostic_only; no_auto_accept; no_auto_split;single_day_segment_intentionally_accepted
213,213,0,9,25,130.764297,0.141898,0,accepted_single_day_segment,insufficient_points,data/derived/qa_213_v1/period_qa.csv,detector_wide_day_to_day_drift,period_qa,,diagnostic_only; no_auto_accept; no_auto_split;single_day_segment_intentionally_accepted
213,213,0,9,26,134.348831,0.136962,0,accepted_single_day_segment,insufficient_points,data/derived/qa_213_v1/period_qa.csv,detector_wide_day_to_day_drift,period_qa,,diagnostic_only; no_auto_accept; no_auto_split;single_day_segment_intentionally_accepted
213,213,0,9,27,134.737793,0.140766,0,accepted_single_day_segment,insufficient_points,data/derived/qa_213_v1/period_qa.csv,detector_wide_day_to_day_drift,period_qa,,diagnostic_only; no_auto_accept; no_auto_split;single_day_segment_intentionally_accepted
213,213,0,9,28,132.360336,0.147367,0,accepted_single_day_segment,insufficient_points,data/derived/qa_213_v1/period_qa.csv,detector_wide_day_to_day_drift,period_qa,,diagnostic_only; no_auto_accept; no_auto_split;single_day_segment_intentionally_accepted
213,213,0,9,29,132.873337,0.139298,0,accepted_single_day_segment,insufficient_points,data/derived/qa_213_v1/period_qa.csv,detector_wide_day_to_day_drift,period_qa,,diagnostic_only; no_auto_accept; no_auto_split;single_day_segment_intentionally_accepted
213,213,0,9,30,137.325958,0.144784,0,accepted_single_day_segment,insufficient_points,data/derived/qa_213_v1/period_qa.csv,detector_wide_day_to_day_drift,period_qa,,diagnostic_only; no_auto_accept; no_auto_split;single_day_segment_intentionally_accepted
213,213,0,9,31,133.665451,0.147212,0,accepted_single_day_segment,insufficient_points,data/derived/qa_213_v1/period_qa.csv,detector_wide_day_to_day_drift,period_qa,,diagnostic_only; no_auto_accept; no_auto_split;single_day_segment_intentionally_accepted
213,213,0,10,1,130.415359,0.200346,0,accepted_single_day_segment,insufficient_points,data/derived/qa_213_v1/period_qa.csv,detector_wide_day_to_day_drift,period_qa,,diagnostic_only; no_auto_accept; no_auto_split;single_day_segment_intentionally_accepted
213,213,0,10,2,130.494339,0.153566,0,accepted_single_day_segment,insufficient_points,data/derived/qa_213_v1/period_qa.csv,detector_wide_day_to_day_drift,period_qa,,diagnostic_only; no_auto_accept; no_auto_split;single_day_segment_intentionally_accepted
213,213,0,10,3,127.189133,0.257833,0,accepted_single_day_segment,insufficient_points,data/derived/qa_213_v1/period_qa.csv,detector_wide_day_to_day_drift,period_qa,,diagnostic_only; no_auto_accept; no_auto_split;single_day_segment_intentionally_accepted
213,213,0,10,4,128.465988,0.13891,0,accepted_single_day_segment,insufficient_points,data/derived/qa_213_v1/period_qa.csv,detector_wide_day_to_day_drift,period_qa,,diagnostic_only; no_auto_accept; no_auto_split;single_day_segment_intentionally_accepted
213,213,0,10,5,128.317947,0.125734,0,accepted_single_day_segment,insufficient_points,data/derived/qa_213_v1/period_qa.csv,detector_wide_day_to_day_drift,period_qa,,diagnostic_only; no_auto_accept; no_auto_split;single_day_segment_intentionally_accepted
213,213,0,10,6,129.446136,0.129343,0,accepted_single_day_segment,insufficient_points,data/derived/qa_213_v1/period_qa.csv,detector_wide_day_to_day_drift,period_qa,,diagnostic_only; no_auto_accept; no_auto_split;single_day_segment_intentionally_accepted
213,213,0,10,7,129.317078,0.128558,0,accepted_single_day_segment,insufficient_points,data/derived/qa_213_v1/period_qa.csv,detector_wide_day_to_day_drift,period_qa,,diagnostic_only; no_auto_accept; no_auto_split;single_day_segment_intentionally_accepted
213,213,0,10,8,132.410767,0.119124,0,accepted_single_day_segment,insufficient_points,data/derived/qa_213_v1/period_qa.csv,detector_wide_day_to_day_drift,period_qa,,diagnostic_only; no_auto_accept; no_auto_split;single_day_segment_intentionally_accepted
213,213,0,10,9,134.116455,0.115657,0,accepted_single_day_segment,insufficient_points,data/derived/qa_213_v1/period_qa.csv,detector_wide_day_to_day_drift,period_qa,,diagnostic_only; no_auto_accept; no_auto_split;single_day_segment_intentionally_accepted
213,213,0,10,10,,,,raw_input_unavailable,insufficient_points,data/derived/qa_213_v1/period_qa.csv,,none,,No usable raw daily observation; no carry-forward.
213,213,0,10,11,,,,raw_input_unavailable,insufficient_points,data/derived/qa_213_v1/period_qa.csv,,none,,No usable raw daily observation; no carry-forward.
213,213,0,10,12,,,,raw_input_unavailable,insufficient_points,data/derived/qa_213_v1/period_qa.csv,,none,,No usable raw daily observation; no carry-forward.
213,213,0,10,13,,,,raw_input_unavailable,insufficient_points,data/derived/qa_213_v1/period_qa.csv,,none,,No usable raw daily observation; no carry-forward.
213,213,0,10,14,,,,raw_input_unavailable,insufficient_points,data/derived/qa_213_v1/period_qa.csv,,none,,No usable raw daily observation; no carry-forward.
213,213,0,10,15,,,,raw_input_unavailable,insufficient_points,data/derived/qa_213_v1/period_qa.csv,,none,,No usable raw daily observation; no carry-forward.
213,213,0,10,16,140.93927,0.135186,0,accepted_single_day_segment,insufficient_points,data/derived/qa_213_v1/period_qa.csv,detector_wide_day_to_day_drift,period_qa,,diagnostic_only; no_auto_accept; no_auto_split;single_day_segment_intentionally_accepted
213,213,0,10,17,139.89798,0.138066,0,accepted_single_day_segment,insufficient_points,data/derived/qa_213_v1/period_qa.csv,detector_wide_day_to_day_drift,period_qa,,diagnostic_only; no_auto_accept; no_auto_split;single_day_segment_intentionally_accepted
213,213,0,10,18,139.408707,0.142432,0,accepted_single_day_segment,insufficient_points,data/derived/qa_213_v1/period_qa.csv,detector_wide_day_to_day_drift,period_qa,,diagnostic_only; no_auto_accept; no_auto_split;single_day_segment_intentionally_accepted
213,213,0,10,19,138.375504,0.141419,0,accepted_single_day_segment,insufficient_points,data/derived/qa_213_v1/period_qa.csv,detector_wide_day_to_day_drift,period_qa,,diagnostic_only; no_auto_accept; no_auto_split;single_day_segment_intentionally_accepted
213,213,0,10,20,138.565582,0.133547,0,accepted_single_day_segment,insufficient_points,data/derived/qa_213_v1/period_qa.csv,detector_wide_day_to_day_drift,period_qa,,diagnostic_only; no_auto_accept; no_auto_split;single_day_segment_intentionally_accepted
213,213,0,10,21,140.415451,0.148034,0,accepted_single_day_segment,insufficient_points,data/derived/qa_213_v1/period_qa.csv,detector_wide_day_to_day_drift,period_qa,,diagnostic_only; no_auto_accept; no_auto_split;single_day_segment_intentionally_accepted
213,213,0,10,22,139.929123,0.139913,0,accepted_single_day_segment,insufficient_points,data/derived/qa_213_v1/period_qa.csv,detector_wide_day_to_day_drift,period_qa,,diagnostic_only; no_auto_accept; no_auto_split;single_day_segment_intentionally_accepted
213,213,0,10,23,140.854965,0.152492,0,accepted_single_day_segment,insufficient_points,data/derived/qa_213_v1/period_qa.csv,detector_wide_day_to_day_drift,period_qa,,diagnostic_only; no_auto_accept; no_auto_split;single_day_segment_intentionally_accepted
213,213,0,10,24,134.506851,0.146281,0,accepted_single_day_segment,insufficient_points,data/derived/qa_213_v1/period_qa.csv,detector_wide_day_to_day_drift,period_qa,,diagnostic_only; no_auto_accept; no_auto_split;single_day_segment_intentionally_accepted
213,213,0,10,25,134.531891,0.140377,0,accepted_single_day_segment,insufficient_points,data/derived/qa_213_v1/period_qa.csv,detector_wide_day_to_day_drift,period_qa,,diagnostic_only; no_auto_accept; no_auto_split;single_day_segment_intentionally_accepted
213,213,0,10,26,136.4384,0.148053,0,accepted_single_day_segment,insufficient_points,data/derived/qa_213_v1/period_qa.csv,detector_wide_day_to_day_drift,period_qa,,diagnostic_only; no_auto_accept; no_auto_split;single_day_segment_intentionally_accepted
213,213,0,10,27,137.818405,0.140698,0,accepted_single_day_segment,insufficient_points,data/derived/qa_213_v1/period_qa.csv,detector_wide_day_to_day_drift,period_qa,,diagnostic_only; no_auto_accept; no_auto_split;single_day_segment_intentionally_accepted
213,213,0,10,28,128.793015,0.170833,0,accepted_single_day_segment,insufficient_points,data/derived/qa_213_v1/period_qa.csv,detector_wide_day_to_day_drift,period_qa,,diagnostic_only; no_auto_accept; no_auto_split;single_day_segment_intentionally_accepted
213,213,0,10,29,141.604752,0.154571,0,accepted_single_day_segment,insufficient_points,data/derived/qa_213_v1/period_qa.csv,detector_wide_day_to_day_drift,period_qa,,diagnostic_only; no_auto_accept; no_auto_split;single_day_segment_intentionally_accepted
213,213,0,10,30,138.108093,0.158936,0,accepted_single_day_segment,insufficient_points,data/derived/qa_213_v1/period_qa.csv,detector_wide_day_to_day_drift,period_qa,,diagnostic_only; no_auto_accept; no_auto_split;single_day_segment_intentionally_accepted
213,213,0,10,31,133.864761,0.161812,0,accepted_single_day_segment,insufficient_points,data/derived/qa_213_v1/period_qa.csv,detector_wide_day_to_day_drift,period_qa,,diagnostic_only; no_auto_accept; no_auto_split;single_day_segment_intentionally_accepted
213,213,0,11,1,130.403259,0.24104,0,accepted_single_day_segment,insufficient_points,data/derived/qa_213_v1/period_qa.csv,detector_wide_day_to_day_drift,period_qa,,diagnostic_only; no_auto_accept; no_auto_split;single_day_segment_intentionally_accepted
213,213,0,11,2,125.559616,0.251599,0,accepted_single_day_segment,insufficient_points,data/derived/qa_213_v1/period_qa.csv,detector_wide_day_to_day_drift,period_qa,,diagnostic_only; no_auto_accept; no_auto_split;single_day_segment_intentionally_accepted
213,213,0,11,3,132.082169,0.243322,0,accepted_single_day_segment,insufficient_points,data/derived/qa_213_v1/period_qa.csv,detector_wide_day_to_day_drift,period_qa,,diagnostic_only; no_auto_accept; no_auto_split;single_day_segment_intentionally_accepted
213,213,0,11,4,130.998688,0.13937,0,accepted_single_day_segment,insufficient_points,data/derived/qa_213_v1/period_qa.csv,detector_wide_day_to_day_drift,period_qa,,diagnostic_only; no_auto_accept; no_auto_split;single_day_segment_intentionally_accepted
213,213,0,11,5,131.11908,0.135987,0,accepted_single_day_segment,insufficient_points,data/derived/qa_213_v1/period_qa.csv,detector_wide_day_to_day_drift,period_qa,,diagnostic_only; no_auto_accept; no_auto_split;single_day_segment_intentionally_accepted
213,213,0,11,6,132.359802,0.16423,0,accepted_single_day_segment,insufficient_points,data/derived/qa_213_v1/period_qa.csv,detector_wide_day_to_day_drift,period_qa,,diagnostic_only; no_auto_accept; no_auto_split;single_day_segment_intentionally_accepted
213,213,0,11,7,129.934616,0.139515,0,accepted_single_day_segment,insufficient_points,data/derived/qa_213_v1/period_qa.csv,detector_wide_day_to_day_drift,period_qa,,diagnostic_only; no_auto_accept; no_auto_split;single_day_segment_intentionally_accepted
213,213,0,11,8,127.212234,0.120055,0,accepted_single_day_segment,insufficient_points,data/derived/qa_213_v1/period_qa.csv,detector_wide_day_to_day_drift,period_qa,,diagnostic_only; no_auto_accept; no_auto_split;single_day_segment_intentionally_accepted
213,213,0,11,9,130.346252,0.135792,0,accepted_single_day_segment,insufficient_points,data/derived/qa_213_v1/period_qa.csv,detector_wide_day_to_day_drift,period_qa,,diagnostic_only; no_auto_accept; no_auto_split;single_day_segment_intentionally_accepted
213,213,0,11,10,,,,raw_input_unavailable,insufficient_points,data/derived/qa_213_v1/period_qa.csv,,none,,No usable raw daily observation; no carry-forward.
213,213,0,11,11,,,,raw_input_unavailable,insufficient_points,data/derived/qa_213_v1/period_qa.csv,,none,,No usable raw daily observation; no carry-forward.
213,213,0,11,12,,,,raw_input_unavailable,insufficient_points,data/derived/qa_213_v1/period_qa.csv,,none,,No usable raw daily observation; no carry-forward.
213,213,0,11,13,,,,raw_input_unavailable,insufficient_points,data/derived/qa_213_v1/period_qa.csv,,none,,No usable raw daily observation; no carry-forward.
213,213,0,11,14,131.240372,0.132761,0,accepted_single_day_segment,insufficient_points,data/derived/qa_213_v1/period_qa.csv,detector_wide_day_to_day_drift,period_qa,,diagnostic_only; no_auto_accept; no_auto_split;single_day_segment_intentionally_accepted
213,213,0,11,15,133.875259,0.145248,0,accepted_single_day_segment,insufficient_points,data/derived/qa_213_v1/period_qa.csv,detector_wide_day_to_day_drift,period_qa,,diagnostic_only; no_auto_accept; no_auto_split;single_day_segment_intentionally_accepted
213,213,0,11,16,135.972778,0.135339,0,accepted_single_day_segment,insufficient_points,data/derived/qa_213_v1/period_qa.csv,detector_wide_day_to_day_drift,period_qa,,diagnostic_only; no_auto_accept; no_auto_split;single_day_segment_intentionally_accepted
213,213,0,11,17,131.276016,0.138845,0,accepted_single_day_segment,insufficient_points,data/derived/qa_213_v1/period_qa.csv,detector_wide_day_to_day_drift,period_qa,,diagnostic_only; no_auto_accept; no_auto_split;single_day_segment_intentionally_accepted
213,213,0,11,18,131.203674,0.134609,0,accepted_single_day_segment,insufficient_points,data/derived/qa_213_v1/period_qa.csv,detector_wide_day_to_day_drift,period_qa,,diagnostic_only; no_auto_accept; no_auto_split;single_day_segment_intentionally_accepted
213,213,0,11,19,130.511658,0.136088,0,accepted_single_day_segment,insufficient_points,data/derived/qa_213_v1/period_qa.csv,detector_wide_day_to_day_drift,period_qa,,diagnostic_only; no_auto_accept; no_auto_split;single_day_segment_intentionally_accepted
213,213,0,11,20,135.225494,0.150852,0,accepted_single_day_segment,insufficient_points,data/derived/qa_213_v1/period_qa.csv,detector_wide_day_to_day_drift,period_qa,,diagnostic_only; no_auto_accept; no_auto_split;single_day_segment_intentionally_accepted
213,213,0,11,21,132.521896,0.144369,0,accepted_single_day_segment,insufficient_points,data/derived/qa_213_v1/period_qa.csv,detector_wide_day_to_day_drift,period_qa,,diagnostic_only; no_auto_accept; no_auto_split;single_day_segment_intentionally_accepted
213,213,0,11,22,132.614975,0.134798,0,accepted_single_day_segment,insufficient_points,data/derived/qa_213_v1/period_qa.csv,detector_wide_day_to_day_drift,period_qa,,diagnostic_only; no_auto_accept; no_auto_split;single_day_segment_intentionally_accepted
213,213,0,11,23,130.839691,0.145557,0,accepted_single_day_segment,insufficient_points,data/derived/qa_213_v1/period_qa.csv,detector_wide_day_to_day_drift,period_qa,,diagnostic_only; no_auto_accept; no_auto_split;single_day_segment_intentionally_accepted
213,213,0,11,24,135.359726,0.145366,0,accepted_single_day_segment,insufficient_points,data/derived/qa_213_v1/period_qa.csv,detector_wide_day_to_day_drift,period_qa,,diagnostic_only; no_auto_accept; no_auto_split;single_day_segment_intentionally_accepted
213,213,0,11,25,132.313904,0.149443,0,accepted_single_day_segment,insufficient_points,data/derived/qa_213_v1/period_qa.csv,detector_wide_day_to_day_drift,period_qa,,diagnostic_only; no_auto_accept; no_auto_split;single_day_segment_intentionally_accepted
213,213,0,11,26,136.57193,0.152587,0,accepted_single_day_segment,insufficient_points,data/derived/qa_213_v1/period_qa.csv,detector_wide_day_to_day_drift,period_qa,,diagnostic_only; no_auto_accept; no_auto_split;single_day_segment_intentionally_accepted
213,213,0,11,27,132.504684,0.149428,0,accepted_single_day_segment,insufficient_points,data/derived/qa_213_v1/period_qa.csv,detector_wide_day_to_day_drift,period_qa,,diagnostic_only; no_auto_accept; no_auto_split;single_day_segment_intentionally_accepted
213,213,0,11,28,133.421326,0.140616,0,accepted_single_day_segment,insufficient_points,data/derived/qa_213_v1/period_qa.csv,detector_wide_day_to_day_drift,period_qa,,diagnostic_only; no_auto_accept; no_auto_split;single_day_segment_intentionally_accepted
213,213,0,11,29,130.096512,0.157405,0,accepted_single_day_segment,insufficient_points,data/derived/qa_213_v1/period_qa.csv,detector_wide_day_to_day_drift,period_qa,,diagnostic_only; no_auto_accept; no_auto_split;single_day_segment_intentionally_accepted
213,213,0,11,30,134.47641,0.160369,0,accepted_single_day_segment,insufficient_points,data/derived/qa_213_v1/period_qa.csv,detector_wide_day_to_day_drift,period_qa,,diagnostic_only; no_auto_accept; no_auto_split;single_day_segment_intentionally_accepted
213,213,0,11,31,131.983154,0.160422,0,accepted_single_day_segment,insufficient_points,data/derived/qa_213_v1/period_qa.csv,detector_wide_day_to_day_drift,period_qa,,diagnostic_only; no_auto_accept; no_auto_split;single_day_segment_intentionally_accepted
213,213,0,12,1,136.345673,0.17443,0,accepted_single_day_segment,insufficient_points,data/derived/qa_213_v1/period_qa.csv,detector_wide_day_to_day_drift,period_qa,,diagnostic_only; no_auto_accept; no_auto_split;single_day_segment_intentionally_accepted
213,213,0,12,2,126.323563,0.232436,0,accepted_single_day_segment,insufficient_points,data/derived/qa_213_v1/period_qa.csv,detector_wide_day_to_day_drift,period_qa,,diagnostic_only; no_auto_accept; no_auto_split;single_day_segment_intentionally_accepted
213,213,0,12,3,125.753944,0.228956,0,accepted_single_day_segment,insufficient_points,data/derived/qa_213_v1/period_qa.csv,detector_wide_day_to_day_drift,period_qa,,diagnostic_only; no_auto_accept; no_auto_split;single_day_segment_intentionally_accepted
213,213,0,12,4,130.731171,0.127369,0,accepted_single_day_segment,insufficient_points,data/derived/qa_213_v1/period_qa.csv,detector_wide_day_to_day_drift,period_qa,,diagnostic_only; no_auto_accept; no_auto_split;single_day_segment_intentionally_accepted
213,213,0,12,5,133.055206,0.129163,0,accepted_single_day_segment,insufficient_points,data/derived/qa_213_v1/period_qa.csv,detector_wide_day_to_day_drift,period_qa,,diagnostic_only; no_auto_accept; no_auto_split;single_day_segment_intentionally_accepted
213,213,0,12,6,131.472031,0.125929,0,accepted_single_day_segment,insufficient_points,data/derived/qa_213_v1/period_qa.csv,detector_wide_day_to_day_drift,period_qa,,diagnostic_only; no_auto_accept; no_auto_split;single_day_segment_intentionally_accepted
213,213,0,12,7,129.406967,0.130436,0,accepted_single_day_segment,insufficient_points,data/derived/qa_213_v1/period_qa.csv,detector_wide_day_to_day_drift,period_qa,,diagnostic_only; no_auto_accept; no_auto_split;single_day_segment_intentionally_accepted
213,213,0,12,8,133.463791,0.119616,0,accepted_single_day_segment,insufficient_points,data/derived/qa_213_v1/period_qa.csv,detector_wide_day_to_day_drift,period_qa,,diagnostic_only; no_auto_accept; no_auto_split;single_day_segment_intentionally_accepted
213,213,0,12,9,133.609436,0.113341,0,accepted_single_day_segment,insufficient_points,data/derived/qa_213_v1/period_qa.csv,detector_wide_day_to_day_drift,period_qa,,diagnostic_only; no_auto_accept; no_auto_split;single_day_segment_intentionally_accepted
213,213,0,12,10,135.26268,0.130339,0,accepted_single_day_segment,insufficient_points,data/derived/qa_213_v1/period_qa.csv,detector_wide_day_to_day_drift,period_qa,,diagnostic_only; no_auto_accept; no_auto_split;single_day_segment_intentionally_accepted
213,213,0,12,11,136.383972,0.124112,0,accepted_single_day_segment,insufficient_points,data/derived/qa_213_v1/period_qa.csv,detector_wide_day_to_day_drift,period_qa,,diagnostic_only; no_auto_accept; no_auto_split;single_day_segment_intentionally_accepted
213,213,0,12,12,134.940323,0.131298,0,accepted_single_day_segment,insufficient_points,data/derived/qa_213_v1/period_qa.csv,detector_wide_day_to_day_drift,period_qa,,diagnostic_only; no_auto_accept; no_auto_split;single_day_segment_intentionally_accepted
213,213,0,12,13,135.038528,0.128179,0,accepted_single_day_segment,insufficient_points,data/derived/qa_213_v1/period_qa.csv,detector_wide_day_to_day_drift,period_qa,,diagnostic_only; no_auto_accept; no_auto_split;single_day_segment_intentionally_accepted
213,213,0,12,14,133.271439,0.128303,0,accepted_single_day_segment,insufficient_points,data/derived/qa_213_v1/period_qa.csv,detector_wide_day_to_day_drift,period_qa,,diagnostic_only; no_auto_accept; no_auto_split;single_day_segment_intentionally_accepted
213,213,0,12,15,136.291061,0.127601,0,accepted_single_day_segment,insufficient_points,data/derived/qa_213_v1/period_qa.csv,detector_wide_day_to_day_drift,period_qa,,diagnostic_only; no_auto_accept; no_auto_split;single_day_segment_intentionally_accepted
213,213,0,12,16,138.927353,0.128104,0,accepted_single_day_segment,insufficient_points,data/derived/qa_213_v1/period_qa.csv,detector_wide_day_to_day_drift,period_qa,,diagnostic_only; no_auto_accept; no_auto_split;single_day_segment_intentionally_accepted
213,213,0,12,17,135.232086,0.120434,0,accepted_single_day_segment,insufficient_points,data/derived/qa_213_v1/period_qa.csv,detector_wide_day_to_day_drift,period_qa,,diagnostic_only; no_auto_accept; no_auto_split;single_day_segment_intentionally_accepted
213,213,0,12,18,135.280106,0.133992,0,accepted_single_day_segment,insufficient_points,data/derived/qa_213_v1/period_qa.csv,detector_wide_day_to_day_drift,period_qa,,diagnostic_only; no_auto_accept; no_auto_split;single_day_segment_intentionally_accepted
213,213,0,12,19,135.366608,0.127871,0,accepted_single_day_segment,insufficient_points,data/derived/qa_213_v1/period_qa.csv,detector_wide_day_to_day_drift,period_qa,,diagnostic_only; no_auto_accept; no_auto_split;single_day_segment_intentionally_accepted
213,213,0,12,20,134.627747,0.125981,0,accepted_single_day_segment,insufficient_points,data/derived/qa_213_v1/period_qa.csv,detector_wide_day_to_day_drift,period_qa,,diagnostic_only; no_auto_accept; no_auto_split;single_day_segment_intentionally_accepted
213,213,0,12,21,136.651337,0.122897,0,accepted_single_day_segment,insufficient_points,data/derived/qa_213_v1/period_qa.csv,detector_wide_day_to_day_drift,period_qa,,diagnostic_only; no_auto_accept; no_auto_split;single_day_segment_intentionally_accepted
213,213,0,12,22,131.183548,0.121718,0,accepted_single_day_segment,insufficient_points,data/derived/qa_213_v1/period_qa.csv,detector_wide_day_to_day_drift,period_qa,,diagnostic_only; no_auto_accept; no_auto_split;single_day_segment_intentionally_accepted
213,213,0,12,23,136.196411,0.125066,0,accepted_single_day_segment,insufficient_points,data/derived/qa_213_v1/period_qa.csv,detector_wide_day_to_day_drift,period_qa,,diagnostic_only; no_auto_accept; no_auto_split;single_day_segment_intentionally_accepted
213,213,0,12,24,138.538986,0.131008,0,accepted_single_day_segment,insufficient_points,data/derived/qa_213_v1/period_qa.csv,detector_wide_day_to_day_drift,period_qa,,diagnostic_only; no_auto_accept; no_auto_split;single_day_segment_intentionally_accepted
213,213,0,12,25,134.199478,0.138726,0,accepted_single_day_segment,insufficient_points,data/derived/qa_213_v1/period_qa.csv,detector_wide_day_to_day_drift,period_qa,,diagnostic_only; no_auto_accept; no_auto_split;single_day_segment_intentionally_accepted
213,213,0,12,26,136.61676,0.140495,0,accepted_single_day_segment,insufficient_points,data/derived/qa_213_v1/period_qa.csv,detector_wide_day_to_day_drift,period_qa,,diagnostic_only; no_auto_accept; no_auto_split;single_day_segment_intentionally_accepted
213,213,0,12,27,134.756943,0.139452,0,accepted_single_day_segment,insufficient_points,data/derived/qa_213_v1/period_qa.csv,detector_wide_day_to_day_drift,period_qa,,diagnostic_only; no_auto_accept; no_auto_split;single_day_segment_intentionally_accepted
213,213,0,12,28,135.699722,0.144608,0,accepted_single_day_segment,insufficient_points,data/derived/qa_213_v1/period_qa.csv,detector_wide_day_to_day_drift,period_qa,,diagnostic_only; no_auto_accept; no_auto_split;single_day_segment_intentionally_accepted
213,213,0,12,29,135.129242,0.145635,0,accepted_single_day_segment,insufficient_points,data/derived/qa_213_v1/period_qa.csv,detector_wide_day_to_day_drift,period_qa,,diagnostic_only; no_auto_accept; no_auto_split;single_day_segment_intentionally_accepted
213,213,0,12,30,136.067627,0.150429,0,accepted_single_day_segment,insufficient_points,data/derived/qa_213_v1/period_qa.csv,detector_wide_day_to_day_drift,period_qa,,diagnostic_only; no_auto_accept; no_auto_split;single_day_segment_intentionally_accepted
213,213,0,12,31,135.363113,0.162654,0,accepted_single_day_segment,insufficient_points,data/derived/qa_213_v1/period_qa.csv,detector_wide_day_to_day_drift,period_qa,,diagnostic_only; no_auto_accept; no_auto_split;single_day_segment_intentionally_accepted
213,213,1,1,1,129.753601,0.184835,0,accepted_single_day_segment,insufficient_points,data/derived/qa_213_v1/period_qa.csv,detector_wide_day_to_day_drift,period_qa,,diagnostic_only; no_auto_accept; no_auto_split;single_day_segment_intentionally_accepted
213,213,1,1,2,128.074509,0.251001,0,accepted_single_day_segment,insufficient_points,data/derived/qa_213_v1/period_qa.csv,detector_wide_day_to_day_drift,period_qa,,diagnostic_only; no_auto_accept; no_auto_split;single_day_segment_intentionally_accepted
213,213,1,1,3,130.279526,0.1887,0,accepted_single_day_segment,insufficient_points,data/derived/qa_213_v1/period_qa.csv,detector_wide_day_to_day_drift,period_qa,,diagnostic_only; no_auto_accept; no_auto_split;single_day_segment_intentionally_accepted
213,213,1,1,4,129.363846,0.166643,0,accepted_single_day_segment,insufficient_points,data/derived/qa_213_v1/period_qa.csv,detector_wide_day_to_day_drift,period_qa,,diagnostic_only; no_auto_accept; no_auto_split;single_day_segment_intentionally_accepted
213,213,1,1,5,129.348129,0.15596,0,accepted_single_day_segment,insufficient_points,data/derived/qa_213_v1/period_qa.csv,detector_wide_day_to_day_drift,period_qa,,diagnostic_only; no_auto_accept; no_auto_split;single_day_segment_intentionally_accepted
213,213,1,1,6,,,,known_dead_tile,insufficient_points,data/derived/qa_213_v1/period_qa.csv,,none,,Known dead tile; no carry-forward.
213,213,1,1,7,134.101578,0.160648,0,accepted_single_day_segment,insufficient_points,data/derived/qa_213_v1/period_qa.csv,detector_wide_day_to_day_drift,period_qa,,diagnostic_only; no_auto_accept; no_auto_split;single_day_segment_intentionally_accepted
213,213,1,1,8,131.311478,0.160251,0,accepted_single_day_segment,insufficient_points,data/derived/qa_213_v1/period_qa.csv,detector_wide_day_to_day_drift,period_qa,,diagnostic_only; no_auto_accept; no_auto_split;single_day_segment_intentionally_accepted
213,213,1,1,9,132.133728,0.142376,0,accepted_single_day_segment,insufficient_points,data/derived/qa_213_v1/period_qa.csv,detector_wide_day_to_day_drift,period_qa,,diagnostic_only; no_auto_accept; no_auto_split;single_day_segment_intentionally_accepted
213,213,1,1,10,132.272827,0.151203,0,accepted_single_day_segment,insufficient_points,data/derived/qa_213_v1/period_qa.csv,detector_wide_day_to_day_drift,period_qa,,diagnostic_only; no_auto_accept; no_auto_split;single_day_segment_intentionally_accepted
213,213,1,1,11,132.362656,0.14834,0,accepted_single_day_segment,insufficient_points,data/derived/qa_213_v1/period_qa.csv,detector_wide_day_to_day_drift,period_qa,,diagnostic_only; no_auto_accept; no_auto_split;single_day_segment_intentionally_accepted
213,213,1,1,12,130.23436,0.150141,0,accepted_single_day_segment,insufficient_points,data/derived/qa_213_v1/period_qa.csv,detector_wide_day_to_day_drift,period_qa,,diagnostic_only; no_auto_accept; no_auto_split;single_day_segment_intentionally_accepted
213,213,1,1,13,131.628525,0.164759,0,accepted_single_day_segment,insufficient_points,data/derived/qa_213_v1/period_qa.csv,detector_wide_day_to_day_drift,period_qa,,diagnostic_only; no_auto_accept; no_auto_split;single_day_segment_intentionally_accepted
213,213,1,1,14,131.889252,0.154211,0,accepted_single_day_segment,insufficient_points,data/derived/qa_213_v1/period_qa.csv,detector_wide_day_to_day_drift,period_qa,,diagnostic_only; no_auto_accept; no_auto_split;single_day_segment_intentionally_accepted
213,213,1,1,15,132.677322,0.154686,0,accepted_single_day_segment,insufficient_points,data/derived/qa_213_v1/period_qa.csv,detector_wide_day_to_day_drift,period_qa,,diagnostic_only; no_auto_accept; no_auto_split;single_day_segment_intentionally_accepted
213,213,1,1,16,131.815125,0.14664,0,accepted_single_day_segment,insufficient_points,data/derived/qa_213_v1/period_qa.csv,detector_wide_day_to_day_drift,period_qa,,diagnostic_only; no_auto_accept; no_auto_split;single_day_segment_intentionally_accepted
213,213,1,1,17,128.540222,0.145361,0,accepted_single_day_segment,insufficient_points,data/derived/qa_213_v1/period_qa.csv,detector_wide_day_to_day_drift,period_qa,,diagnostic_only; no_auto_accept; no_auto_split;single_day_segment_intentionally_accepted
213,213,1,1,18,132.293472,0.157129,0,accepted_single_day_segment,insufficient_points,data/derived/qa_213_v1/period_qa.csv,detector_wide_day_to_day_drift,period_qa,,diagnostic_only; no_auto_accept; no_auto_split;single_day_segment_intentionally_accepted
213,213,1,1,19,130.933334,0.147121,0,accepted_single_day_segment,insufficient_points,data/derived/qa_213_v1/period_qa.csv,detector_wide_day_to_day_drift,period_qa,,diagnostic_only; no_auto_accept; no_auto_split;single_day_segment_intentionally_accepted
213,213,1,1,20,131.787186,0.153895,0,accepted_single_day_segment,insufficient_points,data/derived/qa_213_v1/period_qa.csv,detector_wide_day_to_day_drift,period_qa,,diagnostic_only; no_auto_accept; no_auto_split;single_day_segment_intentionally_accepted
213,213,1,1,21,128.247467,0.156388,0,accepted_single_day_segment,insufficient_points,data/derived/qa_213_v1/period_qa.csv,detector_wide_day_to_day_drift,period_qa,,diagnostic_only; no_auto_accept; no_auto_split;single_day_segment_intentionally_accepted
213,213,1,1,22,132.737625,0.154089,0,accepted_single_day_segment,insufficient_points,data/derived/qa_213_v1/period_qa.csv,detector_wide_day_to_day_drift,period_qa,,diagnostic_only; no_auto_accept; no_auto_split;single_day_segment_intentionally_accepted
213,213,1,1,23,131.877243,0.155455,0,accepted_single_day_segment,insufficient_points,data/derived/qa_213_v1/period_qa.csv,detector_wide_day_to_day_drift,period_qa,,diagnostic_only; no_auto_accept; no_auto_split;single_day_segment_intentionally_accepted
213,213,1,1,24,138.584045,0.174615,0,accepted_single_day_segment,insufficient_points,data/derived/qa_213_v1/period_qa.csv,detector_wide_day_to_day_drift,period_qa,,diagnostic_only; no_auto_accept; no_auto_split;single_day_segment_intentionally_accepted
213,213,1,1,25,133.492249,0.175849,0,accepted_single_day_segment,insufficient_points,data/derived/qa_213_v1/period_qa.csv,detector_wide_day_to_day_drift,period_qa,,diagnostic_only; no_auto_accept; no_auto_split;single_day_segment_intentionally_accepted
213,213,1,1,26,134.878738,0.170924,0,accepted_single_day_segment,insufficient_points,data/derived/qa_213_v1/period_qa.csv,detector_wide_day_to_day_drift,period_qa,,diagnostic_only; no_auto_accept; no_auto_split;single_day_segment_intentionally_accepted
213,213,1,1,27,135.555939,0.169921,0,accepted_single_day_segment,insufficient_points,data/derived/qa_213_v1/period_qa.csv,detector_wide_day_to_day_drift,period_qa,,diagnostic_only; no_auto_accept; no_auto_split;single_day_segment_intentionally_accepted
213,213,1,1,28,136.825424,0.170416,0,accepted_single_day_segment,insufficient_points,data/derived/qa_213_v1/period_qa.csv,detector_wide_day_to_day_drift,period_qa,,diagnostic_only; no_auto_accept; no_auto_split;single_day_segment_intentionally_accepted
213,213,1,1,29,134.638901,0.179931,0,accepted_single_day_segment,insufficient_points,data/derived/qa_213_v1/period_qa.csv,detector_wide_day_to_day_drift,period_qa,,diagnostic_only; no_auto_accept; no_auto_split;single_day_segment_intentionally_accepted
213,213,1,1,30,134.566864,0.167593,0,accepted_single_day_segment,insufficient_points,data/derived/qa_213_v1/period_qa.csv,detector_wide_day_to_day_drift,period_qa,,diagnostic_only; no_auto_accept; no_auto_split;single_day_segment_intentionally_accepted
213,213,1,1,31,133.971405,0.167981,0,accepted_single_day_segment,insufficient_points,data/derived/qa_213_v1/period_qa.csv,detector_wide_day_to_day_drift,period_qa,,diagnostic_only; no_auto_accept; no_auto_split;single_day_segment_intentionally_accepted
213,213,1,2,1,131.891373,0.214624,0,accepted_single_day_segment,insufficient_points,data/derived/qa_213_v1/period_qa.csv,detector_wide_day_to_day_drift,period_qa,,diagnostic_only; no_auto_accept; no_auto_split;single_day_segment_intentionally_accepted
213,213,1,2,2,129.373764,0.178253,0,accepted_single_day_segment,insufficient_points,data/derived/qa_213_v1/period_qa.csv,detector_wide_day_to_day_drift,period_qa,,diagnostic_only; no_auto_accept; no_auto_split;single_day_segment_intentionally_accepted
213,213,1,2,3,129.754639,0.169225,0,accepted_single_day_segment,insufficient_points,data/derived/qa_213_v1/period_qa.csv,detector_wide_day_to_day_drift,period_qa,,diagnostic_only; no_auto_accept; no_auto_split;single_day_segment_intentionally_accepted
213,213,1,2,4,130.287338,0.137662,0,accepted_single_day_segment,insufficient_points,data/derived/qa_213_v1/period_qa.csv,detector_wide_day_to_day_drift,period_qa,,diagnostic_only; no_auto_accept; no_auto_split;single_day_segment_intentionally_accepted
213,213,1,2,5,133.291351,0.139646,0,accepted_single_day_segment,insufficient_points,data/derived/qa_213_v1/period_qa.csv,detector_wide_day_to_day_drift,period_qa,,diagnostic_only; no_auto_accept; no_auto_split;single_day_segment_intentionally_accepted
213,213,1,2,6,133.294128,0.142567,0,accepted_single_day_segment,insufficient_points,data/derived/qa_213_v1/period_qa.csv,detector_wide_day_to_day_drift,period_qa,,diagnostic_only; no_auto_accept; no_auto_split;single_day_segment_intentionally_accepted
213,213,1,2,7,133.79599,0.153352,0,accepted_single_day_segment,insufficient_points,data/derived/qa_213_v1/period_qa.csv,detector_wide_day_to_day_drift,period_qa,,diagnostic_only; no_auto_accept; no_auto_split;single_day_segment_intentionally_accepted
213,213,1,2,8,133.587875,0.14707,0,accepted_single_day_segment,insufficient_points,data/derived/qa_213_v1/period_qa.csv,detector_wide_day_to_day_drift,period_qa,,diagnostic_only; no_auto_accept; no_auto_split;single_day_segment_intentionally_accepted
213,213,1,2,9,135.990219,0.139111,0,accepted_single_day_segment,insufficient_points,data/derived/qa_213_v1/period_qa.csv,detector_wide_day_to_day_drift,period_qa,,diagnostic_only; no_auto_accept; no_auto_split;single_day_segment_intentionally_accepted
213,213,1,2,10,,,,known_dead_tile,insufficient_points,data/derived/qa_213_v1/period_qa.csv,,none,,Known dead tile; no carry-forward.
213,213,1,2,11,134.587418,0.155066,0,accepted_single_day_segment,insufficient_points,data/derived/qa_213_v1/period_qa.csv,detector_wide_day_to_day_drift,period_qa,,diagnostic_only; no_auto_accept; no_auto_split;single_day_segment_intentionally_accepted
213,213,1,2,12,129.661255,0.145929,0,accepted_single_day_segment,insufficient_points,data/derived/qa_213_v1/period_qa.csv,detector_wide_day_to_day_drift,period_qa,,diagnostic_only; no_auto_accept; no_auto_split;single_day_segment_intentionally_accepted
213,213,1,2,13,129.997543,0.157967,0,accepted_single_day_segment,insufficient_points,data/derived/qa_213_v1/period_qa.csv,detector_wide_day_to_day_drift,period_qa,,diagnostic_only; no_auto_accept; no_auto_split;single_day_segment_intentionally_accepted
213,213,1,2,14,128.472214,0.143489,0,accepted_single_day_segment,insufficient_points,data/derived/qa_213_v1/period_qa.csv,detector_wide_day_to_day_drift,period_qa,,diagnostic_only; no_auto_accept; no_auto_split;single_day_segment_intentionally_accepted
213,213,1,2,15,127.501534,0.145219,0,accepted_single_day_segment,insufficient_points,data/derived/qa_213_v1/period_qa.csv,detector_wide_day_to_day_drift,period_qa,,diagnostic_only; no_auto_accept; no_auto_split;single_day_segment_intentionally_accepted
213,213,1,2,16,130.788956,0.149382,0,accepted_single_day_segment,insufficient_points,data/derived/qa_213_v1/period_qa.csv,detector_wide_day_to_day_drift,period_qa,,diagnostic_only; no_auto_accept; no_auto_split;single_day_segment_intentionally_accepted
213,213,1,2,17,131.181366,0.157041,0,accepted_single_day_segment,insufficient_points,data/derived/qa_213_v1/period_qa.csv,detector_wide_day_to_day_drift,period_qa,,diagnostic_only; no_auto_accept; no_auto_split;single_day_segment_intentionally_accepted
213,213,1,2,18,130.646255,0.153243,0,accepted_single_day_segment,insufficient_points,data/derived/qa_213_v1/period_qa.csv,detector_wide_day_to_day_drift,period_qa,,diagnostic_only; no_auto_accept; no_auto_split;single_day_segment_intentionally_accepted
213,213,1,2,19,130.253464,0.151195,0,accepted_single_day_segment,insufficient_points,data/derived/qa_213_v1/period_qa.csv,detector_wide_day_to_day_drift,period_qa,,diagnostic_only; no_auto_accept; no_auto_split;single_day_segment_intentionally_accepted
213,213,1,2,20,134.459045,0.156163,0,accepted_single_day_segment,insufficient_points,data/derived/qa_213_v1/period_qa.csv,detector_wide_day_to_day_drift,period_qa,,diagnostic_only; no_auto_accept; no_auto_split;single_day_segment_intentionally_accepted
213,213,1,2,21,131.675537,0.161546,0,accepted_single_day_segment,insufficient_points,data/derived/qa_213_v1/period_qa.csv,detector_wide_day_to_day_drift,period_qa,,diagnostic_only; no_auto_accept; no_auto_split;single_day_segment_intentionally_accepted
213,213,1,2,22,131.65712,0.15696,0,accepted_single_day_segment,insufficient_points,data/derived/qa_213_v1/period_qa.csv,detector_wide_day_to_day_drift,period_qa,,diagnostic_only; no_auto_accept; no_auto_split;single_day_segment_intentionally_accepted
213,213,1,2,23,130.18396,0.160829,0,accepted_single_day_segment,insufficient_points,data/derived/qa_213_v1/period_qa.csv,detector_wide_day_to_day_drift,period_qa,,diagnostic_only; no_auto_accept; no_auto_split;single_day_segment_intentionally_accepted
213,213,1,2,24,134.303543,0.183448,0,accepted_single_day_segment,insufficient_points,data/derived/qa_213_v1/period_qa.csv,detector_wide_day_to_day_drift,period_qa,,diagnostic_only; no_auto_accept; no_auto_split;single_day_segment_intentionally_accepted
213,213,1,2,25,129.742233,0.180913,0,accepted_single_day_segment,insufficient_points,data/derived/qa_213_v1/period_qa.csv,detector_wide_day_to_day_drift,period_qa,,diagnostic_only; no_auto_accept; no_auto_split;single_day_segment_intentionally_accepted
213,213,1,2,26,133.541168,0.174711,0,accepted_single_day_segment,insufficient_points,data/derived/qa_213_v1/period_qa.csv,detector_wide_day_to_day_drift,period_qa,,diagnostic_only; no_auto_accept; no_auto_split;single_day_segment_intentionally_accepted
213,213,1,2,27,128.617416,0.171965,0,accepted_single_day_segment,insufficient_points,data/derived/qa_213_v1/period_qa.csv,detector_wide_day_to_day_drift,period_qa,,diagnostic_only; no_auto_accept; no_auto_split;single_day_segment_intentionally_accepted
213,213,1,2,28,131.624863,0.154149,0,accepted_single_day_segment,insufficient_points,data/derived/qa_213_v1/period_qa.csv,detector_wide_day_to_day_drift,period_qa,,diagnostic_only; no_auto_accept; no_auto_split;single_day_segment_intentionally_accepted
213,213,1,2,29,132.879471,0.168244,0,accepted_single_day_segment,insufficient_points,data/derived/qa_213_v1/period_qa.csv,detector_wide_day_to_day_drift,period_qa,,diagnostic_only; no_auto_accept; no_auto_split;single_day_segment_intentionally_accepted
213,213,1,2,30,132.22905,0.164526,0,accepted_single_day_segment,insufficient_points,data/derived/qa_213_v1/period_qa.csv,detector_wide_day_to_day_drift,period_qa,,diagnostic_only; no_auto_accept; no_auto_split;single_day_segment_intentionally_accepted
213,213,1,2,31,132.918259,0.177482,0,accepted_single_day_segment,insufficient_points,data/derived/qa_213_v1/period_qa.csv,detector_wide_day_to_day_drift,period_qa,,diagnostic_only; no_auto_accept; no_auto_split;single_day_segment_intentionally_accepted
213,213,1,3,1,119.441513,0.555897,0,accepted_single_day_segment,different_from_nominal;insufficient_points,data/derived/qa_213_v1/period_qa.csv,detector_wide_day_to_day_drift,period_qa,,diagnostic_only; no_auto_accept; no_auto_split;single_day_segment_intentionally_accepted
213,213,1,3,2,131.116058,0.189127,0,accepted_single_day_segment,insufficient_points,data/derived/qa_213_v1/period_qa.csv,detector_wide_day_to_day_drift,period_qa,,diagnostic_only; no_auto_accept; no_auto_split;single_day_segment_intentionally_accepted
213,213,1,3,3,131.58078,0.188519,0,accepted_single_day_segment,insufficient_points,data/derived/qa_213_v1/period_qa.csv,detector_wide_day_to_day_drift,period_qa,,diagnostic_only; no_auto_accept; no_auto_split;single_day_segment_intentionally_accepted
213,213,1,3,4,129.794006,0.161842,0,accepted_single_day_segment,insufficient_points,data/derived/qa_213_v1/period_qa.csv,detector_wide_day_to_day_drift,period_qa,,diagnostic_only; no_auto_accept; no_auto_split;single_day_segment_intentionally_accepted
213,213,1,3,5,131.33844,0.173892,0,accepted_single_day_segment,insufficient_points,data/derived/qa_213_v1/period_qa.csv,detector_wide_day_to_day_drift,period_qa,,diagnostic_only; no_auto_accept; no_auto_split;single_day_segment_intentionally_accepted
213,213,1,3,6,136.03952,0.153979,0,accepted_single_day_segment,insufficient_points,data/derived/qa_213_v1/period_qa.csv,detector_wide_day_to_day_drift,period_qa,,diagnostic_only; no_auto_accept; no_auto_split;single_day_segment_intentionally_accepted
213,213,1,3,7,131.777802,0.153394,0,accepted_single_day_segment,insufficient_points,data/derived/qa_213_v1/period_qa.csv,detector_wide_day_to_day_drift,period_qa,,diagnostic_only; no_auto_accept; no_auto_split;single_day_segment_intentionally_accepted
213,213,1,3,8,133.566528,0.146517,0,accepted_single_day_segment,insufficient_points,data/derived/qa_213_v1/period_qa.csv,detector_wide_day_to_day_drift,period_qa,,diagnostic_only; no_auto_accept; no_auto_split;single_day_segment_intentionally_accepted
213,213,1,3,9,131.731125,0.154549,0,accepted_single_day_segment,insufficient_points,data/derived/qa_213_v1/period_qa.csv,detector_wide_day_to_day_drift,period_qa,,diagnostic_only; no_auto_accept; no_auto_split;single_day_segment_intentionally_accepted
213,213,1,3,10,131.016464,0.154798,0,accepted_single_day_segment,insufficient_points,data/derived/qa_213_v1/period_qa.csv,detector_wide_day_to_day_drift,period_qa,,diagnostic_only; no_auto_accept; no_auto_split;single_day_segment_intentionally_accepted
213,213,1,3,11,129.001602,0.159631,0,accepted_single_day_segment,insufficient_points,data/derived/qa_213_v1/period_qa.csv,detector_wide_day_to_day_drift,period_qa,,diagnostic_only; no_auto_accept; no_auto_split;single_day_segment_intentionally_accepted
213,213,1,3,12,133.629776,0.160561,0,accepted_single_day_segment,insufficient_points,data/derived/qa_213_v1/period_qa.csv,detector_wide_day_to_day_drift,period_qa,,diagnostic_only; no_auto_accept; no_auto_split;single_day_segment_intentionally_accepted
213,213,1,3,13,127.884048,0.177692,0,accepted_single_day_segment,insufficient_points,data/derived/qa_213_v1/period_qa.csv,detector_wide_day_to_day_drift,period_qa,,diagnostic_only; no_auto_accept; no_auto_split;single_day_segment_intentionally_accepted
213,213,1,3,14,131.185699,0.145108,0,accepted_single_day_segment,insufficient_points,data/derived/qa_213_v1/period_qa.csv,detector_wide_day_to_day_drift,period_qa,,diagnostic_only; no_auto_accept; no_auto_split;single_day_segment_intentionally_accepted
213,213,1,3,15,129.865219,0.152507,0,accepted_single_day_segment,insufficient_points,data/derived/qa_213_v1/period_qa.csv,detector_wide_day_to_day_drift,period_qa,,diagnostic_only; no_auto_accept; no_auto_split;single_day_segment_intentionally_accepted
213,213,1,3,16,133.026154,0.14717,0,accepted_single_day_segment,insufficient_points,data/derived/qa_213_v1/period_qa.csv,detector_wide_day_to_day_drift,period_qa,,diagnostic_only; no_auto_accept; no_auto_split;single_day_segment_intentionally_accepted
213,213,1,3,17,131.321106,0.157648,0,accepted_single_day_segment,insufficient_points,data/derived/qa_213_v1/period_qa.csv,detector_wide_day_to_day_drift,period_qa,,diagnostic_only; no_auto_accept; no_auto_split;single_day_segment_intentionally_accepted
213,213,1,3,18,134.699051,0.163785,0,accepted_single_day_segment,insufficient_points,data/derived/qa_213_v1/period_qa.csv,detector_wide_day_to_day_drift,period_qa,,diagnostic_only; no_auto_accept; no_auto_split;single_day_segment_intentionally_accepted
213,213,1,3,19,130.856171,0.170421,0,accepted_single_day_segment,insufficient_points,data/derived/qa_213_v1/period_qa.csv,detector_wide_day_to_day_drift,period_qa,,diagnostic_only; no_auto_accept; no_auto_split;single_day_segment_intentionally_accepted
213,213,1,3,20,133.177689,0.162394,0,accepted_single_day_segment,insufficient_points,data/derived/qa_213_v1/period_qa.csv,detector_wide_day_to_day_drift,period_qa,,diagnostic_only; no_auto_accept; no_auto_split;single_day_segment_intentionally_accepted
213,213,1,3,21,134.581757,0.169387,0,accepted_single_day_segment,insufficient_points,data/derived/qa_213_v1/period_qa.csv,detector_wide_day_to_day_drift,period_qa,,diagnostic_only; no_auto_accept; no_auto_split;single_day_segment_intentionally_accepted
213,213,1,3,22,133.421265,0.169554,0,accepted_single_day_segment,insufficient_points,data/derived/qa_213_v1/period_qa.csv,detector_wide_day_to_day_drift,period_qa,,diagnostic_only; no_auto_accept; no_auto_split;single_day_segment_intentionally_accepted
213,213,1,3,23,130.967209,0.181455,0,accepted_single_day_segment,insufficient_points,data/derived/qa_213_v1/period_qa.csv,detector_wide_day_to_day_drift,period_qa,,diagnostic_only; no_auto_accept; no_auto_split;single_day_segment_intentionally_accepted
213,213,1,3,24,129.350693,0.183958,0,accepted_single_day_segment,insufficient_points,data/derived/qa_213_v1/period_qa.csv,detector_wide_day_to_day_drift,period_qa,,diagnostic_only; no_auto_accept; no_auto_split;single_day_segment_intentionally_accepted
213,213,1,3,25,131.430161,0.178054,0,accepted_single_day_segment,insufficient_points,data/derived/qa_213_v1/period_qa.csv,detector_wide_day_to_day_drift,period_qa,,diagnostic_only; no_auto_accept; no_auto_split;single_day_segment_intentionally_accepted
213,213,1,3,26,133.775955,0.177443,0,accepted_single_day_segment,insufficient_points,data/derived/qa_213_v1/period_qa.csv,detector_wide_day_to_day_drift,period_qa,,diagnostic_only; no_auto_accept; no_auto_split;single_day_segment_intentionally_accepted
213,213,1,3,27,130.707581,0.175925,0,accepted_single_day_segment,insufficient_points,data/derived/qa_213_v1/period_qa.csv,detector_wide_day_to_day_drift,period_qa,,diagnostic_only; no_auto_accept; no_auto_split;single_day_segment_intentionally_accepted
213,213,1,3,28,132.266388,0.204343,0,accepted_single_day_segment,insufficient_points,data/derived/qa_213_v1/period_qa.csv,detector_wide_day_to_day_drift,period_qa,,diagnostic_only; no_auto_accept; no_auto_split;single_day_segment_intentionally_accepted
213,213,1,3,29,134.801239,0.194185,0,accepted_single_day_segment,insufficient_points,data/derived/qa_213_v1/period_qa.csv,detector_wide_day_to_day_drift,period_qa,,diagnostic_only; no_auto_accept; no_auto_split;single_day_segment_intentionally_accepted
213,213,1,3,30,131.583527,0.218,0,accepted_single_day_segment,insufficient_points,data/derived/qa_213_v1/period_qa.csv,detector_wide_day_to_day_drift,period_qa,,diagnostic_only; no_auto_accept; no_auto_split;single_day_segment_intentionally_accepted
213,213,1,3,31,133.060913,0.177349,0,accepted_single_day_segment,insufficient_points,data/derived/qa_213_v1/period_qa.csv,detector_wide_day_to_day_drift,period_qa,,diagnostic_only; no_auto_accept; no_auto_split;single_day_segment_intentionally_accepted
213,213,1,4,1,134.9189,0.170646,0,accepted_single_day_segment,insufficient_points,data/derived/qa_213_v1/period_qa.csv,detector_wide_day_to_day_drift,period_qa,,diagnostic_only; no_auto_accept; no_auto_split;single_day_segment_intentionally_accepted
213,213,1,4,2,126.385284,0.276141,0,accepted_single_day_segment,insufficient_points,data/derived/qa_213_v1/period_qa.csv,detector_wide_day_to_day_drift,period_qa,,diagnostic_only; no_auto_accept; no_auto_split;single_day_segment_intentionally_accepted
213,213,1,4,3,131.974518,0.175853,0,accepted_single_day_segment,insufficient_points,data/derived/qa_213_v1/period_qa.csv,detector_wide_day_to_day_drift,period_qa,,diagnostic_only; no_auto_accept; no_auto_split;single_day_segment_intentionally_accepted
213,213,1,4,4,133.700836,0.161741,0,accepted_single_day_segment,insufficient_points,data/derived/qa_213_v1/period_qa.csv,detector_wide_day_to_day_drift,period_qa,,diagnostic_only; no_auto_accept; no_auto_split;single_day_segment_intentionally_accepted
213,213,1,4,5,134.218948,0.142595,0,accepted_single_day_segment,insufficient_points,data/derived/qa_213_v1/period_qa.csv,detector_wide_day_to_day_drift,period_qa,,diagnostic_only; no_auto_accept; no_auto_split;single_day_segment_intentionally_accepted
213,213,1,4,6,136.541611,0.153176,0,accepted_single_day_segment,insufficient_points,data/derived/qa_213_v1/period_qa.csv,detector_wide_day_to_day_drift,period_qa,,diagnostic_only; no_auto_accept; no_auto_split;single_day_segment_intentionally_accepted
213,213,1,4,7,137.32457,0.151587,0,accepted_single_day_segment,insufficient_points,data/derived/qa_213_v1/period_qa.csv,detector_wide_day_to_day_drift,period_qa,,diagnostic_only; no_auto_accept; no_auto_split;single_day_segment_intentionally_accepted
213,213,1,4,8,136.672333,0.145482,0,accepted_single_day_segment,insufficient_points,data/derived/qa_213_v1/period_qa.csv,detector_wide_day_to_day_drift,period_qa,,diagnostic_only; no_auto_accept; no_auto_split;single_day_segment_intentionally_accepted
213,213,1,4,9,137.327942,0.14504,0,accepted_single_day_segment,insufficient_points,data/derived/qa_213_v1/period_qa.csv,detector_wide_day_to_day_drift,period_qa,,diagnostic_only; no_auto_accept; no_auto_split;single_day_segment_intentionally_accepted
213,213,1,4,10,131.333801,0.14208,0,accepted_single_day_segment,insufficient_points,data/derived/qa_213_v1/period_qa.csv,detector_wide_day_to_day_drift,period_qa,,diagnostic_only; no_auto_accept; no_auto_split;single_day_segment_intentionally_accepted
213,213,1,4,11,131.102783,0.146292,0,accepted_single_day_segment,insufficient_points,data/derived/qa_213_v1/period_qa.csv,detector_wide_day_to_day_drift,period_qa,,diagnostic_only; no_auto_accept; no_auto_split;single_day_segment_intentionally_accepted
213,213,1,4,12,131.620926,0.151207,0,accepted_single_day_segment,insufficient_points,data/derived/qa_213_v1/period_qa.csv,detector_wide_day_to_day_drift,period_qa,,diagnostic_only; no_auto_accept; no_auto_split;single_day_segment_intentionally_accepted
213,213,1,4,13,131.302551,0.151434,0,accepted_single_day_segment,insufficient_points,data/derived/qa_213_v1/period_qa.csv,detector_wide_day_to_day_drift,period_qa,,diagnostic_only; no_auto_accept; no_auto_split;single_day_segment_intentionally_accepted
213,213,1,4,14,130.773712,0.142235,0,accepted_single_day_segment,insufficient_points,data/derived/qa_213_v1/period_qa.csv,detector_wide_day_to_day_drift,period_qa,,diagnostic_only; no_auto_accept; no_auto_split;single_day_segment_intentionally_accepted
213,213,1,4,15,130.97345,0.153168,0,accepted_single_day_segment,insufficient_points,data/derived/qa_213_v1/period_qa.csv,detector_wide_day_to_day_drift,period_qa,,diagnostic_only; no_auto_accept; no_auto_split;single_day_segment_intentionally_accepted
213,213,1,4,16,138.247482,0.166457,0,accepted_single_day_segment,insufficient_points,data/derived/qa_213_v1/period_qa.csv,detector_wide_day_to_day_drift,period_qa,,diagnostic_only; no_auto_accept; no_auto_split;single_day_segment_intentionally_accepted
213,213,1,4,17,138.465652,0.157219,0,accepted_single_day_segment,insufficient_points,data/derived/qa_213_v1/period_qa.csv,detector_wide_day_to_day_drift,period_qa,,diagnostic_only; no_auto_accept; no_auto_split;single_day_segment_intentionally_accepted
213,213,1,4,18,137.581039,0.158628,0,accepted_single_day_segment,insufficient_points,data/derived/qa_213_v1/period_qa.csv,detector_wide_day_to_day_drift,period_qa,,diagnostic_only; no_auto_accept; no_auto_split;single_day_segment_intentionally_accepted
213,213,1,4,19,135.743927,0.167603,0,accepted_single_day_segment,insufficient_points,data/derived/qa_213_v1/period_qa.csv,detector_wide_day_to_day_drift,period_qa,,diagnostic_only; no_auto_accept; no_auto_split;single_day_segment_intentionally_accepted
213,213,1,4,20,137.628891,0.178029,0,accepted_single_day_segment,insufficient_points,data/derived/qa_213_v1/period_qa.csv,detector_wide_day_to_day_drift,period_qa,,diagnostic_only; no_auto_accept; no_auto_split;single_day_segment_intentionally_accepted
213,213,1,4,21,143.390488,0.179561,0,accepted_single_day_segment,insufficient_points,data/derived/qa_213_v1/period_qa.csv,detector_wide_day_to_day_drift,period_qa,,diagnostic_only; no_auto_accept; no_auto_split;single_day_segment_intentionally_accepted
213,213,1,4,22,135.637283,0.182274,0,accepted_single_day_segment,insufficient_points,data/derived/qa_213_v1/period_qa.csv,detector_wide_day_to_day_drift,period_qa,,diagnostic_only; no_auto_accept; no_auto_split;single_day_segment_intentionally_accepted
213,213,1,4,23,139.08783,0.165559,0,accepted_single_day_segment,insufficient_points,data/derived/qa_213_v1/period_qa.csv,detector_wide_day_to_day_drift,period_qa,,diagnostic_only; no_auto_accept; no_auto_split;single_day_segment_intentionally_accepted
213,213,1,4,24,133.601837,0.18069,0,accepted_single_day_segment,insufficient_points,data/derived/qa_213_v1/period_qa.csv,detector_wide_day_to_day_drift,period_qa,,diagnostic_only; no_auto_accept; no_auto_split;single_day_segment_intentionally_accepted
213,213,1,4,25,133.681198,0.184554,0,accepted_single_day_segment,insufficient_points,data/derived/qa_213_v1/period_qa.csv,detector_wide_day_to_day_drift,period_qa,,diagnostic_only; no_auto_accept; no_auto_split;single_day_segment_intentionally_accepted
213,213,1,4,26,134.507156,0.181145,0,accepted_single_day_segment,insufficient_points,data/derived/qa_213_v1/period_qa.csv,detector_wide_day_to_day_drift,period_qa,,diagnostic_only; no_auto_accept; no_auto_split;single_day_segment_intentionally_accepted
213,213,1,4,27,133.238281,0.182363,0,accepted_single_day_segment,insufficient_points,data/derived/qa_213_v1/period_qa.csv,detector_wide_day_to_day_drift,period_qa,,diagnostic_only; no_auto_accept; no_auto_split;single_day_segment_intentionally_accepted
213,213,1,4,28,136.128265,0.174838,0,accepted_single_day_segment,insufficient_points,data/derived/qa_213_v1/period_qa.csv,detector_wide_day_to_day_drift,period_qa,,diagnostic_only; no_auto_accept; no_auto_split;single_day_segment_intentionally_accepted
213,213,1,4,29,139.172516,0.197262,0,accepted_single_day_segment,insufficient_points,data/derived/qa_213_v1/period_qa.csv,detector_wide_day_to_day_drift,period_qa,,diagnostic_only; no_auto_accept; no_auto_split;single_day_segment_intentionally_accepted
213,213,1,4,30,134.71051,0.181967,0,accepted_single_day_segment,insufficient_points,data/derived/qa_213_v1/period_qa.csv,detector_wide_day_to_day_drift,period_qa,,diagnostic_only; no_auto_accept; no_auto_split;single_day_segment_intentionally_accepted
213,213,1,4,31,133.587402,0.205446,0,accepted_single_day_segment,insufficient_points,data/derived/qa_213_v1/period_qa.csv,detector_wide_day_to_day_drift,period_qa,,diagnostic_only; no_auto_accept; no_auto_split;single_day_segment_intentionally_accepted
213,213,1,5,1,128.460907,0.261634,0,accepted_single_day_segment,insufficient_points,data/derived/qa_213_v1/period_qa.csv,detector_wide_day_to_day_drift,period_qa,,diagnostic_only; no_auto_accept; no_auto_split;single_day_segment_intentionally_accepted
213,213,1,5,2,127.274086,0.248725,0,accepted_single_day_segment,insufficient_points,data/derived/qa_213_v1/period_qa.csv,detector_wide_day_to_day_drift,period_qa,,diagnostic_only; no_auto_accept; no_auto_split;single_day_segment_intentionally_accepted
213,213,1,5,3,124.17704,0.330925,0,accepted_single_day_segment,insufficient_points,data/derived/qa_213_v1/period_qa.csv,detector_wide_day_to_day_drift,period_qa,,diagnostic_only; no_auto_accept; no_auto_split;single_day_segment_intentionally_accepted
213,213,1,5,4,129.467773,0.168173,0,accepted_single_day_segment,insufficient_points,data/derived/qa_213_v1/period_qa.csv,detector_wide_day_to_day_drift,period_qa,,diagnostic_only; no_auto_accept; no_auto_split;single_day_segment_intentionally_accepted
213,213,1,5,5,131.74382,0.142122,0,accepted_single_day_segment,insufficient_points,data/derived/qa_213_v1/period_qa.csv,detector_wide_day_to_day_drift,period_qa,,diagnostic_only; no_auto_accept; no_auto_split;single_day_segment_intentionally_accepted
213,213,1,5,6,129.081268,0.156346,0,accepted_single_day_segment,insufficient_points,data/derived/qa_213_v1/period_qa.csv,detector_wide_day_to_day_drift,period_qa,,diagnostic_only; no_auto_accept; no_auto_split;single_day_segment_intentionally_accepted
213,213,1,5,7,129.488846,0.171337,0,accepted_single_day_segment,insufficient_points,data/derived/qa_213_v1/period_qa.csv,detector_wide_day_to_day_drift,period_qa,,diagnostic_only; no_auto_accept; no_auto_split;single_day_segment_intentionally_accepted
213,213,1,5,8,131.752289,0.146068,0,accepted_single_day_segment,insufficient_points,data/derived/qa_213_v1/period_qa.csv,detector_wide_day_to_day_drift,period_qa,,diagnostic_only; no_auto_accept; no_auto_split;single_day_segment_intentionally_accepted
213,213,1,5,9,133.57103,0.136131,0,accepted_single_day_segment,insufficient_points,data/derived/qa_213_v1/period_qa.csv,detector_wide_day_to_day_drift,period_qa,,diagnostic_only; no_auto_accept; no_auto_split;single_day_segment_intentionally_accepted
213,213,1,5,10,126.400368,0.170476,0,accepted_single_day_segment,insufficient_points,data/derived/qa_213_v1/period_qa.csv,detector_wide_day_to_day_drift,period_qa,,diagnostic_only; no_auto_accept; no_auto_split;single_day_segment_intentionally_accepted
213,213,1,5,11,132.645096,0.151983,0,accepted_single_day_segment,insufficient_points,data/derived/qa_213_v1/period_qa.csv,detector_wide_day_to_day_drift,period_qa,,diagnostic_only; no_auto_accept; no_auto_split;single_day_segment_intentionally_accepted
213,213,1,5,12,129.221863,0.159863,0,accepted_single_day_segment,insufficient_points,data/derived/qa_213_v1/period_qa.csv,detector_wide_day_to_day_drift,period_qa,,diagnostic_only; no_auto_accept; no_auto_split;single_day_segment_intentionally_accepted
213,213,1,5,13,129.905609,0.175759,0,accepted_single_day_segment,insufficient_points,data/derived/qa_213_v1/period_qa.csv,detector_wide_day_to_day_drift,period_qa,,diagnostic_only; no_auto_accept; no_auto_split;single_day_segment_intentionally_accepted
213,213,1,5,14,131.776917,0.160213,0,accepted_single_day_segment,insufficient_points,data/derived/qa_213_v1/period_qa.csv,detector_wide_day_to_day_drift,period_qa,,diagnostic_only; no_auto_accept; no_auto_split;single_day_segment_intentionally_accepted
213,213,1,5,15,129.543152,0.177694,0,accepted_single_day_segment,insufficient_points,data/derived/qa_213_v1/period_qa.csv,detector_wide_day_to_day_drift,period_qa,,diagnostic_only; no_auto_accept; no_auto_split;single_day_segment_intentionally_accepted
213,213,1,5,16,131.499771,0.155104,0,accepted_single_day_segment,insufficient_points,data/derived/qa_213_v1/period_qa.csv,detector_wide_day_to_day_drift,period_qa,,diagnostic_only; no_auto_accept; no_auto_split;single_day_segment_intentionally_accepted
213,213,1,5,17,130.943069,0.154751,0,accepted_single_day_segment,insufficient_points,data/derived/qa_213_v1/period_qa.csv,detector_wide_day_to_day_drift,period_qa,,diagnostic_only; no_auto_accept; no_auto_split;single_day_segment_intentionally_accepted
213,213,1,5,18,131.184814,0.165407,0,accepted_single_day_segment,insufficient_points,data/derived/qa_213_v1/period_qa.csv,detector_wide_day_to_day_drift,period_qa,,diagnostic_only; no_auto_accept; no_auto_split;single_day_segment_intentionally_accepted
213,213,1,5,19,135.52916,0.16161,0,accepted_single_day_segment,insufficient_points,data/derived/qa_213_v1/period_qa.csv,detector_wide_day_to_day_drift,period_qa,,diagnostic_only; no_auto_accept; no_auto_split;single_day_segment_intentionally_accepted
213,213,1,5,20,132.42543,0.169877,0,accepted_single_day_segment,insufficient_points,data/derived/qa_213_v1/period_qa.csv,detector_wide_day_to_day_drift,period_qa,,diagnostic_only; no_auto_accept; no_auto_split;single_day_segment_intentionally_accepted
213,213,1,5,21,131.412735,0.167363,0,accepted_single_day_segment,insufficient_points,data/derived/qa_213_v1/period_qa.csv,detector_wide_day_to_day_drift,period_qa,,diagnostic_only; no_auto_accept; no_auto_split;single_day_segment_intentionally_accepted
213,213,1,5,22,135.639816,0.186396,0,accepted_single_day_segment,insufficient_points,data/derived/qa_213_v1/period_qa.csv,detector_wide_day_to_day_drift,period_qa,,diagnostic_only; no_auto_accept; no_auto_split;single_day_segment_intentionally_accepted
213,213,1,5,23,128.492264,0.195517,0,accepted_single_day_segment,insufficient_points,data/derived/qa_213_v1/period_qa.csv,detector_wide_day_to_day_drift,period_qa,,diagnostic_only; no_auto_accept; no_auto_split;single_day_segment_intentionally_accepted
213,213,1,5,24,132.903854,0.172778,0,accepted_single_day_segment,insufficient_points,data/derived/qa_213_v1/period_qa.csv,detector_wide_day_to_day_drift,period_qa,,diagnostic_only; no_auto_accept; no_auto_split;single_day_segment_intentionally_accepted
213,213,1,5,25,133.258118,0.176954,0,accepted_single_day_segment,insufficient_points,data/derived/qa_213_v1/period_qa.csv,detector_wide_day_to_day_drift,period_qa,,diagnostic_only; no_auto_accept; no_auto_split;single_day_segment_intentionally_accepted
213,213,1,5,26,132.722809,0.175531,0,accepted_single_day_segment,insufficient_points,data/derived/qa_213_v1/period_qa.csv,detector_wide_day_to_day_drift,period_qa,,diagnostic_only; no_auto_accept; no_auto_split;single_day_segment_intentionally_accepted
213,213,1,5,27,131.848831,0.174792,0,accepted_single_day_segment,insufficient_points,data/derived/qa_213_v1/period_qa.csv,detector_wide_day_to_day_drift,period_qa,,diagnostic_only; no_auto_accept; no_auto_split;single_day_segment_intentionally_accepted
213,213,1,5,28,134.67688,0.182824,0,accepted_single_day_segment,insufficient_points,data/derived/qa_213_v1/period_qa.csv,detector_wide_day_to_day_drift,period_qa,,diagnostic_only; no_auto_accept; no_auto_split;single_day_segment_intentionally_accepted
213,213,1,5,29,130.964813,0.193497,0,accepted_single_day_segment,insufficient_points,data/derived/qa_213_v1/period_qa.csv,detector_wide_day_to_day_drift,period_qa,,diagnostic_only; no_auto_accept; no_auto_split;single_day_segment_intentionally_accepted
213,213,1,5,30,133.576965,0.181042,0,accepted_single_day_segment,insufficient_points,data/derived/qa_213_v1/period_qa.csv,detector_wide_day_to_day_drift,period_qa,,diagnostic_only; no_auto_accept; no_auto_split;single_day_segment_intentionally_accepted
213,213,1,5,31,131.004059,0.171903,0,accepted_single_day_segment,insufficient_points,data/derived/qa_213_v1/period_qa.csv,detector_wide_day_to_day_drift,period_qa,,diagnostic_only; no_auto_accept; no_auto_split;single_day_segment_intentionally_accepted
213,213,1,6,1,98.759987,0.488247,0,accepted_single_day_segment,different_from_nominal;insufficient_points,data/derived/qa_213_v1/period_qa.csv,detector_wide_day_to_day_drift,period_qa,,diagnostic_only; no_auto_accept; no_auto_split;single_day_segment_intentionally_accepted
213,213,1,6,2,130.142715,0.16813,0,accepted_single_day_segment,insufficient_points,data/derived/qa_213_v1/period_qa.csv,detector_wide_day_to_day_drift,period_qa,,diagnostic_only; no_auto_accept; no_auto_split;single_day_segment_intentionally_accepted
213,213,1,6,3,132.322769,0.161795,0,accepted_single_day_segment,insufficient_points,data/derived/qa_213_v1/period_qa.csv,detector_wide_day_to_day_drift,period_qa,,diagnostic_only; no_auto_accept; no_auto_split;single_day_segment_intentionally_accepted
213,213,1,6,4,134.486145,0.143494,0,accepted_single_day_segment,insufficient_points,data/derived/qa_213_v1/period_qa.csv,detector_wide_day_to_day_drift,period_qa,,diagnostic_only; no_auto_accept; no_auto_split;single_day_segment_intentionally_accepted
213,213,1,6,5,132.969803,0.136508,0,accepted_single_day_segment,insufficient_points,data/derived/qa_213_v1/period_qa.csv,detector_wide_day_to_day_drift,period_qa,,diagnostic_only; no_auto_accept; no_auto_split;single_day_segment_intentionally_accepted
213,213,1,6,6,131.617935,0.136482,0,accepted_single_day_segment,insufficient_points,data/derived/qa_213_v1/period_qa.csv,detector_wide_day_to_day_drift,period_qa,,diagnostic_only; no_auto_accept; no_auto_split;single_day_segment_intentionally_accepted
213,213,1,6,7,133.520294,0.128631,0,accepted_single_day_segment,insufficient_points,data/derived/qa_213_v1/period_qa.csv,detector_wide_day_to_day_drift,period_qa,,diagnostic_only; no_auto_accept; no_auto_split;single_day_segment_intentionally_accepted
213,213,1,6,8,131.903168,0.12901,0,accepted_single_day_segment,insufficient_points,data/derived/qa_213_v1/period_qa.csv,detector_wide_day_to_day_drift,period_qa,,diagnostic_only; no_auto_accept; no_auto_split;single_day_segment_intentionally_accepted
213,213,1,6,9,134.098663,0.133493,0,accepted_single_day_segment,insufficient_points,data/derived/qa_213_v1/period_qa.csv,detector_wide_day_to_day_drift,period_qa,,diagnostic_only; no_auto_accept; no_auto_split;single_day_segment_intentionally_accepted
213,213,1,6,10,130.83107,0.141886,0,accepted_single_day_segment,insufficient_points,data/derived/qa_213_v1/period_qa.csv,detector_wide_day_to_day_drift,period_qa,,diagnostic_only; no_auto_accept; no_auto_split;single_day_segment_intentionally_accepted
213,213,1,6,11,134.574448,0.146285,0,accepted_single_day_segment,insufficient_points,data/derived/qa_213_v1/period_qa.csv,detector_wide_day_to_day_drift,period_qa,,diagnostic_only; no_auto_accept; no_auto_split;single_day_segment_intentionally_accepted
213,213,1,6,12,132.442215,0.147344,0,accepted_single_day_segment,insufficient_points,data/derived/qa_213_v1/period_qa.csv,detector_wide_day_to_day_drift,period_qa,,diagnostic_only; no_auto_accept; no_auto_split;single_day_segment_intentionally_accepted
213,213,1,6,13,131.855377,0.161231,0,accepted_single_day_segment,insufficient_points,data/derived/qa_213_v1/period_qa.csv,detector_wide_day_to_day_drift,period_qa,,diagnostic_only; no_auto_accept; no_auto_split;single_day_segment_intentionally_accepted
213,213,1,6,14,133.081833,0.141427,0,accepted_single_day_segment,insufficient_points,data/derived/qa_213_v1/period_qa.csv,detector_wide_day_to_day_drift,period_qa,,diagnostic_only; no_auto_accept; no_auto_split;single_day_segment_intentionally_accepted
213,213,1,6,15,131.127243,0.159393,0,accepted_single_day_segment,insufficient_points,data/derived/qa_213_v1/period_qa.csv,detector_wide_day_to_day_drift,period_qa,,diagnostic_only; no_auto_accept; no_auto_split;single_day_segment_intentionally_accepted
213,213,1,6,16,129.849792,0.137999,0,accepted_single_day_segment,insufficient_points,data/derived/qa_213_v1/period_qa.csv,detector_wide_day_to_day_drift,period_qa,,diagnostic_only; no_auto_accept; no_auto_split;single_day_segment_intentionally_accepted
213,213,1,6,17,130.140747,0.150789,0,accepted_single_day_segment,insufficient_points,data/derived/qa_213_v1/period_qa.csv,detector_wide_day_to_day_drift,period_qa,,diagnostic_only; no_auto_accept; no_auto_split;single_day_segment_intentionally_accepted
213,213,1,6,18,131.944412,0.147493,0,accepted_single_day_segment,insufficient_points,data/derived/qa_213_v1/period_qa.csv,detector_wide_day_to_day_drift,period_qa,,diagnostic_only; no_auto_accept; no_auto_split;single_day_segment_intentionally_accepted
213,213,1,6,19,135.214417,0.15756,0,accepted_single_day_segment,insufficient_points,data/derived/qa_213_v1/period_qa.csv,detector_wide_day_to_day_drift,period_qa,,diagnostic_only; no_auto_accept; no_auto_split;single_day_segment_intentionally_accepted
213,213,1,6,20,135.895325,0.146131,0,accepted_single_day_segment,insufficient_points,data/derived/qa_213_v1/period_qa.csv,detector_wide_day_to_day_drift,period_qa,,diagnostic_only; no_auto_accept; no_auto_split;single_day_segment_intentionally_accepted
213,213,1,6,21,135.896378,0.174957,0,accepted_single_day_segment,insufficient_points,data/derived/qa_213_v1/period_qa.csv,detector_wide_day_to_day_drift,period_qa,,diagnostic_only; no_auto_accept; no_auto_split;single_day_segment_intentionally_accepted
213,213,1,6,22,136.821136,0.156825,0,accepted_single_day_segment,insufficient_points,data/derived/qa_213_v1/period_qa.csv,detector_wide_day_to_day_drift,period_qa,,diagnostic_only; no_auto_accept; no_auto_split;single_day_segment_intentionally_accepted
213,213,1,6,23,133.465347,0.174239,0,accepted_single_day_segment,insufficient_points,data/derived/qa_213_v1/period_qa.csv,detector_wide_day_to_day_drift,period_qa,,diagnostic_only; no_auto_accept; no_auto_split;single_day_segment_intentionally_accepted
213,213,1,6,24,136.234879,0.151475,0,accepted_single_day_segment,insufficient_points,data/derived/qa_213_v1/period_qa.csv,detector_wide_day_to_day_drift,period_qa,,diagnostic_only; no_auto_accept; no_auto_split;single_day_segment_intentionally_accepted
213,213,1,6,25,132.519714,0.172416,0,accepted_single_day_segment,insufficient_points,data/derived/qa_213_v1/period_qa.csv,detector_wide_day_to_day_drift,period_qa,,diagnostic_only; no_auto_accept; no_auto_split;single_day_segment_intentionally_accepted
213,213,1,6,26,133.87886,0.144152,0,accepted_single_day_segment,insufficient_points,data/derived/qa_213_v1/period_qa.csv,detector_wide_day_to_day_drift,period_qa,,diagnostic_only; no_auto_accept; no_auto_split;single_day_segment_intentionally_accepted
213,213,1,6,27,134.845001,0.16489,0,accepted_single_day_segment,insufficient_points,data/derived/qa_213_v1/period_qa.csv,detector_wide_day_to_day_drift,period_qa,,diagnostic_only; no_auto_accept; no_auto_split;single_day_segment_intentionally_accepted
213,213,1,6,28,134.694611,0.162224,0,accepted_single_day_segment,insufficient_points,data/derived/qa_213_v1/period_qa.csv,detector_wide_day_to_day_drift,period_qa,,diagnostic_only; no_auto_accept; no_auto_split;single_day_segment_intentionally_accepted
213,213,1,6,29,131.968964,0.170475,0,accepted_single_day_segment,insufficient_points,data/derived/qa_213_v1/period_qa.csv,detector_wide_day_to_day_drift,period_qa,,diagnostic_only; no_auto_accept; no_auto_split;single_day_segment_intentionally_accepted
213,213,1,6,30,135.046082,0.163221,0,accepted_single_day_segment,insufficient_points,data/derived/qa_213_v1/period_qa.csv,detector_wide_day_to_day_drift,period_qa,,diagnostic_only; no_auto_accept; no_auto_split;single_day_segment_intentionally_accepted
213,213,1,6,31,132.848969,0.161278,0,accepted_single_day_segment,insufficient_points,data/derived/qa_213_v1/period_qa.csv,detector_wide_day_to_day_drift,period_qa,,diagnostic_only; no_auto_accept; no_auto_split;single_day_segment_intentionally_accepted
213,213,1,7,1,130.288467,0.243421,0,accepted_single_day_segment,insufficient_points,data/derived/qa_213_v1/period_qa.csv,detector_wide_day_to_day_drift,period_qa,,diagnostic_only; no_auto_accept; no_auto_split;single_day_segment_intentionally_accepted
213,213,1,7,2,128.817825,0.19297,0,accepted_single_day_segment,insufficient_points,data/derived/qa_213_v1/period_qa.csv,detector_wide_day_to_day_drift,period_qa,,diagnostic_only; no_auto_accept; no_auto_split;single_day_segment_intentionally_accepted
213,213,1,7,3,129.503372,0.19804,0,accepted_single_day_segment,insufficient_points,data/derived/qa_213_v1/period_qa.csv,detector_wide_day_to_day_drift,period_qa,,diagnostic_only; no_auto_accept; no_auto_split;single_day_segment_intentionally_accepted
213,213,1,7,4,129.976318,0.189379,0,accepted_single_day_segment,insufficient_points,data/derived/qa_213_v1/period_qa.csv,detector_wide_day_to_day_drift,period_qa,,diagnostic_only; no_auto_accept; no_auto_split;single_day_segment_intentionally_accepted
213,213,1,7,5,132.094406,0.139773,0,accepted_single_day_segment,insufficient_points,data/derived/qa_213_v1/period_qa.csv,detector_wide_day_to_day_drift,period_qa,,diagnostic_only; no_auto_accept; no_auto_split;single_day_segment_intentionally_accepted
213,213,1,7,6,128.94606,0.151581,0,accepted_single_day_segment,insufficient_points,data/derived/qa_213_v1/period_qa.csv,detector_wide_day_to_day_drift,period_qa,,diagnostic_only; no_auto_accept; no_auto_split;single_day_segment_intentionally_accepted
213,213,1,7,7,129.525742,0.141755,0,accepted_single_day_segment,insufficient_points,data/derived/qa_213_v1/period_qa.csv,detector_wide_day_to_day_drift,period_qa,,diagnostic_only; no_auto_accept; no_auto_split;single_day_segment_intentionally_accepted
213,213,1,7,8,129.106964,0.139747,0,accepted_single_day_segment,insufficient_points,data/derived/qa_213_v1/period_qa.csv,detector_wide_day_to_day_drift,period_qa,,diagnostic_only; no_auto_accept; no_auto_split;single_day_segment_intentionally_accepted
213,213,1,7,9,129.630661,0.131833,0,accepted_single_day_segment,insufficient_points,data/derived/qa_213_v1/period_qa.csv,detector_wide_day_to_day_drift,period_qa,,diagnostic_only; no_auto_accept; no_auto_split;single_day_segment_intentionally_accepted
213,213,1,7,10,132.508118,0.145152,0,accepted_single_day_segment,insufficient_points,data/derived/qa_213_v1/period_qa.csv,detector_wide_day_to_day_drift,period_qa,,diagnostic_only; no_auto_accept; no_auto_split;single_day_segment_intentionally_accepted
213,213,1,7,11,132.94902,0.141069,0,accepted_single_day_segment,insufficient_points,data/derived/qa_213_v1/period_qa.csv,detector_wide_day_to_day_drift,period_qa,,diagnostic_only; no_auto_accept; no_auto_split;single_day_segment_intentionally_accepted
213,213,1,7,12,131.805267,0.165532,0,accepted_single_day_segment,insufficient_points,data/derived/qa_213_v1/period_qa.csv,detector_wide_day_to_day_drift,period_qa,,diagnostic_only; no_auto_accept; no_auto_split;single_day_segment_intentionally_accepted
213,213,1,7,13,134.373764,0.155546,0,accepted_single_day_segment,insufficient_points,data/derived/qa_213_v1/period_qa.csv,detector_wide_day_to_day_drift,period_qa,,diagnostic_only; no_auto_accept; no_auto_split;single_day_segment_intentionally_accepted
213,213,1,7,14,127.887871,0.145554,0,accepted_single_day_segment,insufficient_points,data/derived/qa_213_v1/period_qa.csv,detector_wide_day_to_day_drift,period_qa,,diagnostic_only; no_auto_accept; no_auto_split;single_day_segment_intentionally_accepted
213,213,1,7,15,132.171906,0.139019,0,accepted_single_day_segment,insufficient_points,data/derived/qa_213_v1/period_qa.csv,detector_wide_day_to_day_drift,period_qa,,diagnostic_only; no_auto_accept; no_auto_split;single_day_segment_intentionally_accepted
213,213,1,7,16,129.815567,0.160599,0,accepted_single_day_segment,insufficient_points,data/derived/qa_213_v1/period_qa.csv,detector_wide_day_to_day_drift,period_qa,,diagnostic_only; no_auto_accept; no_auto_split;single_day_segment_intentionally_accepted
213,213,1,7,17,132.957809,0.141182,0,accepted_single_day_segment,insufficient_points,data/derived/qa_213_v1/period_qa.csv,detector_wide_day_to_day_drift,period_qa,,diagnostic_only; no_auto_accept; no_auto_split;single_day_segment_intentionally_accepted
213,213,1,7,18,128.210526,0.172004,0,accepted_single_day_segment,insufficient_points,data/derived/qa_213_v1/period_qa.csv,detector_wide_day_to_day_drift,period_qa,,diagnostic_only; no_auto_accept; no_auto_split;single_day_segment_intentionally_accepted
213,213,1,7,19,134.241852,0.148904,0,accepted_single_day_segment,insufficient_points,data/derived/qa_213_v1/period_qa.csv,detector_wide_day_to_day_drift,period_qa,,diagnostic_only; no_auto_accept; no_auto_split;single_day_segment_intentionally_accepted
213,213,1,7,20,132.938644,0.16839,0,accepted_single_day_segment,insufficient_points,data/derived/qa_213_v1/period_qa.csv,detector_wide_day_to_day_drift,period_qa,,diagnostic_only; no_auto_accept; no_auto_split;single_day_segment_intentionally_accepted
213,213,1,7,21,131.681656,0.14451,0,accepted_single_day_segment,insufficient_points,data/derived/qa_213_v1/period_qa.csv,detector_wide_day_to_day_drift,period_qa,,diagnostic_only; no_auto_accept; no_auto_split;single_day_segment_intentionally_accepted
213,213,1,7,22,131.436249,0.164341,0,accepted_single_day_segment,insufficient_points,data/derived/qa_213_v1/period_qa.csv,detector_wide_day_to_day_drift,period_qa,,diagnostic_only; no_auto_accept; no_auto_split;single_day_segment_intentionally_accepted
213,213,1,7,23,134.185623,0.149005,0,accepted_single_day_segment,insufficient_points,data/derived/qa_213_v1/period_qa.csv,detector_wide_day_to_day_drift,period_qa,,diagnostic_only; no_auto_accept; no_auto_split;single_day_segment_intentionally_accepted
213,213,1,7,24,132.937408,0.18364,0,accepted_single_day_segment,insufficient_points,data/derived/qa_213_v1/period_qa.csv,detector_wide_day_to_day_drift,period_qa,,diagnostic_only; no_auto_accept; no_auto_split;single_day_segment_intentionally_accepted
213,213,1,7,25,134.029724,0.161418,0,accepted_single_day_segment,insufficient_points,data/derived/qa_213_v1/period_qa.csv,detector_wide_day_to_day_drift,period_qa,,diagnostic_only; no_auto_accept; no_auto_split;single_day_segment_intentionally_accepted
213,213,1,7,26,130.538406,0.169076,0,accepted_single_day_segment,insufficient_points,data/derived/qa_213_v1/period_qa.csv,detector_wide_day_to_day_drift,period_qa,,diagnostic_only; no_auto_accept; no_auto_split;single_day_segment_intentionally_accepted
213,213,1,7,27,132.541931,0.143672,0,accepted_single_day_segment,insufficient_points,data/derived/qa_213_v1/period_qa.csv,detector_wide_day_to_day_drift,period_qa,,diagnostic_only; no_auto_accept; no_auto_split;single_day_segment_intentionally_accepted
213,213,1,7,28,131.77153,0.165789,0,accepted_single_day_segment,insufficient_points,data/derived/qa_213_v1/period_qa.csv,detector_wide_day_to_day_drift,period_qa,,diagnostic_only; no_auto_accept; no_auto_split;single_day_segment_intentionally_accepted
213,213,1,7,29,132.341934,0.163434,0,accepted_single_day_segment,insufficient_points,data/derived/qa_213_v1/period_qa.csv,detector_wide_day_to_day_drift,period_qa,,diagnostic_only; no_auto_accept; no_auto_split;single_day_segment_intentionally_accepted
213,213,1,7,30,132.674133,0.17476,0,accepted_single_day_segment,insufficient_points,data/derived/qa_213_v1/period_qa.csv,detector_wide_day_to_day_drift,period_qa,,diagnostic_only; no_auto_accept; no_auto_split;single_day_segment_intentionally_accepted
213,213,1,7,31,133.771744,0.175052,0,accepted_single_day_segment,insufficient_points,data/derived/qa_213_v1/period_qa.csv,detector_wide_day_to_day_drift,period_qa,,diagnostic_only; no_auto_accept; no_auto_split;single_day_segment_intentionally_accepted
213,213,1,8,1,133.590439,0.183541,0,accepted_single_day_segment,insufficient_points,data/derived/qa_213_v1/period_qa.csv,detector_wide_day_to_day_drift,period_qa,,diagnostic_only; no_auto_accept; no_auto_split;single_day_segment_intentionally_accepted
213,213,1,8,2,129.33017,0.167706,0,accepted_single_day_segment,insufficient_points,data/derived/qa_213_v1/period_qa.csv,detector_wide_day_to_day_drift,period_qa,,diagnostic_only; no_auto_accept; no_auto_split;single_day_segment_intentionally_accepted
213,213,1,8,3,118.759911,0.445463,0,accepted_single_day_segment,different_from_nominal;insufficient_points,data/derived/qa_213_v1/period_qa.csv,detector_wide_day_to_day_drift,period_qa,,diagnostic_only; no_auto_accept; no_auto_split;single_day_segment_intentionally_accepted
213,213,1,8,4,127.882957,0.159593,0,accepted_single_day_segment,insufficient_points,data/derived/qa_213_v1/period_qa.csv,detector_wide_day_to_day_drift,period_qa,,diagnostic_only; no_auto_accept; no_auto_split;single_day_segment_intentionally_accepted
213,213,1,8,5,130.556656,0.155039,0,accepted_single_day_segment,insufficient_points,data/derived/qa_213_v1/period_qa.csv,detector_wide_day_to_day_drift,period_qa,,diagnostic_only; no_auto_accept; no_auto_split;single_day_segment_intentionally_accepted
213,213,1,8,6,129.348587,0.150182,0,accepted_single_day_segment,insufficient_points,data/derived/qa_213_v1/period_qa.csv,detector_wide_day_to_day_drift,period_qa,,diagnostic_only; no_auto_accept; no_auto_split;single_day_segment_intentionally_accepted
213,213,1,8,7,128.640274,0.139125,0,accepted_single_day_segment,insufficient_points,data/derived/qa_213_v1/period_qa.csv,detector_wide_day_to_day_drift,period_qa,,diagnostic_only; no_auto_accept; no_auto_split;single_day_segment_intentionally_accepted
213,213,1,8,8,129.605072,0.135111,0,accepted_single_day_segment,insufficient_points,data/derived/qa_213_v1/period_qa.csv,detector_wide_day_to_day_drift,period_qa,,diagnostic_only; no_auto_accept; no_auto_split;single_day_segment_intentionally_accepted
213,213,1,8,9,130.583298,0.143615,0,accepted_single_day_segment,insufficient_points,data/derived/qa_213_v1/period_qa.csv,detector_wide_day_to_day_drift,period_qa,,diagnostic_only; no_auto_accept; no_auto_split;single_day_segment_intentionally_accepted
213,213,1,8,10,130.399841,0.150828,0,accepted_single_day_segment,insufficient_points,data/derived/qa_213_v1/period_qa.csv,detector_wide_day_to_day_drift,period_qa,,diagnostic_only; no_auto_accept; no_auto_split;single_day_segment_intentionally_accepted
213,213,1,8,11,132.459198,0.149787,0,accepted_single_day_segment,insufficient_points,data/derived/qa_213_v1/period_qa.csv,detector_wide_day_to_day_drift,period_qa,,diagnostic_only; no_auto_accept; no_auto_split;single_day_segment_intentionally_accepted
213,213,1,8,12,129.738281,0.146958,0,accepted_single_day_segment,insufficient_points,data/derived/qa_213_v1/period_qa.csv,detector_wide_day_to_day_drift,period_qa,,diagnostic_only; no_auto_accept; no_auto_split;single_day_segment_intentionally_accepted
213,213,1,8,13,131.884903,0.151249,0,accepted_single_day_segment,insufficient_points,data/derived/qa_213_v1/period_qa.csv,detector_wide_day_to_day_drift,period_qa,,diagnostic_only; no_auto_accept; no_auto_split;single_day_segment_intentionally_accepted
213,213,1,8,14,129.166809,0.147066,0,accepted_single_day_segment,insufficient_points,data/derived/qa_213_v1/period_qa.csv,detector_wide_day_to_day_drift,period_qa,,diagnostic_only; no_auto_accept; no_auto_split;single_day_segment_intentionally_accepted
213,213,1,8,15,132.293945,0.149548,0,accepted_single_day_segment,insufficient_points,data/derived/qa_213_v1/period_qa.csv,detector_wide_day_to_day_drift,period_qa,,diagnostic_only; no_auto_accept; no_auto_split;single_day_segment_intentionally_accepted
213,213,1,8,16,131.477585,0.148944,0,accepted_single_day_segment,insufficient_points,data/derived/qa_213_v1/period_qa.csv,detector_wide_day_to_day_drift,period_qa,,diagnostic_only; no_auto_accept; no_auto_split;single_day_segment_intentionally_accepted
213,213,1,8,17,134.973999,0.153209,0,accepted_single_day_segment,insufficient_points,data/derived/qa_213_v1/period_qa.csv,detector_wide_day_to_day_drift,period_qa,,diagnostic_only; no_auto_accept; no_auto_split;single_day_segment_intentionally_accepted
213,213,1,8,18,132.40596,0.154376,0,accepted_single_day_segment,insufficient_points,data/derived/qa_213_v1/period_qa.csv,detector_wide_day_to_day_drift,period_qa,,diagnostic_only; no_auto_accept; no_auto_split;single_day_segment_intentionally_accepted
213,213,1,8,19,130.476685,0.159905,0,accepted_single_day_segment,insufficient_points,data/derived/qa_213_v1/period_qa.csv,detector_wide_day_to_day_drift,period_qa,,diagnostic_only; no_auto_accept; no_auto_split;single_day_segment_intentionally_accepted
213,213,1,8,20,133.937897,0.167146,0,accepted_single_day_segment,insufficient_points,data/derived/qa_213_v1/period_qa.csv,detector_wide_day_to_day_drift,period_qa,,diagnostic_only; no_auto_accept; no_auto_split;single_day_segment_intentionally_accepted
213,213,1,8,21,131.273407,0.168753,0,accepted_single_day_segment,insufficient_points,data/derived/qa_213_v1/period_qa.csv,detector_wide_day_to_day_drift,period_qa,,diagnostic_only; no_auto_accept; no_auto_split;single_day_segment_intentionally_accepted
213,213,1,8,22,132.59256,0.175466,0,accepted_single_day_segment,insufficient_points,data/derived/qa_213_v1/period_qa.csv,detector_wide_day_to_day_drift,period_qa,,diagnostic_only; no_auto_accept; no_auto_split;single_day_segment_intentionally_accepted
213,213,1,8,23,133.994293,0.179768,0,accepted_single_day_segment,insufficient_points,data/derived/qa_213_v1/period_qa.csv,detector_wide_day_to_day_drift,period_qa,,diagnostic_only; no_auto_accept; no_auto_split;single_day_segment_intentionally_accepted
213,213,1,8,24,127.703957,0.180911,0,accepted_single_day_segment,insufficient_points,data/derived/qa_213_v1/period_qa.csv,detector_wide_day_to_day_drift,period_qa,,diagnostic_only; no_auto_accept; no_auto_split;single_day_segment_intentionally_accepted
213,213,1,8,25,123.060783,0.244857,0,accepted_single_day_segment,insufficient_points,data/derived/qa_213_v1/period_qa.csv,detector_wide_day_to_day_drift,period_qa,,diagnostic_only; no_auto_accept; no_auto_split;single_day_segment_intentionally_accepted
213,213,1,8,26,131.667374,0.202505,0,accepted_single_day_segment,insufficient_points,data/derived/qa_213_v1/period_qa.csv,detector_wide_day_to_day_drift,period_qa,,diagnostic_only; no_auto_accept; no_auto_split;single_day_segment_intentionally_accepted
213,213,1,8,27,133.564926,0.171776,0,accepted_single_day_segment,insufficient_points,data/derived/qa_213_v1/period_qa.csv,detector_wide_day_to_day_drift,period_qa,,diagnostic_only; no_auto_accept; no_auto_split;single_day_segment_intentionally_accepted
213,213,1,8,28,133.342407,0.192004,0,accepted_single_day_segment,insufficient_points,data/derived/qa_213_v1/period_qa.csv,detector_wide_day_to_day_drift,period_qa,,diagnostic_only; no_auto_accept; no_auto_split;single_day_segment_intentionally_accepted
213,213,1,8,29,132.882828,0.175877,0,accepted_single_day_segment,insufficient_points,data/derived/qa_213_v1/period_qa.csv,detector_wide_day_to_day_drift,period_qa,,diagnostic_only; no_auto_accept; no_auto_split;single_day_segment_intentionally_accepted
213,213,1,8,30,129.44722,0.167005,0,accepted_single_day_segment,insufficient_points,data/derived/qa_213_v1/period_qa.csv,detector_wide_day_to_day_drift,period_qa,,diagnostic_only; no_auto_accept; no_auto_split;single_day_segment_intentionally_accepted
213,213,1,8,31,129.157166,0.191431,0,accepted_single_day_segment,insufficient_points,data/derived/qa_213_v1/period_qa.csv,detector_wide_day_to_day_drift,period_qa,,diagnostic_only; no_auto_accept; no_auto_split;single_day_segment_intentionally_accepted
213,213,1,9,1,127.547401,0.237557,0,accepted_single_day_segment,insufficient_points,data/derived/qa_213_v1/period_qa.csv,detector_wide_day_to_day_drift,period_qa,,diagnostic_only; no_auto_accept; no_auto_split;single_day_segment_intentionally_accepted
213,213,1,9,2,127.473389,0.209529,0,accepted_single_day_segment,insufficient_points,data/derived/qa_213_v1/period_qa.csv,detector_wide_day_to_day_drift,period_qa,,diagnostic_only; no_auto_accept; no_auto_split;single_day_segment_intentionally_accepted
213,213,1,9,3,128.54039,0.191478,0,accepted_single_day_segment,insufficient_points,data/derived/qa_213_v1/period_qa.csv,detector_wide_day_to_day_drift,period_qa,,diagnostic_only; no_auto_accept; no_auto_split;single_day_segment_intentionally_accepted
213,213,1,9,4,127.878853,0.166427,0,accepted_single_day_segment,insufficient_points,data/derived/qa_213_v1/period_qa.csv,detector_wide_day_to_day_drift,period_qa,,diagnostic_only; no_auto_accept; no_auto_split;single_day_segment_intentionally_accepted
213,213,1,9,5,129.340851,0.139984,0,accepted_single_day_segment,insufficient_points,data/derived/qa_213_v1/period_qa.csv,detector_wide_day_to_day_drift,period_qa,,diagnostic_only; no_auto_accept; no_auto_split;single_day_segment_intentionally_accepted
213,213,1,9,6,127.420624,0.163519,0,accepted_single_day_segment,insufficient_points,data/derived/qa_213_v1/period_qa.csv,detector_wide_day_to_day_drift,period_qa,,diagnostic_only; no_auto_accept; no_auto_split;single_day_segment_intentionally_accepted
213,213,1,9,7,127.487846,0.170943,0,accepted_single_day_segment,insufficient_points,data/derived/qa_213_v1/period_qa.csv,detector_wide_day_to_day_drift,period_qa,,diagnostic_only; no_auto_accept; no_auto_split;single_day_segment_intentionally_accepted
213,213,1,9,8,128.491302,0.14903,0,accepted_single_day_segment,insufficient_points,data/derived/qa_213_v1/period_qa.csv,detector_wide_day_to_day_drift,period_qa,,diagnostic_only; no_auto_accept; no_auto_split;single_day_segment_intentionally_accepted
213,213,1,9,9,130.06749,0.134464,0,accepted_single_day_segment,insufficient_points,data/derived/qa_213_v1/period_qa.csv,detector_wide_day_to_day_drift,period_qa,,diagnostic_only; no_auto_accept; no_auto_split;single_day_segment_intentionally_accepted
213,213,1,9,10,129.518372,0.162398,0,accepted_single_day_segment,insufficient_points,data/derived/qa_213_v1/period_qa.csv,detector_wide_day_to_day_drift,period_qa,,diagnostic_only; no_auto_accept; no_auto_split;single_day_segment_intentionally_accepted
213,213,1,9,11,127.801712,0.160946,0,accepted_single_day_segment,insufficient_points,data/derived/qa_213_v1/period_qa.csv,detector_wide_day_to_day_drift,period_qa,,diagnostic_only; no_auto_accept; no_auto_split;single_day_segment_intentionally_accepted
213,213,1,9,12,127.547516,0.173421,0,accepted_single_day_segment,insufficient_points,data/derived/qa_213_v1/period_qa.csv,detector_wide_day_to_day_drift,period_qa,,diagnostic_only; no_auto_accept; no_auto_split;single_day_segment_intentionally_accepted
213,213,1,9,13,125.731262,0.184732,0,accepted_single_day_segment,insufficient_points,data/derived/qa_213_v1/period_qa.csv,detector_wide_day_to_day_drift,period_qa,,diagnostic_only; no_auto_accept; no_auto_split;single_day_segment_intentionally_accepted
213,213,1,9,14,129.956451,0.180271,0,accepted_single_day_segment,insufficient_points,data/derived/qa_213_v1/period_qa.csv,detector_wide_day_to_day_drift,period_qa,,diagnostic_only; no_auto_accept; no_auto_split;single_day_segment_intentionally_accepted
213,213,1,9,15,127.460266,0.171057,0,accepted_single_day_segment,insufficient_points,data/derived/qa_213_v1/period_qa.csv,detector_wide_day_to_day_drift,period_qa,,diagnostic_only; no_auto_accept; no_auto_split;single_day_segment_intentionally_accepted
213,213,1,9,16,133.135712,0.167255,0,accepted_single_day_segment,insufficient_points,data/derived/qa_213_v1/period_qa.csv,detector_wide_day_to_day_drift,period_qa,,diagnostic_only; no_auto_accept; no_auto_split;single_day_segment_intentionally_accepted
213,213,1,9,17,128.102463,0.159437,0,accepted_single_day_segment,insufficient_points,data/derived/qa_213_v1/period_qa.csv,detector_wide_day_to_day_drift,period_qa,,diagnostic_only; no_auto_accept; no_auto_split;single_day_segment_intentionally_accepted
213,213,1,9,18,130.440094,0.159476,0,accepted_single_day_segment,insufficient_points,data/derived/qa_213_v1/period_qa.csv,detector_wide_day_to_day_drift,period_qa,,diagnostic_only; no_auto_accept; no_auto_split;single_day_segment_intentionally_accepted
213,213,1,9,19,126.756332,0.164341,0,accepted_single_day_segment,insufficient_points,data/derived/qa_213_v1/period_qa.csv,detector_wide_day_to_day_drift,period_qa,,diagnostic_only; no_auto_accept; no_auto_split;single_day_segment_intentionally_accepted
213,213,1,9,20,128.483765,0.165565,0,accepted_single_day_segment,insufficient_points,data/derived/qa_213_v1/period_qa.csv,detector_wide_day_to_day_drift,period_qa,,diagnostic_only; no_auto_accept; no_auto_split;single_day_segment_intentionally_accepted
213,213,1,9,21,126.935699,0.181242,0,accepted_single_day_segment,insufficient_points,data/derived/qa_213_v1/period_qa.csv,detector_wide_day_to_day_drift,period_qa,,diagnostic_only; no_auto_accept; no_auto_split;single_day_segment_intentionally_accepted
213,213,1,9,22,130.926514,0.174862,0,accepted_single_day_segment,insufficient_points,data/derived/qa_213_v1/period_qa.csv,detector_wide_day_to_day_drift,period_qa,,diagnostic_only; no_auto_accept; no_auto_split;single_day_segment_intentionally_accepted
213,213,1,9,23,125.833542,0.183582,0,accepted_single_day_segment,insufficient_points,data/derived/qa_213_v1/period_qa.csv,detector_wide_day_to_day_drift,period_qa,,diagnostic_only; no_auto_accept; no_auto_split;single_day_segment_intentionally_accepted
213,213,1,9,24,125.683876,0.209878,0,accepted_single_day_segment,insufficient_points,data/derived/qa_213_v1/period_qa.csv,detector_wide_day_to_day_drift,period_qa,,diagnostic_only; no_auto_accept; no_auto_split;single_day_segment_intentionally_accepted
213,213,1,9,25,126.225899,0.231022,0,accepted_single_day_segment,insufficient_points,data/derived/qa_213_v1/period_qa.csv,detector_wide_day_to_day_drift,period_qa,,diagnostic_only; no_auto_accept; no_auto_split;single_day_segment_intentionally_accepted
213,213,1,9,26,135.363586,0.187193,0,accepted_single_day_segment,insufficient_points,data/derived/qa_213_v1/period_qa.csv,detector_wide_day_to_day_drift,period_qa,,diagnostic_only; no_auto_accept; no_auto_split;single_day_segment_intentionally_accepted
213,213,1,9,27,134.685165,0.194658,0,accepted_single_day_segment,insufficient_points,data/derived/qa_213_v1/period_qa.csv,detector_wide_day_to_day_drift,period_qa,,diagnostic_only; no_auto_accept; no_auto_split;single_day_segment_intentionally_accepted
213,213,1,9,28,136.112625,0.205709,0,accepted_single_day_segment,insufficient_points,data/derived/qa_213_v1/period_qa.csv,detector_wide_day_to_day_drift,period_qa,,diagnostic_only; no_auto_accept; no_auto_split;single_day_segment_intentionally_accepted
213,213,1,9,29,132.281631,0.199774,0,accepted_single_day_segment,insufficient_points,data/derived/qa_213_v1/period_qa.csv,detector_wide_day_to_day_drift,period_qa,,diagnostic_only; no_auto_accept; no_auto_split;single_day_segment_intentionally_accepted
213,213,1,9,30,132.86824,0.203655,0,accepted_single_day_segment,insufficient_points,data/derived/qa_213_v1/period_qa.csv,detector_wide_day_to_day_drift,period_qa,,diagnostic_only; no_auto_accept; no_auto_split;single_day_segment_intentionally_accepted
213,213,1,9,31,130.943497,0.186512,0,accepted_single_day_segment,insufficient_points,data/derived/qa_213_v1/period_qa.csv,detector_wide_day_to_day_drift,period_qa,,diagnostic_only; no_auto_accept; no_auto_split;single_day_segment_intentionally_accepted
213,213,1,10,1,132.798645,0.171404,0,accepted_single_day_segment,insufficient_points,data/derived/qa_213_v1/period_qa.csv,detector_wide_day_to_day_drift,period_qa,,diagnostic_only; no_auto_accept; no_auto_split;single_day_segment_intentionally_accepted
213,213,1,10,2,129.797699,0.198904,0,accepted_single_day_segment,insufficient_points,data/derived/qa_213_v1/period_qa.csv,detector_wide_day_to_day_drift,period_qa,,diagnostic_only; no_auto_accept; no_auto_split;single_day_segment_intentionally_accepted
213,213,1,10,3,128.415848,0.205655,0,accepted_single_day_segment,insufficient_points,data/derived/qa_213_v1/period_qa.csv,detector_wide_day_to_day_drift,period_qa,,diagnostic_only; no_auto_accept; no_auto_split;single_day_segment_intentionally_accepted
213,213,1,10,4,131.380859,0.142794,0,accepted_single_day_segment,insufficient_points,data/derived/qa_213_v1/period_qa.csv,detector_wide_day_to_day_drift,period_qa,,diagnostic_only; no_auto_accept; no_auto_split;single_day_segment_intentionally_accepted
213,213,1,10,5,130.315536,0.139828,0,accepted_single_day_segment,insufficient_points,data/derived/qa_213_v1/period_qa.csv,detector_wide_day_to_day_drift,period_qa,,diagnostic_only; no_auto_accept; no_auto_split;single_day_segment_intentionally_accepted
213,213,1,10,6,131.533386,0.150323,0,accepted_single_day_segment,insufficient_points,data/derived/qa_213_v1/period_qa.csv,detector_wide_day_to_day_drift,period_qa,,diagnostic_only; no_auto_accept; no_auto_split;single_day_segment_intentionally_accepted
213,213,1,10,7,128.502075,0.163309,0,accepted_single_day_segment,insufficient_points,data/derived/qa_213_v1/period_qa.csv,detector_wide_day_to_day_drift,period_qa,,diagnostic_only; no_auto_accept; no_auto_split;single_day_segment_intentionally_accepted
213,213,1,10,8,130.291962,0.139966,0,accepted_single_day_segment,insufficient_points,data/derived/qa_213_v1/period_qa.csv,detector_wide_day_to_day_drift,period_qa,,diagnostic_only; no_auto_accept; no_auto_split;single_day_segment_intentionally_accepted
213,213,1,10,9,129.995865,0.141521,0,accepted_single_day_segment,insufficient_points,data/derived/qa_213_v1/period_qa.csv,detector_wide_day_to_day_drift,period_qa,,diagnostic_only; no_auto_accept; no_auto_split;single_day_segment_intentionally_accepted
213,213,1,10,10,133.774597,0.168434,0,accepted_single_day_segment,insufficient_points,data/derived/qa_213_v1/period_qa.csv,detector_wide_day_to_day_drift,period_qa,,diagnostic_only; no_auto_accept; no_auto_split;single_day_segment_intentionally_accepted
213,213,1,10,11,129.79422,0.156539,0,accepted_single_day_segment,insufficient_points,data/derived/qa_213_v1/period_qa.csv,detector_wide_day_to_day_drift,period_qa,,diagnostic_only; no_auto_accept; no_auto_split;single_day_segment_intentionally_accepted
213,213,1,10,12,133.272125,0.146499,0,accepted_single_day_segment,insufficient_points,data/derived/qa_213_v1/period_qa.csv,detector_wide_day_to_day_drift,period_qa,,diagnostic_only; no_auto_accept; no_auto_split;single_day_segment_intentionally_accepted
213,213,1,10,13,125.533524,0.178609,0,accepted_single_day_segment,insufficient_points,data/derived/qa_213_v1/period_qa.csv,detector_wide_day_to_day_drift,period_qa,,diagnostic_only; no_auto_accept; no_auto_split;single_day_segment_intentionally_accepted
213,213,1,10,14,131.737305,0.176167,0,accepted_single_day_segment,insufficient_points,data/derived/qa_213_v1/period_qa.csv,detector_wide_day_to_day_drift,period_qa,,diagnostic_only; no_auto_accept; no_auto_split;single_day_segment_intentionally_accepted
213,213,1,10,15,131.203201,0.172504,0,accepted_single_day_segment,insufficient_points,data/derived/qa_213_v1/period_qa.csv,detector_wide_day_to_day_drift,period_qa,,diagnostic_only; no_auto_accept; no_auto_split;single_day_segment_intentionally_accepted
213,213,1,10,16,131.215912,0.1616,0,accepted_single_day_segment,insufficient_points,data/derived/qa_213_v1/period_qa.csv,detector_wide_day_to_day_drift,period_qa,,diagnostic_only; no_auto_accept; no_auto_split;single_day_segment_intentionally_accepted
213,213,1,10,17,131.079529,0.163012,0,accepted_single_day_segment,insufficient_points,data/derived/qa_213_v1/period_qa.csv,detector_wide_day_to_day_drift,period_qa,,diagnostic_only; no_auto_accept; no_auto_split;single_day_segment_intentionally_accepted
213,213,1,10,18,134.97525,0.169816,0,accepted_single_day_segment,insufficient_points,data/derived/qa_213_v1/period_qa.csv,detector_wide_day_to_day_drift,period_qa,,diagnostic_only; no_auto_accept; no_auto_split;single_day_segment_intentionally_accepted
213,213,1,10,19,131.23674,0.163696,0,accepted_single_day_segment,insufficient_points,data/derived/qa_213_v1/period_qa.csv,detector_wide_day_to_day_drift,period_qa,,diagnostic_only; no_auto_accept; no_auto_split;single_day_segment_intentionally_accepted
213,213,1,10,20,132.521942,0.16464,0,accepted_single_day_segment,insufficient_points,data/derived/qa_213_v1/period_qa.csv,detector_wide_day_to_day_drift,period_qa,,diagnostic_only; no_auto_accept; no_auto_split;single_day_segment_intentionally_accepted
213,213,1,10,21,129.855057,0.178604,0,accepted_single_day_segment,insufficient_points,data/derived/qa_213_v1/period_qa.csv,detector_wide_day_to_day_drift,period_qa,,diagnostic_only; no_auto_accept; no_auto_split;single_day_segment_intentionally_accepted
213,213,1,10,22,131.767334,0.182397,0,accepted_single_day_segment,insufficient_points,data/derived/qa_213_v1/period_qa.csv,detector_wide_day_to_day_drift,period_qa,,diagnostic_only; no_auto_accept; no_auto_split;single_day_segment_intentionally_accepted
213,213,1,10,23,132.838989,0.182304,0,accepted_single_day_segment,insufficient_points,data/derived/qa_213_v1/period_qa.csv,detector_wide_day_to_day_drift,period_qa,,diagnostic_only; no_auto_accept; no_auto_split;single_day_segment_intentionally_accepted
213,213,1,10,24,134.636444,0.192655,0,accepted_single_day_segment,insufficient_points,data/derived/qa_213_v1/period_qa.csv,detector_wide_day_to_day_drift,period_qa,,diagnostic_only; no_auto_accept; no_auto_split;single_day_segment_intentionally_accepted
213,213,1,10,25,135.258163,0.175458,0,accepted_single_day_segment,insufficient_points,data/derived/qa_213_v1/period_qa.csv,detector_wide_day_to_day_drift,period_qa,,diagnostic_only; no_auto_accept; no_auto_split;single_day_segment_intentionally_accepted
213,213,1,10,26,129.181808,0.208164,0,accepted_single_day_segment,insufficient_points,data/derived/qa_213_v1/period_qa.csv,detector_wide_day_to_day_drift,period_qa,,diagnostic_only; no_auto_accept; no_auto_split;single_day_segment_intentionally_accepted
213,213,1,10,27,138.73053,0.206835,0,accepted_single_day_segment,insufficient_points,data/derived/qa_213_v1/period_qa.csv,detector_wide_day_to_day_drift,period_qa,,diagnostic_only; no_auto_accept; no_auto_split;single_day_segment_intentionally_accepted
213,213,1,10,28,133.823853,0.180126,0,accepted_single_day_segment,insufficient_points,data/derived/qa_213_v1/period_qa.csv,detector_wide_day_to_day_drift,period_qa,,diagnostic_only; no_auto_accept; no_auto_split;single_day_segment_intentionally_accepted
213,213,1,10,29,133.538773,0.207455,0,accepted_single_day_segment,insufficient_points,data/derived/qa_213_v1/period_qa.csv,detector_wide_day_to_day_drift,period_qa,,diagnostic_only; no_auto_accept; no_auto_split;single_day_segment_intentionally_accepted
213,213,1,10,30,133.255951,0.185925,0,accepted_single_day_segment,insufficient_points,data/derived/qa_213_v1/period_qa.csv,detector_wide_day_to_day_drift,period_qa,,diagnostic_only; no_auto_accept; no_auto_split;single_day_segment_intentionally_accepted
213,213,1,10,31,134.825867,0.226047,0,accepted_single_day_segment,insufficient_points,data/derived/qa_213_v1/period_qa.csv,detector_wide_day_to_day_drift,period_qa,,diagnostic_only; no_auto_accept; no_auto_split;single_day_segment_intentionally_accepted
213,213,1,11,1,131.137344,0.173304,0,accepted_single_day_segment,insufficient_points,data/derived/qa_213_v1/period_qa.csv,detector_wide_day_to_day_drift,period_qa,,diagnostic_only; no_auto_accept; no_auto_split;single_day_segment_intentionally_accepted
213,213,1,11,2,130.408295,0.163456,0,accepted_single_day_segment,insufficient_points,data/derived/qa_213_v1/period_qa.csv,detector_wide_day_to_day_drift,period_qa,,diagnostic_only; no_auto_accept; no_auto_split;single_day_segment_intentionally_accepted
213,213,1,11,3,128.707199,0.149611,0,accepted_single_day_segment,insufficient_points,data/derived/qa_213_v1/period_qa.csv,detector_wide_day_to_day_drift,period_qa,,diagnostic_only; no_auto_accept; no_auto_split;single_day_segment_intentionally_accepted
213,213,1,11,4,129.9758,0.15623,0,accepted_single_day_segment,insufficient_points,data/derived/qa_213_v1/period_qa.csv,detector_wide_day_to_day_drift,period_qa,,diagnostic_only; no_auto_accept; no_auto_split;single_day_segment_intentionally_accepted
213,213,1,11,5,131.742874,0.143748,0,accepted_single_day_segment,insufficient_points,data/derived/qa_213_v1/period_qa.csv,detector_wide_day_to_day_drift,period_qa,,diagnostic_only; no_auto_accept; no_auto_split;single_day_segment_intentionally_accepted
213,213,1,11,6,128.77681,0.158554,0,accepted_single_day_segment,insufficient_points,data/derived/qa_213_v1/period_qa.csv,detector_wide_day_to_day_drift,period_qa,,diagnostic_only; no_auto_accept; no_auto_split;single_day_segment_intentionally_accepted
213,213,1,11,7,128.997559,0.138478,0,accepted_single_day_segment,insufficient_points,data/derived/qa_213_v1/period_qa.csv,detector_wide_day_to_day_drift,period_qa,,diagnostic_only; no_auto_accept; no_auto_split;single_day_segment_intentionally_accepted
213,213,1,11,8,130.119202,0.140744,0,accepted_single_day_segment,insufficient_points,data/derived/qa_213_v1/period_qa.csv,detector_wide_day_to_day_drift,period_qa,,diagnostic_only; no_auto_accept; no_auto_split;single_day_segment_intentionally_accepted
213,213,1,11,9,130.106079,0.133596,0,accepted_single_day_segment,insufficient_points,data/derived/qa_213_v1/period_qa.csv,detector_wide_day_to_day_drift,period_qa,,diagnostic_only; no_auto_accept; no_auto_split;single_day_segment_intentionally_accepted
213,213,1,11,10,132.463699,0.151838,0,accepted_single_day_segment,insufficient_points,data/derived/qa_213_v1/period_qa.csv,detector_wide_day_to_day_drift,period_qa,,diagnostic_only; no_auto_accept; no_auto_split;single_day_segment_intentionally_accepted
213,213,1,11,11,131.973938,0.141067,0,accepted_single_day_segment,insufficient_points,data/derived/qa_213_v1/period_qa.csv,detector_wide_day_to_day_drift,period_qa,,diagnostic_only; no_auto_accept; no_auto_split;single_day_segment_intentionally_accepted
213,213,1,11,12,130.063522,0.162558,0,accepted_single_day_segment,insufficient_points,data/derived/qa_213_v1/period_qa.csv,detector_wide_day_to_day_drift,period_qa,,diagnostic_only; no_auto_accept; no_auto_split;single_day_segment_intentionally_accepted
213,213,1,11,13,131.824249,0.147754,0,accepted_single_day_segment,insufficient_points,data/derived/qa_213_v1/period_qa.csv,detector_wide_day_to_day_drift,period_qa,,diagnostic_only; no_auto_accept; no_auto_split;single_day_segment_intentionally_accepted
213,213,1,11,14,133.505737,0.157374,0,accepted_single_day_segment,insufficient_points,data/derived/qa_213_v1/period_qa.csv,detector_wide_day_to_day_drift,period_qa,,diagnostic_only; no_auto_accept; no_auto_split;single_day_segment_intentionally_accepted
213,213,1,11,15,132.908051,0.17592,0,accepted_single_day_segment,insufficient_points,data/derived/qa_213_v1/period_qa.csv,detector_wide_day_to_day_drift,period_qa,,diagnostic_only; no_auto_accept; no_auto_split;single_day_segment_intentionally_accepted
213,213,1,11,16,134.379578,0.144522,0,accepted_single_day_segment,insufficient_points,data/derived/qa_213_v1/period_qa.csv,detector_wide_day_to_day_drift,period_qa,,diagnostic_only; no_auto_accept; no_auto_split;single_day_segment_intentionally_accepted
213,213,1,11,17,135.121506,0.151641,0,accepted_single_day_segment,insufficient_points,data/derived/qa_213_v1/period_qa.csv,detector_wide_day_to_day_drift,period_qa,,diagnostic_only; no_auto_accept; no_auto_split;single_day_segment_intentionally_accepted
213,213,1,11,18,134.753571,0.154935,0,accepted_single_day_segment,insufficient_points,data/derived/qa_213_v1/period_qa.csv,detector_wide_day_to_day_drift,period_qa,,diagnostic_only; no_auto_accept; no_auto_split;single_day_segment_intentionally_accepted
213,213,1,11,19,134.161697,0.151289,0,accepted_single_day_segment,insufficient_points,data/derived/qa_213_v1/period_qa.csv,detector_wide_day_to_day_drift,period_qa,,diagnostic_only; no_auto_accept; no_auto_split;single_day_segment_intentionally_accepted
213,213,1,11,20,134.602524,0.168407,0,accepted_single_day_segment,insufficient_points,data/derived/qa_213_v1/period_qa.csv,detector_wide_day_to_day_drift,period_qa,,diagnostic_only; no_auto_accept; no_auto_split;single_day_segment_intentionally_accepted
213,213,1,11,21,134.781311,0.164037,0,accepted_single_day_segment,insufficient_points,data/derived/qa_213_v1/period_qa.csv,detector_wide_day_to_day_drift,period_qa,,diagnostic_only; no_auto_accept; no_auto_split;single_day_segment_intentionally_accepted
213,213,1,11,22,136.42366,0.18263,0,accepted_single_day_segment,insufficient_points,data/derived/qa_213_v1/period_qa.csv,detector_wide_day_to_day_drift,period_qa,,diagnostic_only; no_auto_accept; no_auto_split;single_day_segment_intentionally_accepted
213,213,1,11,23,134.589905,0.17841,0,accepted_single_day_segment,insufficient_points,data/derived/qa_213_v1/period_qa.csv,detector_wide_day_to_day_drift,period_qa,,diagnostic_only; no_auto_accept; no_auto_split;single_day_segment_intentionally_accepted
213,213,1,11,24,136.168884,0.176477,0,accepted_single_day_segment,insufficient_points,data/derived/qa_213_v1/period_qa.csv,detector_wide_day_to_day_drift,period_qa,,diagnostic_only; no_auto_accept; no_auto_split;single_day_segment_intentionally_accepted
213,213,1,11,25,130.844376,0.151385,0,accepted_single_day_segment,insufficient_points,data/derived/qa_213_v1/period_qa.csv,detector_wide_day_to_day_drift,period_qa,,diagnostic_only; no_auto_accept; no_auto_split;single_day_segment_intentionally_accepted
213,213,1,11,26,134.063812,0.171099,0,accepted_single_day_segment,insufficient_points,data/derived/qa_213_v1/period_qa.csv,detector_wide_day_to_day_drift,period_qa,,diagnostic_only; no_auto_accept; no_auto_split;single_day_segment_intentionally_accepted
213,213,1,11,27,133.49263,0.1663,0,accepted_single_day_segment,insufficient_points,data/derived/qa_213_v1/period_qa.csv,detector_wide_day_to_day_drift,period_qa,,diagnostic_only; no_auto_accept; no_auto_split;single_day_segment_intentionally_accepted
213,213,1,11,28,133.637756,0.181874,0,accepted_single_day_segment,insufficient_points,data/derived/qa_213_v1/period_qa.csv,detector_wide_day_to_day_drift,period_qa,,diagnostic_only; no_auto_accept; no_auto_split;single_day_segment_intentionally_accepted
213,213,1,11,29,129.447815,0.172321,0,accepted_single_day_segment,insufficient_points,data/derived/qa_213_v1/period_qa.csv,detector_wide_day_to_day_drift,period_qa,,diagnostic_only; no_auto_accept; no_auto_split;single_day_segment_intentionally_accepted
213,213,1,11,30,133.622452,0.175618,0,accepted_single_day_segment,insufficient_points,data/derived/qa_213_v1/period_qa.csv,detector_wide_day_to_day_drift,period_qa,,diagnostic_only; no_auto_accept; no_auto_split;single_day_segment_intentionally_accepted
213,213,1,11,31,131.476685,0.160398,0,accepted_single_day_segment,insufficient_points,data/derived/qa_213_v1/period_qa.csv,detector_wide_day_to_day_drift,period_qa,,diagnostic_only; no_auto_accept; no_auto_split;single_day_segment_intentionally_accepted
213,213,1,12,1,127.97271,0.312913,0,accepted_single_day_segment,insufficient_points,data/derived/qa_213_v1/period_qa.csv,detector_wide_day_to_day_drift,period_qa,,diagnostic_only; no_auto_accept; no_auto_split;single_day_segment_intentionally_accepted
213,213,1,12,2,125.953629,0.289303,0,accepted_single_day_segment,insufficient_points,data/derived/qa_213_v1/period_qa.csv,detector_wide_day_to_day_drift,period_qa,,diagnostic_only; no_auto_accept; no_auto_split;single_day_segment_intentionally_accepted
213,213,1,12,3,124.137413,0.29195,0,accepted_single_day_segment,insufficient_points,data/derived/qa_213_v1/period_qa.csv,detector_wide_day_to_day_drift,period_qa,,diagnostic_only; no_auto_accept; no_auto_split;single_day_segment_intentionally_accepted
213,213,1,12,4,127.596268,0.168861,0,accepted_single_day_segment,insufficient_points,data/derived/qa_213_v1/period_qa.csv,detector_wide_day_to_day_drift,period_qa,,diagnostic_only; no_auto_accept; no_auto_split;single_day_segment_intentionally_accepted
213,213,1,12,5,127.209824,0.164761,0,accepted_single_day_segment,insufficient_points,data/derived/qa_213_v1/period_qa.csv,detector_wide_day_to_day_drift,period_qa,,diagnostic_only; no_auto_accept; no_auto_split;single_day_segment_intentionally_accepted
213,213,1,12,6,131.250397,0.150655,0,accepted_single_day_segment,insufficient_points,data/derived/qa_213_v1/period_qa.csv,detector_wide_day_to_day_drift,period_qa,,diagnostic_only; no_auto_accept; no_auto_split;single_day_segment_intentionally_accepted
213,213,1,12,7,128.501404,0.165287,0,accepted_single_day_segment,insufficient_points,data/derived/qa_213_v1/period_qa.csv,detector_wide_day_to_day_drift,period_qa,,diagnostic_only; no_auto_accept; no_auto_split;single_day_segment_intentionally_accepted
213,213,1,12,8,130.534637,0.158293,0,accepted_single_day_segment,insufficient_points,data/derived/qa_213_v1/period_qa.csv,detector_wide_day_to_day_drift,period_qa,,diagnostic_only; no_auto_accept; no_auto_split;single_day_segment_intentionally_accepted
213,213,1,12,9,129.10022,0.163607,0,accepted_single_day_segment,insufficient_points,data/derived/qa_213_v1/period_qa.csv,detector_wide_day_to_day_drift,period_qa,,diagnostic_only; no_auto_accept; no_auto_split;single_day_segment_intentionally_accepted
213,213,1,12,10,129.223572,0.187846,0,accepted_single_day_segment,insufficient_points,data/derived/qa_213_v1/period_qa.csv,detector_wide_day_to_day_drift,period_qa,,diagnostic_only; no_auto_accept; no_auto_split;single_day_segment_intentionally_accepted
213,213,1,12,11,125.991432,0.171747,0,accepted_single_day_segment,insufficient_points,data/derived/qa_213_v1/period_qa.csv,detector_wide_day_to_day_drift,period_qa,,diagnostic_only; no_auto_accept; no_auto_split;single_day_segment_intentionally_accepted
213,213,1,12,12,131.218567,0.160278,0,accepted_single_day_segment,insufficient_points,data/derived/qa_213_v1/period_qa.csv,detector_wide_day_to_day_drift,period_qa,,diagnostic_only; no_auto_accept; no_auto_split;single_day_segment_intentionally_accepted
213,213,1,12,13,125.14299,0.191613,0,accepted_single_day_segment,insufficient_points,data/derived/qa_213_v1/period_qa.csv,detector_wide_day_to_day_drift,period_qa,,diagnostic_only; no_auto_accept; no_auto_split;single_day_segment_intentionally_accepted
213,213,1,12,14,129.380798,0.171569,0,accepted_single_day_segment,insufficient_points,data/derived/qa_213_v1/period_qa.csv,detector_wide_day_to_day_drift,period_qa,,diagnostic_only; no_auto_accept; no_auto_split;single_day_segment_intentionally_accepted
213,213,1,12,15,130.602966,0.179037,0,accepted_single_day_segment,insufficient_points,data/derived/qa_213_v1/period_qa.csv,detector_wide_day_to_day_drift,period_qa,,diagnostic_only; no_auto_accept; no_auto_split;single_day_segment_intentionally_accepted
213,213,1,12,16,130.115143,0.177215,0,accepted_single_day_segment,insufficient_points,data/derived/qa_213_v1/period_qa.csv,detector_wide_day_to_day_drift,period_qa,,diagnostic_only; no_auto_accept; no_auto_split;single_day_segment_intentionally_accepted
213,213,1,12,17,130.408005,0.164948,0,accepted_single_day_segment,insufficient_points,data/derived/qa_213_v1/period_qa.csv,detector_wide_day_to_day_drift,period_qa,,diagnostic_only; no_auto_accept; no_auto_split;single_day_segment_intentionally_accepted
213,213,1,12,18,131.463303,0.175031,0,accepted_single_day_segment,insufficient_points,data/derived/qa_213_v1/period_qa.csv,detector_wide_day_to_day_drift,period_qa,,diagnostic_only; no_auto_accept; no_auto_split;single_day_segment_intentionally_accepted
213,213,1,12,19,130.738876,0.177256,0,accepted_single_day_segment,insufficient_points,data/derived/qa_213_v1/period_qa.csv,detector_wide_day_to_day_drift,period_qa,,diagnostic_only; no_auto_accept; no_auto_split;single_day_segment_intentionally_accepted
213,213,1,12,20,132.802628,0.199281,0,accepted_single_day_segment,insufficient_points,data/derived/qa_213_v1/period_qa.csv,detector_wide_day_to_day_drift,period_qa,,diagnostic_only; no_auto_accept; no_auto_split;single_day_segment_intentionally_accepted
213,213,1,12,21,132.405212,0.196968,0,accepted_single_day_segment,insufficient_points,data/derived/qa_213_v1/period_qa.csv,detector_wide_day_to_day_drift,period_qa,,diagnostic_only; no_auto_accept; no_auto_split;single_day_segment_intentionally_accepted
213,213,1,12,22,131.583603,0.200257,0,accepted_single_day_segment,insufficient_points,data/derived/qa_213_v1/period_qa.csv,detector_wide_day_to_day_drift,period_qa,,diagnostic_only; no_auto_accept; no_auto_split;single_day_segment_intentionally_accepted
213,213,1,12,23,127.298393,0.188024,0,accepted_single_day_segment,insufficient_points,data/derived/qa_213_v1/period_qa.csv,detector_wide_day_to_day_drift,period_qa,,diagnostic_only; no_auto_accept; no_auto_split;single_day_segment_intentionally_accepted
213,213,1,12,24,130.087845,0.18371,0,accepted_single_day_segment,insufficient_points,data/derived/qa_213_v1/period_qa.csv,detector_wide_day_to_day_drift,period_qa,,diagnostic_only; no_auto_accept; no_auto_split;single_day_segment_intentionally_accepted
213,213,1,12,25,132.239502,0.199707,0,accepted_single_day_segment,insufficient_points,data/derived/qa_213_v1/period_qa.csv,detector_wide_day_to_day_drift,period_qa,,diagnostic_only; no_auto_accept; no_auto_split;single_day_segment_intentionally_accepted
213,213,1,12,26,130.795425,0.215195,0,accepted_single_day_segment,insufficient_points,data/derived/qa_213_v1/period_qa.csv,detector_wide_day_to_day_drift,period_qa,,diagnostic_only; no_auto_accept; no_auto_split;single_day_segment_intentionally_accepted
213,213,1,12,27,131.841202,0.203847,0,accepted_single_day_segment,insufficient_points,data/derived/qa_213_v1/period_qa.csv,detector_wide_day_to_day_drift,period_qa,,diagnostic_only; no_auto_accept; no_auto_split;single_day_segment_intentionally_accepted
213,213,1,12,28,131.334183,0.210572,0,accepted_single_day_segment,insufficient_points,data/derived/qa_213_v1/period_qa.csv,detector_wide_day_to_day_drift,period_qa,,diagnostic_only; no_auto_accept; no_auto_split;single_day_segment_intentionally_accepted
213,213,1,12,29,129.290237,0.210075,0,accepted_single_day_segment,insufficient_points,data/derived/qa_213_v1/period_qa.csv,detector_wide_day_to_day_drift,period_qa,,diagnostic_only; no_auto_accept; no_auto_split;single_day_segment_intentionally_accepted
213,213,1,12,30,131.122849,0.190846,0,accepted_single_day_segment,insufficient_points,data/derived/qa_213_v1/period_qa.csv,detector_wide_day_to_day_drift,period_qa,,diagnostic_only; no_auto_accept; no_auto_split;single_day_segment_intentionally_accepted
213,213,1,12,31,127.491173,0.209791,0,accepted_single_day_segment,insufficient_points,data/derived/qa_213_v1/period_qa.csv,detector_wide_day_to_day_drift,period_qa,,diagnostic_only; no_auto_accept; no_auto_split;single_day_segment_intentionally_accepted
