day,ew,pp,tt,reference_mpv,reference_mpv_error,auto_flag,source,source_stage,source_file,period_start,period_end
169,0,1,1,116.197186,0.0,not_flagged,cracz,period_reference,Nmip_Day_169.txt,169,175
169,0,1,2,123.530651,0.0,not_flagged,cracz,period_reference,Nmip_Day_169.txt,169,175
169,0,1,3,115.924831,0.0,not_flagged,cracz,period_reference,Nmip_Day_169.txt,169,175
169,0,1,4,130.308799,0.0,not_flagged,cracz,period_reference,Nmip_Day_169.txt,169,175
169,0,1,5,121.65043,0.0,not_flagged,cracz,period_reference,Nmip_Day_169.txt,169,175
169,0,1,6,127.442934,0.0,not_flagged,cracz,period_reference,Nmip_Day_169.txt,169,175
169,0,1,7,122.101379,0.0,not_flagged,cracz,period_reference,Nmip_Day_169.txt,169,175
169,0,1,8,128.285104,0.0,not_flagged,cracz,period_reference,Nmip_Day_169.txt,169,175
169,0,1,9,125.49558,0.0,not_flagged,cracz,period_reference,Nmip_Day_169.txt,169,175
169,0,1,10,136.812614,0.0,not_flagged,cracz,period_reference,Nmip_Day_169.txt,169,175
169,0,1,11,136.500302,0.0,not_flagged,cracz,period_reference,Nmip_Day_169.txt,169,175
169,0,1,12,138.355094,0.0,not_flagged,cracz,period_reference,Nmip_Day_169.txt,169,175
169,0,1,13,137.365049,0.0,not_flagged,cracz,period_reference,Nmip_Day_169.txt,169,175
169,0,1,14,137.645018,0.0,not_flagged,cracz,period_reference,Nmip_Day_169.txt,169,175
169,0,1,15,137.744449,0.0,not_flagged,cracz,period_reference,Nmip_Day_169.txt,169,175
169,0,1,16,135.376223,0.0,not_flagged,cracz,period_reference,Nmip_Day_169.txt,169,175
169,0,1,17,135.920766,0.0,not_flagged,cracz,period_reference,Nmip_Day_169.txt,169,175
169,0,1,18,137.5083,0.0,not_flagged,cracz,period_reference,Nmip_Day_169.txt,169,175
169,0,1,19,134.163109,0.0,not_flagged,cracz,period_reference,Nmip_Day_169.txt,169,175
169,0,1,20,136.780695,0.0,not_flagged,cracz,period_reference,Nmip_Day_169.txt,169,175
169,0,1,21,135.606148,0.0,not_flagged,cracz,period_reference,Nmip_Day_169.txt,169,175
169,0,1,22,135.841747,0.0,not_flagged,cracz,period_reference,Nmip_Day_169.txt,169,175
169,0,1,23,136.426075,0.0,not_flagged,cracz,period_reference,Nmip_Day_169.txt,169,175
169,0,1,24,135.3606,0.0,not_flagged,cracz,period_reference,Nmip_Day_169.txt,169,175
169,0,1,25,134.755232,0.0,not_flagged,cracz,period_reference,Nmip_Day_169.txt,169,175
169,0,1,26,136.47814,0.0,not_flagged,cracz,period_reference,Nmip_Day_169.txt,169,175
169,0,1,27,136.667394,0.0,not_flagged,cracz,period_reference,Nmip_Day_169.txt,169,175
169,0,1,28,137.340316,0.0,not_flagged,cracz,period_reference,Nmip_Day_169.txt,169,175
169,0,1,29,136.324563,0.0,not_flagged,cracz,period_reference,Nmip_Day_169.txt,169,175
169,0,1,30,134.780089,0.0,not_flagged,cracz,period_reference,Nmip_Day_169.txt,169,175
169,0,1,31,136.670921,0.0,not_flagged,cracz,period_reference,Nmip_Day_169.txt,169,175
169,0,2,1,137.643374,0.0,not_flagged,cracz,period_reference,Nmip_Day_169.txt,169,175
169,0,2,2,134.298282,0.0,not_flagged,cracz,period_reference,Nmip_Day_169.txt,169,175
169,0,2,3,134.470405,0.0,not_flagged,cracz,period_reference,Nmip_Day_169.txt,169,175
169,0,2,4,132.800926,0.0,not_flagged,cracz,period_reference,Nmip_Day_169.txt,169,175
169,0,2,5,133.969457,0.0,not_flagged,cracz,period_reference,Nmip_Day_169.txt,169,175
169,0,2,6,132.330905,0.0,not_flagged,cracz,period_reference,Nmip_Day_169.txt,169,175
169,0,2,7,131.994477,0.0,not_flagged,cracz,period_reference,Nmip_Day_169.txt,169,175
169,0,2,8,132.162496,0.0,not_flagged,cracz,period_reference,Nmip_Day_169.txt,169,175
169,0,2,9,132.278205,0.0,not_flagged,cracz,period_reference,Nmip_Day_169.txt,169,175
169,0,2,10,138.4353,0.0,not_flagged,cracz,period_reference,Nmip_Day_169.txt,169,175
169,0,2,11,139.472246,0.0,not_flagged,cracz,period_reference,Nmip_Day_169.txt,169,175
169,0,2,12,139.183461,0.0,not_flagged,cracz,period_reference,Nmip_Day_169.txt,169,175
169,0,2,13,139.570271,0.0,not_flagged,cracz,period_reference,Nmip_Day_169.txt,169,175
169,0,2,14,139.869392,0.0,not_flagged,cracz,period_reference,Nmip_Day_169.txt,169,175
169,0,2,15,139.961564,0.0,not_flagged,cracz,period_reference,Nmip_Day_169.txt,169,175
169,0,2,16,138.943683,0.0,not_flagged,cracz,period_reference,Nmip_Day_169.txt,169,175
169,0,2,17,139.741094,0.0,not_flagged,cracz,period_reference,Nmip_Day_169.txt,169,175
169,0,2,18,138.073539,0.0,not_flagged,cracz,period_reference,Nmip_Day_169.txt,169,175
169,0,2,19,137.399167,0.0,not_flagged,cracz,period_reference,Nmip_Day_169.txt,169,175
169,0,2,20,140.088174,0.0,not_flagged,cracz,period_reference,Nmip_Day_169.txt,169,175
169,0,2,21,137.198502,0.0,not_flagged,cracz,period_reference,Nmip_Day_169.txt,169,175
169,0,2,22,139.142395,0.0,not_flagged,cracz,period_reference,Nmip_Day_169.txt,169,175
169,0,2,23,137.622618,0.0,not_flagged,cracz,period_reference,Nmip_Day_169.txt,169,175
169,0,2,24,140.091411,0.0,not_flagged,cracz,period_reference,Nmip_Day_169.txt,169,175
169,0,2,25,136.53632,0.0,not_flagged,cracz,period_reference,Nmip_Day_169.txt,169,175
169,0,2,26,141.194729,0.0,not_flagged,cracz,period_reference,Nmip_Day_169.txt,169,175
169,0,2,27,138.283506,0.0,not_flagged,cracz,period_reference,Nmip_Day_169.txt,169,175
169,0,2,28,140.668004,0.0,not_flagged,cracz,period_reference,Nmip_Day_169.txt,169,175
169,0,2,29,136.272396,0.0,not_flagged,cracz,period_reference,Nmip_Day_169.txt,169,175
169,0,2,30,138.825837,0.0,not_flagged,cracz,period_reference,Nmip_Day_169.txt,169,175
169,0,2,31,136.788362,0.0,not_flagged,cracz,period_reference,Nmip_Day_169.txt,169,175
169,0,3,1,133.659801,0.0,not_flagged,cracz,period_reference,Nmip_Day_169.txt,169,175
169,0,3,2,129.497343,0.0,not_flagged,cracz,period_reference,Nmip_Day_169.txt,169,175
169,0,3,3,131.221631,0.0,not_flagged,cracz,period_reference,Nmip_Day_169.txt,169,175
169,0,3,4,133.397474,0.0,not_flagged,cracz,period_reference,Nmip_Day_169.txt,169,175
169,0,3,5,131.873154,0.0,not_flagged,cracz,period_reference,Nmip_Day_169.txt,169,175
169,0,3,6,133.239359,0.0,not_flagged,cracz,period_reference,Nmip_Day_169.txt,169,175
169,0,3,7,130.259328,0.0,not_flagged,cracz,period_reference,Nmip_Day_169.txt,169,175
169,0,3,8,131.172431,0.0,not_flagged,cracz,period_reference,Nmip_Day_169.txt,169,175
169,0,3,9,132.141474,0.0,not_flagged,cracz,period_reference,Nmip_Day_169.txt,169,175
169,0,3,10,139.384587,0.0,not_flagged,cracz,period_reference,Nmip_Day_169.txt,169,175
169,0,3,11,141.33671,0.0,not_flagged,cracz,period_reference,Nmip_Day_169.txt,169,175
169,0,3,12,139.468098,0.0,not_flagged,cracz,period_reference,Nmip_Day_169.txt,169,175
169,0,3,13,138.875314,0.0,not_flagged,cracz,period_reference,Nmip_Day_169.txt,169,175
169,0,3,14,138.906635,0.0,not_flagged,cracz,period_reference,Nmip_Day_169.txt,169,175
169,0,3,15,138.989066,0.0,not_flagged,cracz,period_reference,Nmip_Day_169.txt,169,175
169,0,3,16,138.861025,0.0,not_flagged,cracz,period_reference,Nmip_Day_169.txt,169,175
169,0,3,17,140.278341,0.0,not_flagged,cracz,period_reference,Nmip_Day_169.txt,169,175
169,0,3,18,137.364451,0.0,not_flagged,cracz,period_reference,Nmip_Day_169.txt,169,175
169,0,3,19,138.366595,0.0,not_flagged,cracz,period_reference,Nmip_Day_169.txt,169,175
169,0,3,20,135.106793,0.0,not_flagged,cracz,period_reference,Nmip_Day_169.txt,169,175
169,0,3,21,137.05725,0.0,not_flagged,cracz,period_reference,Nmip_Day_169.txt,169,175
169,0,3,22,138.419159,0.0,not_flagged,cracz,period_reference,Nmip_Day_169.txt,169,175
169,0,3,23,138.391451,0.0,not_flagged,cracz,period_reference,Nmip_Day_169.txt,169,175
169,0,3,24,139.403408,0.0,not_flagged,cracz,period_reference,Nmip_Day_169.txt,169,175
169,0,3,25,139.031159,0.0,not_flagged,cracz,period_reference,Nmip_Day_169.txt,169,175
169,0,3,26,138.928078,0.0,not_flagged,cracz,period_reference,Nmip_Day_169.txt,169,175
169,0,3,27,140.992585,0.0,not_flagged,cracz,period_reference,Nmip_Day_169.txt,169,175
169,0,3,28,140.213533,0.0,not_flagged,cracz,period_reference,Nmip_Day_169.txt,169,175
169,0,3,29,137.267048,0.0,not_flagged,cracz,period_reference,Nmip_Day_169.txt,169,175
169,0,3,30,137.781624,0.0,not_flagged,cracz,period_reference,Nmip_Day_169.txt,169,175
169,0,3,31,137.540082,0.0,not_flagged,cracz,period_reference,Nmip_Day_169.txt,169,175
169,0,4,1,140.001972,0.0,not_flagged,cracz,period_reference,Nmip_Day_169.txt,169,175
169,0,4,2,132.748667,0.0,not_flagged,cracz,period_reference,Nmip_Day_169.txt,169,175
169,0,4,3,133.530536,0.0,not_flagged,cracz,period_reference,Nmip_Day_169.txt,169,175
169,0,4,4,133.463142,0.0,not_flagged,cracz,period_reference,Nmip_Day_169.txt,169,175
169,0,4,5,134.936915,0.0,not_flagged,cracz,period_reference,Nmip_Day_169.txt,169,175
169,0,4,6,133.385494,0.0,not_flagged,cracz,period_reference,Nmip_Day_169.txt,169,175
169,0,4,7,134.785286,0.0,not_flagged,cracz,period_reference,Nmip_Day_169.txt,169,175
169,0,4,8,134.109697,0.0,not_flagged,cracz,period_reference,Nmip_Day_169.txt,169,175
169,0,4,9,131.916684,0.0,not_flagged,cracz,period_reference,Nmip_Day_169.txt,169,175
169,0,4,10,139.757106,0.0,not_flagged,cracz,period_reference,Nmip_Day_169.txt,169,175
169,0,4,11,140.302454,0.0,not_flagged,cracz,period_reference,Nmip_Day_169.txt,169,175
169,0,4,12,141.394644,0.0,not_flagged,cracz,period_reference,Nmip_Day_169.txt,169,175
169,0,4,13,139.111606,0.0,not_flagged,cracz,period_reference,Nmip_Day_169.txt,169,175
169,0,4,14,142.477073,0.0,not_flagged,cracz,period_reference,Nmip_Day_169.txt,169,175
169,0,4,15,140.329276,0.0,not_flagged,cracz,period_reference,Nmip_Day_169.txt,169,175
169,0,4,16,139.589064,0.0,not_flagged,cracz,period_reference,Nmip_Day_169.txt,169,175
169,0,4,17,138.053201,0.0,not_flagged,cracz,period_reference,Nmip_Day_169.txt,169,175
169,0,4,18,139.489708,0.0,not_flagged,cracz,period_reference,Nmip_Day_169.txt,169,175
169,0,4,19,139.326268,0.0,not_flagged,cracz,period_reference,Nmip_Day_169.txt,169,175
169,0,4,20,138.256774,0.0,not_flagged,cracz,period_reference,Nmip_Day_169.txt,169,175
169,0,4,21,137.68978,0.0,not_flagged,cracz,period_reference,Nmip_Day_169.txt,169,175
169,0,4,22,139.228817,0.0,not_flagged,cracz,period_reference,Nmip_Day_169.txt,169,175
169,0,4,23,137.524931,0.0,not_flagged,cracz,period_reference,Nmip_Day_169.txt,169,175
169,0,4,24,141.434072,0.0,not_flagged,cracz,period_reference,Nmip_Day_169.txt,169,175
169,0,4,25,137.65183,0.0,not_flagged,cracz,period_reference,Nmip_Day_169.txt,169,175
169,0,4,26,139.462572,0.0,not_flagged,cracz,period_reference,Nmip_Day_169.txt,169,175
169,0,4,27,137.403813,0.0,not_flagged,cracz,period_reference,Nmip_Day_169.txt,169,175
169,0,4,28,139.759273,0.0,not_flagged,cracz,period_reference,Nmip_Day_169.txt,169,175
169,0,4,29,138.232248,0.0,not_flagged,cracz,period_reference,Nmip_Day_169.txt,169,175
169,0,4,30,138.991098,0.0,not_flagged,cracz,period_reference,Nmip_Day_169.txt,169,175
169,0,4,31,137.130243,0.0,not_flagged,cracz,period_reference,Nmip_Day_169.txt,169,175
169,0,5,1,132.971364,0.0,not_flagged,cracz,period_reference,Nmip_Day_169.txt,169,175
169,0,5,2,136.676719,0.0,not_flagged,cracz,period_reference,Nmip_Day_169.txt,169,175
169,0,5,3,134.730034,0.0,not_flagged,cracz,period_reference,Nmip_Day_169.txt,169,175
169,0,5,4,135.738891,0.0,not_flagged,cracz,period_reference,Nmip_Day_169.txt,169,175
169,0,5,5,131.872565,0.0,not_flagged,cracz,period_reference,Nmip_Day_169.txt,169,175
169,0,5,6,134.736216,0.0,not_flagged,cracz,period_reference,Nmip_Day_169.txt,169,175
169,0,5,7,131.376499,0.0,not_flagged,cracz,period_reference,Nmip_Day_169.txt,169,175
169,0,5,8,132.021475,0.0,not_flagged,cracz,period_reference,Nmip_Day_169.txt,169,175
169,0,5,9,131.133083,0.0,not_flagged,cracz,period_reference,Nmip_Day_169.txt,169,175
169,0,5,10,130.651575,0.0,not_flagged,cracz,period_reference,Nmip_Day_169.txt,169,175
169,0,5,11,136.477129,0.0,not_flagged,cracz,period_reference,Nmip_Day_169.txt,169,175
169,0,5,12,138.232068,0.0,not_flagged,cracz,period_reference,Nmip_Day_169.txt,169,175
169,0,5,13,135.269626,0.0,not_flagged,cracz,period_reference,Nmip_Day_169.txt,169,175
169,0,5,14,129.228014,0.0,not_flagged,cracz,period_reference,Nmip_Day_169.txt,169,175
169,0,5,15,135.660422,0.0,not_flagged,cracz,period_reference,Nmip_Day_169.txt,169,175
169,0,5,16,134.730072,0.0,not_flagged,cracz,period_reference,Nmip_Day_169.txt,169,175
169,0,5,17,137.484232,0.0,not_flagged,cracz,period_reference,Nmip_Day_169.txt,169,175
169,0,5,18,135.195606,0.0,not_flagged,cracz,period_reference,Nmip_Day_169.txt,169,175
169,0,5,19,133.652544,0.0,not_flagged,cracz,period_reference,Nmip_Day_169.txt,169,175
169,0,5,20,135.545106,0.0,not_flagged,cracz,period_reference,Nmip_Day_169.txt,169,175
169,0,5,21,136.172679,0.0,not_flagged,cracz,period_reference,Nmip_Day_169.txt,169,175
169,0,5,22,137.812874,0.0,not_flagged,cracz,period_reference,Nmip_Day_169.txt,169,175
169,0,5,23,135.802852,0.0,not_flagged,cracz,period_reference,Nmip_Day_169.txt,169,175
169,0,5,24,136.878548,0.0,not_flagged,cracz,period_reference,Nmip_Day_169.txt,169,175
169,0,5,25,133.302938,0.0,not_flagged,cracz,period_reference,Nmip_Day_169.txt,169,175
169,0,5,26,135.173123,0.0,not_flagged,cracz,period_reference,Nmip_Day_169.txt,169,175
169,0,5,27,135.010123,0.0,not_flagged,cracz,period_reference,Nmip_Day_169.txt,169,175
169,0,5,28,136.508863,0.0,not_flagged,cracz,period_reference,Nmip_Day_169.txt,169,175
169,0,5,29,133.002665,0.0,not_flagged,cracz,period_reference,Nmip_Day_169.txt,169,175
169,0,5,30,136.611358,0.0,not_flagged,cracz,period_reference,Nmip_Day_169.txt,169,175
169,0,5,31,136.442777,0.0,not_flagged,cracz,period_reference,Nmip_Day_169.txt,169,175
169,0,6,1,126.150987,0.0,not_flagged,cracz,period_reference,Nmip_Day_169.txt,169,175
169,0,6,2,121.500922,0.0,not_flagged,cracz,period_reference,Nmip_Day_169.txt,169,175
169,0,6,3,125.346912,0.0,not_flagged,cracz,period_reference,Nmip_Day_169.txt,169,175
169,0,6,4,132.205569,0.0,not_flagged,cracz,period_reference,Nmip_Day_169.txt,169,175
169,0,6,5,124.336914,0.0,not_flagged,cracz,period_reference,Nmip_Day_169.txt,169,175
169,0,6,6,131.434792,0.0,not_flagged,cracz,period_reference,Nmip_Day_169.txt,169,175
169,0,6,7,133.206366,0.0,not_flagged,cracz,period_reference,Nmip_Day_169.txt,169,175
169,0,6,8,132.704049,0.0,not_flagged,cracz,period_reference,Nmip_Day_169.txt,169,175
169,0,6,9,131.171206,0.0,not_flagged,cracz,period_reference,Nmip_Day_169.txt,169,175
169,0,6,10,132.836403,0.0,not_flagged,cracz,period_reference,Nmip_Day_169.txt,169,175
169,0,6,11,137.085653,0.0,not_flagged,cracz,period_reference,Nmip_Day_169.txt,169,175
169,0,6,12,138.170859,0.0,not_flagged,cracz,period_reference,Nmip_Day_169.txt,169,175
169,0,6,13,138.655655,0.0,not_flagged,cracz,period_reference,Nmip_Day_169.txt,169,175
169,0,6,14,138.706091,0.0,not_flagged,cracz,period_reference,Nmip_Day_169.txt,169,175
169,0,6,15,141.309126,0.0,not_flagged,cracz,period_reference,Nmip_Day_169.txt,169,175
169,0,6,16,138.233526,0.0,not_flagged,cracz,period_reference,Nmip_Day_169.txt,169,175
169,0,6,17,139.143411,0.0,not_flagged,cracz,period_reference,Nmip_Day_169.txt,169,175
169,0,6,18,137.691067,0.0,not_flagged,cracz,period_reference,Nmip_Day_169.txt,169,175
169,0,6,19,136.107684,0.0,not_flagged,cracz,period_reference,Nmip_Day_169.txt,169,175
169,0,6,20,138.995565,0.0,not_flagged,cracz,period_reference,Nmip_Day_169.txt,169,175
169,0,6,21,138.233915,0.0,not_flagged,cracz,period_reference,Nmip_Day_169.txt,169,175
169,0,6,22,141.389342,0.0,not_flagged,cracz,period_reference,Nmip_Day_169.txt,169,175
169,0,6,23,137.559938,0.0,not_flagged,cracz,period_reference,Nmip_Day_169.txt,169,175
169,0,6,24,137.442082,0.0,not_flagged,cracz,period_reference,Nmip_Day_169.txt,169,175
169,0,6,25,136.897337,0.0,not_flagged,cracz,period_reference,Nmip_Day_169.txt,169,175
169,0,6,26,136.344286,0.0,not_flagged,cracz,period_reference,Nmip_Day_169.txt,169,175
169,0,6,27,133.770079,0.0,not_flagged,cracz,period_reference,Nmip_Day_169.txt,169,175
169,0,6,28,139.822372,0.0,not_flagged,cracz,period_reference,Nmip_Day_169.txt,169,175
169,0,6,29,135.536427,0.0,not_flagged,cracz,period_reference,Nmip_Day_169.txt,169,175
169,0,6,30,134.251348,0.0,not_flagged,cracz,period_reference,Nmip_Day_169.txt,169,175
169,0,6,31,136.864181,0.0,not_flagged,cracz,period_reference,Nmip_Day_169.txt,169,175
169,0,7,1,130.955476,0.0,not_flagged,cracz,period_reference,Nmip_Day_169.txt,169,175
169,0,7,2,132.046897,0.0,not_flagged,cracz,period_reference,Nmip_Day_169.txt,169,175
169,0,7,3,131.033346,0.0,not_flagged,cracz,period_reference,Nmip_Day_169.txt,169,175
169,0,7,4,133.292836,0.0,not_flagged,cracz,period_reference,Nmip_Day_169.txt,169,175
169,0,7,5,131.529612,0.0,not_flagged,cracz,period_reference,Nmip_Day_169.txt,169,175
169,0,7,6,132.208668,0.0,not_flagged,cracz,period_reference,Nmip_Day_169.txt,169,175
169,0,7,7,131.56322,0.0,not_flagged,cracz,period_reference,Nmip_Day_169.txt,169,175
169,0,7,8,133.814843,0.0,not_flagged,cracz,period_reference,Nmip_Day_169.txt,169,175
169,0,7,9,131.079653,0.0,not_flagged,cracz,period_reference,Nmip_Day_169.txt,169,175
169,0,7,10,138.405737,0.0,not_flagged,cracz,period_reference,Nmip_Day_169.txt,169,175
169,0,7,11,140.266404,0.0,not_flagged,cracz,period_reference,Nmip_Day_169.txt,169,175
169,0,7,12,137.508793,0.0,not_flagged,cracz,period_reference,Nmip_Day_169.txt,169,175
169,0,7,13,138.547762,0.0,not_flagged,cracz,period_reference,Nmip_Day_169.txt,169,175
169,0,7,14,141.41115,0.0,not_flagged,cracz,period_reference,Nmip_Day_169.txt,169,175
169,0,7,15,138.864164,0.0,not_flagged,cracz,period_reference,Nmip_Day_169.txt,169,175
169,0,7,16,139.386478,0.0,not_flagged,cracz,period_reference,Nmip_Day_169.txt,169,175
169,0,7,17,138.857526,0.0,not_flagged,cracz,period_reference,Nmip_Day_169.txt,169,175
169,0,7,18,139.357536,0.0,not_flagged,cracz,period_reference,Nmip_Day_169.txt,169,175
169,0,7,19,138.322356,0.0,not_flagged,cracz,period_reference,Nmip_Day_169.txt,169,175
169,0,7,20,139.956941,0.0,not_flagged,cracz,period_reference,Nmip_Day_169.txt,169,175
169,0,7,21,138.698588,0.0,not_flagged,cracz,period_reference,Nmip_Day_169.txt,169,175
169,0,7,22,140.385016,0.0,not_flagged,cracz,period_reference,Nmip_Day_169.txt,169,175
169,0,7,23,138.294112,0.0,not_flagged,cracz,period_reference,Nmip_Day_169.txt,169,175
169,0,7,24,136.871112,0.0,not_flagged,cracz,period_reference,Nmip_Day_169.txt,169,175
169,0,7,25,133.65626,0.0,not_flagged,cracz,period_reference,Nmip_Day_169.txt,169,175
169,0,7,26,137.747457,0.0,not_flagged,cracz,period_reference,Nmip_Day_169.txt,169,175
169,0,7,27,136.975184,0.0,not_flagged,cracz,period_reference,Nmip_Day_169.txt,169,175
169,0,7,28,139.064928,0.0,not_flagged,cracz,period_reference,Nmip_Day_169.txt,169,175
169,0,7,29,137.265105,0.0,not_flagged,cracz,period_reference,Nmip_Day_169.txt,169,175
169,0,7,30,138.626521,0.0,not_flagged,cracz,period_reference,Nmip_Day_169.txt,169,175
169,0,7,31,132.213545,0.0,not_flagged,cracz,period_reference,Nmip_Day_169.txt,169,175
169,0,8,1,135.855621,0.0,not_flagged,cracz,period_reference,Nmip_Day_169.txt,169,175
169,0,8,2,130.471418,0.0,not_flagged,cracz,period_reference,Nmip_Day_169.txt,169,175
169,0,8,3,135.806874,0.0,not_flagged,cracz,period_reference,Nmip_Day_169.txt,169,175
169,0,8,4,132.522268,0.0,not_flagged,cracz,period_reference,Nmip_Day_169.txt,169,175
169,0,8,5,131.20647,0.0,not_flagged,cracz,period_reference,Nmip_Day_169.txt,169,175
169,0,8,6,132.212394,0.0,not_flagged,cracz,period_reference,Nmip_Day_169.txt,169,175
169,0,8,7,134.92489,0.0,not_flagged,cracz,period_reference,Nmip_Day_169.txt,169,175
169,0,8,8,133.224676,0.0,not_flagged,cracz,period_reference,Nmip_Day_169.txt,169,175
169,0,8,9,133.918699,0.0,not_flagged,cracz,period_reference,Nmip_Day_169.txt,169,175
169,0,8,10,143.286097,0.0,not_flagged,cracz,period_reference,Nmip_Day_169.txt,169,175
169,0,8,11,141.912431,0.0,not_flagged,cracz,period_reference,Nmip_Day_169.txt,169,175
169,0,8,12,142.467718,0.0,not_flagged,cracz,period_reference,Nmip_Day_169.txt,169,175
169,0,8,13,140.645925,0.0,not_flagged,cracz,period_reference,Nmip_Day_169.txt,169,175
169,0,8,14,142.687099,0.0,not_flagged,cracz,period_reference,Nmip_Day_169.txt,169,175
169,0,8,15,142.121927,0.0,not_flagged,cracz,period_reference,Nmip_Day_169.txt,169,175
169,0,8,16,142.574123,0.0,not_flagged,cracz,period_reference,Nmip_Day_169.txt,169,175
169,0,8,17,140.223589,0.0,not_flagged,cracz,period_reference,Nmip_Day_169.txt,169,175
169,0,8,18,140.993436,0.0,not_flagged,cracz,period_reference,Nmip_Day_169.txt,169,175
169,0,8,19,138.046507,0.0,not_flagged,cracz,period_reference,Nmip_Day_169.txt,169,175
169,0,8,20,141.258952,0.0,not_flagged,cracz,period_reference,Nmip_Day_169.txt,169,175
169,0,8,21,139.599404,0.0,not_flagged,cracz,period_reference,Nmip_Day_169.txt,169,175
169,0,8,22,142.872946,0.0,not_flagged,cracz,period_reference,Nmip_Day_169.txt,169,175
169,0,8,23,138.889748,0.0,not_flagged,cracz,period_reference,Nmip_Day_169.txt,169,175
169,0,8,24,138.241381,0.0,not_flagged,cracz,period_reference,Nmip_Day_169.txt,169,175
169,0,8,25,135.935522,0.0,not_flagged,cracz,period_reference,Nmip_Day_169.txt,169,175
169,0,8,26,137.185133,0.0,not_flagged,cracz,period_reference,Nmip_Day_169.txt,169,175
169,0,8,27,136.992101,0.0,not_flagged,cracz,period_reference,Nmip_Day_169.txt,169,175
169,0,8,28,135.18,0.0,not_flagged,cracz,period_reference,Nmip_Day_169.txt,169,175
169,0,8,29,136.684887,0.0,not_flagged,cracz,period_reference,Nmip_Day_169.txt,169,175
169,0,8,30,136.69769,0.0,not_flagged,cracz,period_reference,Nmip_Day_169.txt,169,175
169,0,8,31,133.171335,0.0,not_flagged,cracz,period_reference,Nmip_Day_169.txt,169,175
169,0,9,1,136.611044,0.0,not_flagged,cracz,period_reference,Nmip_Day_169.txt,169,175
169,0,9,2,133.019408,0.0,not_flagged,cracz,period_reference,Nmip_Day_169.txt,169,175
169,0,9,3,133.564908,0.0,not_flagged,cracz,period_reference,Nmip_Day_169.txt,169,175
169,0,9,4,132.563856,0.0,not_flagged,cracz,period_reference,Nmip_Day_169.txt,169,175
169,0,9,5,132.92889,0.0,not_flagged,cracz,period_reference,Nmip_Day_169.txt,169,175
169,0,9,6,130.327221,0.0,not_flagged,cracz,period_reference,Nmip_Day_169.txt,169,175
169,0,9,7,132.823694,0.0,not_flagged,cracz,period_reference,Nmip_Day_169.txt,169,175
169,0,9,8,129.342596,0.0,not_flagged,cracz,period_reference,Nmip_Day_169.txt,169,175
169,0,9,9,132.360445,0.0,not_flagged,cracz,period_reference,Nmip_Day_169.txt,169,175
169,0,9,10,138.148616,0.0,not_flagged,cracz,period_reference,Nmip_Day_169.txt,169,175
169,0,9,11,138.626077,0.0,not_flagged,cracz,period_reference,Nmip_Day_169.txt,169,175
169,0,9,12,138.879491,0.0,not_flagged,cracz,period_reference,Nmip_Day_169.txt,169,175
169,0,9,13,137.623624,0.0,not_flagged,cracz,period_reference,Nmip_Day_169.txt,169,175
169,0,9,14,142.488063,0.0,not_flagged,cracz,period_reference,Nmip_Day_169.txt,169,175
169,0,9,15,139.20095,0.0,not_flagged,cracz,period_reference,Nmip_Day_169.txt,169,175
169,0,9,16,139.695674,0.0,not_flagged,cracz,period_reference,Nmip_Day_169.txt,169,175
169,0,9,17,139.354991,0.0,not_flagged,cracz,period_reference,Nmip_Day_169.txt,169,175
169,0,9,18,141.444657,0.0,not_flagged,cracz,period_reference,Nmip_Day_169.txt,169,175
169,0,9,19,137.947957,0.0,not_flagged,cracz,period_reference,Nmip_Day_169.txt,169,175
169,0,9,20,139.499827,0.0,not_flagged,cracz,period_reference,Nmip_Day_169.txt,169,175
169,0,9,21,142.051648,0.0,not_flagged,cracz,period_reference,Nmip_Day_169.txt,169,175
169,0,9,22,142.630401,0.0,not_flagged,cracz,period_reference,Nmip_Day_169.txt,169,175
169,0,9,23,139.639316,0.0,not_flagged,cracz,period_reference,Nmip_Day_169.txt,169,175
169,0,9,24,136.498062,0.0,not_flagged,cracz,period_reference,Nmip_Day_169.txt,169,175
169,0,9,25,135.14191,0.0,not_flagged,cracz,period_reference,Nmip_Day_169.txt,169,175
169,0,9,26,138.992473,0.0,not_flagged,cracz,period_reference,Nmip_Day_169.txt,169,175
169,0,9,27,137.955295,0.0,not_flagged,cracz,period_reference,Nmip_Day_169.txt,169,175
169,0,9,28,136.441439,0.0,not_flagged,cracz,period_reference,Nmip_Day_169.txt,169,175
169,0,9,29,136.926178,0.0,not_flagged,cracz,period_reference,Nmip_Day_169.txt,169,175
169,0,9,30,140.920894,0.0,not_flagged,cracz,period_reference,Nmip_Day_169.txt,169,175
169,0,9,31,136.153419,0.0,not_flagged,cracz,period_reference,Nmip_Day_169.txt,169,175
169,0,10,1,133.18534,0.0,not_flagged,cracz,period_reference,Nmip_Day_169.txt,169,175
169,0,10,2,133.295827,0.0,not_flagged,cracz,period_reference,Nmip_Day_169.txt,169,175
169,0,10,3,129.753681,0.0,not_flagged,cracz,period_reference,Nmip_Day_169.txt,169,175
169,0,10,4,131.241134,0.0,not_flagged,cracz,period_reference,Nmip_Day_169.txt,169,175
169,0,10,5,130.593098,0.0,not_flagged,cracz,period_reference,Nmip_Day_169.txt,169,175
169,0,10,6,130.783114,0.0,not_flagged,cracz,period_reference,Nmip_Day_169.txt,169,175
169,0,10,7,130.505198,0.0,not_flagged,cracz,period_reference,Nmip_Day_169.txt,169,175
169,0,10,8,133.903708,0.0,not_flagged,cracz,period_reference,Nmip_Day_169.txt,169,175
169,0,10,9,134.58785,0.0,not_flagged,cracz,period_reference,Nmip_Day_169.txt,169,175
169,0,10,10,141.602617,0.0,not_flagged,cracz,period_reference,Nmip_Day_169.txt,169,175
169,0,10,11,142.021097,0.0,not_flagged,cracz,period_reference,Nmip_Day_169.txt,169,175
169,0,10,12,141.00913,0.0,not_flagged,cracz,period_reference,Nmip_Day_169.txt,169,175
169,0,10,13,142.400709,0.0,not_flagged,cracz,period_reference,Nmip_Day_169.txt,169,175
169,0,10,14,141.26196,0.0,not_flagged,cracz,period_reference,Nmip_Day_169.txt,169,175
169,0,10,15,139.806183,0.0,not_flagged,cracz,period_reference,Nmip_Day_169.txt,169,175
169,0,10,16,143.405876,0.0,not_flagged,cracz,period_reference,Nmip_Day_169.txt,169,175
169,0,10,17,142.886739,0.0,not_flagged,cracz,period_reference,Nmip_Day_169.txt,169,175
169,0,10,18,141.661251,0.0,not_flagged,cracz,period_reference,Nmip_Day_169.txt,169,175
169,0,10,19,141.308821,0.0,not_flagged,cracz,period_reference,Nmip_Day_169.txt,169,175
169,0,10,20,141.08522,0.0,not_flagged,cracz,period_reference,Nmip_Day_169.txt,169,175
169,0,10,21,142.559467,0.0,not_flagged,cracz,period_reference,Nmip_Day_169.txt,169,175
169,0,10,22,141.792613,0.0,not_flagged,cracz,period_reference,Nmip_Day_169.txt,169,175
169,0,10,23,143.028127,0.0,not_flagged,cracz,period_reference,Nmip_Day_169.txt,169,175
169,0,10,24,137.134141,0.0,not_flagged,cracz,period_reference,Nmip_Day_169.txt,169,175
169,0,10,25,138.187719,0.0,not_flagged,cracz,period_reference,Nmip_Day_169.txt,169,175
169,0,10,26,137.788801,0.0,not_flagged,cracz,period_reference,Nmip_Day_169.txt,169,175
169,0,10,27,140.022559,0.0,not_flagged,cracz,period_reference,Nmip_Day_169.txt,169,175
169,0,10,28,133.346777,0.0,not_flagged,cracz,period_reference,Nmip_Day_169.txt,169,175
169,0,10,29,139.462089,0.0,not_flagged,cracz,period_reference,Nmip_Day_169.txt,169,175
169,0,10,30,140.421505,0.0,not_flagged,cracz,period_reference,Nmip_Day_169.txt,169,175
169,0,10,31,135.574853,0.0,not_flagged,cracz,period_reference,Nmip_Day_169.txt,169,175
169,0,11,1,132.340565,0.0,not_flagged,cracz,period_reference,Nmip_Day_169.txt,169,175
169,0,11,2,129.183778,0.0,not_flagged,cracz,period_reference,Nmip_Day_169.txt,169,175
169,0,11,3,135.790592,0.0,not_flagged,cracz,period_reference,Nmip_Day_169.txt,169,175
169,0,11,4,133.400058,0.0,not_flagged,cracz,period_reference,Nmip_Day_169.txt,169,175
169,0,11,5,133.74258,0.0,not_flagged,cracz,period_reference,Nmip_Day_169.txt,169,175
169,0,11,6,134.943436,0.0,not_flagged,cracz,period_reference,Nmip_Day_169.txt,169,175
169,0,11,7,132.2751,0.0,not_flagged,cracz,period_reference,Nmip_Day_169.txt,169,175
169,0,11,8,130.332389,0.0,not_flagged,cracz,period_reference,Nmip_Day_169.txt,169,175
169,0,11,9,132.346412,0.0,not_flagged,cracz,period_reference,Nmip_Day_169.txt,169,175
169,0,11,10,138.00769,0.0,not_flagged,cracz,period_reference,Nmip_Day_169.txt,169,175
169,0,11,11,138.372073,0.0,not_flagged,cracz,period_reference,Nmip_Day_169.txt,169,175
169,0,11,12,140.585296,0.0,not_flagged,cracz,period_reference,Nmip_Day_169.txt,169,175
169,0,11,13,138.726843,0.0,not_flagged,cracz,period_reference,Nmip_Day_169.txt,169,175
169,0,11,14,135.901727,0.0,not_flagged,cracz,period_reference,Nmip_Day_169.txt,169,175
169,0,11,15,137.355421,0.0,not_flagged,cracz,period_reference,Nmip_Day_169.txt,169,175
169,0,11,16,139.842635,0.0,not_flagged,cracz,period_reference,Nmip_Day_169.txt,169,175
169,0,11,17,135.64957,0.0,not_flagged,cracz,period_reference,Nmip_Day_169.txt,169,175
169,0,11,18,135.534512,0.0,not_flagged,cracz,period_reference,Nmip_Day_169.txt,169,175
169,0,11,19,134.766384,0.0,not_flagged,cracz,period_reference,Nmip_Day_169.txt,169,175
169,0,11,20,137.574987,0.0,not_flagged,cracz,period_reference,Nmip_Day_169.txt,169,175
169,0,11,21,134.873,0.0,not_flagged,cracz,period_reference,Nmip_Day_169.txt,169,175
169,0,11,22,136.988644,0.0,not_flagged,cracz,period_reference,Nmip_Day_169.txt,169,175
169,0,11,23,134.864756,0.0,not_flagged,cracz,period_reference,Nmip_Day_169.txt,169,175
169,0,11,24,139.017824,0.0,not_flagged,cracz,period_reference,Nmip_Day_169.txt,169,175
169,0,11,25,136.903505,0.0,not_flagged,cracz,period_reference,Nmip_Day_169.txt,169,175
169,0,11,26,138.736758,0.0,not_flagged,cracz,period_reference,Nmip_Day_169.txt,169,175
169,0,11,27,136.708981,0.0,not_flagged,cracz,period_reference,Nmip_Day_169.txt,169,175
169,0,11,28,138.109394,0.0,not_flagged,cracz,period_reference,Nmip_Day_169.txt,169,175
169,0,11,29,135.620252,0.0,not_flagged,cracz,period_reference,Nmip_Day_169.txt,169,175
169,0,11,30,138.195359,0.0,not_flagged,cracz,period_reference,Nmip_Day_169.txt,169,175
169,0,11,31,136.540779,0.0,not_flagged,cracz,period_reference,Nmip_Day_169.txt,169,175
169,0,12,1,137.966434,0.0,not_flagged,cracz,period_reference,Nmip_Day_169.txt,169,175
169,0,12,2,129.082278,0.0,not_flagged,cracz,period_reference,Nmip_Day_169.txt,169,175
169,0,12,3,129.578008,0.0,not_flagged,cracz,period_reference,Nmip_Day_169.txt,169,175
169,0,12,4,133.916224,0.0,not_flagged,cracz,period_reference,Nmip_Day_169.txt,169,175
169,0,12,5,134.364082,0.0,not_flagged,cracz,period_reference,Nmip_Day_169.txt,169,175
169,0,12,6,133.072955,0.0,not_flagged,cracz,period_reference,Nmip_Day_169.txt,169,175
169,0,12,7,131.858215,0.0,not_flagged,cracz,period_reference,Nmip_Day_169.txt,169,175
169,0,12,8,135.198112,0.0,not_flagged,cracz,period_reference,Nmip_Day_169.txt,169,175
169,0,12,9,134.975844,0.0,not_flagged,cracz,period_reference,Nmip_Day_169.txt,169,175
169,0,12,10,138.45684,0.0,not_flagged,cracz,period_reference,Nmip_Day_169.txt,169,175
169,0,12,11,139.058099,0.0,not_flagged,cracz,period_reference,Nmip_Day_169.txt,169,175
169,0,12,12,138.858254,0.0,not_flagged,cracz,period_reference,Nmip_Day_169.txt,169,175
169,0,12,13,138.143618,0.0,not_flagged,cracz,period_reference,Nmip_Day_169.txt,169,175
169,0,12,14,137.281845,0.0,not_flagged,cracz,period_reference,Nmip_Day_169.txt,169,175
169,0,12,15,139.212741,0.0,not_flagged,cracz,period_reference,Nmip_Day_169.txt,169,175
169,0,12,16,142.030117,0.0,not_flagged,cracz,period_reference,Nmip_Day_169.txt,169,175
169,0,12,17,138.661497,0.0,not_flagged,cracz,period_reference,Nmip_Day_169.txt,169,175
169,0,12,18,139.117814,0.0,not_flagged,cracz,period_reference,Nmip_Day_169.txt,169,175
169,0,12,19,139.600879,0.0,not_flagged,cracz,period_reference,Nmip_Day_169.txt,169,175
169,0,12,20,139.074394,0.0,not_flagged,cracz,period_reference,Nmip_Day_169.txt,169,175
169,0,12,21,139.836838,0.0,not_flagged,cracz,period_reference,Nmip_Day_169.txt,169,175
169,0,12,22,136.313402,0.0,not_flagged,cracz,period_reference,Nmip_Day_169.txt,169,175
169,0,12,23,138.884477,0.0,not_flagged,cracz,period_reference,Nmip_Day_169.txt,169,175
169,0,12,24,140.608229,0.0,not_flagged,cracz,period_reference,Nmip_Day_169.txt,169,175
169,0,12,25,136.848076,0.0,not_flagged,cracz,period_reference,Nmip_Day_169.txt,169,175
169,0,12,26,139.412399,0.0,not_flagged,cracz,period_reference,Nmip_Day_169.txt,169,175
169,0,12,27,137.522016,0.0,not_flagged,cracz,period_reference,Nmip_Day_169.txt,169,175
169,0,12,28,138.705521,0.0,not_flagged,cracz,period_reference,Nmip_Day_169.txt,169,175
169,0,12,29,138.547711,0.0,not_flagged,cracz,period_reference,Nmip_Day_169.txt,169,175
169,0,12,30,138.59108,0.0,not_flagged,cracz,period_reference,Nmip_Day_169.txt,169,175
169,0,12,31,138.422375,0.0,not_flagged,cracz,period_reference,Nmip_Day_169.txt,169,175
169,1,1,1,134.391588,0.0,not_flagged,cracz,period_reference,Nmip_Day_169.txt,169,175
169,1,1,2,131.015269,0.0,not_flagged,cracz,period_reference,Nmip_Day_169.txt,169,175
169,1,1,3,134.481045,0.0,not_flagged,cracz,period_reference,Nmip_Day_169.txt,169,175
169,1,1,4,134.013568,0.0,not_flagged,cracz,period_reference,Nmip_Day_169.txt,169,175
169,1,1,5,133.556038,0.0,not_flagged,cracz,period_reference,Nmip_Day_169.txt,169,175
169,1,1,6,120.0,0.0,not_flagged,cracz,period_reference,Nmip_Day_169.txt,169,175
169,1,1,7,139.874462,0.0,not_flagged,cracz,period_reference,Nmip_Day_169.txt,169,175
169,1,1,8,137.179879,0.0,not_flagged,cracz,period_reference,Nmip_Day_169.txt,169,175
169,1,1,9,134.594567,0.0,not_flagged,cracz,period_reference,Nmip_Day_169.txt,169,175
169,1,1,10,137.970322,0.0,not_flagged,cracz,period_reference,Nmip_Day_169.txt,169,175
169,1,1,11,137.425173,0.0,not_flagged,cracz,period_reference,Nmip_Day_169.txt,169,175
169,1,1,12,137.129589,0.0,not_flagged,cracz,period_reference,Nmip_Day_169.txt,169,175
169,1,1,13,137.80673,0.0,not_flagged,cracz,period_reference,Nmip_Day_169.txt,169,175
169,1,1,14,137.344289,0.0,not_flagged,cracz,period_reference,Nmip_Day_169.txt,169,175
169,1,1,15,138.229093,0.0,not_flagged,cracz,period_reference,Nmip_Day_169.txt,169,175
169,1,1,16,137.097323,0.0,not_flagged,cracz,period_reference,Nmip_Day_169.txt,169,175
169,1,1,17,134.790909,0.0,not_flagged,cracz,period_reference,Nmip_Day_169.txt,169,175
169,1,1,18,137.331659,0.0,not_flagged,cracz,period_reference,Nmip_Day_169.txt,169,175
169,1,1,19,137.32762,0.0,not_flagged,cracz,period_reference,Nmip_Day_169.txt,169,175
169,1,1,20,137.650741,0.0,not_flagged,cracz,period_reference,Nmip_Day_169.txt,169,175
169,1,1,21,134.083204,0.0,not_flagged,cracz,period_reference,Nmip_Day_169.txt,169,175
169,1,1,22,138.295168,0.0,not_flagged,cracz,period_reference,Nmip_Day_169.txt,169,175
169,1,1,23,136.850668,0.0,not_flagged,cracz,period_reference,Nmip_Day_169.txt,169,175
169,1,1,24,141.297882,0.0,not_flagged,cracz,period_reference,Nmip_Day_169.txt,169,175
169,1,1,25,137.634582,0.0,not_flagged,cracz,period_reference,Nmip_Day_169.txt,169,175
169,1,1,26,138.380123,0.0,not_flagged,cracz,period_reference,Nmip_Day_169.txt,169,175
169,1,1,27,140.901882,0.0,not_flagged,cracz,period_reference,Nmip_Day_169.txt,169,175
169,1,1,28,140.562686,0.0,not_flagged,cracz,period_reference,Nmip_Day_169.txt,169,175
169,1,1,29,138.555894,0.0,not_flagged,cracz,period_reference,Nmip_Day_169.txt,169,175
169,1,1,30,138.328514,0.0,not_flagged,cracz,period_reference,Nmip_Day_169.txt,169,175
169,1,1,31,138.308637,0.0,not_flagged,cracz,period_reference,Nmip_Day_169.txt,169,175
169,1,2,1,136.061396,0.0,not_flagged,cracz,period_reference,Nmip_Day_169.txt,169,175
169,1,2,2,133.691007,0.0,not_flagged,cracz,period_reference,Nmip_Day_169.txt,169,175
169,1,2,3,135.143654,0.0,not_flagged,cracz,period_reference,Nmip_Day_169.txt,169,175
169,1,2,4,137.234095,0.0,not_flagged,cracz,period_reference,Nmip_Day_169.txt,169,175
169,1,2,5,136.950345,0.0,not_flagged,cracz,period_reference,Nmip_Day_169.txt,169,175
169,1,2,6,136.996256,0.0,not_flagged,cracz,period_reference,Nmip_Day_169.txt,169,175
169,1,2,7,138.377295,0.0,not_flagged,cracz,period_reference,Nmip_Day_169.txt,169,175
169,1,2,8,137.957489,0.0,not_flagged,cracz,period_reference,Nmip_Day_169.txt,169,175
169,1,2,9,138.850642,0.0,not_flagged,cracz,period_reference,Nmip_Day_169.txt,169,175
169,1,2,10,130.0,0.0,not_flagged,cracz,period_reference,Nmip_Day_169.txt,169,175
169,1,2,11,139.19191,0.0,not_flagged,cracz,period_reference,Nmip_Day_169.txt,169,175
169,1,2,12,135.707952,0.0,not_flagged,cracz,period_reference,Nmip_Day_169.txt,169,175
169,1,2,13,136.598667,0.0,not_flagged,cracz,period_reference,Nmip_Day_169.txt,169,175
169,1,2,14,136.022521,0.0,not_flagged,cracz,period_reference,Nmip_Day_169.txt,169,175
169,1,2,15,134.615079,0.0,not_flagged,cracz,period_reference,Nmip_Day_169.txt,169,175
169,1,2,16,135.527406,0.0,not_flagged,cracz,period_reference,Nmip_Day_169.txt,169,175
169,1,2,17,135.937538,0.0,not_flagged,cracz,period_reference,Nmip_Day_169.txt,169,175
169,1,2,18,135.990996,0.0,not_flagged,cracz,period_reference,Nmip_Day_169.txt,169,175
169,1,2,19,135.084696,0.0,not_flagged,cracz,period_reference,Nmip_Day_169.txt,169,175
169,1,2,20,138.960474,0.0,not_flagged,cracz,period_reference,Nmip_Day_169.txt,169,175
169,1,2,21,136.501464,0.0,not_flagged,cracz,period_reference,Nmip_Day_169.txt,169,175
169,1,2,22,136.76393,0.0,not_flagged,cracz,period_reference,Nmip_Day_169.txt,169,175
169,1,2,23,135.958348,0.0,not_flagged,cracz,period_reference,Nmip_Day_169.txt,169,175
169,1,2,24,139.153375,0.0,not_flagged,cracz,period_reference,Nmip_Day_169.txt,169,175
169,1,2,25,134.985099,0.0,not_flagged,cracz,period_reference,Nmip_Day_169.txt,169,175
169,1,2,26,138.166099,0.0,not_flagged,cracz,period_reference,Nmip_Day_169.txt,169,175
169,1,2,27,136.559216,0.0,not_flagged,cracz,period_reference,Nmip_Day_169.txt,169,175
169,1,2,28,136.428041,0.0,not_flagged,cracz,period_reference,Nmip_Day_169.txt,169,175
169,1,2,29,138.055839,0.0,not_flagged,cracz,period_reference,Nmip_Day_169.txt,169,175
169,1,2,30,137.045081,0.0,not_flagged,cracz,period_reference,Nmip_Day_169.txt,169,175
169,1,2,31,137.841447,0.0,not_flagged,cracz,period_reference,Nmip_Day_169.txt,169,175
169,1,3,1,124.226559,0.0,not_flagged,cracz,period_reference,Nmip_Day_169.txt,169,175
169,1,3,2,135.449853,0.0,not_flagged,cracz,period_reference,Nmip_Day_169.txt,169,175
169,1,3,3,135.03489,0.0,not_flagged,cracz,period_reference,Nmip_Day_169.txt,169,175
169,1,3,4,134.949534,0.0,not_flagged,cracz,period_reference,Nmip_Day_169.txt,169,175
169,1,3,5,135.982276,0.0,not_flagged,cracz,period_reference,Nmip_Day_169.txt,169,175
169,1,3,6,138.816002,0.0,not_flagged,cracz,period_reference,Nmip_Day_169.txt,169,175
169,1,3,7,136.148133,0.0,not_flagged,cracz,period_reference,Nmip_Day_169.txt,169,175
169,1,3,8,137.614613,0.0,not_flagged,cracz,period_reference,Nmip_Day_169.txt,169,175
169,1,3,9,135.19529,0.0,not_flagged,cracz,period_reference,Nmip_Day_169.txt,169,175
169,1,3,10,136.765936,0.0,not_flagged,cracz,period_reference,Nmip_Day_169.txt,169,175
169,1,3,11,134.720023,0.0,not_flagged,cracz,period_reference,Nmip_Day_169.txt,169,175
169,1,3,12,138.78031,0.0,not_flagged,cracz,period_reference,Nmip_Day_169.txt,169,175
169,1,3,13,136.284546,0.0,not_flagged,cracz,period_reference,Nmip_Day_169.txt,169,175
169,1,3,14,137.194908,0.0,not_flagged,cracz,period_reference,Nmip_Day_169.txt,169,175
169,1,3,15,136.316251,0.0,not_flagged,cracz,period_reference,Nmip_Day_169.txt,169,175
169,1,3,16,136.661252,0.0,not_flagged,cracz,period_reference,Nmip_Day_169.txt,169,175
169,1,3,17,136.057101,0.0,not_flagged,cracz,period_reference,Nmip_Day_169.txt,169,175
169,1,3,18,137.574222,0.0,not_flagged,cracz,period_reference,Nmip_Day_169.txt,169,175
169,1,3,19,134.615014,0.0,not_flagged,cracz,period_reference,Nmip_Day_169.txt,169,175
169,1,3,20,137.580562,0.0,not_flagged,cracz,period_reference,Nmip_Day_169.txt,169,175
169,1,3,21,138.707923,0.0,not_flagged,cracz,period_reference,Nmip_Day_169.txt,169,175
169,1,3,22,137.341899,0.0,not_flagged,cracz,period_reference,Nmip_Day_169.txt,169,175
169,1,3,23,135.975377,0.0,not_flagged,cracz,period_reference,Nmip_Day_169.txt,169,175
169,1,3,24,134.605143,0.0,not_flagged,cracz,period_reference,Nmip_Day_169.txt,169,175
169,1,3,25,137.359612,0.0,not_flagged,cracz,period_reference,Nmip_Day_169.txt,169,175
169,1,3,26,138.952917,0.0,not_flagged,cracz,period_reference,Nmip_Day_169.txt,169,175
169,1,3,27,135.633215,0.0,not_flagged,cracz,period_reference,Nmip_Day_169.txt,169,175
169,1,3,28,137.292391,0.0,not_flagged,cracz,period_reference,Nmip_Day_169.txt,169,175
169,1,3,29,139.928171,0.0,not_flagged,cracz,period_reference,Nmip_Day_169.txt,169,175
169,1,3,30,137.888218,0.0,not_flagged,cracz,period_reference,Nmip_Day_169.txt,169,175
169,1,3,31,137.28583,0.0,not_flagged,cracz,period_reference,Nmip_Day_169.txt,169,175
169,1,4,1,136.657408,0.0,not_flagged,cracz,period_reference,Nmip_Day_169.txt,169,175
169,1,4,2,131.691231,0.0,not_flagged,cracz,period_reference,Nmip_Day_169.txt,169,175
169,1,4,3,137.186713,0.0,not_flagged,cracz,period_reference,Nmip_Day_169.txt,169,175
169,1,4,4,137.791083,0.0,not_flagged,cracz,period_reference,Nmip_Day_169.txt,169,175
169,1,4,5,138.211284,0.0,not_flagged,cracz,period_reference,Nmip_Day_169.txt,169,175
169,1,4,6,141.204129,0.0,not_flagged,cracz,period_reference,Nmip_Day_169.txt,169,175
169,1,4,7,141.426864,0.0,not_flagged,cracz,period_reference,Nmip_Day_169.txt,169,175
169,1,4,8,140.540862,0.0,not_flagged,cracz,period_reference,Nmip_Day_169.txt,169,175
169,1,4,9,142.271811,0.0,not_flagged,cracz,period_reference,Nmip_Day_169.txt,169,175
169,1,4,10,137.008053,0.0,not_flagged,cracz,period_reference,Nmip_Day_169.txt,169,175
169,1,4,11,137.630157,0.0,not_flagged,cracz,period_reference,Nmip_Day_169.txt,169,175
169,1,4,12,137.779011,0.0,not_flagged,cracz,period_reference,Nmip_Day_169.txt,169,175
169,1,4,13,137.249851,0.0,not_flagged,cracz,period_reference,Nmip_Day_169.txt,169,175
169,1,4,14,137.425861,0.0,not_flagged,cracz,period_reference,Nmip_Day_169.txt,169,175
169,1,4,15,137.483103,0.0,not_flagged,cracz,period_reference,Nmip_Day_169.txt,169,175
169,1,4,16,141.793078,0.0,not_flagged,cracz,period_reference,Nmip_Day_169.txt,169,175
169,1,4,17,143.00555,0.0,not_flagged,cracz,period_reference,Nmip_Day_169.txt,169,175
169,1,4,18,141.397197,0.0,not_flagged,cracz,period_reference,Nmip_Day_169.txt,169,175
169,1,4,19,141.41163,0.0,not_flagged,cracz,period_reference,Nmip_Day_169.txt,169,175
169,1,4,20,142.390725,0.0,not_flagged,cracz,period_reference,Nmip_Day_169.txt,169,175
169,1,4,21,144.306087,0.0,not_flagged,cracz,period_reference,Nmip_Day_169.txt,169,175
169,1,4,22,140.662342,0.0,not_flagged,cracz,period_reference,Nmip_Day_169.txt,169,175
169,1,4,23,143.79462,0.0,not_flagged,cracz,period_reference,Nmip_Day_169.txt,169,175
169,1,4,24,139.713287,0.0,not_flagged,cracz,period_reference,Nmip_Day_169.txt,169,175
169,1,4,25,139.649056,0.0,not_flagged,cracz,period_reference,Nmip_Day_169.txt,169,175
169,1,4,26,140.518829,0.0,not_flagged,cracz,period_reference,Nmip_Day_169.txt,169,175
169,1,4,27,140.048303,0.0,not_flagged,cracz,period_reference,Nmip_Day_169.txt,169,175
169,1,4,28,140.308788,0.0,not_flagged,cracz,period_reference,Nmip_Day_169.txt,169,175
169,1,4,29,144.584584,0.0,not_flagged,cracz,period_reference,Nmip_Day_169.txt,169,175
169,1,4,30,140.247668,0.0,not_flagged,cracz,period_reference,Nmip_Day_169.txt,169,175
169,1,4,31,139.51199,0.0,not_flagged,cracz,period_reference,Nmip_Day_169.txt,169,175
169,1,5,1,134.350196,0.0,not_flagged,cracz,period_reference,Nmip_Day_169.txt,169,175
169,1,5,2,128.892401,0.0,not_flagged,cracz,period_reference,Nmip_Day_169.txt,169,175
169,1,5,3,129.196813,0.0,not_flagged,cracz,period_reference,Nmip_Day_169.txt,169,175
169,1,5,4,133.736708,0.0,not_flagged,cracz,period_reference,Nmip_Day_169.txt,169,175
169,1,5,5,133.853163,0.0,not_flagged,cracz,period_reference,Nmip_Day_169.txt,169,175
169,1,5,6,132.946036,0.0,not_flagged,cracz,period_reference,Nmip_Day_169.txt,169,175
169,1,5,7,132.753695,0.0,not_flagged,cracz,period_reference,Nmip_Day_169.txt,169,175
169,1,5,8,134.007649,0.0,not_flagged,cracz,period_reference,Nmip_Day_169.txt,169,175
169,1,5,9,135.80131,0.0,not_flagged,cracz,period_reference,Nmip_Day_169.txt,169,175
169,1,5,10,132.528819,0.0,not_flagged,cracz,period_reference,Nmip_Day_169.txt,169,175
169,1,5,11,138.016185,0.0,not_flagged,cracz,period_reference,Nmip_Day_169.txt,169,175
169,1,5,12,135.518042,0.0,not_flagged,cracz,period_reference,Nmip_Day_169.txt,169,175
169,1,5,13,135.362532,0.0,not_flagged,cracz,period_reference,Nmip_Day_169.txt,169,175
169,1,5,14,137.844033,0.0,not_flagged,cracz,period_reference,Nmip_Day_169.txt,169,175
169,1,5,15,134.850865,0.0,not_flagged,cracz,period_reference,Nmip_Day_169.txt,169,175
169,1,5,16,138.3777,0.0,not_flagged,cracz,period_reference,Nmip_Day_169.txt,169,175
169,1,5,17,136.805944,0.0,not_flagged,cracz,period_reference,Nmip_Day_169.txt,169,175
169,1,5,18,137.860945,0.0,not_flagged,cracz,period_reference,Nmip_Day_169.txt,169,175
169,1,5,19,139.647474,0.0,not_flagged,cracz,period_reference,Nmip_Day_169.txt,169,175
169,1,5,20,138.166511,0.0,not_flagged,cracz,period_reference,Nmip_Day_169.txt,169,175
169,1,5,21,137.847286,0.0,not_flagged,cracz,period_reference,Nmip_Day_169.txt,169,175
169,1,5,22,139.967374,0.0,not_flagged,cracz,period_reference,Nmip_Day_169.txt,169,175
169,1,5,23,134.600703,0.0,not_flagged,cracz,period_reference,Nmip_Day_169.txt,169,175
169,1,5,24,137.789944,0.0,not_flagged,cracz,period_reference,Nmip_Day_169.txt,169,175
169,1,5,25,139.550491,0.0,not_flagged,cracz,period_reference,Nmip_Day_169.txt,169,175
169,1,5,26,138.191753,0.0,not_flagged,cracz,period_reference,Nmip_Day_169.txt,169,175
169,1,5,27,138.25761,0.0,not_flagged,cracz,period_reference,Nmip_Day_169.txt,169,175
169,1,5,28,138.941782,0.0,not_flagged,cracz,period_reference,Nmip_Day_169.txt,169,175
169,1,5,29,137.265816,0.0,not_flagged,cracz,period_reference,Nmip_Day_169.txt,169,175
169,1,5,30,138.161712,0.0,not_flagged,cracz,period_reference,Nmip_Day_169.txt,169,175
169,1,5,31,136.763433,0.0,not_flagged,cracz,period_reference,Nmip_Day_169.txt,169,175
169,1,6,1,97.22846,0.0,not_flagged,cracz,period_reference,Nmip_Day_169.txt,169,175
169,1,6,2,134.893745,0.0,not_flagged,cracz,period_reference,Nmip_Day_169.txt,169,175
169,1,6,3,137.173688,0.0,not_flagged,cracz,period_reference,Nmip_Day_169.txt,169,175
169,1,6,4,138.610418,0.0,not_flagged,cracz,period_reference,Nmip_Day_169.txt,169,175
169,1,6,5,136.334515,0.0,not_flagged,cracz,period_reference,Nmip_Day_169.txt,169,175
169,1,6,6,135.067735,0.0,not_flagged,cracz,period_reference,Nmip_Day_169.txt,169,175
169,1,6,7,136.622834,0.0,not_flagged,cracz,period_reference,Nmip_Day_169.txt,169,175
169,1,6,8,134.320532,0.0,not_flagged,cracz,period_reference,Nmip_Day_169.txt,169,175
169,1,6,9,134.814651,0.0,not_flagged,cracz,period_reference,Nmip_Day_169.txt,169,175
169,1,6,10,136.137099,0.0,not_flagged,cracz,period_reference,Nmip_Day_169.txt,169,175
169,1,6,11,139.163748,0.0,not_flagged,cracz,period_reference,Nmip_Day_169.txt,169,175
169,1,6,12,138.287475,0.0,not_flagged,cracz,period_reference,Nmip_Day_169.txt,169,175
169,1,6,13,137.923725,0.0,not_flagged,cracz,period_reference,Nmip_Day_169.txt,169,175
169,1,6,14,137.808686,0.0,not_flagged,cracz,period_reference,Nmip_Day_169.txt,169,175
169,1,6,15,137.062653,0.0,not_flagged,cracz,period_reference,Nmip_Day_169.txt,169,175
169,1,6,16,133.94568,0.0,not_flagged,cracz,period_reference,Nmip_Day_169.txt,169,175
169,1,6,17,134.855502,0.0,not_flagged,cracz,period_reference,Nmip_Day_169.txt,169,175
169,1,6,18,136.617234,0.0,not_flagged,cracz,period_reference,Nmip_Day_169.txt,169,175
169,1,6,19,139.15064,0.0,not_flagged,cracz,period_reference,Nmip_Day_169.txt,169,175
169,1,6,20,138.872229,0.0,not_flagged,cracz,period_reference,Nmip_Day_169.txt,169,175
169,1,6,21,140.137738,0.0,not_flagged,cracz,period_reference,Nmip_Day_169.txt,169,175
169,1,6,22,139.39523,0.0,not_flagged,cracz,period_reference,Nmip_Day_169.txt,169,175
169,1,6,23,136.51147,0.0,not_flagged,cracz,period_reference,Nmip_Day_169.txt,169,175
169,1,6,24,139.395431,0.0,not_flagged,cracz,period_reference,Nmip_Day_169.txt,169,175
169,1,6,25,137.885193,0.0,not_flagged,cracz,period_reference,Nmip_Day_169.txt,169,175
169,1,6,26,138.242013,0.0,not_flagged,cracz,period_reference,Nmip_Day_169.txt,169,175
169,1,6,27,138.62712,0.0,not_flagged,cracz,period_reference,Nmip_Day_169.txt,169,175
169,1,6,28,138.067438,0.0,not_flagged,cracz,period_reference,Nmip_Day_169.txt,169,175
169,1,6,29,137.095445,0.0,not_flagged,cracz,period_reference,Nmip_Day_169.txt,169,175
169,1,6,30,138.524195,0.0,not_flagged,cracz,period_reference,Nmip_Day_169.txt,169,175
169,1,6,31,137.581621,0.0,not_flagged,cracz,period_reference,Nmip_Day_169.txt,169,175
169,1,7,1,134.576428,0.0,not_flagged,cracz,period_reference,Nmip_Day_169.txt,169,175
169,1,7,2,135.07868,0.0,not_flagged,cracz,period_reference,Nmip_Day_169.txt,169,175
169,1,7,3,134.768177,0.0,not_flagged,cracz,period_reference,Nmip_Day_169.txt,169,175
169,1,7,4,134.920658,0.0,not_flagged,cracz,period_reference,Nmip_Day_169.txt,169,175
169,1,7,5,136.798212,0.0,not_flagged,cracz,period_reference,Nmip_Day_169.txt,169,175
169,1,7,6,132.399046,0.0,not_flagged,cracz,period_reference,Nmip_Day_169.txt,169,175
169,1,7,7,131.655909,0.0,not_flagged,cracz,period_reference,Nmip_Day_169.txt,169,175
169,1,7,8,132.505601,0.0,not_flagged,cracz,period_reference,Nmip_Day_169.txt,169,175
169,1,7,9,132.079769,0.0,not_flagged,cracz,period_reference,Nmip_Day_169.txt,169,175
169,1,7,10,137.692975,0.0,not_flagged,cracz,period_reference,Nmip_Day_169.txt,169,175
169,1,7,11,138.188367,0.0,not_flagged,cracz,period_reference,Nmip_Day_169.txt,169,175
169,1,7,12,138.452445,0.0,not_flagged,cracz,period_reference,Nmip_Day_169.txt,169,175
169,1,7,13,138.518181,0.0,not_flagged,cracz,period_reference,Nmip_Day_169.txt,169,175
169,1,7,14,134.304359,0.0,not_flagged,cracz,period_reference,Nmip_Day_169.txt,169,175
169,1,7,15,137.574516,0.0,not_flagged,cracz,period_reference,Nmip_Day_169.txt,169,175
169,1,7,16,135.005553,0.0,not_flagged,cracz,period_reference,Nmip_Day_169.txt,169,175
169,1,7,17,138.056991,0.0,not_flagged,cracz,period_reference,Nmip_Day_169.txt,169,175
169,1,7,18,133.340486,0.0,not_flagged,cracz,period_reference,Nmip_Day_169.txt,169,175
169,1,7,19,138.886601,0.0,not_flagged,cracz,period_reference,Nmip_Day_169.txt,169,175
169,1,7,20,137.842622,0.0,not_flagged,cracz,period_reference,Nmip_Day_169.txt,169,175
169,1,7,21,136.987855,0.0,not_flagged,cracz,period_reference,Nmip_Day_169.txt,169,175
169,1,7,22,137.238847,0.0,not_flagged,cracz,period_reference,Nmip_Day_169.txt,169,175
169,1,7,23,137.85429,0.0,not_flagged,cracz,period_reference,Nmip_Day_169.txt,169,175
169,1,7,24,138.903882,0.0,not_flagged,cracz,period_reference,Nmip_Day_169.txt,169,175
169,1,7,25,139.440656,0.0,not_flagged,cracz,period_reference,Nmip_Day_169.txt,169,175
169,1,7,26,136.48454,0.0,not_flagged,cracz,period_reference,Nmip_Day_169.txt,169,175
169,1,7,27,137.377431,0.0,not_flagged,cracz,period_reference,Nmip_Day_169.txt,169,175
169,1,7,28,136.2422,0.0,not_flagged,cracz,period_reference,Nmip_Day_169.txt,169,175
169,1,7,29,137.307604,0.0,not_flagged,cracz,period_reference,Nmip_Day_169.txt,169,175
169,1,7,30,137.171613,0.0,not_flagged,cracz,period_reference,Nmip_Day_169.txt,169,175
169,1,7,31,138.582896,0.0,not_flagged,cracz,period_reference,Nmip_Day_169.txt,169,175
169,1,8,1,136.742674,0.0,not_flagged,cracz,period_reference,Nmip_Day_169.txt,169,175
169,1,8,2,134.60375,0.0,not_flagged,cracz,period_reference,Nmip_Day_169.txt,169,175
169,1,8,3,124.422131,0.0,not_flagged,cracz,period_reference,Nmip_Day_169.txt,169,175
169,1,8,4,131.163485,0.0,not_flagged,cracz,period_reference,Nmip_Day_169.txt,169,175
169,1,8,5,133.228982,0.0,not_flagged,cracz,period_reference,Nmip_Day_169.txt,169,175
169,1,8,6,132.188377,0.0,not_flagged,cracz,period_reference,Nmip_Day_169.txt,169,175
169,1,8,7,132.675673,0.0,not_flagged,cracz,period_reference,Nmip_Day_169.txt,169,175
169,1,8,8,132.003684,0.0,not_flagged,cracz,period_reference,Nmip_Day_169.txt,169,175
169,1,8,9,133.543305,0.0,not_flagged,cracz,period_reference,Nmip_Day_169.txt,169,175
169,1,8,10,136.445621,0.0,not_flagged,cracz,period_reference,Nmip_Day_169.txt,169,175
169,1,8,11,138.71636,0.0,not_flagged,cracz,period_reference,Nmip_Day_169.txt,169,175
169,1,8,12,136.002097,0.0,not_flagged,cracz,period_reference,Nmip_Day_169.txt,169,175
169,1,8,13,137.769774,0.0,not_flagged,cracz,period_reference,Nmip_Day_169.txt,169,175
169,1,8,14,136.166364,0.0,not_flagged,cracz,period_reference,Nmip_Day_169.txt,169,175
169,1,8,15,137.899327,0.0,not_flagged,cracz,period_reference,Nmip_Day_169.txt,169,175
169,1,8,16,137.686259,0.0,not_flagged,cracz,period_reference,Nmip_Day_169.txt,169,175
169,1,8,17,139.530226,0.0,not_flagged,cracz,period_reference,Nmip_Day_169.txt,169,175
169,1,8,18,137.742115,0.0,not_flagged,cracz,period_reference,Nmip_Day_169.txt,169,175
169,1,8,19,135.985404,0.0,not_flagged,cracz,period_reference,Nmip_Day_169.txt,169,175
169,1,8,20,138.365993,0.0,not_flagged,cracz,period_reference,Nmip_Day_169.txt,169,175
169,1,8,21,137.33562,0.0,not_flagged,cracz,period_reference,Nmip_Day_169.txt,169,175
169,1,8,22,138.466246,0.0,not_flagged,cracz,period_reference,Nmip_Day_169.txt,169,175
169,1,8,23,139.715093,0.0,not_flagged,cracz,period_reference,Nmip_Day_169.txt,169,175
169,1,8,24,133.789138,0.0,not_flagged,cracz,period_reference,Nmip_Day_169.txt,169,175
169,1,8,25,130.91628,0.0,not_flagged,cracz,period_reference,Nmip_Day_169.txt,169,175
169,1,8,26,137.367697,0.0,not_flagged,cracz,period_reference,Nmip_Day_169.txt,169,175
169,1,8,27,138.393872,0.0,not_flagged,cracz,period_reference,Nmip_Day_169.txt,169,175
169,1,8,28,139.128043,0.0,not_flagged,cracz,period_reference,Nmip_Day_169.txt,169,175
169,1,8,29,137.890485,0.0,not_flagged,cracz,period_reference,Nmip_Day_169.txt,169,175
169,1,8,30,135.870727,0.0,not_flagged,cracz,period_reference,Nmip_Day_169.txt,169,175
169,1,8,31,135.609166,0.0,not_flagged,cracz,period_reference,Nmip_Day_169.txt,169,175
169,1,9,1,133.565247,0.0,not_flagged,cracz,period_reference,Nmip_Day_169.txt,169,175
169,1,9,2,132.665276,0.0,not_flagged,cracz,period_reference,Nmip_Day_169.txt,169,175
169,1,9,3,134.290963,0.0,not_flagged,cracz,period_reference,Nmip_Day_169.txt,169,175
169,1,9,4,133.831507,0.0,not_flagged,cracz,period_reference,Nmip_Day_169.txt,169,175
169,1,9,5,131.660411,0.0,not_flagged,cracz,period_reference,Nmip_Day_169.txt,169,175
169,1,9,6,130.753502,0.0,not_flagged,cracz,period_reference,Nmip_Day_169.txt,169,175
169,1,9,7,131.4037,0.0,not_flagged,cracz,period_reference,Nmip_Day_169.txt,169,175
169,1,9,8,132.100146,0.0,not_flagged,cracz,period_reference,Nmip_Day_169.txt,169,175
169,1,9,9,132.126403,0.0,not_flagged,cracz,period_reference,Nmip_Day_169.txt,169,175
169,1,9,10,136.514158,0.0,not_flagged,cracz,period_reference,Nmip_Day_169.txt,169,175
169,1,9,11,135.219822,0.0,not_flagged,cracz,period_reference,Nmip_Day_169.txt,169,175
169,1,9,12,134.557641,0.0,not_flagged,cracz,period_reference,Nmip_Day_169.txt,169,175
169,1,9,13,133.935792,0.0,not_flagged,cracz,period_reference,Nmip_Day_169.txt,169,175
169,1,9,14,136.871643,0.0,not_flagged,cracz,period_reference,Nmip_Day_169.txt,169,175
169,1,9,15,135.064376,0.0,not_flagged,cracz,period_reference,Nmip_Day_169.txt,169,175
169,1,9,16,138.538592,0.0,not_flagged,cracz,period_reference,Nmip_Day_169.txt,169,175
169,1,9,17,134.432519,0.0,not_flagged,cracz,period_reference,Nmip_Day_169.txt,169,175
169,1,9,18,136.195547,0.0,not_flagged,cracz,period_reference,Nmip_Day_169.txt,169,175
169,1,9,19,134.760815,0.0,not_flagged,cracz,period_reference,Nmip_Day_169.txt,169,175
169,1,9,20,134.180948,0.0,not_flagged,cracz,period_reference,Nmip_Day_169.txt,169,175
169,1,9,21,133.08062,0.0,not_flagged,cracz,period_reference,Nmip_Day_169.txt,169,175
169,1,9,22,135.981414,0.0,not_flagged,cracz,period_reference,Nmip_Day_169.txt,169,175
169,1,9,23,132.552071,0.0,not_flagged,cracz,period_reference,Nmip_Day_169.txt,169,175
169,1,9,24,130.857337,0.0,not_flagged,cracz,period_reference,Nmip_Day_169.txt,169,175
169,1,9,25,133.584923,0.0,not_flagged,cracz,period_reference,Nmip_Day_169.txt,169,175
169,1,9,26,138.224619,0.0,not_flagged,cracz,period_reference,Nmip_Day_169.txt,169,175
169,1,9,27,138.289154,0.0,not_flagged,cracz,period_reference,Nmip_Day_169.txt,169,175
169,1,9,28,140.231699,0.0,not_flagged,cracz,period_reference,Nmip_Day_169.txt,169,175
169,1,9,29,137.205029,0.0,not_flagged,cracz,period_reference,Nmip_Day_169.txt,169,175
169,1,9,30,138.453854,0.0,not_flagged,cracz,period_reference,Nmip_Day_169.txt,169,175
169,1,9,31,137.069596,0.0,not_flagged,cracz,period_reference,Nmip_Day_169.txt,169,175
169,1,10,1,136.838611,0.0,not_flagged,cracz,period_reference,Nmip_Day_169.txt,169,175
169,1,10,2,135.211184,0.0,not_flagged,cracz,period_reference,Nmip_Day_169.txt,169,175
169,1,10,3,133.560683,0.0,not_flagged,cracz,period_reference,Nmip_Day_169.txt,169,175
169,1,10,4,134.88033,0.0,not_flagged,cracz,period_reference,Nmip_Day_169.txt,169,175
169,1,10,5,134.912464,0.0,not_flagged,cracz,period_reference,Nmip_Day_169.txt,169,175
169,1,10,6,133.894869,0.0,not_flagged,cracz,period_reference,Nmip_Day_169.txt,169,175
169,1,10,7,133.430031,0.0,not_flagged,cracz,period_reference,Nmip_Day_169.txt,169,175
169,1,10,8,132.868532,0.0,not_flagged,cracz,period_reference,Nmip_Day_169.txt,169,175
169,1,10,9,131.538104,0.0,not_flagged,cracz,period_reference,Nmip_Day_169.txt,169,175
169,1,10,10,139.253173,0.0,not_flagged,cracz,period_reference,Nmip_Day_169.txt,169,175
169,1,10,11,135.635438,0.0,not_flagged,cracz,period_reference,Nmip_Day_169.txt,169,175
169,1,10,12,137.505416,0.0,not_flagged,cracz,period_reference,Nmip_Day_169.txt,169,175
169,1,10,13,130.716344,0.0,not_flagged,cracz,period_reference,Nmip_Day_169.txt,169,175
169,1,10,14,136.629302,0.0,not_flagged,cracz,period_reference,Nmip_Day_169.txt,169,175
169,1,10,15,136.710119,0.0,not_flagged,cracz,period_reference,Nmip_Day_169.txt,169,175
169,1,10,16,136.545333,0.0,not_flagged,cracz,period_reference,Nmip_Day_169.txt,169,175
169,1,10,17,136.659381,0.0,not_flagged,cracz,period_reference,Nmip_Day_169.txt,169,175
169,1,10,18,136.77533,0.0,not_flagged,cracz,period_reference,Nmip_Day_169.txt,169,175
169,1,10,19,135.336254,0.0,not_flagged,cracz,period_reference,Nmip_Day_169.txt,169,175
169,1,10,20,137.329507,0.0,not_flagged,cracz,period_reference,Nmip_Day_169.txt,169,175
169,1,10,21,135.24606,0.0,not_flagged,cracz,period_reference,Nmip_Day_169.txt,169,175
169,1,10,22,136.130683,0.0,not_flagged,cracz,period_reference,Nmip_Day_169.txt,169,175
169,1,10,23,137.454799,0.0,not_flagged,cracz,period_reference,Nmip_Day_169.txt,169,175
169,1,10,24,138.54413,0.0,not_flagged,cracz,period_reference,Nmip_Day_169.txt,169,175
169,1,10,25,139.284246,0.0,not_flagged,cracz,period_reference,Nmip_Day_169.txt,169,175
169,1,10,26,132.921514,0.0,not_flagged,cracz,period_reference,Nmip_Day_169.txt,169,175
169,1,10,27,141.530197,0.0,not_flagged,cracz,period_reference,Nmip_Day_169.txt,169,175
169,1,10,28,138.243633,0.0,not_flagged,cracz,period_reference,Nmip_Day_169.txt,169,175
169,1,10,29,137.27959,0.0,not_flagged,cracz,period_reference,Nmip_Day_169.txt,169,175
169,1,10,30,137.639012,0.0,not_flagged,cracz,period_reference,Nmip_Day_169.txt,169,175
169,1,10,31,137.770561,0.0,not_flagged,cracz,period_reference,Nmip_Day_169.txt,169,175
169,1,11,1,135.425023,0.0,not_flagged,cracz,period_reference,Nmip_Day_169.txt,169,175
169,1,11,2,135.602684,0.0,not_flagged,cracz,period_reference,Nmip_Day_169.txt,169,175
169,1,11,3,132.767506,0.0,not_flagged,cracz,period_reference,Nmip_Day_169.txt,169,175
169,1,11,4,134.365165,0.0,not_flagged,cracz,period_reference,Nmip_Day_169.txt,169,175
169,1,11,5,136.123534,0.0,not_flagged,cracz,period_reference,Nmip_Day_169.txt,169,175
169,1,11,6,132.201784,0.0,not_flagged,cracz,period_reference,Nmip_Day_169.txt,169,175
169,1,11,7,131.329254,0.0,not_flagged,cracz,period_reference,Nmip_Day_169.txt,169,175
169,1,11,8,133.356964,0.0,not_flagged,cracz,period_reference,Nmip_Day_169.txt,169,175
169,1,11,9,132.284921,0.0,not_flagged,cracz,period_reference,Nmip_Day_169.txt,169,175
169,1,11,10,137.812204,0.0,not_flagged,cracz,period_reference,Nmip_Day_169.txt,169,175
169,1,11,11,136.540579,0.0,not_flagged,cracz,period_reference,Nmip_Day_169.txt,169,175
169,1,11,12,136.636796,0.0,not_flagged,cracz,period_reference,Nmip_Day_169.txt,169,175
169,1,11,13,137.267866,0.0,not_flagged,cracz,period_reference,Nmip_Day_169.txt,169,175
169,1,11,14,137.846733,0.0,not_flagged,cracz,period_reference,Nmip_Day_169.txt,169,175
169,1,11,15,138.620876,0.0,not_flagged,cracz,period_reference,Nmip_Day_169.txt,169,175
169,1,11,16,139.09793,0.0,not_flagged,cracz,period_reference,Nmip_Day_169.txt,169,175
169,1,11,17,139.906256,0.0,not_flagged,cracz,period_reference,Nmip_Day_169.txt,169,175
169,1,11,18,139.530798,0.0,not_flagged,cracz,period_reference,Nmip_Day_169.txt,169,175
169,1,11,19,138.451,0.0,not_flagged,cracz,period_reference,Nmip_Day_169.txt,169,175
169,1,11,20,139.355155,0.0,not_flagged,cracz,period_reference,Nmip_Day_169.txt,169,175
169,1,11,21,138.763811,0.0,not_flagged,cracz,period_reference,Nmip_Day_169.txt,169,175
169,1,11,22,140.76639,0.0,not_flagged,cracz,period_reference,Nmip_Day_169.txt,169,175
169,1,11,23,140.246818,0.0,not_flagged,cracz,period_reference,Nmip_Day_169.txt,169,175
169,1,11,24,139.624032,0.0,not_flagged,cracz,period_reference,Nmip_Day_169.txt,169,175
169,1,11,25,135.729103,0.0,not_flagged,cracz,period_reference,Nmip_Day_169.txt,169,175
169,1,11,26,139.199432,0.0,not_flagged,cracz,period_reference,Nmip_Day_169.txt,169,175
169,1,11,27,137.916562,0.0,not_flagged,cracz,period_reference,Nmip_Day_169.txt,169,175
169,1,11,28,139.35082,0.0,not_flagged,cracz,period_reference,Nmip_Day_169.txt,169,175
169,1,11,29,136.297368,0.0,not_flagged,cracz,period_reference,Nmip_Day_169.txt,169,175
169,1,11,30,138.391811,0.0,not_flagged,cracz,period_reference,Nmip_Day_169.txt,169,175
169,1,11,31,137.127294,0.0,not_flagged,cracz,period_reference,Nmip_Day_169.txt,169,175
169,1,12,1,130.291271,0.0,not_flagged,cracz,period_reference,Nmip_Day_169.txt,169,175
169,1,12,2,131.270424,0.0,not_flagged,cracz,period_reference,Nmip_Day_169.txt,169,175
169,1,12,3,131.419985,0.0,not_flagged,cracz,period_reference,Nmip_Day_169.txt,169,175
169,1,12,4,133.70691,0.0,not_flagged,cracz,period_reference,Nmip_Day_169.txt,169,175
169,1,12,5,128.840847,0.0,not_flagged,cracz,period_reference,Nmip_Day_169.txt,169,175
169,1,12,6,134.640788,0.0,not_flagged,cracz,period_reference,Nmip_Day_169.txt,169,175
169,1,12,7,132.812316,0.0,not_flagged,cracz,period_reference,Nmip_Day_169.txt,169,175
169,1,12,8,134.102733,0.0,not_flagged,cracz,period_reference,Nmip_Day_169.txt,169,175
169,1,12,9,132.938391,0.0,not_flagged,cracz,period_reference,Nmip_Day_169.txt,169,175
169,1,12,10,135.786126,0.0,not_flagged,cracz,period_reference,Nmip_Day_169.txt,169,175
169,1,12,11,132.778409,0.0,not_flagged,cracz,period_reference,Nmip_Day_169.txt,169,175
169,1,12,12,136.848028,0.0,not_flagged,cracz,period_reference,Nmip_Day_169.txt,169,175
169,1,12,13,131.992722,0.0,not_flagged,cracz,period_reference,Nmip_Day_169.txt,169,175
169,1,12,14,135.785525,0.0,not_flagged,cracz,period_reference,Nmip_Day_169.txt,169,175
169,1,12,15,137.85362,0.0,not_flagged,cracz,period_reference,Nmip_Day_169.txt,169,175
169,1,12,16,136.040909,0.0,not_flagged,cracz,period_reference,Nmip_Day_169.txt,169,175
169,1,12,17,136.149456,0.0,not_flagged,cracz,period_reference,Nmip_Day_169.txt,169,175
169,1,12,18,137.237129,0.0,not_flagged,cracz,period_reference,Nmip_Day_169.txt,169,175
169,1,12,19,137.545975,0.0,not_flagged,cracz,period_reference,Nmip_Day_169.txt,169,175
169,1,12,20,137.17854,0.0,not_flagged,cracz,period_reference,Nmip_Day_169.txt,169,175
169,1,12,21,137.487181,0.0,not_flagged,cracz,period_reference,Nmip_Day_169.txt,169,175
169,1,12,22,137.674762,0.0,not_flagged,cracz,period_reference,Nmip_Day_169.txt,169,175
169,1,12,23,133.695747,0.0,not_flagged,cracz,period_reference,Nmip_Day_169.txt,169,175
169,1,12,24,135.784221,0.0,not_flagged,cracz,period_reference,Nmip_Day_169.txt,169,175
169,1,12,25,137.155367,0.0,not_flagged,cracz,period_reference,Nmip_Day_169.txt,169,175
169,1,12,26,136.299299,0.0,not_flagged,cracz,period_reference,Nmip_Day_169.txt,169,175
169,1,12,27,136.949068,0.0,not_flagged,cracz,period_reference,Nmip_Day_169.txt,169,175
169,1,12,28,137.689368,0.0,not_flagged,cracz,period_reference,Nmip_Day_169.txt,169,175
169,1,12,29,135.554054,0.0,not_flagged,cracz,period_reference,Nmip_Day_169.txt,169,175
169,1,12,30,137.084059,0.0,not_flagged,cracz,period_reference,Nmip_Day_169.txt,169,175
169,1,12,31,134.497789,0.0,not_flagged,cracz,period_reference,Nmip_Day_169.txt,169,175
183,0,1,1,112.814122,0.0,not_flagged,eloyd,period_reference,Nmip_Day_183.txt,183,186
183,0,1,2,123.779955,0.0,not_flagged,eloyd,period_reference,Nmip_Day_183.txt,183,186
183,0,1,3,113.997937,0.0,not_flagged,eloyd,period_reference,Nmip_Day_183.txt,183,186
183,0,1,4,131.087716,0.0,not_flagged,eloyd,period_reference,Nmip_Day_183.txt,183,186
183,0,1,5,121.621048,0.0,not_flagged,eloyd,period_reference,Nmip_Day_183.txt,183,186
183,0,1,6,128.191617,0.0,not_flagged,eloyd,period_reference,Nmip_Day_183.txt,183,186
183,0,1,7,120.757749,0.0,not_flagged,eloyd,period_reference,Nmip_Day_183.txt,183,186
183,0,1,8,128.398935,0.0,not_flagged,eloyd,period_reference,Nmip_Day_183.txt,183,186
183,0,1,9,125.715397,0.0,not_flagged,eloyd,period_reference,Nmip_Day_183.txt,183,186
183,0,1,10,136.029569,0.0,not_flagged,eloyd,period_reference,Nmip_Day_183.txt,183,186
183,0,1,11,136.310881,0.0,not_flagged,eloyd,period_reference,Nmip_Day_183.txt,183,186
183,0,1,12,138.026279,0.0,not_flagged,eloyd,period_reference,Nmip_Day_183.txt,183,186
183,0,1,13,136.662313,0.0,not_flagged,eloyd,period_reference,Nmip_Day_183.txt,183,186
183,0,1,14,137.01174,0.0,not_flagged,eloyd,period_reference,Nmip_Day_183.txt,183,186
183,0,1,15,137.304131,0.0,not_flagged,eloyd,period_reference,Nmip_Day_183.txt,183,186
183,0,1,16,135.856623,0.0,not_flagged,eloyd,period_reference,Nmip_Day_183.txt,183,186
183,0,1,17,134.654256,0.0,not_flagged,eloyd,period_reference,Nmip_Day_183.txt,183,186
183,0,1,18,136.444909,0.0,not_flagged,eloyd,period_reference,Nmip_Day_183.txt,183,186
183,0,1,19,133.064562,0.0,not_flagged,eloyd,period_reference,Nmip_Day_183.txt,183,186
183,0,1,20,135.728648,0.0,not_flagged,eloyd,period_reference,Nmip_Day_183.txt,183,186
183,0,1,21,134.608364,0.0,not_flagged,eloyd,period_reference,Nmip_Day_183.txt,183,186
183,0,1,22,135.477145,0.0,not_flagged,eloyd,period_reference,Nmip_Day_183.txt,183,186
183,0,1,23,135.441391,0.0,not_flagged,eloyd,period_reference,Nmip_Day_183.txt,183,186
183,0,1,24,134.329754,0.0,not_flagged,eloyd,period_reference,Nmip_Day_183.txt,183,186
183,0,1,25,134.572357,0.0,not_flagged,eloyd,period_reference,Nmip_Day_183.txt,183,186
183,0,1,26,135.757043,0.0,not_flagged,eloyd,period_reference,Nmip_Day_183.txt,183,186
183,0,1,27,135.823475,0.0,not_flagged,eloyd,period_reference,Nmip_Day_183.txt,183,186
183,0,1,28,135.237814,0.0,not_flagged,eloyd,period_reference,Nmip_Day_183.txt,183,186
183,0,1,29,135.344771,0.0,not_flagged,eloyd,period_reference,Nmip_Day_183.txt,183,186
183,0,1,30,133.872833,0.0,not_flagged,eloyd,period_reference,Nmip_Day_183.txt,183,186
183,0,1,31,135.795952,0.0,not_flagged,eloyd,period_reference,Nmip_Day_183.txt,183,186
183,0,2,1,137.357879,0.0,not_flagged,eloyd,period_reference,Nmip_Day_183.txt,183,186
183,0,2,2,134.308009,0.0,not_flagged,eloyd,period_reference,Nmip_Day_183.txt,183,186
183,0,2,3,134.815184,0.0,not_flagged,eloyd,period_reference,Nmip_Day_183.txt,183,186
183,0,2,4,133.33791,0.0,not_flagged,eloyd,period_reference,Nmip_Day_183.txt,183,186
183,0,2,5,134.462507,0.0,not_flagged,eloyd,period_reference,Nmip_Day_183.txt,183,186
183,0,2,6,132.765659,0.0,not_flagged,eloyd,period_reference,Nmip_Day_183.txt,183,186
183,0,2,7,132.431285,0.0,not_flagged,eloyd,period_reference,Nmip_Day_183.txt,183,186
183,0,2,8,132.177541,0.0,not_flagged,eloyd,period_reference,Nmip_Day_183.txt,183,186
183,0,2,9,132.467257,0.0,not_flagged,eloyd,period_reference,Nmip_Day_183.txt,183,186
183,0,2,10,138.752734,0.0,not_flagged,eloyd,period_reference,Nmip_Day_183.txt,183,186
183,0,2,11,139.503967,0.0,not_flagged,eloyd,period_reference,Nmip_Day_183.txt,183,186
183,0,2,12,139.033674,0.0,not_flagged,eloyd,period_reference,Nmip_Day_183.txt,183,186
183,0,2,13,139.756008,0.0,not_flagged,eloyd,period_reference,Nmip_Day_183.txt,183,186
183,0,2,14,139.68238,0.0,not_flagged,eloyd,period_reference,Nmip_Day_183.txt,183,186
183,0,2,15,139.58326,0.0,not_flagged,eloyd,period_reference,Nmip_Day_183.txt,183,186
183,0,2,16,137.365788,0.0,not_flagged,eloyd,period_reference,Nmip_Day_183.txt,183,186
183,0,2,17,138.58131,0.0,not_flagged,eloyd,period_reference,Nmip_Day_183.txt,183,186
183,0,2,18,136.836883,0.0,not_flagged,eloyd,period_reference,Nmip_Day_183.txt,183,186
183,0,2,19,136.669136,0.0,not_flagged,eloyd,period_reference,Nmip_Day_183.txt,183,186
183,0,2,20,138.834915,0.0,not_flagged,eloyd,period_reference,Nmip_Day_183.txt,183,186
183,0,2,21,136.383779,0.0,not_flagged,eloyd,period_reference,Nmip_Day_183.txt,183,186
183,0,2,22,137.713533,0.0,not_flagged,eloyd,period_reference,Nmip_Day_183.txt,183,186
183,0,2,23,137.573367,0.0,not_flagged,eloyd,period_reference,Nmip_Day_183.txt,183,186
183,0,2,24,138.770844,0.0,not_flagged,eloyd,period_reference,Nmip_Day_183.txt,183,186
183,0,2,25,135.707149,0.0,not_flagged,eloyd,period_reference,Nmip_Day_183.txt,183,186
183,0,2,26,140.26809,0.0,not_flagged,eloyd,period_reference,Nmip_Day_183.txt,183,186
183,0,2,27,136.902589,0.0,not_flagged,eloyd,period_reference,Nmip_Day_183.txt,183,186
183,0,2,28,139.178332,0.0,not_flagged,eloyd,period_reference,Nmip_Day_183.txt,183,186
183,0,2,29,134.060779,0.0,not_flagged,eloyd,period_reference,Nmip_Day_183.txt,183,186
183,0,2,30,137.483316,0.0,not_flagged,eloyd,period_reference,Nmip_Day_183.txt,183,186
183,0,2,31,135.206109,0.0,not_flagged,eloyd,period_reference,Nmip_Day_183.txt,183,186
183,0,3,1,133.403407,0.0,not_flagged,eloyd,period_reference,Nmip_Day_183.txt,183,186
183,0,3,2,130.242,0.0,not_flagged,eloyd,period_reference,Nmip_Day_183.txt,183,186
183,0,3,3,131.874995,0.0,not_flagged,eloyd,period_reference,Nmip_Day_183.txt,183,186
183,0,3,4,133.513601,0.0,not_flagged,eloyd,period_reference,Nmip_Day_183.txt,183,186
183,0,3,5,132.411817,0.0,not_flagged,eloyd,period_reference,Nmip_Day_183.txt,183,186
183,0,3,6,133.58581,0.0,not_flagged,eloyd,period_reference,Nmip_Day_183.txt,183,186
183,0,3,7,130.536428,0.0,not_flagged,eloyd,period_reference,Nmip_Day_183.txt,183,186
183,0,3,8,131.556456,0.0,not_flagged,eloyd,period_reference,Nmip_Day_183.txt,183,186
183,0,3,9,131.858052,0.0,not_flagged,eloyd,period_reference,Nmip_Day_183.txt,183,186
183,0,3,10,138.217608,0.0,not_flagged,eloyd,period_reference,Nmip_Day_183.txt,183,186
183,0,3,11,141.510749,0.0,not_flagged,eloyd,period_reference,Nmip_Day_183.txt,183,186
183,0,3,12,139.021696,0.0,not_flagged,eloyd,period_reference,Nmip_Day_183.txt,183,186
183,0,3,13,138.191374,0.0,not_flagged,eloyd,period_reference,Nmip_Day_183.txt,183,186
183,0,3,14,139.173536,0.0,not_flagged,eloyd,period_reference,Nmip_Day_183.txt,183,186
183,0,3,15,138.867883,0.0,not_flagged,eloyd,period_reference,Nmip_Day_183.txt,183,186
183,0,3,16,138.500993,0.0,not_flagged,eloyd,period_reference,Nmip_Day_183.txt,183,186
183,0,3,17,140.380921,0.0,not_flagged,eloyd,period_reference,Nmip_Day_183.txt,183,186
183,0,3,18,137.913385,0.0,not_flagged,eloyd,period_reference,Nmip_Day_183.txt,183,186
183,0,3,19,137.828115,0.0,not_flagged,eloyd,period_reference,Nmip_Day_183.txt,183,186
183,0,3,20,134.820797,0.0,not_flagged,eloyd,period_reference,Nmip_Day_183.txt,183,186
183,0,3,21,137.815806,0.0,not_flagged,eloyd,period_reference,Nmip_Day_183.txt,183,186
183,0,3,22,138.729954,0.0,not_flagged,eloyd,period_reference,Nmip_Day_183.txt,183,186
183,0,3,23,138.072245,0.0,not_flagged,eloyd,period_reference,Nmip_Day_183.txt,183,186
183,0,3,24,139.128046,0.0,not_flagged,eloyd,period_reference,Nmip_Day_183.txt,183,186
183,0,3,25,139.535777,0.0,not_flagged,eloyd,period_reference,Nmip_Day_183.txt,183,186
183,0,3,26,138.645654,0.0,not_flagged,eloyd,period_reference,Nmip_Day_183.txt,183,186
183,0,3,27,140.11247,0.0,not_flagged,eloyd,period_reference,Nmip_Day_183.txt,183,186
183,0,3,28,139.631722,0.0,not_flagged,eloyd,period_reference,Nmip_Day_183.txt,183,186
183,0,3,29,137.167618,0.0,not_flagged,eloyd,period_reference,Nmip_Day_183.txt,183,186
183,0,3,30,136.341033,0.0,not_flagged,eloyd,period_reference,Nmip_Day_183.txt,183,186
183,0,3,31,136.894514,0.0,not_flagged,eloyd,period_reference,Nmip_Day_183.txt,183,186
183,0,4,1,139.897583,0.0,not_flagged,eloyd,period_reference,Nmip_Day_183.txt,183,186
183,0,4,2,132.967097,0.0,not_flagged,eloyd,period_reference,Nmip_Day_183.txt,183,186
183,0,4,3,134.280988,0.0,not_flagged,eloyd,period_reference,Nmip_Day_183.txt,183,186
183,0,4,4,133.893998,0.0,not_flagged,eloyd,period_reference,Nmip_Day_183.txt,183,186
183,0,4,5,135.239347,0.0,not_flagged,eloyd,period_reference,Nmip_Day_183.txt,183,186
183,0,4,6,134.050909,0.0,not_flagged,eloyd,period_reference,Nmip_Day_183.txt,183,186
183,0,4,7,135.404439,0.0,not_flagged,eloyd,period_reference,Nmip_Day_183.txt,183,186
183,0,4,8,134.659639,0.0,not_flagged,eloyd,period_reference,Nmip_Day_183.txt,183,186
183,0,4,9,132.435017,0.0,not_flagged,eloyd,period_reference,Nmip_Day_183.txt,183,186
183,0,4,10,140.162687,0.0,not_flagged,eloyd,period_reference,Nmip_Day_183.txt,183,186
183,0,4,11,140.809907,0.0,not_flagged,eloyd,period_reference,Nmip_Day_183.txt,183,186
183,0,4,12,142.040188,0.0,not_flagged,eloyd,period_reference,Nmip_Day_183.txt,183,186
183,0,4,13,139.078003,0.0,not_flagged,eloyd,period_reference,Nmip_Day_183.txt,183,186
183,0,4,14,142.861746,0.0,not_flagged,eloyd,period_reference,Nmip_Day_183.txt,183,186
183,0,4,15,140.299191,0.0,not_flagged,eloyd,period_reference,Nmip_Day_183.txt,183,186
183,0,4,16,139.619216,0.0,not_flagged,eloyd,period_reference,Nmip_Day_183.txt,183,186
183,0,4,17,138.269102,0.0,not_flagged,eloyd,period_reference,Nmip_Day_183.txt,183,186
183,0,4,18,139.627925,0.0,not_flagged,eloyd,period_reference,Nmip_Day_183.txt,183,186
183,0,4,19,139.204979,0.0,not_flagged,eloyd,period_reference,Nmip_Day_183.txt,183,186
183,0,4,20,138.516891,0.0,not_flagged,eloyd,period_reference,Nmip_Day_183.txt,183,186
183,0,4,21,137.327044,0.0,not_flagged,eloyd,period_reference,Nmip_Day_183.txt,183,186
183,0,4,22,138.91085,0.0,not_flagged,eloyd,period_reference,Nmip_Day_183.txt,183,186
183,0,4,23,136.90388,0.0,not_flagged,eloyd,period_reference,Nmip_Day_183.txt,183,186
183,0,4,24,140.534394,0.0,not_flagged,eloyd,period_reference,Nmip_Day_183.txt,183,186
183,0,4,25,136.387995,0.0,not_flagged,eloyd,period_reference,Nmip_Day_183.txt,183,186
183,0,4,26,138.674369,0.0,not_flagged,eloyd,period_reference,Nmip_Day_183.txt,183,186
183,0,4,27,136.030148,0.0,not_flagged,eloyd,period_reference,Nmip_Day_183.txt,183,186
183,0,4,28,139.336349,0.0,not_flagged,eloyd,period_reference,Nmip_Day_183.txt,183,186
183,0,4,29,136.972712,0.0,not_flagged,eloyd,period_reference,Nmip_Day_183.txt,183,186
183,0,4,30,137.478466,0.0,not_flagged,eloyd,period_reference,Nmip_Day_183.txt,183,186
183,0,4,31,136.206303,0.0,not_flagged,eloyd,period_reference,Nmip_Day_183.txt,183,186
183,0,5,1,132.62522,0.0,not_flagged,eloyd,period_reference,Nmip_Day_183.txt,183,186
183,0,5,2,136.936855,0.0,not_flagged,eloyd,period_reference,Nmip_Day_183.txt,183,186
183,0,5,3,134.323527,0.0,not_flagged,eloyd,period_reference,Nmip_Day_183.txt,183,186
183,0,5,4,135.583177,0.0,not_flagged,eloyd,period_reference,Nmip_Day_183.txt,183,186
183,0,5,5,132.194298,0.0,not_flagged,eloyd,period_reference,Nmip_Day_183.txt,183,186
183,0,5,6,135.176966,0.0,not_flagged,eloyd,period_reference,Nmip_Day_183.txt,183,186
183,0,5,7,131.600292,0.0,not_flagged,eloyd,period_reference,Nmip_Day_183.txt,183,186
183,0,5,8,132.290684,0.0,not_flagged,eloyd,period_reference,Nmip_Day_183.txt,183,186
183,0,5,9,131.64154,0.0,not_flagged,eloyd,period_reference,Nmip_Day_183.txt,183,186
183,0,5,10,131.728518,0.0,not_flagged,eloyd,period_reference,Nmip_Day_183.txt,183,186
183,0,5,11,136.648432,0.0,not_flagged,eloyd,period_reference,Nmip_Day_183.txt,183,186
183,0,5,12,138.424531,0.0,not_flagged,eloyd,period_reference,Nmip_Day_183.txt,183,186
183,0,5,13,134.923948,0.0,not_flagged,eloyd,period_reference,Nmip_Day_183.txt,183,186
183,0,5,14,129.831633,0.0,not_flagged,eloyd,period_reference,Nmip_Day_183.txt,183,186
183,0,5,15,135.227693,0.0,not_flagged,eloyd,period_reference,Nmip_Day_183.txt,183,186
183,0,5,16,134.845642,0.0,not_flagged,eloyd,period_reference,Nmip_Day_183.txt,183,186
183,0,5,17,137.894097,0.0,not_flagged,eloyd,period_reference,Nmip_Day_183.txt,183,186
183,0,5,18,135.417319,0.0,not_flagged,eloyd,period_reference,Nmip_Day_183.txt,183,186
183,0,5,19,134.849964,0.0,not_flagged,eloyd,period_reference,Nmip_Day_183.txt,183,186
183,0,5,20,136.155658,0.0,not_flagged,eloyd,period_reference,Nmip_Day_183.txt,183,186
183,0,5,21,137.653472,0.0,not_flagged,eloyd,period_reference,Nmip_Day_183.txt,183,186
183,0,5,22,137.790234,0.0,not_flagged,eloyd,period_reference,Nmip_Day_183.txt,183,186
183,0,5,23,135.731591,0.0,not_flagged,eloyd,period_reference,Nmip_Day_183.txt,183,186
183,0,5,24,136.136448,0.0,not_flagged,eloyd,period_reference,Nmip_Day_183.txt,183,186
183,0,5,25,133.244519,0.0,not_flagged,eloyd,period_reference,Nmip_Day_183.txt,183,186
183,0,5,26,134.638482,0.0,not_flagged,eloyd,period_reference,Nmip_Day_183.txt,183,186
183,0,5,27,134.121342,0.0,not_flagged,eloyd,period_reference,Nmip_Day_183.txt,183,186
183,0,5,28,135.476984,0.0,not_flagged,eloyd,period_reference,Nmip_Day_183.txt,183,186
183,0,5,29,132.112279,0.0,not_flagged,eloyd,period_reference,Nmip_Day_183.txt,183,186
183,0,5,30,135.974724,0.0,not_flagged,eloyd,period_reference,Nmip_Day_183.txt,183,186
183,0,5,31,135.218921,0.0,not_flagged,eloyd,period_reference,Nmip_Day_183.txt,183,186
183,0,6,1,126.299865,0.0,not_flagged,eloyd,period_reference,Nmip_Day_183.txt,183,186
183,0,6,2,122.457234,0.0,not_flagged,eloyd,period_reference,Nmip_Day_183.txt,183,186
183,0,6,3,125.651552,0.0,not_flagged,eloyd,period_reference,Nmip_Day_183.txt,183,186
183,0,6,4,133.332326,0.0,not_flagged,eloyd,period_reference,Nmip_Day_183.txt,183,186
183,0,6,5,124.575941,0.0,not_flagged,eloyd,period_reference,Nmip_Day_183.txt,183,186
183,0,6,6,133.445637,0.0,not_flagged,eloyd,period_reference,Nmip_Day_183.txt,183,186
183,0,6,7,133.727866,0.0,not_flagged,eloyd,period_reference,Nmip_Day_183.txt,183,186
183,0,6,8,133.146501,0.0,not_flagged,eloyd,period_reference,Nmip_Day_183.txt,183,186
183,0,6,9,131.135761,0.0,not_flagged,eloyd,period_reference,Nmip_Day_183.txt,183,186
183,0,6,10,133.098546,0.0,not_flagged,eloyd,period_reference,Nmip_Day_183.txt,183,186
183,0,6,11,137.15331,0.0,not_flagged,eloyd,period_reference,Nmip_Day_183.txt,183,186
183,0,6,12,138.042353,0.0,not_flagged,eloyd,period_reference,Nmip_Day_183.txt,183,186
183,0,6,13,138.941037,0.0,not_flagged,eloyd,period_reference,Nmip_Day_183.txt,183,186
183,0,6,14,138.21855,0.0,not_flagged,eloyd,period_reference,Nmip_Day_183.txt,183,186
183,0,6,15,141.40281,0.0,not_flagged,eloyd,period_reference,Nmip_Day_183.txt,183,186
183,0,6,16,137.723223,0.0,not_flagged,eloyd,period_reference,Nmip_Day_183.txt,183,186
183,0,6,17,139.513012,0.0,not_flagged,eloyd,period_reference,Nmip_Day_183.txt,183,186
183,0,6,18,137.631331,0.0,not_flagged,eloyd,period_reference,Nmip_Day_183.txt,183,186
183,0,6,19,136.09953,0.0,not_flagged,eloyd,period_reference,Nmip_Day_183.txt,183,186
183,0,6,20,139.273235,0.0,not_flagged,eloyd,period_reference,Nmip_Day_183.txt,183,186
183,0,6,21,137.745642,0.0,not_flagged,eloyd,period_reference,Nmip_Day_183.txt,183,186
183,0,6,22,141.034251,0.0,not_flagged,eloyd,period_reference,Nmip_Day_183.txt,183,186
183,0,6,23,137.631681,0.0,not_flagged,eloyd,period_reference,Nmip_Day_183.txt,183,186
183,0,6,24,136.047287,0.0,not_flagged,eloyd,period_reference,Nmip_Day_183.txt,183,186
183,0,6,25,135.6769,0.0,not_flagged,eloyd,period_reference,Nmip_Day_183.txt,183,186
183,0,6,26,135.164123,0.0,not_flagged,eloyd,period_reference,Nmip_Day_183.txt,183,186
183,0,6,27,132.778185,0.0,not_flagged,eloyd,period_reference,Nmip_Day_183.txt,183,186
183,0,6,28,137.657544,0.0,not_flagged,eloyd,period_reference,Nmip_Day_183.txt,183,186
183,0,6,29,133.937615,0.0,not_flagged,eloyd,period_reference,Nmip_Day_183.txt,183,186
183,0,6,30,133.195248,0.0,not_flagged,eloyd,period_reference,Nmip_Day_183.txt,183,186
183,0,6,31,135.421136,0.0,not_flagged,eloyd,period_reference,Nmip_Day_183.txt,183,186
183,0,7,1,130.676675,0.0,not_flagged,eloyd,period_reference,Nmip_Day_183.txt,183,186
183,0,7,2,131.361028,0.0,not_flagged,eloyd,period_reference,Nmip_Day_183.txt,183,186
183,0,7,3,128.089372,0.0,not_flagged,eloyd,period_reference,Nmip_Day_183.txt,183,186
183,0,7,4,132.716823,0.0,not_flagged,eloyd,period_reference,Nmip_Day_183.txt,183,186
183,0,7,5,131.121223,0.0,not_flagged,eloyd,period_reference,Nmip_Day_183.txt,183,186
183,0,7,6,132.738546,0.0,not_flagged,eloyd,period_reference,Nmip_Day_183.txt,183,186
183,0,7,7,131.834689,0.0,not_flagged,eloyd,period_reference,Nmip_Day_183.txt,183,186
183,0,7,8,134.412061,0.0,not_flagged,eloyd,period_reference,Nmip_Day_183.txt,183,186
183,0,7,9,131.025384,0.0,not_flagged,eloyd,period_reference,Nmip_Day_183.txt,183,186
183,0,7,10,137.732968,0.0,not_flagged,eloyd,period_reference,Nmip_Day_183.txt,183,186
183,0,7,11,140.082313,0.0,not_flagged,eloyd,period_reference,Nmip_Day_183.txt,183,186
183,0,7,12,136.391307,0.0,not_flagged,eloyd,period_reference,Nmip_Day_183.txt,183,186
183,0,7,13,138.290401,0.0,not_flagged,eloyd,period_reference,Nmip_Day_183.txt,183,186
183,0,7,14,140.618437,0.0,not_flagged,eloyd,period_reference,Nmip_Day_183.txt,183,186
183,0,7,15,138.482452,0.0,not_flagged,eloyd,period_reference,Nmip_Day_183.txt,183,186
183,0,7,16,139.365084,0.0,not_flagged,eloyd,period_reference,Nmip_Day_183.txt,183,186
183,0,7,17,137.993324,0.0,not_flagged,eloyd,period_reference,Nmip_Day_183.txt,183,186
183,0,7,18,138.973549,0.0,not_flagged,eloyd,period_reference,Nmip_Day_183.txt,183,186
183,0,7,19,138.440589,0.0,not_flagged,eloyd,period_reference,Nmip_Day_183.txt,183,186
183,0,7,20,139.427201,0.0,not_flagged,eloyd,period_reference,Nmip_Day_183.txt,183,186
183,0,7,21,138.294546,0.0,not_flagged,eloyd,period_reference,Nmip_Day_183.txt,183,186
183,0,7,22,140.002357,0.0,not_flagged,eloyd,period_reference,Nmip_Day_183.txt,183,186
183,0,7,23,138.047943,0.0,not_flagged,eloyd,period_reference,Nmip_Day_183.txt,183,186
183,0,7,24,136.429382,0.0,not_flagged,eloyd,period_reference,Nmip_Day_183.txt,183,186
183,0,7,25,132.885381,0.0,not_flagged,eloyd,period_reference,Nmip_Day_183.txt,183,186
183,0,7,26,137.354303,0.0,not_flagged,eloyd,period_reference,Nmip_Day_183.txt,183,186
183,0,7,27,136.160452,0.0,not_flagged,eloyd,period_reference,Nmip_Day_183.txt,183,186
183,0,7,28,138.202607,0.0,not_flagged,eloyd,period_reference,Nmip_Day_183.txt,183,186
183,0,7,29,137.074867,0.0,not_flagged,eloyd,period_reference,Nmip_Day_183.txt,183,186
183,0,7,30,138.447618,0.0,not_flagged,eloyd,period_reference,Nmip_Day_183.txt,183,186
183,0,7,31,132.134562,0.0,not_flagged,eloyd,period_reference,Nmip_Day_183.txt,183,186
183,0,8,1,135.660044,0.0,not_flagged,eloyd,period_reference,Nmip_Day_183.txt,183,186
183,0,8,2,128.625644,0.0,not_flagged,eloyd,period_reference,Nmip_Day_183.txt,183,186
183,0,8,3,136.304423,0.0,not_flagged,eloyd,period_reference,Nmip_Day_183.txt,183,186
183,0,8,4,132.805466,0.0,not_flagged,eloyd,period_reference,Nmip_Day_183.txt,183,186
183,0,8,5,131.405724,0.0,not_flagged,eloyd,period_reference,Nmip_Day_183.txt,183,186
183,0,8,6,132.88033,0.0,not_flagged,eloyd,period_reference,Nmip_Day_183.txt,183,186
183,0,8,7,135.562695,0.0,not_flagged,eloyd,period_reference,Nmip_Day_183.txt,183,186
183,0,8,8,133.010483,0.0,not_flagged,eloyd,period_reference,Nmip_Day_183.txt,183,186
183,0,8,9,133.458028,0.0,not_flagged,eloyd,period_reference,Nmip_Day_183.txt,183,186
183,0,8,10,143.457617,0.0,not_flagged,eloyd,period_reference,Nmip_Day_183.txt,183,186
183,0,8,11,141.721758,0.0,not_flagged,eloyd,period_reference,Nmip_Day_183.txt,183,186
183,0,8,12,143.083117,0.0,not_flagged,eloyd,period_reference,Nmip_Day_183.txt,183,186
183,0,8,13,140.520241,0.0,not_flagged,eloyd,period_reference,Nmip_Day_183.txt,183,186
183,0,8,14,142.486508,0.0,not_flagged,eloyd,period_reference,Nmip_Day_183.txt,183,186
183,0,8,15,141.988632,0.0,not_flagged,eloyd,period_reference,Nmip_Day_183.txt,183,186
183,0,8,16,142.734352,0.0,not_flagged,eloyd,period_reference,Nmip_Day_183.txt,183,186
183,0,8,17,139.807043,0.0,not_flagged,eloyd,period_reference,Nmip_Day_183.txt,183,186
183,0,8,18,140.462802,0.0,not_flagged,eloyd,period_reference,Nmip_Day_183.txt,183,186
183,0,8,19,138.112815,0.0,not_flagged,eloyd,period_reference,Nmip_Day_183.txt,183,186
183,0,8,20,141.233716,0.0,not_flagged,eloyd,period_reference,Nmip_Day_183.txt,183,186
183,0,8,21,139.444106,0.0,not_flagged,eloyd,period_reference,Nmip_Day_183.txt,183,186
183,0,8,22,142.581566,0.0,not_flagged,eloyd,period_reference,Nmip_Day_183.txt,183,186
183,0,8,23,138.629912,0.0,not_flagged,eloyd,period_reference,Nmip_Day_183.txt,183,186
183,0,8,24,137.620357,0.0,not_flagged,eloyd,period_reference,Nmip_Day_183.txt,183,186
183,0,8,25,136.064987,0.0,not_flagged,eloyd,period_reference,Nmip_Day_183.txt,183,186
183,0,8,26,136.67398,0.0,not_flagged,eloyd,period_reference,Nmip_Day_183.txt,183,186
183,0,8,27,136.403502,0.0,not_flagged,eloyd,period_reference,Nmip_Day_183.txt,183,186
183,0,8,28,134.950028,0.0,not_flagged,eloyd,period_reference,Nmip_Day_183.txt,183,186
183,0,8,29,136.920585,0.0,not_flagged,eloyd,period_reference,Nmip_Day_183.txt,183,186
183,0,8,30,136.664573,0.0,not_flagged,eloyd,period_reference,Nmip_Day_183.txt,183,186
183,0,8,31,133.373149,0.0,not_flagged,eloyd,period_reference,Nmip_Day_183.txt,183,186
183,0,9,1,136.073365,0.0,not_flagged,eloyd,period_reference,Nmip_Day_183.txt,183,186
183,0,9,2,133.15192,0.0,not_flagged,eloyd,period_reference,Nmip_Day_183.txt,183,186
183,0,9,3,133.299039,0.0,not_flagged,eloyd,period_reference,Nmip_Day_183.txt,183,186
183,0,9,4,132.570713,0.0,not_flagged,eloyd,period_reference,Nmip_Day_183.txt,183,186
183,0,9,5,133.394446,0.0,not_flagged,eloyd,period_reference,Nmip_Day_183.txt,183,186
183,0,9,6,130.399748,0.0,not_flagged,eloyd,period_reference,Nmip_Day_183.txt,183,186
183,0,9,7,133.342845,0.0,not_flagged,eloyd,period_reference,Nmip_Day_183.txt,183,186
183,0,9,8,129.935466,0.0,not_flagged,eloyd,period_reference,Nmip_Day_183.txt,183,186
183,0,9,9,132.27378,0.0,not_flagged,eloyd,period_reference,Nmip_Day_183.txt,183,186
183,0,9,10,137.739781,0.0,not_flagged,eloyd,period_reference,Nmip_Day_183.txt,183,186
183,0,9,11,137.474561,0.0,not_flagged,eloyd,period_reference,Nmip_Day_183.txt,183,186
183,0,9,12,138.211246,0.0,not_flagged,eloyd,period_reference,Nmip_Day_183.txt,183,186
183,0,9,13,136.961475,0.0,not_flagged,eloyd,period_reference,Nmip_Day_183.txt,183,186
183,0,9,14,141.92987,0.0,not_flagged,eloyd,period_reference,Nmip_Day_183.txt,183,186
183,0,9,15,137.962782,0.0,not_flagged,eloyd,period_reference,Nmip_Day_183.txt,183,186
183,0,9,16,139.703369,0.0,not_flagged,eloyd,period_reference,Nmip_Day_183.txt,183,186
183,0,9,17,139.643469,0.0,not_flagged,eloyd,period_reference,Nmip_Day_183.txt,183,186
183,0,9,18,140.999195,0.0,not_flagged,eloyd,period_reference,Nmip_Day_183.txt,183,186
183,0,9,19,137.754458,0.0,not_flagged,eloyd,period_reference,Nmip_Day_183.txt,183,186
183,0,9,20,139.859852,0.0,not_flagged,eloyd,period_reference,Nmip_Day_183.txt,183,186
183,0,9,21,141.631977,0.0,not_flagged,eloyd,period_reference,Nmip_Day_183.txt,183,186
183,0,9,22,142.749909,0.0,not_flagged,eloyd,period_reference,Nmip_Day_183.txt,183,186
183,0,9,23,139.502093,0.0,not_flagged,eloyd,period_reference,Nmip_Day_183.txt,183,186
183,0,9,24,136.154687,0.0,not_flagged,eloyd,period_reference,Nmip_Day_183.txt,183,186
183,0,9,25,136.238163,0.0,not_flagged,eloyd,period_reference,Nmip_Day_183.txt,183,186
183,0,9,26,139.314816,0.0,not_flagged,eloyd,period_reference,Nmip_Day_183.txt,183,186
183,0,9,27,138.182143,0.0,not_flagged,eloyd,period_reference,Nmip_Day_183.txt,183,186
183,0,9,28,136.663772,0.0,not_flagged,eloyd,period_reference,Nmip_Day_183.txt,183,186
183,0,9,29,137.442667,0.0,not_flagged,eloyd,period_reference,Nmip_Day_183.txt,183,186
183,0,9,30,141.602211,0.0,not_flagged,eloyd,period_reference,Nmip_Day_183.txt,183,186
183,0,9,31,136.72073,0.0,not_flagged,eloyd,period_reference,Nmip_Day_183.txt,183,186
183,0,10,1,133.332763,0.0,not_flagged,eloyd,period_reference,Nmip_Day_183.txt,183,186
183,0,10,2,134.138758,0.0,not_flagged,eloyd,period_reference,Nmip_Day_183.txt,183,186
183,0,10,3,130.270609,0.0,not_flagged,eloyd,period_reference,Nmip_Day_183.txt,183,186
183,0,10,4,132.154945,0.0,not_flagged,eloyd,period_reference,Nmip_Day_183.txt,183,186
183,0,10,5,131.031693,0.0,not_flagged,eloyd,period_reference,Nmip_Day_183.txt,183,186
183,0,10,6,131.301715,0.0,not_flagged,eloyd,period_reference,Nmip_Day_183.txt,183,186
183,0,10,7,131.561082,0.0,not_flagged,eloyd,period_reference,Nmip_Day_183.txt,183,186
183,0,10,8,133.911834,0.0,not_flagged,eloyd,period_reference,Nmip_Day_183.txt,183,186
183,0,10,9,135.282909,0.0,not_flagged,eloyd,period_reference,Nmip_Day_183.txt,183,186
183,0,10,10,141.937937,0.0,not_flagged,eloyd,period_reference,Nmip_Day_183.txt,183,186
183,0,10,11,142.183782,0.0,not_flagged,eloyd,period_reference,Nmip_Day_183.txt,183,186
183,0,10,12,141.643133,0.0,not_flagged,eloyd,period_reference,Nmip_Day_183.txt,183,186
183,0,10,13,142.213952,0.0,not_flagged,eloyd,period_reference,Nmip_Day_183.txt,183,186
183,0,10,14,141.106178,0.0,not_flagged,eloyd,period_reference,Nmip_Day_183.txt,183,186
183,0,10,15,139.982611,0.0,not_flagged,eloyd,period_reference,Nmip_Day_183.txt,183,186
183,0,10,16,143.5473,0.0,not_flagged,eloyd,period_reference,Nmip_Day_183.txt,183,186
183,0,10,17,143.152619,0.0,not_flagged,eloyd,period_reference,Nmip_Day_183.txt,183,186
183,0,10,18,141.741961,0.0,not_flagged,eloyd,period_reference,Nmip_Day_183.txt,183,186
183,0,10,19,141.875322,0.0,not_flagged,eloyd,period_reference,Nmip_Day_183.txt,183,186
183,0,10,20,141.487022,0.0,not_flagged,eloyd,period_reference,Nmip_Day_183.txt,183,186
183,0,10,21,143.61848,0.0,not_flagged,eloyd,period_reference,Nmip_Day_183.txt,183,186
183,0,10,22,142.063294,0.0,not_flagged,eloyd,period_reference,Nmip_Day_183.txt,183,186
183,0,10,23,143.301371,0.0,not_flagged,eloyd,period_reference,Nmip_Day_183.txt,183,186
183,0,10,24,137.408865,0.0,not_flagged,eloyd,period_reference,Nmip_Day_183.txt,183,186
183,0,10,25,139.228757,0.0,not_flagged,eloyd,period_reference,Nmip_Day_183.txt,183,186
183,0,10,26,137.8809,0.0,not_flagged,eloyd,period_reference,Nmip_Day_183.txt,183,186
183,0,10,27,141.268007,0.0,not_flagged,eloyd,period_reference,Nmip_Day_183.txt,183,186
183,0,10,28,133.683561,0.0,not_flagged,eloyd,period_reference,Nmip_Day_183.txt,183,186
183,0,10,29,139.541628,0.0,not_flagged,eloyd,period_reference,Nmip_Day_183.txt,183,186
183,0,10,30,139.902266,0.0,not_flagged,eloyd,period_reference,Nmip_Day_183.txt,183,186
183,0,10,31,137.183684,0.0,not_flagged,eloyd,period_reference,Nmip_Day_183.txt,183,186
183,0,11,1,132.974448,0.0,not_flagged,eloyd,period_reference,Nmip_Day_183.txt,183,186
183,0,11,2,129.275706,0.0,not_flagged,eloyd,period_reference,Nmip_Day_183.txt,183,186
183,0,11,3,136.151848,0.0,not_flagged,eloyd,period_reference,Nmip_Day_183.txt,183,186
183,0,11,4,133.955294,0.0,not_flagged,eloyd,period_reference,Nmip_Day_183.txt,183,186
183,0,11,5,134.513376,0.0,not_flagged,eloyd,period_reference,Nmip_Day_183.txt,183,186
183,0,11,6,135.515995,0.0,not_flagged,eloyd,period_reference,Nmip_Day_183.txt,183,186
183,0,11,7,133.437773,0.0,not_flagged,eloyd,period_reference,Nmip_Day_183.txt,183,186
183,0,11,8,130.667656,0.0,not_flagged,eloyd,period_reference,Nmip_Day_183.txt,183,186
183,0,11,9,132.713253,0.0,not_flagged,eloyd,period_reference,Nmip_Day_183.txt,183,186
183,0,11,10,137.568673,0.0,not_flagged,eloyd,period_reference,Nmip_Day_183.txt,183,186
183,0,11,11,138.460268,0.0,not_flagged,eloyd,period_reference,Nmip_Day_183.txt,183,186
183,0,11,12,141.105019,0.0,not_flagged,eloyd,period_reference,Nmip_Day_183.txt,183,186
183,0,11,13,138.535506,0.0,not_flagged,eloyd,period_reference,Nmip_Day_183.txt,183,186
183,0,11,14,135.892692,0.0,not_flagged,eloyd,period_reference,Nmip_Day_183.txt,183,186
183,0,11,15,137.617222,0.0,not_flagged,eloyd,period_reference,Nmip_Day_183.txt,183,186
183,0,11,16,139.853088,0.0,not_flagged,eloyd,period_reference,Nmip_Day_183.txt,183,186
183,0,11,17,135.4668,0.0,not_flagged,eloyd,period_reference,Nmip_Day_183.txt,183,186
183,0,11,18,135.715675,0.0,not_flagged,eloyd,period_reference,Nmip_Day_183.txt,183,186
183,0,11,19,134.669616,0.0,not_flagged,eloyd,period_reference,Nmip_Day_183.txt,183,186
183,0,11,20,137.455199,0.0,not_flagged,eloyd,period_reference,Nmip_Day_183.txt,183,186
183,0,11,21,135.260475,0.0,not_flagged,eloyd,period_reference,Nmip_Day_183.txt,183,186
183,0,11,22,136.647021,0.0,not_flagged,eloyd,period_reference,Nmip_Day_183.txt,183,186
183,0,11,23,135.054599,0.0,not_flagged,eloyd,period_reference,Nmip_Day_183.txt,183,186
183,0,11,24,139.048375,0.0,not_flagged,eloyd,period_reference,Nmip_Day_183.txt,183,186
183,0,11,25,136.805768,0.0,not_flagged,eloyd,period_reference,Nmip_Day_183.txt,183,186
183,0,11,26,139.084983,0.0,not_flagged,eloyd,period_reference,Nmip_Day_183.txt,183,186
183,0,11,27,136.545623,0.0,not_flagged,eloyd,period_reference,Nmip_Day_183.txt,183,186
183,0,11,28,137.556038,0.0,not_flagged,eloyd,period_reference,Nmip_Day_183.txt,183,186
183,0,11,29,135.650849,0.0,not_flagged,eloyd,period_reference,Nmip_Day_183.txt,183,186
183,0,11,30,138.160379,0.0,not_flagged,eloyd,period_reference,Nmip_Day_183.txt,183,186
183,0,11,31,135.159192,0.0,not_flagged,eloyd,period_reference,Nmip_Day_183.txt,183,186
183,0,12,1,137.991885,0.0,not_flagged,eloyd,period_reference,Nmip_Day_183.txt,183,186
183,0,12,2,129.848667,0.0,not_flagged,eloyd,period_reference,Nmip_Day_183.txt,183,186
183,0,12,3,129.601541,0.0,not_flagged,eloyd,period_reference,Nmip_Day_183.txt,183,186
183,0,12,4,134.294361,0.0,not_flagged,eloyd,period_reference,Nmip_Day_183.txt,183,186
183,0,12,5,134.604643,0.0,not_flagged,eloyd,period_reference,Nmip_Day_183.txt,183,186
183,0,12,6,133.54017,0.0,not_flagged,eloyd,period_reference,Nmip_Day_183.txt,183,186
183,0,12,7,132.173529,0.0,not_flagged,eloyd,period_reference,Nmip_Day_183.txt,183,186
183,0,12,8,134.615322,0.0,not_flagged,eloyd,period_reference,Nmip_Day_183.txt,183,186
183,0,12,9,135.228415,0.0,not_flagged,eloyd,period_reference,Nmip_Day_183.txt,183,186
183,0,12,10,138.871718,0.0,not_flagged,eloyd,period_reference,Nmip_Day_183.txt,183,186
183,0,12,11,138.921159,0.0,not_flagged,eloyd,period_reference,Nmip_Day_183.txt,183,186
183,0,12,12,138.898087,0.0,not_flagged,eloyd,period_reference,Nmip_Day_183.txt,183,186
183,0,12,13,138.776813,0.0,not_flagged,eloyd,period_reference,Nmip_Day_183.txt,183,186
183,0,12,14,136.970901,0.0,not_flagged,eloyd,period_reference,Nmip_Day_183.txt,183,186
183,0,12,15,139.822898,0.0,not_flagged,eloyd,period_reference,Nmip_Day_183.txt,183,186
183,0,12,16,141.624896,0.0,not_flagged,eloyd,period_reference,Nmip_Day_183.txt,183,186
183,0,12,17,138.483426,0.0,not_flagged,eloyd,period_reference,Nmip_Day_183.txt,183,186
183,0,12,18,138.738784,0.0,not_flagged,eloyd,period_reference,Nmip_Day_183.txt,183,186
183,0,12,19,139.371745,0.0,not_flagged,eloyd,period_reference,Nmip_Day_183.txt,183,186
183,0,12,20,138.2982,0.0,not_flagged,eloyd,period_reference,Nmip_Day_183.txt,183,186
183,0,12,21,139.005037,0.0,not_flagged,eloyd,period_reference,Nmip_Day_183.txt,183,186
183,0,12,22,135.881549,0.0,not_flagged,eloyd,period_reference,Nmip_Day_183.txt,183,186
183,0,12,23,138.726926,0.0,not_flagged,eloyd,period_reference,Nmip_Day_183.txt,183,186
183,0,12,24,141.172872,0.0,not_flagged,eloyd,period_reference,Nmip_Day_183.txt,183,186
183,0,12,25,137.64317,0.0,not_flagged,eloyd,period_reference,Nmip_Day_183.txt,183,186
183,0,12,26,139.764914,0.0,not_flagged,eloyd,period_reference,Nmip_Day_183.txt,183,186
183,0,12,27,137.412051,0.0,not_flagged,eloyd,period_reference,Nmip_Day_183.txt,183,186
183,0,12,28,138.651772,0.0,not_flagged,eloyd,period_reference,Nmip_Day_183.txt,183,186
183,0,12,29,138.529563,0.0,not_flagged,eloyd,period_reference,Nmip_Day_183.txt,183,186
183,0,12,30,138.499799,0.0,not_flagged,eloyd,period_reference,Nmip_Day_183.txt,183,186
183,0,12,31,139.0062,0.0,not_flagged,eloyd,period_reference,Nmip_Day_183.txt,183,186
183,1,1,1,133.082574,0.0,not_flagged,eloyd,period_reference,Nmip_Day_183.txt,183,186
183,1,1,2,130.943962,0.0,not_flagged,eloyd,period_reference,Nmip_Day_183.txt,183,186
183,1,1,3,133.419627,0.0,not_flagged,eloyd,period_reference,Nmip_Day_183.txt,183,186
183,1,1,4,132.68627,0.0,not_flagged,eloyd,period_reference,Nmip_Day_183.txt,183,186
183,1,1,5,132.592918,0.0,not_flagged,eloyd,period_reference,Nmip_Day_183.txt,183,186
183,1,1,6,0.0,0.0,not_flagged,eloyd,period_reference,Nmip_Day_183.txt,183,186
183,1,1,7,137.946134,0.0,not_flagged,eloyd,period_reference,Nmip_Day_183.txt,183,186
183,1,1,8,135.075701,0.0,not_flagged,eloyd,period_reference,Nmip_Day_183.txt,183,186
183,1,1,9,134.466553,0.0,not_flagged,eloyd,period_reference,Nmip_Day_183.txt,183,186
183,1,1,10,138.431538,0.0,not_flagged,eloyd,period_reference,Nmip_Day_183.txt,183,186
183,1,1,11,137.641827,0.0,not_flagged,eloyd,period_reference,Nmip_Day_183.txt,183,186
183,1,1,12,134.93873,0.0,not_flagged,eloyd,period_reference,Nmip_Day_183.txt,183,186
183,1,1,13,137.511024,0.0,not_flagged,eloyd,period_reference,Nmip_Day_183.txt,183,186
183,1,1,14,137.01226,0.0,not_flagged,eloyd,period_reference,Nmip_Day_183.txt,183,186
183,1,1,15,137.676813,0.0,not_flagged,eloyd,period_reference,Nmip_Day_183.txt,183,186
183,1,1,16,135.974759,0.0,not_flagged,eloyd,period_reference,Nmip_Day_183.txt,183,186
183,1,1,17,133.057104,0.0,not_flagged,eloyd,period_reference,Nmip_Day_183.txt,183,186
183,1,1,18,135.99467,0.0,not_flagged,eloyd,period_reference,Nmip_Day_183.txt,183,186
183,1,1,19,135.967409,0.0,not_flagged,eloyd,period_reference,Nmip_Day_183.txt,183,186
183,1,1,20,136.019428,0.0,not_flagged,eloyd,period_reference,Nmip_Day_183.txt,183,186
183,1,1,21,132.512638,0.0,not_flagged,eloyd,period_reference,Nmip_Day_183.txt,183,186
183,1,1,22,136.573553,0.0,not_flagged,eloyd,period_reference,Nmip_Day_183.txt,183,186
183,1,1,23,135.573232,0.0,not_flagged,eloyd,period_reference,Nmip_Day_183.txt,183,186
183,1,1,24,141.30524,0.0,not_flagged,eloyd,period_reference,Nmip_Day_183.txt,183,186
183,1,1,25,137.323476,0.0,not_flagged,eloyd,period_reference,Nmip_Day_183.txt,183,186
183,1,1,26,137.636012,0.0,not_flagged,eloyd,period_reference,Nmip_Day_183.txt,183,186
183,1,1,27,139.463899,0.0,not_flagged,eloyd,period_reference,Nmip_Day_183.txt,183,186
183,1,1,28,139.722015,0.0,not_flagged,eloyd,period_reference,Nmip_Day_183.txt,183,186
183,1,1,29,137.446196,0.0,not_flagged,eloyd,period_reference,Nmip_Day_183.txt,183,186
183,1,1,30,137.790125,0.0,not_flagged,eloyd,period_reference,Nmip_Day_183.txt,183,186
183,1,1,31,137.58674,0.0,not_flagged,eloyd,period_reference,Nmip_Day_183.txt,183,186
183,1,2,1,133.794845,0.0,not_flagged,eloyd,period_reference,Nmip_Day_183.txt,183,186
183,1,2,2,132.629347,0.0,not_flagged,eloyd,period_reference,Nmip_Day_183.txt,183,186
183,1,2,3,133.46849,0.0,not_flagged,eloyd,period_reference,Nmip_Day_183.txt,183,186
183,1,2,4,135.980793,0.0,not_flagged,eloyd,period_reference,Nmip_Day_183.txt,183,186
183,1,2,5,135.915195,0.0,not_flagged,eloyd,period_reference,Nmip_Day_183.txt,183,186
183,1,2,6,136.166614,0.0,not_flagged,eloyd,period_reference,Nmip_Day_183.txt,183,186
183,1,2,7,137.481383,0.0,not_flagged,eloyd,period_reference,Nmip_Day_183.txt,183,186
183,1,2,8,136.728599,0.0,not_flagged,eloyd,period_reference,Nmip_Day_183.txt,183,186
183,1,2,9,137.938429,0.0,not_flagged,eloyd,period_reference,Nmip_Day_183.txt,183,186
183,1,2,10,0.0,0.0,not_flagged,eloyd,period_reference,Nmip_Day_183.txt,183,186
183,1,2,11,139.128133,0.0,not_flagged,eloyd,period_reference,Nmip_Day_183.txt,183,186
183,1,2,12,134.653471,0.0,not_flagged,eloyd,period_reference,Nmip_Day_183.txt,183,186
183,1,2,13,135.415334,0.0,not_flagged,eloyd,period_reference,Nmip_Day_183.txt,183,186
183,1,2,14,136.350945,0.0,not_flagged,eloyd,period_reference,Nmip_Day_183.txt,183,186
183,1,2,15,133.811656,0.0,not_flagged,eloyd,period_reference,Nmip_Day_183.txt,183,186
183,1,2,16,133.990138,0.0,not_flagged,eloyd,period_reference,Nmip_Day_183.txt,183,186
183,1,2,17,134.740217,0.0,not_flagged,eloyd,period_reference,Nmip_Day_183.txt,183,186
183,1,2,18,134.930094,0.0,not_flagged,eloyd,period_reference,Nmip_Day_183.txt,183,186
183,1,2,19,134.213671,0.0,not_flagged,eloyd,period_reference,Nmip_Day_183.txt,183,186
183,1,2,20,137.754182,0.0,not_flagged,eloyd,period_reference,Nmip_Day_183.txt,183,186
183,1,2,21,135.139311,0.0,not_flagged,eloyd,period_reference,Nmip_Day_183.txt,183,186
183,1,2,22,135.219035,0.0,not_flagged,eloyd,period_reference,Nmip_Day_183.txt,183,186
183,1,2,23,134.360411,0.0,not_flagged,eloyd,period_reference,Nmip_Day_183.txt,183,186
183,1,2,24,138.80197,0.0,not_flagged,eloyd,period_reference,Nmip_Day_183.txt,183,186
183,1,2,25,135.21874,0.0,not_flagged,eloyd,period_reference,Nmip_Day_183.txt,183,186
183,1,2,26,137.953194,0.0,not_flagged,eloyd,period_reference,Nmip_Day_183.txt,183,186
183,1,2,27,136.962584,0.0,not_flagged,eloyd,period_reference,Nmip_Day_183.txt,183,186
183,1,2,28,135.906396,0.0,not_flagged,eloyd,period_reference,Nmip_Day_183.txt,183,186
183,1,2,29,136.86201,0.0,not_flagged,eloyd,period_reference,Nmip_Day_183.txt,183,186
183,1,2,30,136.853697,0.0,not_flagged,eloyd,period_reference,Nmip_Day_183.txt,183,186
183,1,2,31,137.664655,0.0,not_flagged,eloyd,period_reference,Nmip_Day_183.txt,183,186
183,1,3,1,123.202533,0.0,not_flagged,eloyd,period_reference,Nmip_Day_183.txt,183,186
183,1,3,2,134.573952,0.0,not_flagged,eloyd,period_reference,Nmip_Day_183.txt,183,186
183,1,3,3,133.849399,0.0,not_flagged,eloyd,period_reference,Nmip_Day_183.txt,183,186
183,1,3,4,133.882183,0.0,not_flagged,eloyd,period_reference,Nmip_Day_183.txt,183,186
183,1,3,5,134.601925,0.0,not_flagged,eloyd,period_reference,Nmip_Day_183.txt,183,186
183,1,3,6,137.532196,0.0,not_flagged,eloyd,period_reference,Nmip_Day_183.txt,183,186
183,1,3,7,133.836932,0.0,not_flagged,eloyd,period_reference,Nmip_Day_183.txt,183,186
183,1,3,8,136.26624,0.0,not_flagged,eloyd,period_reference,Nmip_Day_183.txt,183,186
183,1,3,9,133.787347,0.0,not_flagged,eloyd,period_reference,Nmip_Day_183.txt,183,186
183,1,3,10,136.392624,0.0,not_flagged,eloyd,period_reference,Nmip_Day_183.txt,183,186
183,1,3,11,134.739459,0.0,not_flagged,eloyd,period_reference,Nmip_Day_183.txt,183,186
183,1,3,12,138.661479,0.0,not_flagged,eloyd,period_reference,Nmip_Day_183.txt,183,186
183,1,3,13,136.066706,0.0,not_flagged,eloyd,period_reference,Nmip_Day_183.txt,183,186
183,1,3,14,135.992343,0.0,not_flagged,eloyd,period_reference,Nmip_Day_183.txt,183,186
183,1,3,15,135.815953,0.0,not_flagged,eloyd,period_reference,Nmip_Day_183.txt,183,186
183,1,3,16,135.448154,0.0,not_flagged,eloyd,period_reference,Nmip_Day_183.txt,183,186
183,1,3,17,135.786166,0.0,not_flagged,eloyd,period_reference,Nmip_Day_183.txt,183,186
183,1,3,18,136.51213,0.0,not_flagged,eloyd,period_reference,Nmip_Day_183.txt,183,186
183,1,3,19,134.642777,0.0,not_flagged,eloyd,period_reference,Nmip_Day_183.txt,183,186
183,1,3,20,136.534493,0.0,not_flagged,eloyd,period_reference,Nmip_Day_183.txt,183,186
183,1,3,21,137.525187,0.0,not_flagged,eloyd,period_reference,Nmip_Day_183.txt,183,186
183,1,3,22,136.533536,0.0,not_flagged,eloyd,period_reference,Nmip_Day_183.txt,183,186
183,1,3,23,135.241862,0.0,not_flagged,eloyd,period_reference,Nmip_Day_183.txt,183,186
183,1,3,24,133.66034,0.0,not_flagged,eloyd,period_reference,Nmip_Day_183.txt,183,186
183,1,3,25,136.250343,0.0,not_flagged,eloyd,period_reference,Nmip_Day_183.txt,183,186
183,1,3,26,137.908204,0.0,not_flagged,eloyd,period_reference,Nmip_Day_183.txt,183,186
183,1,3,27,135.163815,0.0,not_flagged,eloyd,period_reference,Nmip_Day_183.txt,183,186
183,1,3,28,136.878708,0.0,not_flagged,eloyd,period_reference,Nmip_Day_183.txt,183,186
183,1,3,29,139.236083,0.0,not_flagged,eloyd,period_reference,Nmip_Day_183.txt,183,186
183,1,3,30,137.096727,0.0,not_flagged,eloyd,period_reference,Nmip_Day_183.txt,183,186
183,1,3,31,136.3311,0.0,not_flagged,eloyd,period_reference,Nmip_Day_183.txt,183,186
183,1,4,1,136.526043,0.0,not_flagged,eloyd,period_reference,Nmip_Day_183.txt,183,186
183,1,4,2,129.119066,0.0,not_flagged,eloyd,period_reference,Nmip_Day_183.txt,183,186
183,1,4,3,135.790762,0.0,not_flagged,eloyd,period_reference,Nmip_Day_183.txt,183,186
183,1,4,4,136.591438,0.0,not_flagged,eloyd,period_reference,Nmip_Day_183.txt,183,186
183,1,4,5,137.208702,0.0,not_flagged,eloyd,period_reference,Nmip_Day_183.txt,183,186
183,1,4,6,140.287764,0.0,not_flagged,eloyd,period_reference,Nmip_Day_183.txt,183,186
183,1,4,7,140.243518,0.0,not_flagged,eloyd,period_reference,Nmip_Day_183.txt,183,186
183,1,4,8,139.244036,0.0,not_flagged,eloyd,period_reference,Nmip_Day_183.txt,183,186
183,1,4,9,140.263322,0.0,not_flagged,eloyd,period_reference,Nmip_Day_183.txt,183,186
183,1,4,10,136.452433,0.0,not_flagged,eloyd,period_reference,Nmip_Day_183.txt,183,186
183,1,4,11,136.686225,0.0,not_flagged,eloyd,period_reference,Nmip_Day_183.txt,183,186
183,1,4,12,136.962813,0.0,not_flagged,eloyd,period_reference,Nmip_Day_183.txt,183,186
183,1,4,13,136.776236,0.0,not_flagged,eloyd,period_reference,Nmip_Day_183.txt,183,186
183,1,4,14,136.775782,0.0,not_flagged,eloyd,period_reference,Nmip_Day_183.txt,183,186
183,1,4,15,136.80688,0.0,not_flagged,eloyd,period_reference,Nmip_Day_183.txt,183,186
183,1,4,16,141.666221,0.0,not_flagged,eloyd,period_reference,Nmip_Day_183.txt,183,186
183,1,4,17,141.378151,0.0,not_flagged,eloyd,period_reference,Nmip_Day_183.txt,183,186
183,1,4,18,141.141697,0.0,not_flagged,eloyd,period_reference,Nmip_Day_183.txt,183,186
183,1,4,19,140.309217,0.0,not_flagged,eloyd,period_reference,Nmip_Day_183.txt,183,186
183,1,4,20,141.914929,0.0,not_flagged,eloyd,period_reference,Nmip_Day_183.txt,183,186
183,1,4,21,145.082386,0.0,not_flagged,eloyd,period_reference,Nmip_Day_183.txt,183,186
183,1,4,22,139.615303,0.0,not_flagged,eloyd,period_reference,Nmip_Day_183.txt,183,186
183,1,4,23,142.349977,0.0,not_flagged,eloyd,period_reference,Nmip_Day_183.txt,183,186
183,1,4,24,138.629962,0.0,not_flagged,eloyd,period_reference,Nmip_Day_183.txt,183,186
183,1,4,25,139.181674,0.0,not_flagged,eloyd,period_reference,Nmip_Day_183.txt,183,186
183,1,4,26,139.936532,0.0,not_flagged,eloyd,period_reference,Nmip_Day_183.txt,183,186
183,1,4,27,139.267744,0.0,not_flagged,eloyd,period_reference,Nmip_Day_183.txt,183,186
183,1,4,28,140.562478,0.0,not_flagged,eloyd,period_reference,Nmip_Day_183.txt,183,186
183,1,4,29,143.779977,0.0,not_flagged,eloyd,period_reference,Nmip_Day_183.txt,183,186
183,1,4,30,140.39213,0.0,not_flagged,eloyd,period_reference,Nmip_Day_183.txt,183,186
183,1,4,31,139.547678,0.0,not_flagged,eloyd,period_reference,Nmip_Day_183.txt,183,186
183,1,5,1,131.969592,0.0,not_flagged,eloyd,period_reference,Nmip_Day_183.txt,183,186
183,1,5,2,131.044505,0.0,not_flagged,eloyd,period_reference,Nmip_Day_183.txt,183,186
183,1,5,3,130.032082,0.0,not_flagged,eloyd,period_reference,Nmip_Day_183.txt,183,186
183,1,5,4,132.788496,0.0,not_flagged,eloyd,period_reference,Nmip_Day_183.txt,183,186
183,1,5,5,134.098584,0.0,not_flagged,eloyd,period_reference,Nmip_Day_183.txt,183,186
183,1,5,6,131.601138,0.0,not_flagged,eloyd,period_reference,Nmip_Day_183.txt,183,186
183,1,5,7,131.606841,0.0,not_flagged,eloyd,period_reference,Nmip_Day_183.txt,183,186
183,1,5,8,133.011437,0.0,not_flagged,eloyd,period_reference,Nmip_Day_183.txt,183,186
183,1,5,9,135.310874,0.0,not_flagged,eloyd,period_reference,Nmip_Day_183.txt,183,186
183,1,5,10,131.290262,0.0,not_flagged,eloyd,period_reference,Nmip_Day_183.txt,183,186
183,1,5,11,138.0542,0.0,not_flagged,eloyd,period_reference,Nmip_Day_183.txt,183,186
183,1,5,12,134.779233,0.0,not_flagged,eloyd,period_reference,Nmip_Day_183.txt,183,186
183,1,5,13,134.767462,0.0,not_flagged,eloyd,period_reference,Nmip_Day_183.txt,183,186
183,1,5,14,136.82086,0.0,not_flagged,eloyd,period_reference,Nmip_Day_183.txt,183,186
183,1,5,15,133.833358,0.0,not_flagged,eloyd,period_reference,Nmip_Day_183.txt,183,186
183,1,5,16,136.429839,0.0,not_flagged,eloyd,period_reference,Nmip_Day_183.txt,183,186
183,1,5,17,135.166997,0.0,not_flagged,eloyd,period_reference,Nmip_Day_183.txt,183,186
183,1,5,18,136.710011,0.0,not_flagged,eloyd,period_reference,Nmip_Day_183.txt,183,186
183,1,5,19,137.915557,0.0,not_flagged,eloyd,period_reference,Nmip_Day_183.txt,183,186
183,1,5,20,137.006706,0.0,not_flagged,eloyd,period_reference,Nmip_Day_183.txt,183,186
183,1,5,21,135.270969,0.0,not_flagged,eloyd,period_reference,Nmip_Day_183.txt,183,186
183,1,5,22,138.612339,0.0,not_flagged,eloyd,period_reference,Nmip_Day_183.txt,183,186
183,1,5,23,133.786805,0.0,not_flagged,eloyd,period_reference,Nmip_Day_183.txt,183,186
183,1,5,24,136.60007,0.0,not_flagged,eloyd,period_reference,Nmip_Day_183.txt,183,186
183,1,5,25,137.593053,0.0,not_flagged,eloyd,period_reference,Nmip_Day_183.txt,183,186
183,1,5,26,136.962301,0.0,not_flagged,eloyd,period_reference,Nmip_Day_183.txt,183,186
183,1,5,27,136.264232,0.0,not_flagged,eloyd,period_reference,Nmip_Day_183.txt,183,186
183,1,5,28,138.371892,0.0,not_flagged,eloyd,period_reference,Nmip_Day_183.txt,183,186
183,1,5,29,136.096726,0.0,not_flagged,eloyd,period_reference,Nmip_Day_183.txt,183,186
183,1,5,30,137.588913,0.0,not_flagged,eloyd,period_reference,Nmip_Day_183.txt,183,186
183,1,5,31,135.189431,0.0,not_flagged,eloyd,period_reference,Nmip_Day_183.txt,183,186
183,1,6,1,55.411816,0.0,not_flagged,eloyd,period_reference,Nmip_Day_183.txt,183,186
183,1,6,2,133.328588,0.0,not_flagged,eloyd,period_reference,Nmip_Day_183.txt,183,186
183,1,6,3,135.249683,0.0,not_flagged,eloyd,period_reference,Nmip_Day_183.txt,183,186
183,1,6,4,137.109095,0.0,not_flagged,eloyd,period_reference,Nmip_Day_183.txt,183,186
183,1,6,5,135.29643,0.0,not_flagged,eloyd,period_reference,Nmip_Day_183.txt,183,186
183,1,6,6,133.774285,0.0,not_flagged,eloyd,period_reference,Nmip_Day_183.txt,183,186
183,1,6,7,135.7124,0.0,not_flagged,eloyd,period_reference,Nmip_Day_183.txt,183,186
183,1,6,8,133.146981,0.0,not_flagged,eloyd,period_reference,Nmip_Day_183.txt,183,186
183,1,6,9,134.777622,0.0,not_flagged,eloyd,period_reference,Nmip_Day_183.txt,183,186
183,1,6,10,135.416625,0.0,not_flagged,eloyd,period_reference,Nmip_Day_183.txt,183,186
183,1,6,11,138.781011,0.0,not_flagged,eloyd,period_reference,Nmip_Day_183.txt,183,186
183,1,6,12,137.40002,0.0,not_flagged,eloyd,period_reference,Nmip_Day_183.txt,183,186
183,1,6,13,137.094856,0.0,not_flagged,eloyd,period_reference,Nmip_Day_183.txt,183,186
183,1,6,14,137.051057,0.0,not_flagged,eloyd,period_reference,Nmip_Day_183.txt,183,186
183,1,6,15,136.796875,0.0,not_flagged,eloyd,period_reference,Nmip_Day_183.txt,183,186
183,1,6,16,133.414612,0.0,not_flagged,eloyd,period_reference,Nmip_Day_183.txt,183,186
183,1,6,17,134.079286,0.0,not_flagged,eloyd,period_reference,Nmip_Day_183.txt,183,186
183,1,6,18,136.04654,0.0,not_flagged,eloyd,period_reference,Nmip_Day_183.txt,183,186
183,1,6,19,138.462665,0.0,not_flagged,eloyd,period_reference,Nmip_Day_183.txt,183,186
183,1,6,20,138.07149,0.0,not_flagged,eloyd,period_reference,Nmip_Day_183.txt,183,186
183,1,6,21,139.561804,0.0,not_flagged,eloyd,period_reference,Nmip_Day_183.txt,183,186
183,1,6,22,139.021407,0.0,not_flagged,eloyd,period_reference,Nmip_Day_183.txt,183,186
183,1,6,23,135.708368,0.0,not_flagged,eloyd,period_reference,Nmip_Day_183.txt,183,186
183,1,6,24,138.752281,0.0,not_flagged,eloyd,period_reference,Nmip_Day_183.txt,183,186
183,1,6,25,136.494421,0.0,not_flagged,eloyd,period_reference,Nmip_Day_183.txt,183,186
183,1,6,26,136.640927,0.0,not_flagged,eloyd,period_reference,Nmip_Day_183.txt,183,186
183,1,6,27,137.954248,0.0,not_flagged,eloyd,period_reference,Nmip_Day_183.txt,183,186
183,1,6,28,136.94073,0.0,not_flagged,eloyd,period_reference,Nmip_Day_183.txt,183,186
183,1,6,29,136.581639,0.0,not_flagged,eloyd,period_reference,Nmip_Day_183.txt,183,186
183,1,6,30,138.198445,0.0,not_flagged,eloyd,period_reference,Nmip_Day_183.txt,183,186
183,1,6,31,136.503433,0.0,not_flagged,eloyd,period_reference,Nmip_Day_183.txt,183,186
183,1,7,1,133.329895,0.0,not_flagged,eloyd,period_reference,Nmip_Day_183.txt,183,186
183,1,7,2,133.00611,0.0,not_flagged,eloyd,period_reference,Nmip_Day_183.txt,183,186
183,1,7,3,133.191661,0.0,not_flagged,eloyd,period_reference,Nmip_Day_183.txt,183,186
183,1,7,4,133.7465,0.0,not_flagged,eloyd,period_reference,Nmip_Day_183.txt,183,186
183,1,7,5,135.403464,0.0,not_flagged,eloyd,period_reference,Nmip_Day_183.txt,183,186
183,1,7,6,131.413344,0.0,not_flagged,eloyd,period_reference,Nmip_Day_183.txt,183,186
183,1,7,7,130.736832,0.0,not_flagged,eloyd,period_reference,Nmip_Day_183.txt,183,186
183,1,7,8,131.24192,0.0,not_flagged,eloyd,period_reference,Nmip_Day_183.txt,183,186
183,1,7,9,130.836111,0.0,not_flagged,eloyd,period_reference,Nmip_Day_183.txt,183,186
183,1,7,10,136.844286,0.0,not_flagged,eloyd,period_reference,Nmip_Day_183.txt,183,186
183,1,7,11,137.332937,0.0,not_flagged,eloyd,period_reference,Nmip_Day_183.txt,183,186
183,1,7,12,138.089567,0.0,not_flagged,eloyd,period_reference,Nmip_Day_183.txt,183,186
183,1,7,13,138.839814,0.0,not_flagged,eloyd,period_reference,Nmip_Day_183.txt,183,186
183,1,7,14,133.04132,0.0,not_flagged,eloyd,period_reference,Nmip_Day_183.txt,183,186
183,1,7,15,137.532531,0.0,not_flagged,eloyd,period_reference,Nmip_Day_183.txt,183,186
183,1,7,16,135.13976,0.0,not_flagged,eloyd,period_reference,Nmip_Day_183.txt,183,186
183,1,7,17,137.50564,0.0,not_flagged,eloyd,period_reference,Nmip_Day_183.txt,183,186
183,1,7,18,133.270216,0.0,not_flagged,eloyd,period_reference,Nmip_Day_183.txt,183,186
183,1,7,19,138.290574,0.0,not_flagged,eloyd,period_reference,Nmip_Day_183.txt,183,186
183,1,7,20,137.735576,0.0,not_flagged,eloyd,period_reference,Nmip_Day_183.txt,183,186
183,1,7,21,136.928795,0.0,not_flagged,eloyd,period_reference,Nmip_Day_183.txt,183,186
183,1,7,22,137.320271,0.0,not_flagged,eloyd,period_reference,Nmip_Day_183.txt,183,186
183,1,7,23,138.179018,0.0,not_flagged,eloyd,period_reference,Nmip_Day_183.txt,183,186
183,1,7,24,138.97091,0.0,not_flagged,eloyd,period_reference,Nmip_Day_183.txt,183,186
183,1,7,25,140.065749,0.0,not_flagged,eloyd,period_reference,Nmip_Day_183.txt,183,186
183,1,7,26,136.230106,0.0,not_flagged,eloyd,period_reference,Nmip_Day_183.txt,183,186
183,1,7,27,137.142996,0.0,not_flagged,eloyd,period_reference,Nmip_Day_183.txt,183,186
183,1,7,28,136.479458,0.0,not_flagged,eloyd,period_reference,Nmip_Day_183.txt,183,186
183,1,7,29,137.495785,0.0,not_flagged,eloyd,period_reference,Nmip_Day_183.txt,183,186
183,1,7,30,138.028733,0.0,not_flagged,eloyd,period_reference,Nmip_Day_183.txt,183,186
183,1,7,31,138.189195,0.0,not_flagged,eloyd,period_reference,Nmip_Day_183.txt,183,186
183,1,8,1,134.821308,0.0,not_flagged,eloyd,period_reference,Nmip_Day_183.txt,183,186
183,1,8,2,133.529399,0.0,not_flagged,eloyd,period_reference,Nmip_Day_183.txt,183,186
183,1,8,3,123.582857,0.0,not_flagged,eloyd,period_reference,Nmip_Day_183.txt,183,186
183,1,8,4,131.688337,0.0,not_flagged,eloyd,period_reference,Nmip_Day_183.txt,183,186
183,1,8,5,133.938215,0.0,not_flagged,eloyd,period_reference,Nmip_Day_183.txt,183,186
183,1,8,6,131.820998,0.0,not_flagged,eloyd,period_reference,Nmip_Day_183.txt,183,186
183,1,8,7,132.060035,0.0,not_flagged,eloyd,period_reference,Nmip_Day_183.txt,183,186
183,1,8,8,131.844859,0.0,not_flagged,eloyd,period_reference,Nmip_Day_183.txt,183,186
183,1,8,9,132.875002,0.0,not_flagged,eloyd,period_reference,Nmip_Day_183.txt,183,186
183,1,8,10,135.825009,0.0,not_flagged,eloyd,period_reference,Nmip_Day_183.txt,183,186
183,1,8,11,138.001264,0.0,not_flagged,eloyd,period_reference,Nmip_Day_183.txt,183,186
183,1,8,12,135.13341,0.0,not_flagged,eloyd,period_reference,Nmip_Day_183.txt,183,186
183,1,8,13,137.551682,0.0,not_flagged,eloyd,period_reference,Nmip_Day_183.txt,183,186
183,1,8,14,135.837427,0.0,not_flagged,eloyd,period_reference,Nmip_Day_183.txt,183,186
183,1,8,15,136.860872,0.0,not_flagged,eloyd,period_reference,Nmip_Day_183.txt,183,186
183,1,8,16,136.526459,0.0,not_flagged,eloyd,period_reference,Nmip_Day_183.txt,183,186
183,1,8,17,139.146011,0.0,not_flagged,eloyd,period_reference,Nmip_Day_183.txt,183,186
183,1,8,18,137.461862,0.0,not_flagged,eloyd,period_reference,Nmip_Day_183.txt,183,186
183,1,8,19,135.039449,0.0,not_flagged,eloyd,period_reference,Nmip_Day_183.txt,183,186
183,1,8,20,138.715917,0.0,not_flagged,eloyd,period_reference,Nmip_Day_183.txt,183,186
183,1,8,21,136.615592,0.0,not_flagged,eloyd,period_reference,Nmip_Day_183.txt,183,186
183,1,8,22,138.508285,0.0,not_flagged,eloyd,period_reference,Nmip_Day_183.txt,183,186
183,1,8,23,138.915091,0.0,not_flagged,eloyd,period_reference,Nmip_Day_183.txt,183,186
183,1,8,24,134.406656,0.0,not_flagged,eloyd,period_reference,Nmip_Day_183.txt,183,186
183,1,8,25,129.579304,0.0,not_flagged,eloyd,period_reference,Nmip_Day_183.txt,183,186
183,1,8,26,137.358114,0.0,not_flagged,eloyd,period_reference,Nmip_Day_183.txt,183,186
183,1,8,27,138.242695,0.0,not_flagged,eloyd,period_reference,Nmip_Day_183.txt,183,186
183,1,8,28,137.938585,0.0,not_flagged,eloyd,period_reference,Nmip_Day_183.txt,183,186
183,1,8,29,137.184932,0.0,not_flagged,eloyd,period_reference,Nmip_Day_183.txt,183,186
183,1,8,30,134.078077,0.0,not_flagged,eloyd,period_reference,Nmip_Day_183.txt,183,186
183,1,8,31,135.099515,0.0,not_flagged,eloyd,period_reference,Nmip_Day_183.txt,183,186
183,1,9,1,131.759136,0.0,not_flagged,eloyd,period_reference,Nmip_Day_183.txt,183,186
183,1,9,2,131.621397,0.0,not_flagged,eloyd,period_reference,Nmip_Day_183.txt,183,186
183,1,9,3,133.328424,0.0,not_flagged,eloyd,period_reference,Nmip_Day_183.txt,183,186
183,1,9,4,132.486284,0.0,not_flagged,eloyd,period_reference,Nmip_Day_183.txt,183,186
183,1,9,5,131.298916,0.0,not_flagged,eloyd,period_reference,Nmip_Day_183.txt,183,186
183,1,9,6,129.316986,0.0,not_flagged,eloyd,period_reference,Nmip_Day_183.txt,183,186
183,1,9,7,129.901435,0.0,not_flagged,eloyd,period_reference,Nmip_Day_183.txt,183,186
183,1,9,8,131.225195,0.0,not_flagged,eloyd,period_reference,Nmip_Day_183.txt,183,186
183,1,9,9,131.24499,0.0,not_flagged,eloyd,period_reference,Nmip_Day_183.txt,183,186
183,1,9,10,136.07036,0.0,not_flagged,eloyd,period_reference,Nmip_Day_183.txt,183,186
183,1,9,11,135.162121,0.0,not_flagged,eloyd,period_reference,Nmip_Day_183.txt,183,186
183,1,9,12,134.373141,0.0,not_flagged,eloyd,period_reference,Nmip_Day_183.txt,183,186
183,1,9,13,133.458774,0.0,not_flagged,eloyd,period_reference,Nmip_Day_183.txt,183,186
183,1,9,14,137.449211,0.0,not_flagged,eloyd,period_reference,Nmip_Day_183.txt,183,186
183,1,9,15,133.87415,0.0,not_flagged,eloyd,period_reference,Nmip_Day_183.txt,183,186
183,1,9,16,138.365166,0.0,not_flagged,eloyd,period_reference,Nmip_Day_183.txt,183,186
183,1,9,17,133.710796,0.0,not_flagged,eloyd,period_reference,Nmip_Day_183.txt,183,186
183,1,9,18,135.784005,0.0,not_flagged,eloyd,period_reference,Nmip_Day_183.txt,183,186
183,1,9,19,133.47935,0.0,not_flagged,eloyd,period_reference,Nmip_Day_183.txt,183,186
183,1,9,20,133.792983,0.0,not_flagged,eloyd,period_reference,Nmip_Day_183.txt,183,186
183,1,9,21,131.760068,0.0,not_flagged,eloyd,period_reference,Nmip_Day_183.txt,183,186
183,1,9,22,135.404228,0.0,not_flagged,eloyd,period_reference,Nmip_Day_183.txt,183,186
183,1,9,23,132.171443,0.0,not_flagged,eloyd,period_reference,Nmip_Day_183.txt,183,186
183,1,9,24,131.01471,0.0,not_flagged,eloyd,period_reference,Nmip_Day_183.txt,183,186
183,1,9,25,132.870706,0.0,not_flagged,eloyd,period_reference,Nmip_Day_183.txt,183,186
183,1,9,26,138.84848,0.0,not_flagged,eloyd,period_reference,Nmip_Day_183.txt,183,186
183,1,9,27,138.493614,0.0,not_flagged,eloyd,period_reference,Nmip_Day_183.txt,183,186
183,1,9,28,140.081066,0.0,not_flagged,eloyd,period_reference,Nmip_Day_183.txt,183,186
183,1,9,29,137.138299,0.0,not_flagged,eloyd,period_reference,Nmip_Day_183.txt,183,186
183,1,9,30,138.244635,0.0,not_flagged,eloyd,period_reference,Nmip_Day_183.txt,183,186
183,1,9,31,136.473912,0.0,not_flagged,eloyd,period_reference,Nmip_Day_183.txt,183,186
183,1,10,1,134.737791,0.0,not_flagged,eloyd,period_reference,Nmip_Day_183.txt,183,186
183,1,10,2,133.822472,0.0,not_flagged,eloyd,period_reference,Nmip_Day_183.txt,183,186
183,1,10,3,132.742139,0.0,not_flagged,eloyd,period_reference,Nmip_Day_183.txt,183,186
183,1,10,4,134.089912,0.0,not_flagged,eloyd,period_reference,Nmip_Day_183.txt,183,186
183,1,10,5,133.732577,0.0,not_flagged,eloyd,period_reference,Nmip_Day_183.txt,183,186
183,1,10,6,133.102507,0.0,not_flagged,eloyd,period_reference,Nmip_Day_183.txt,183,186
183,1,10,7,131.292709,0.0,not_flagged,eloyd,period_reference,Nmip_Day_183.txt,183,186
183,1,10,8,132.073756,0.0,not_flagged,eloyd,period_reference,Nmip_Day_183.txt,183,186
183,1,10,9,130.887509,0.0,not_flagged,eloyd,period_reference,Nmip_Day_183.txt,183,186
183,1,10,10,139.822425,0.0,not_flagged,eloyd,period_reference,Nmip_Day_183.txt,183,186
183,1,10,11,135.629861,0.0,not_flagged,eloyd,period_reference,Nmip_Day_183.txt,183,186
183,1,10,12,137.222674,0.0,not_flagged,eloyd,period_reference,Nmip_Day_183.txt,183,186
183,1,10,13,130.999866,0.0,not_flagged,eloyd,period_reference,Nmip_Day_183.txt,183,186
183,1,10,14,136.554679,0.0,not_flagged,eloyd,period_reference,Nmip_Day_183.txt,183,186
183,1,10,15,136.63312,0.0,not_flagged,eloyd,period_reference,Nmip_Day_183.txt,183,186
183,1,10,16,136.814415,0.0,not_flagged,eloyd,period_reference,Nmip_Day_183.txt,183,186
183,1,10,17,136.724195,0.0,not_flagged,eloyd,period_reference,Nmip_Day_183.txt,183,186
183,1,10,18,138.149068,0.0,not_flagged,eloyd,period_reference,Nmip_Day_183.txt,183,186
183,1,10,19,136.29026,0.0,not_flagged,eloyd,period_reference,Nmip_Day_183.txt,183,186
183,1,10,20,137.066723,0.0,not_flagged,eloyd,period_reference,Nmip_Day_183.txt,183,186
183,1,10,21,134.471805,0.0,not_flagged,eloyd,period_reference,Nmip_Day_183.txt,183,186
183,1,10,22,136.620177,0.0,not_flagged,eloyd,period_reference,Nmip_Day_183.txt,183,186
183,1,10,23,138.058472,0.0,not_flagged,eloyd,period_reference,Nmip_Day_183.txt,183,186
183,1,10,24,139.119729,0.0,not_flagged,eloyd,period_reference,Nmip_Day_183.txt,183,186
183,1,10,25,138.663547,0.0,not_flagged,eloyd,period_reference,Nmip_Day_183.txt,183,186
183,1,10,26,132.431419,0.0,not_flagged,eloyd,period_reference,Nmip_Day_183.txt,183,186
183,1,10,27,141.176389,0.0,not_flagged,eloyd,period_reference,Nmip_Day_183.txt,183,186
183,1,10,28,137.503234,0.0,not_flagged,eloyd,period_reference,Nmip_Day_183.txt,183,186
183,1,10,29,136.537684,0.0,not_flagged,eloyd,period_reference,Nmip_Day_183.txt,183,186
183,1,10,30,136.733943,0.0,not_flagged,eloyd,period_reference,Nmip_Day_183.txt,183,186
183,1,10,31,138.221886,0.0,not_flagged,eloyd,period_reference,Nmip_Day_183.txt,183,186
183,1,11,1,133.460064,0.0,not_flagged,eloyd,period_reference,Nmip_Day_183.txt,183,186
183,1,11,2,134.047743,0.0,not_flagged,eloyd,period_reference,Nmip_Day_183.txt,183,186
183,1,11,3,131.562114,0.0,not_flagged,eloyd,period_reference,Nmip_Day_183.txt,183,186
183,1,11,4,132.879395,0.0,not_flagged,eloyd,period_reference,Nmip_Day_183.txt,183,186
183,1,11,5,134.006205,0.0,not_flagged,eloyd,period_reference,Nmip_Day_183.txt,183,186
183,1,11,6,131.409635,0.0,not_flagged,eloyd,period_reference,Nmip_Day_183.txt,183,186
183,1,11,7,130.57131,0.0,not_flagged,eloyd,period_reference,Nmip_Day_183.txt,183,186
183,1,11,8,132.32757,0.0,not_flagged,eloyd,period_reference,Nmip_Day_183.txt,183,186
183,1,11,9,131.299554,0.0,not_flagged,eloyd,period_reference,Nmip_Day_183.txt,183,186
183,1,11,10,137.742448,0.0,not_flagged,eloyd,period_reference,Nmip_Day_183.txt,183,186
183,1,11,11,136.643997,0.0,not_flagged,eloyd,period_reference,Nmip_Day_183.txt,183,186
183,1,11,12,135.761798,0.0,not_flagged,eloyd,period_reference,Nmip_Day_183.txt,183,186
183,1,11,13,136.742782,0.0,not_flagged,eloyd,period_reference,Nmip_Day_183.txt,183,186
183,1,11,14,137.632596,0.0,not_flagged,eloyd,period_reference,Nmip_Day_183.txt,183,186
183,1,11,15,137.624767,0.0,not_flagged,eloyd,period_reference,Nmip_Day_183.txt,183,186
183,1,11,16,137.944068,0.0,not_flagged,eloyd,period_reference,Nmip_Day_183.txt,183,186
183,1,11,17,139.575763,0.0,not_flagged,eloyd,period_reference,Nmip_Day_183.txt,183,186
183,1,11,18,138.397773,0.0,not_flagged,eloyd,period_reference,Nmip_Day_183.txt,183,186
183,1,11,19,137.342966,0.0,not_flagged,eloyd,period_reference,Nmip_Day_183.txt,183,186
183,1,11,20,138.730234,0.0,not_flagged,eloyd,period_reference,Nmip_Day_183.txt,183,186
183,1,11,21,138.539493,0.0,not_flagged,eloyd,period_reference,Nmip_Day_183.txt,183,186
183,1,11,22,140.144274,0.0,not_flagged,eloyd,period_reference,Nmip_Day_183.txt,183,186
183,1,11,23,139.424994,0.0,not_flagged,eloyd,period_reference,Nmip_Day_183.txt,183,186
183,1,11,24,140.168342,0.0,not_flagged,eloyd,period_reference,Nmip_Day_183.txt,183,186
183,1,11,25,135.826305,0.0,not_flagged,eloyd,period_reference,Nmip_Day_183.txt,183,186
183,1,11,26,139.437465,0.0,not_flagged,eloyd,period_reference,Nmip_Day_183.txt,183,186
183,1,11,27,138.683347,0.0,not_flagged,eloyd,period_reference,Nmip_Day_183.txt,183,186
183,1,11,28,139.065897,0.0,not_flagged,eloyd,period_reference,Nmip_Day_183.txt,183,186
183,1,11,29,136.474914,0.0,not_flagged,eloyd,period_reference,Nmip_Day_183.txt,183,186
183,1,11,30,138.766317,0.0,not_flagged,eloyd,period_reference,Nmip_Day_183.txt,183,186
183,1,11,31,137.63493,0.0,not_flagged,eloyd,period_reference,Nmip_Day_183.txt,183,186
183,1,12,1,129.258645,0.0,not_flagged,eloyd,period_reference,Nmip_Day_183.txt,183,186
183,1,12,2,130.662352,0.0,not_flagged,eloyd,period_reference,Nmip_Day_183.txt,183,186
183,1,12,3,128.06982,0.0,not_flagged,eloyd,period_reference,Nmip_Day_183.txt,183,186
183,1,12,4,131.77,0.0,not_flagged,eloyd,period_reference,Nmip_Day_183.txt,183,186
183,1,12,5,129.211497,0.0,not_flagged,eloyd,period_reference,Nmip_Day_183.txt,183,186
183,1,12,6,134.383094,0.0,not_flagged,eloyd,period_reference,Nmip_Day_183.txt,183,186
183,1,12,7,131.225202,0.0,not_flagged,eloyd,period_reference,Nmip_Day_183.txt,183,186
183,1,12,8,132.73409,0.0,not_flagged,eloyd,period_reference,Nmip_Day_183.txt,183,186
183,1,12,9,131.108422,0.0,not_flagged,eloyd,period_reference,Nmip_Day_183.txt,183,186
183,1,12,10,135.406719,0.0,not_flagged,eloyd,period_reference,Nmip_Day_183.txt,183,186
183,1,12,11,132.594964,0.0,not_flagged,eloyd,period_reference,Nmip_Day_183.txt,183,186
183,1,12,12,136.339217,0.0,not_flagged,eloyd,period_reference,Nmip_Day_183.txt,183,186
183,1,12,13,131.370593,0.0,not_flagged,eloyd,period_reference,Nmip_Day_183.txt,183,186
183,1,12,14,135.074466,0.0,not_flagged,eloyd,period_reference,Nmip_Day_183.txt,183,186
183,1,12,15,137.07822,0.0,not_flagged,eloyd,period_reference,Nmip_Day_183.txt,183,186
183,1,12,16,134.836302,0.0,not_flagged,eloyd,period_reference,Nmip_Day_183.txt,183,186
183,1,12,17,134.758643,0.0,not_flagged,eloyd,period_reference,Nmip_Day_183.txt,183,186
183,1,12,18,135.956692,0.0,not_flagged,eloyd,period_reference,Nmip_Day_183.txt,183,186
183,1,12,19,135.997881,0.0,not_flagged,eloyd,period_reference,Nmip_Day_183.txt,183,186
183,1,12,20,137.002374,0.0,not_flagged,eloyd,period_reference,Nmip_Day_183.txt,183,186
183,1,12,21,136.062091,0.0,not_flagged,eloyd,period_reference,Nmip_Day_183.txt,183,186
183,1,12,22,136.495321,0.0,not_flagged,eloyd,period_reference,Nmip_Day_183.txt,183,186
183,1,12,23,132.333254,0.0,not_flagged,eloyd,period_reference,Nmip_Day_183.txt,183,186
183,1,12,24,135.601968,0.0,not_flagged,eloyd,period_reference,Nmip_Day_183.txt,183,186
183,1,12,25,137.982694,0.0,not_flagged,eloyd,period_reference,Nmip_Day_183.txt,183,186
183,1,12,26,136.126665,0.0,not_flagged,eloyd,period_reference,Nmip_Day_183.txt,183,186
183,1,12,27,136.727459,0.0,not_flagged,eloyd,period_reference,Nmip_Day_183.txt,183,186
183,1,12,28,138.423228,0.0,not_flagged,eloyd,period_reference,Nmip_Day_183.txt,183,186
183,1,12,29,135.029215,0.0,not_flagged,eloyd,period_reference,Nmip_Day_183.txt,183,186
183,1,12,30,136.241203,0.0,not_flagged,eloyd,period_reference,Nmip_Day_183.txt,183,186
183,1,12,31,134.075535,0.0,not_flagged,eloyd,period_reference,Nmip_Day_183.txt,183,186
189,0,1,1,113.812256,0.0,not_flagged,eloyd,period_reference,Nmip_Day_189.txt,188,189
189,0,1,2,123.571243,0.0,not_flagged,eloyd,period_reference,Nmip_Day_189.txt,188,189
189,0,1,3,116.589684,0.0,not_flagged,eloyd,period_reference,Nmip_Day_189.txt,188,189
189,0,1,4,130.727295,0.0,not_flagged,eloyd,period_reference,Nmip_Day_189.txt,188,189
189,0,1,5,122.038506,0.0,not_flagged,eloyd,period_reference,Nmip_Day_189.txt,188,189
189,0,1,6,128.41835,0.0,not_flagged,eloyd,period_reference,Nmip_Day_189.txt,188,189
189,0,1,7,120.605659,0.0,not_flagged,eloyd,period_reference,Nmip_Day_189.txt,188,189
189,0,1,8,128.377426,0.0,not_flagged,eloyd,period_reference,Nmip_Day_189.txt,188,189
189,0,1,9,125.711296,0.0,not_flagged,eloyd,period_reference,Nmip_Day_189.txt,188,189
189,0,1,10,135.937607,0.0,not_flagged,eloyd,period_reference,Nmip_Day_189.txt,188,189
189,0,1,11,136.040329,0.0,not_flagged,eloyd,period_reference,Nmip_Day_189.txt,188,189
189,0,1,12,137.528076,0.0,not_flagged,eloyd,period_reference,Nmip_Day_189.txt,188,189
189,0,1,13,136.689758,0.0,not_flagged,eloyd,period_reference,Nmip_Day_189.txt,188,189
189,0,1,14,136.745895,0.0,not_flagged,eloyd,period_reference,Nmip_Day_189.txt,188,189
189,0,1,15,137.307541,0.0,not_flagged,eloyd,period_reference,Nmip_Day_189.txt,188,189
189,0,1,16,134.685944,0.0,not_flagged,eloyd,period_reference,Nmip_Day_189.txt,188,189
189,0,1,17,134.592346,0.0,not_flagged,eloyd,period_reference,Nmip_Day_189.txt,188,189
189,0,1,18,137.25148,0.0,not_flagged,eloyd,period_reference,Nmip_Day_189.txt,188,189
189,0,1,19,132.4133,0.0,not_flagged,eloyd,period_reference,Nmip_Day_189.txt,188,189
189,0,1,20,135.255829,0.0,not_flagged,eloyd,period_reference,Nmip_Day_189.txt,188,189
189,0,1,21,135.09758,0.0,not_flagged,eloyd,period_reference,Nmip_Day_189.txt,188,189
189,0,1,22,136.205765,0.0,not_flagged,eloyd,period_reference,Nmip_Day_189.txt,188,189
189,0,1,23,136.352234,0.0,not_flagged,eloyd,period_reference,Nmip_Day_189.txt,188,189
189,0,1,24,138.046646,0.0,not_flagged,eloyd,period_reference,Nmip_Day_189.txt,188,189
189,0,1,25,137.358902,0.0,not_flagged,eloyd,period_reference,Nmip_Day_189.txt,188,189
189,0,1,26,137.044937,0.0,not_flagged,eloyd,period_reference,Nmip_Day_189.txt,188,189
189,0,1,27,139.755539,0.0,not_flagged,eloyd,period_reference,Nmip_Day_189.txt,188,189
189,0,1,28,137.078995,0.0,not_flagged,eloyd,period_reference,Nmip_Day_189.txt,188,189
189,0,1,29,135.628174,0.0,not_flagged,eloyd,period_reference,Nmip_Day_189.txt,188,189
189,0,1,30,137.241791,0.0,not_flagged,eloyd,period_reference,Nmip_Day_189.txt,188,189
189,0,1,31,138.920181,0.0,not_flagged,eloyd,period_reference,Nmip_Day_189.txt,188,189
189,0,2,1,137.547409,0.0,not_flagged,eloyd,period_reference,Nmip_Day_189.txt,188,189
189,0,2,2,134.836166,0.0,not_flagged,eloyd,period_reference,Nmip_Day_189.txt,188,189
189,0,2,3,134.887314,0.0,not_flagged,eloyd,period_reference,Nmip_Day_189.txt,188,189
189,0,2,4,132.843552,0.0,not_flagged,eloyd,period_reference,Nmip_Day_189.txt,188,189
189,0,2,5,133.429382,0.0,not_flagged,eloyd,period_reference,Nmip_Day_189.txt,188,189
189,0,2,6,132.934113,0.0,not_flagged,eloyd,period_reference,Nmip_Day_189.txt,188,189
189,0,2,7,132.258484,0.0,not_flagged,eloyd,period_reference,Nmip_Day_189.txt,188,189
189,0,2,8,132.319702,0.0,not_flagged,eloyd,period_reference,Nmip_Day_189.txt,188,189
189,0,2,9,132.161636,0.0,not_flagged,eloyd,period_reference,Nmip_Day_189.txt,188,189
189,0,2,10,138.194427,0.0,not_flagged,eloyd,period_reference,Nmip_Day_189.txt,188,189
189,0,2,11,140.070465,0.0,not_flagged,eloyd,period_reference,Nmip_Day_189.txt,188,189
189,0,2,12,139.102051,0.0,not_flagged,eloyd,period_reference,Nmip_Day_189.txt,188,189
189,0,2,13,140.540695,0.0,not_flagged,eloyd,period_reference,Nmip_Day_189.txt,188,189
189,0,2,14,140.080704,0.0,not_flagged,eloyd,period_reference,Nmip_Day_189.txt,188,189
189,0,2,15,139.094879,0.0,not_flagged,eloyd,period_reference,Nmip_Day_189.txt,188,189
189,0,2,16,139.118896,0.0,not_flagged,eloyd,period_reference,Nmip_Day_189.txt,188,189
189,0,2,17,139.580536,0.0,not_flagged,eloyd,period_reference,Nmip_Day_189.txt,188,189
189,0,2,18,137.155533,0.0,not_flagged,eloyd,period_reference,Nmip_Day_189.txt,188,189
189,0,2,19,137.459549,0.0,not_flagged,eloyd,period_reference,Nmip_Day_189.txt,188,189
189,0,2,20,139.416168,0.0,not_flagged,eloyd,period_reference,Nmip_Day_189.txt,188,189
189,0,2,21,136.838745,0.0,not_flagged,eloyd,period_reference,Nmip_Day_189.txt,188,189
189,0,2,22,138.55127,0.0,not_flagged,eloyd,period_reference,Nmip_Day_189.txt,188,189
189,0,2,23,137.850861,0.0,not_flagged,eloyd,period_reference,Nmip_Day_189.txt,188,189
189,0,2,24,138.976105,0.0,not_flagged,eloyd,period_reference,Nmip_Day_189.txt,188,189
189,0,2,25,135.776459,0.0,not_flagged,eloyd,period_reference,Nmip_Day_189.txt,188,189
189,0,2,26,139.766769,0.0,not_flagged,eloyd,period_reference,Nmip_Day_189.txt,188,189
189,0,2,27,141.157669,0.0,not_flagged,eloyd,period_reference,Nmip_Day_189.txt,188,189
189,0,2,28,138.673462,0.0,not_flagged,eloyd,period_reference,Nmip_Day_189.txt,188,189
189,0,2,29,136.459686,0.0,not_flagged,eloyd,period_reference,Nmip_Day_189.txt,188,189
189,0,2,30,136.880493,0.0,not_flagged,eloyd,period_reference,Nmip_Day_189.txt,188,189
189,0,2,31,136.353836,0.0,not_flagged,eloyd,period_reference,Nmip_Day_189.txt,188,189
189,0,3,1,133.901596,0.0,not_flagged,eloyd,period_reference,Nmip_Day_189.txt,188,189
189,0,3,2,129.692673,0.0,not_flagged,eloyd,period_reference,Nmip_Day_189.txt,188,189
189,0,3,3,130.849823,0.0,not_flagged,eloyd,period_reference,Nmip_Day_189.txt,188,189
189,0,3,4,132.802353,0.0,not_flagged,eloyd,period_reference,Nmip_Day_189.txt,188,189
189,0,3,5,132.902008,0.0,not_flagged,eloyd,period_reference,Nmip_Day_189.txt,188,189
189,0,3,6,132.604324,0.0,not_flagged,eloyd,period_reference,Nmip_Day_189.txt,188,189
189,0,3,7,129.428101,0.0,not_flagged,eloyd,period_reference,Nmip_Day_189.txt,188,189
189,0,3,8,130.229904,0.0,not_flagged,eloyd,period_reference,Nmip_Day_189.txt,188,189
189,0,3,9,132.331009,0.0,not_flagged,eloyd,period_reference,Nmip_Day_189.txt,188,189
189,0,3,10,137.578659,0.0,not_flagged,eloyd,period_reference,Nmip_Day_189.txt,188,189
189,0,3,11,141.19873,0.0,not_flagged,eloyd,period_reference,Nmip_Day_189.txt,188,189
189,0,3,12,138.946014,0.0,not_flagged,eloyd,period_reference,Nmip_Day_189.txt,188,189
189,0,3,13,138.974991,0.0,not_flagged,eloyd,period_reference,Nmip_Day_189.txt,188,189
189,0,3,14,138.677078,0.0,not_flagged,eloyd,period_reference,Nmip_Day_189.txt,188,189
189,0,3,15,138.336929,0.0,not_flagged,eloyd,period_reference,Nmip_Day_189.txt,188,189
189,0,3,16,139.299789,0.0,not_flagged,eloyd,period_reference,Nmip_Day_189.txt,188,189
189,0,3,17,141.030945,0.0,not_flagged,eloyd,period_reference,Nmip_Day_189.txt,188,189
189,0,3,18,138.319534,0.0,not_flagged,eloyd,period_reference,Nmip_Day_189.txt,188,189
189,0,3,19,138.690994,0.0,not_flagged,eloyd,period_reference,Nmip_Day_189.txt,188,189
189,0,3,20,134.78746,0.0,not_flagged,eloyd,period_reference,Nmip_Day_189.txt,188,189
189,0,3,21,137.730698,0.0,not_flagged,eloyd,period_reference,Nmip_Day_189.txt,188,189
189,0,3,22,139.774704,0.0,not_flagged,eloyd,period_reference,Nmip_Day_189.txt,188,189
189,0,3,23,138.180801,0.0,not_flagged,eloyd,period_reference,Nmip_Day_189.txt,188,189
189,0,3,24,135.333832,0.0,not_flagged,eloyd,period_reference,Nmip_Day_189.txt,188,189
189,0,3,25,135.627655,0.0,not_flagged,eloyd,period_reference,Nmip_Day_189.txt,188,189
189,0,3,26,132.676102,0.0,not_flagged,eloyd,period_reference,Nmip_Day_189.txt,188,189
189,0,3,27,134.125992,0.0,not_flagged,eloyd,period_reference,Nmip_Day_189.txt,188,189
189,0,3,28,133.445724,0.0,not_flagged,eloyd,period_reference,Nmip_Day_189.txt,188,189
189,0,3,29,135.04068,0.0,not_flagged,eloyd,period_reference,Nmip_Day_189.txt,188,189
189,0,3,30,132.526901,0.0,not_flagged,eloyd,period_reference,Nmip_Day_189.txt,188,189
189,0,3,31,133.900345,0.0,not_flagged,eloyd,period_reference,Nmip_Day_189.txt,188,189
189,0,4,1,139.626328,0.0,not_flagged,eloyd,period_reference,Nmip_Day_189.txt,188,189
189,0,4,2,132.957794,0.0,not_flagged,eloyd,period_reference,Nmip_Day_189.txt,188,189
189,0,4,3,133.930054,0.0,not_flagged,eloyd,period_reference,Nmip_Day_189.txt,188,189
189,0,4,4,133.677078,0.0,not_flagged,eloyd,period_reference,Nmip_Day_189.txt,188,189
189,0,4,5,134.679138,0.0,not_flagged,eloyd,period_reference,Nmip_Day_189.txt,188,189
189,0,4,6,134.165924,0.0,not_flagged,eloyd,period_reference,Nmip_Day_189.txt,188,189
189,0,4,7,135.461929,0.0,not_flagged,eloyd,period_reference,Nmip_Day_189.txt,188,189
189,0,4,8,134.66394,0.0,not_flagged,eloyd,period_reference,Nmip_Day_189.txt,188,189
189,0,4,9,132.065659,0.0,not_flagged,eloyd,period_reference,Nmip_Day_189.txt,188,189
189,0,4,10,139.840744,0.0,not_flagged,eloyd,period_reference,Nmip_Day_189.txt,188,189
189,0,4,11,141.42186,0.0,not_flagged,eloyd,period_reference,Nmip_Day_189.txt,188,189
189,0,4,12,141.699341,0.0,not_flagged,eloyd,period_reference,Nmip_Day_189.txt,188,189
189,0,4,13,138.45546,0.0,not_flagged,eloyd,period_reference,Nmip_Day_189.txt,188,189
189,0,4,14,141.567093,0.0,not_flagged,eloyd,period_reference,Nmip_Day_189.txt,188,189
189,0,4,15,139.950272,0.0,not_flagged,eloyd,period_reference,Nmip_Day_189.txt,188,189
189,0,4,16,139.585709,0.0,not_flagged,eloyd,period_reference,Nmip_Day_189.txt,188,189
189,0,4,17,138.302719,0.0,not_flagged,eloyd,period_reference,Nmip_Day_189.txt,188,189
189,0,4,18,140.01799,0.0,not_flagged,eloyd,period_reference,Nmip_Day_189.txt,188,189
189,0,4,19,139.756805,0.0,not_flagged,eloyd,period_reference,Nmip_Day_189.txt,188,189
189,0,4,20,138.333542,0.0,not_flagged,eloyd,period_reference,Nmip_Day_189.txt,188,189
189,0,4,21,136.573715,0.0,not_flagged,eloyd,period_reference,Nmip_Day_189.txt,188,189
189,0,4,22,138.416931,0.0,not_flagged,eloyd,period_reference,Nmip_Day_189.txt,188,189
189,0,4,23,137.172638,0.0,not_flagged,eloyd,period_reference,Nmip_Day_189.txt,188,189
189,0,4,24,139.362381,0.0,not_flagged,eloyd,period_reference,Nmip_Day_189.txt,188,189
189,0,4,25,129.802872,0.0,not_flagged,eloyd,period_reference,Nmip_Day_189.txt,188,189
189,0,4,26,137.334152,0.0,not_flagged,eloyd,period_reference,Nmip_Day_189.txt,188,189
189,0,4,27,129.652954,0.0,not_flagged,eloyd,period_reference,Nmip_Day_189.txt,188,189
189,0,4,28,133.829712,0.0,not_flagged,eloyd,period_reference,Nmip_Day_189.txt,188,189
189,0,4,29,133.924301,0.0,not_flagged,eloyd,period_reference,Nmip_Day_189.txt,188,189
189,0,4,30,131.337769,0.0,not_flagged,eloyd,period_reference,Nmip_Day_189.txt,188,189
189,0,4,31,132.433853,0.0,not_flagged,eloyd,period_reference,Nmip_Day_189.txt,188,189
189,0,5,1,132.841248,0.0,not_flagged,eloyd,period_reference,Nmip_Day_189.txt,188,189
189,0,5,2,136.634369,0.0,not_flagged,eloyd,period_reference,Nmip_Day_189.txt,188,189
189,0,5,3,135.578812,0.0,not_flagged,eloyd,period_reference,Nmip_Day_189.txt,188,189
189,0,5,4,135.808792,0.0,not_flagged,eloyd,period_reference,Nmip_Day_189.txt,188,189
189,0,5,5,132.83223,0.0,not_flagged,eloyd,period_reference,Nmip_Day_189.txt,188,189
189,0,5,6,134.280396,0.0,not_flagged,eloyd,period_reference,Nmip_Day_189.txt,188,189
189,0,5,7,131.350815,0.0,not_flagged,eloyd,period_reference,Nmip_Day_189.txt,188,189
189,0,5,8,132.060364,0.0,not_flagged,eloyd,period_reference,Nmip_Day_189.txt,188,189
189,0,5,9,131.233582,0.0,not_flagged,eloyd,period_reference,Nmip_Day_189.txt,188,189
189,0,5,10,132.143539,0.0,not_flagged,eloyd,period_reference,Nmip_Day_189.txt,188,189
189,0,5,11,136.108383,0.0,not_flagged,eloyd,period_reference,Nmip_Day_189.txt,188,189
189,0,5,12,139.04541,0.0,not_flagged,eloyd,period_reference,Nmip_Day_189.txt,188,189
189,0,5,13,135.601822,0.0,not_flagged,eloyd,period_reference,Nmip_Day_189.txt,188,189
189,0,5,14,129.830566,0.0,not_flagged,eloyd,period_reference,Nmip_Day_189.txt,188,189
189,0,5,15,136.336975,0.0,not_flagged,eloyd,period_reference,Nmip_Day_189.txt,188,189
189,0,5,16,134.387436,0.0,not_flagged,eloyd,period_reference,Nmip_Day_189.txt,188,189
189,0,5,17,137.909424,0.0,not_flagged,eloyd,period_reference,Nmip_Day_189.txt,188,189
189,0,5,18,135.580368,0.0,not_flagged,eloyd,period_reference,Nmip_Day_189.txt,188,189
189,0,5,19,134.716461,0.0,not_flagged,eloyd,period_reference,Nmip_Day_189.txt,188,189
189,0,5,20,135.523575,0.0,not_flagged,eloyd,period_reference,Nmip_Day_189.txt,188,189
189,0,5,21,137.18808,0.0,not_flagged,eloyd,period_reference,Nmip_Day_189.txt,188,189
189,0,5,22,137.306152,0.0,not_flagged,eloyd,period_reference,Nmip_Day_189.txt,188,189
189,0,5,23,136.624557,0.0,not_flagged,eloyd,period_reference,Nmip_Day_189.txt,188,189
189,0,5,24,137.922516,0.0,not_flagged,eloyd,period_reference,Nmip_Day_189.txt,188,189
189,0,5,25,135.41246,0.0,not_flagged,eloyd,period_reference,Nmip_Day_189.txt,188,189
189,0,5,26,136.514694,0.0,not_flagged,eloyd,period_reference,Nmip_Day_189.txt,188,189
189,0,5,27,135.804718,0.0,not_flagged,eloyd,period_reference,Nmip_Day_189.txt,188,189
189,0,5,28,135.447311,0.0,not_flagged,eloyd,period_reference,Nmip_Day_189.txt,188,189
189,0,5,29,134.134445,0.0,not_flagged,eloyd,period_reference,Nmip_Day_189.txt,188,189
189,0,5,30,136.778366,0.0,not_flagged,eloyd,period_reference,Nmip_Day_189.txt,188,189
189,0,5,31,136.388412,0.0,not_flagged,eloyd,period_reference,Nmip_Day_189.txt,188,189
189,0,6,1,126.843132,0.0,not_flagged,eloyd,period_reference,Nmip_Day_189.txt,188,189
189,0,6,2,123.180664,0.0,not_flagged,eloyd,period_reference,Nmip_Day_189.txt,188,189
189,0,6,3,124.805176,0.0,not_flagged,eloyd,period_reference,Nmip_Day_189.txt,188,189
189,0,6,4,133.13092,0.0,not_flagged,eloyd,period_reference,Nmip_Day_189.txt,188,189
189,0,6,5,125.130447,0.0,not_flagged,eloyd,period_reference,Nmip_Day_189.txt,188,189
189,0,6,6,133.815445,0.0,not_flagged,eloyd,period_reference,Nmip_Day_189.txt,188,189
189,0,6,7,132.493271,0.0,not_flagged,eloyd,period_reference,Nmip_Day_189.txt,188,189
189,0,6,8,133.594864,0.0,not_flagged,eloyd,period_reference,Nmip_Day_189.txt,188,189
189,0,6,9,131.667816,0.0,not_flagged,eloyd,period_reference,Nmip_Day_189.txt,188,189
189,0,6,10,133.745178,0.0,not_flagged,eloyd,period_reference,Nmip_Day_189.txt,188,189
189,0,6,11,137.624695,0.0,not_flagged,eloyd,period_reference,Nmip_Day_189.txt,188,189
189,0,6,12,137.150558,0.0,not_flagged,eloyd,period_reference,Nmip_Day_189.txt,188,189
189,0,6,13,138.399414,0.0,not_flagged,eloyd,period_reference,Nmip_Day_189.txt,188,189
189,0,6,14,138.434753,0.0,not_flagged,eloyd,period_reference,Nmip_Day_189.txt,188,189
189,0,6,15,141.735535,0.0,not_flagged,eloyd,period_reference,Nmip_Day_189.txt,188,189
189,0,6,16,137.725632,0.0,not_flagged,eloyd,period_reference,Nmip_Day_189.txt,188,189
189,0,6,17,138.09552,0.0,not_flagged,eloyd,period_reference,Nmip_Day_189.txt,188,189
189,0,6,18,138.460007,0.0,not_flagged,eloyd,period_reference,Nmip_Day_189.txt,188,189
189,0,6,19,135.185226,0.0,not_flagged,eloyd,period_reference,Nmip_Day_189.txt,188,189
189,0,6,20,138.134811,0.0,not_flagged,eloyd,period_reference,Nmip_Day_189.txt,188,189
189,0,6,21,137.746964,0.0,not_flagged,eloyd,period_reference,Nmip_Day_189.txt,188,189
189,0,6,22,140.484299,0.0,not_flagged,eloyd,period_reference,Nmip_Day_189.txt,188,189
189,0,6,23,137.35791,0.0,not_flagged,eloyd,period_reference,Nmip_Day_189.txt,188,189
189,0,6,24,136.511459,0.0,not_flagged,eloyd,period_reference,Nmip_Day_189.txt,188,189
189,0,6,25,137.26738,0.0,not_flagged,eloyd,period_reference,Nmip_Day_189.txt,188,189
189,0,6,26,136.452225,0.0,not_flagged,eloyd,period_reference,Nmip_Day_189.txt,188,189
189,0,6,27,134.668289,0.0,not_flagged,eloyd,period_reference,Nmip_Day_189.txt,188,189
189,0,6,28,139.494247,0.0,not_flagged,eloyd,period_reference,Nmip_Day_189.txt,188,189
189,0,6,29,136.275009,0.0,not_flagged,eloyd,period_reference,Nmip_Day_189.txt,188,189
189,0,6,30,133.912796,0.0,not_flagged,eloyd,period_reference,Nmip_Day_189.txt,188,189
189,0,6,31,137.198196,0.0,not_flagged,eloyd,period_reference,Nmip_Day_189.txt,188,189
189,0,7,1,128.66864,0.0,not_flagged,eloyd,period_reference,Nmip_Day_189.txt,188,189
189,0,7,2,131.834793,0.0,not_flagged,eloyd,period_reference,Nmip_Day_189.txt,188,189
189,0,7,3,131.32309,0.0,not_flagged,eloyd,period_reference,Nmip_Day_189.txt,188,189
189,0,7,4,133.492172,0.0,not_flagged,eloyd,period_reference,Nmip_Day_189.txt,188,189
189,0,7,5,130.591751,0.0,not_flagged,eloyd,period_reference,Nmip_Day_189.txt,188,189
189,0,7,6,131.830933,0.0,not_flagged,eloyd,period_reference,Nmip_Day_189.txt,188,189
189,0,7,7,131.922363,0.0,not_flagged,eloyd,period_reference,Nmip_Day_189.txt,188,189
189,0,7,8,133.63205,0.0,not_flagged,eloyd,period_reference,Nmip_Day_189.txt,188,189
189,0,7,9,132.147842,0.0,not_flagged,eloyd,period_reference,Nmip_Day_189.txt,188,189
189,0,7,10,137.218536,0.0,not_flagged,eloyd,period_reference,Nmip_Day_189.txt,188,189
189,0,7,11,140.316956,0.0,not_flagged,eloyd,period_reference,Nmip_Day_189.txt,188,189
189,0,7,12,136.450455,0.0,not_flagged,eloyd,period_reference,Nmip_Day_189.txt,188,189
189,0,7,13,137.533295,0.0,not_flagged,eloyd,period_reference,Nmip_Day_189.txt,188,189
189,0,7,14,139.520004,0.0,not_flagged,eloyd,period_reference,Nmip_Day_189.txt,188,189
189,0,7,15,138.501053,0.0,not_flagged,eloyd,period_reference,Nmip_Day_189.txt,188,189
189,0,7,16,138.917633,0.0,not_flagged,eloyd,period_reference,Nmip_Day_189.txt,188,189
189,0,7,17,137.167419,0.0,not_flagged,eloyd,period_reference,Nmip_Day_189.txt,188,189
189,0,7,18,139.547302,0.0,not_flagged,eloyd,period_reference,Nmip_Day_189.txt,188,189
189,0,7,19,137.381973,0.0,not_flagged,eloyd,period_reference,Nmip_Day_189.txt,188,189
189,0,7,20,139.40155,0.0,not_flagged,eloyd,period_reference,Nmip_Day_189.txt,188,189
189,0,7,21,138.069641,0.0,not_flagged,eloyd,period_reference,Nmip_Day_189.txt,188,189
189,0,7,22,139.652893,0.0,not_flagged,eloyd,period_reference,Nmip_Day_189.txt,188,189
189,0,7,23,137.632996,0.0,not_flagged,eloyd,period_reference,Nmip_Day_189.txt,188,189
189,0,7,24,136.027969,0.0,not_flagged,eloyd,period_reference,Nmip_Day_189.txt,188,189
189,0,7,25,133.601807,0.0,not_flagged,eloyd,period_reference,Nmip_Day_189.txt,188,189
189,0,7,26,137.904861,0.0,not_flagged,eloyd,period_reference,Nmip_Day_189.txt,188,189
189,0,7,27,134.99527,0.0,not_flagged,eloyd,period_reference,Nmip_Day_189.txt,188,189
189,0,7,28,138.075562,0.0,not_flagged,eloyd,period_reference,Nmip_Day_189.txt,188,189
189,0,7,29,137.017273,0.0,not_flagged,eloyd,period_reference,Nmip_Day_189.txt,188,189
189,0,7,30,139.243988,0.0,not_flagged,eloyd,period_reference,Nmip_Day_189.txt,188,189
189,0,7,31,133.956558,0.0,not_flagged,eloyd,period_reference,Nmip_Day_189.txt,188,189
189,0,8,1,135.990128,0.0,not_flagged,eloyd,period_reference,Nmip_Day_189.txt,188,189
189,0,8,2,132.016251,0.0,not_flagged,eloyd,period_reference,Nmip_Day_189.txt,188,189
189,0,8,3,135.51738,0.0,not_flagged,eloyd,period_reference,Nmip_Day_189.txt,188,189
189,0,8,4,132.316086,0.0,not_flagged,eloyd,period_reference,Nmip_Day_189.txt,188,189
189,0,8,5,131.619659,0.0,not_flagged,eloyd,period_reference,Nmip_Day_189.txt,188,189
189,0,8,6,132.061035,0.0,not_flagged,eloyd,period_reference,Nmip_Day_189.txt,188,189
189,0,8,7,135.386124,0.0,not_flagged,eloyd,period_reference,Nmip_Day_189.txt,188,189
189,0,8,8,133.69278,0.0,not_flagged,eloyd,period_reference,Nmip_Day_189.txt,188,189
189,0,8,9,133.765396,0.0,not_flagged,eloyd,period_reference,Nmip_Day_189.txt,188,189
189,0,8,10,142.464127,0.0,not_flagged,eloyd,period_reference,Nmip_Day_189.txt,188,189
189,0,8,11,140.755844,0.0,not_flagged,eloyd,period_reference,Nmip_Day_189.txt,188,189
189,0,8,12,143.2491,0.0,not_flagged,eloyd,period_reference,Nmip_Day_189.txt,188,189
189,0,8,13,141.362183,0.0,not_flagged,eloyd,period_reference,Nmip_Day_189.txt,188,189
189,0,8,14,142.710754,0.0,not_flagged,eloyd,period_reference,Nmip_Day_189.txt,188,189
189,0,8,15,141.819702,0.0,not_flagged,eloyd,period_reference,Nmip_Day_189.txt,188,189
189,0,8,16,142.075562,0.0,not_flagged,eloyd,period_reference,Nmip_Day_189.txt,188,189
189,0,8,17,139.913956,0.0,not_flagged,eloyd,period_reference,Nmip_Day_189.txt,188,189
189,0,8,18,139.417923,0.0,not_flagged,eloyd,period_reference,Nmip_Day_189.txt,188,189
189,0,8,19,139.250122,0.0,not_flagged,eloyd,period_reference,Nmip_Day_189.txt,188,189
189,0,8,20,140.462189,0.0,not_flagged,eloyd,period_reference,Nmip_Day_189.txt,188,189
189,0,8,21,138.698364,0.0,not_flagged,eloyd,period_reference,Nmip_Day_189.txt,188,189
189,0,8,22,141.246765,0.0,not_flagged,eloyd,period_reference,Nmip_Day_189.txt,188,189
189,0,8,23,140.247864,0.0,not_flagged,eloyd,period_reference,Nmip_Day_189.txt,188,189
189,0,8,24,138.360977,0.0,not_flagged,eloyd,period_reference,Nmip_Day_189.txt,188,189
189,0,8,25,134.854263,0.0,not_flagged,eloyd,period_reference,Nmip_Day_189.txt,188,189
189,0,8,26,135.906433,0.0,not_flagged,eloyd,period_reference,Nmip_Day_189.txt,188,189
189,0,8,27,136.765915,0.0,not_flagged,eloyd,period_reference,Nmip_Day_189.txt,188,189
189,0,8,28,135.697495,0.0,not_flagged,eloyd,period_reference,Nmip_Day_189.txt,188,189
189,0,8,29,136.758514,0.0,not_flagged,eloyd,period_reference,Nmip_Day_189.txt,188,189
189,0,8,30,137.255875,0.0,not_flagged,eloyd,period_reference,Nmip_Day_189.txt,188,189
189,0,8,31,133.455429,0.0,not_flagged,eloyd,period_reference,Nmip_Day_189.txt,188,189
189,0,9,1,136.997528,0.0,not_flagged,eloyd,period_reference,Nmip_Day_189.txt,188,189
189,0,9,2,133.689026,0.0,not_flagged,eloyd,period_reference,Nmip_Day_189.txt,188,189
189,0,9,3,134.004013,0.0,not_flagged,eloyd,period_reference,Nmip_Day_189.txt,188,189
189,0,9,4,132.994858,0.0,not_flagged,eloyd,period_reference,Nmip_Day_189.txt,188,189
189,0,9,5,132.343109,0.0,not_flagged,eloyd,period_reference,Nmip_Day_189.txt,188,189
189,0,9,6,129.6707,0.0,not_flagged,eloyd,period_reference,Nmip_Day_189.txt,188,189
189,0,9,7,132.691803,0.0,not_flagged,eloyd,period_reference,Nmip_Day_189.txt,188,189
189,0,9,8,129.177383,0.0,not_flagged,eloyd,period_reference,Nmip_Day_189.txt,188,189
189,0,9,9,132.064835,0.0,not_flagged,eloyd,period_reference,Nmip_Day_189.txt,188,189
189,0,9,10,137.482468,0.0,not_flagged,eloyd,period_reference,Nmip_Day_189.txt,188,189
189,0,9,11,138.094055,0.0,not_flagged,eloyd,period_reference,Nmip_Day_189.txt,188,189
189,0,9,12,137.85881,0.0,not_flagged,eloyd,period_reference,Nmip_Day_189.txt,188,189
189,0,9,13,136.803406,0.0,not_flagged,eloyd,period_reference,Nmip_Day_189.txt,188,189
189,0,9,14,141.532684,0.0,not_flagged,eloyd,period_reference,Nmip_Day_189.txt,188,189
189,0,9,15,137.488312,0.0,not_flagged,eloyd,period_reference,Nmip_Day_189.txt,188,189
189,0,9,16,139.287918,0.0,not_flagged,eloyd,period_reference,Nmip_Day_189.txt,188,189
189,0,9,17,139.918991,0.0,not_flagged,eloyd,period_reference,Nmip_Day_189.txt,188,189
189,0,9,18,140.908371,0.0,not_flagged,eloyd,period_reference,Nmip_Day_189.txt,188,189
189,0,9,19,137.931824,0.0,not_flagged,eloyd,period_reference,Nmip_Day_189.txt,188,189
189,0,9,20,139.821426,0.0,not_flagged,eloyd,period_reference,Nmip_Day_189.txt,188,189
189,0,9,21,142.597794,0.0,not_flagged,eloyd,period_reference,Nmip_Day_189.txt,188,189
189,0,9,22,141.39064,0.0,not_flagged,eloyd,period_reference,Nmip_Day_189.txt,188,189
189,0,9,23,139.525909,0.0,not_flagged,eloyd,period_reference,Nmip_Day_189.txt,188,189
189,0,9,24,136.363403,0.0,not_flagged,eloyd,period_reference,Nmip_Day_189.txt,188,189
189,0,9,25,135.88855,0.0,not_flagged,eloyd,period_reference,Nmip_Day_189.txt,188,189
189,0,9,26,139.149353,0.0,not_flagged,eloyd,period_reference,Nmip_Day_189.txt,188,189
189,0,9,27,137.811844,0.0,not_flagged,eloyd,period_reference,Nmip_Day_189.txt,188,189
189,0,9,28,137.024521,0.0,not_flagged,eloyd,period_reference,Nmip_Day_189.txt,188,189
189,0,9,29,136.463074,0.0,not_flagged,eloyd,period_reference,Nmip_Day_189.txt,188,189
189,0,9,30,140.613083,0.0,not_flagged,eloyd,period_reference,Nmip_Day_189.txt,188,189
189,0,9,31,137.038147,0.0,not_flagged,eloyd,period_reference,Nmip_Day_189.txt,188,189
189,0,10,1,132.210861,0.0,not_flagged,eloyd,period_reference,Nmip_Day_189.txt,188,189
189,0,10,2,132.783447,0.0,not_flagged,eloyd,period_reference,Nmip_Day_189.txt,188,189
189,0,10,3,128.659332,0.0,not_flagged,eloyd,period_reference,Nmip_Day_189.txt,188,189
189,0,10,4,131.813736,0.0,not_flagged,eloyd,period_reference,Nmip_Day_189.txt,188,189
189,0,10,5,130.720078,0.0,not_flagged,eloyd,period_reference,Nmip_Day_189.txt,188,189
189,0,10,6,131.176514,0.0,not_flagged,eloyd,period_reference,Nmip_Day_189.txt,188,189
189,0,10,7,131.900314,0.0,not_flagged,eloyd,period_reference,Nmip_Day_189.txt,188,189
189,0,10,8,133.791367,0.0,not_flagged,eloyd,period_reference,Nmip_Day_189.txt,188,189
189,0,10,9,134.908035,0.0,not_flagged,eloyd,period_reference,Nmip_Day_189.txt,188,189
189,0,10,10,141.38652,0.0,not_flagged,eloyd,period_reference,Nmip_Day_189.txt,188,189
189,0,10,11,141.580582,0.0,not_flagged,eloyd,period_reference,Nmip_Day_189.txt,188,189
189,0,10,12,139.636414,0.0,not_flagged,eloyd,period_reference,Nmip_Day_189.txt,188,189
189,0,10,13,141.552185,0.0,not_flagged,eloyd,period_reference,Nmip_Day_189.txt,188,189
189,0,10,14,140.663101,0.0,not_flagged,eloyd,period_reference,Nmip_Day_189.txt,188,189
189,0,10,15,139.465363,0.0,not_flagged,eloyd,period_reference,Nmip_Day_189.txt,188,189
189,0,10,16,142.917542,0.0,not_flagged,eloyd,period_reference,Nmip_Day_189.txt,188,189
189,0,10,17,143.559555,0.0,not_flagged,eloyd,period_reference,Nmip_Day_189.txt,188,189
189,0,10,18,141.640991,0.0,not_flagged,eloyd,period_reference,Nmip_Day_189.txt,188,189
189,0,10,19,142.261841,0.0,not_flagged,eloyd,period_reference,Nmip_Day_189.txt,188,189
189,0,10,20,141.229034,0.0,not_flagged,eloyd,period_reference,Nmip_Day_189.txt,188,189
189,0,10,21,143.061691,0.0,not_flagged,eloyd,period_reference,Nmip_Day_189.txt,188,189
189,0,10,22,141.950272,0.0,not_flagged,eloyd,period_reference,Nmip_Day_189.txt,188,189
189,0,10,23,143.361588,0.0,not_flagged,eloyd,period_reference,Nmip_Day_189.txt,188,189
189,0,10,24,137.657242,0.0,not_flagged,eloyd,period_reference,Nmip_Day_189.txt,188,189
189,0,10,25,138.215164,0.0,not_flagged,eloyd,period_reference,Nmip_Day_189.txt,188,189
189,0,10,26,139.130722,0.0,not_flagged,eloyd,period_reference,Nmip_Day_189.txt,188,189
189,0,10,27,139.418579,0.0,not_flagged,eloyd,period_reference,Nmip_Day_189.txt,188,189
189,0,10,28,132.566833,0.0,not_flagged,eloyd,period_reference,Nmip_Day_189.txt,188,189
189,0,10,29,143.45137,0.0,not_flagged,eloyd,period_reference,Nmip_Day_189.txt,188,189
189,0,10,30,140.893311,0.0,not_flagged,eloyd,period_reference,Nmip_Day_189.txt,188,189
189,0,10,31,136.355576,0.0,not_flagged,eloyd,period_reference,Nmip_Day_189.txt,188,189
189,0,11,1,132.792786,0.0,not_flagged,eloyd,period_reference,Nmip_Day_189.txt,188,189
189,0,11,2,129.679169,0.0,not_flagged,eloyd,period_reference,Nmip_Day_189.txt,188,189
189,0,11,3,134.561996,0.0,not_flagged,eloyd,period_reference,Nmip_Day_189.txt,188,189
189,0,11,4,133.235962,0.0,not_flagged,eloyd,period_reference,Nmip_Day_189.txt,188,189
189,0,11,5,134.325272,0.0,not_flagged,eloyd,period_reference,Nmip_Day_189.txt,188,189
189,0,11,6,135.493271,0.0,not_flagged,eloyd,period_reference,Nmip_Day_189.txt,188,189
189,0,11,7,133.332642,0.0,not_flagged,eloyd,period_reference,Nmip_Day_189.txt,188,189
189,0,11,8,129.360764,0.0,not_flagged,eloyd,period_reference,Nmip_Day_189.txt,188,189
189,0,11,9,132.06752,0.0,not_flagged,eloyd,period_reference,Nmip_Day_189.txt,188,189
189,0,11,10,136.605072,0.0,not_flagged,eloyd,period_reference,Nmip_Day_189.txt,188,189
189,0,11,11,138.929001,0.0,not_flagged,eloyd,period_reference,Nmip_Day_189.txt,188,189
189,0,11,12,140.479004,0.0,not_flagged,eloyd,period_reference,Nmip_Day_189.txt,188,189
189,0,11,13,138.299164,0.0,not_flagged,eloyd,period_reference,Nmip_Day_189.txt,188,189
189,0,11,14,135.695419,0.0,not_flagged,eloyd,period_reference,Nmip_Day_189.txt,188,189
189,0,11,15,139.05249,0.0,not_flagged,eloyd,period_reference,Nmip_Day_189.txt,188,189
189,0,11,16,139.327713,0.0,not_flagged,eloyd,period_reference,Nmip_Day_189.txt,188,189
189,0,11,17,134.711365,0.0,not_flagged,eloyd,period_reference,Nmip_Day_189.txt,188,189
189,0,11,18,135.832733,0.0,not_flagged,eloyd,period_reference,Nmip_Day_189.txt,188,189
189,0,11,19,133.797485,0.0,not_flagged,eloyd,period_reference,Nmip_Day_189.txt,188,189
189,0,11,20,138.538269,0.0,not_flagged,eloyd,period_reference,Nmip_Day_189.txt,188,189
189,0,11,21,134.830551,0.0,not_flagged,eloyd,period_reference,Nmip_Day_189.txt,188,189
189,0,11,22,137.374023,0.0,not_flagged,eloyd,period_reference,Nmip_Day_189.txt,188,189
189,0,11,23,135.018677,0.0,not_flagged,eloyd,period_reference,Nmip_Day_189.txt,188,189
189,0,11,24,138.210846,0.0,not_flagged,eloyd,period_reference,Nmip_Day_189.txt,188,189
189,0,11,25,135.277237,0.0,not_flagged,eloyd,period_reference,Nmip_Day_189.txt,188,189
189,0,11,26,137.933548,0.0,not_flagged,eloyd,period_reference,Nmip_Day_189.txt,188,189
189,0,11,27,136.687805,0.0,not_flagged,eloyd,period_reference,Nmip_Day_189.txt,188,189
189,0,11,28,136.911331,0.0,not_flagged,eloyd,period_reference,Nmip_Day_189.txt,188,189
189,0,11,29,134.59404,0.0,not_flagged,eloyd,period_reference,Nmip_Day_189.txt,188,189
189,0,11,30,137.365494,0.0,not_flagged,eloyd,period_reference,Nmip_Day_189.txt,188,189
189,0,11,31,135.298431,0.0,not_flagged,eloyd,period_reference,Nmip_Day_189.txt,188,189
189,0,12,1,137.88826,0.0,not_flagged,eloyd,period_reference,Nmip_Day_189.txt,188,189
189,0,12,2,130.237732,0.0,not_flagged,eloyd,period_reference,Nmip_Day_189.txt,188,189
189,0,12,3,130.119247,0.0,not_flagged,eloyd,period_reference,Nmip_Day_189.txt,188,189
189,0,12,4,133.763107,0.0,not_flagged,eloyd,period_reference,Nmip_Day_189.txt,188,189
189,0,12,5,135.954941,0.0,not_flagged,eloyd,period_reference,Nmip_Day_189.txt,188,189
189,0,12,6,133.437393,0.0,not_flagged,eloyd,period_reference,Nmip_Day_189.txt,188,189
189,0,12,7,132.103821,0.0,not_flagged,eloyd,period_reference,Nmip_Day_189.txt,188,189
189,0,12,8,134.887344,0.0,not_flagged,eloyd,period_reference,Nmip_Day_189.txt,188,189
189,0,12,9,135.159027,0.0,not_flagged,eloyd,period_reference,Nmip_Day_189.txt,188,189
189,0,12,10,138.797562,0.0,not_flagged,eloyd,period_reference,Nmip_Day_189.txt,188,189
189,0,12,11,138.934921,0.0,not_flagged,eloyd,period_reference,Nmip_Day_189.txt,188,189
189,0,12,12,138.583588,0.0,not_flagged,eloyd,period_reference,Nmip_Day_189.txt,188,189
189,0,12,13,139.109344,0.0,not_flagged,eloyd,period_reference,Nmip_Day_189.txt,188,189
189,0,12,14,136.264252,0.0,not_flagged,eloyd,period_reference,Nmip_Day_189.txt,188,189
189,0,12,15,139.981155,0.0,not_flagged,eloyd,period_reference,Nmip_Day_189.txt,188,189
189,0,12,16,141.961014,0.0,not_flagged,eloyd,period_reference,Nmip_Day_189.txt,188,189
189,0,12,17,138.285904,0.0,not_flagged,eloyd,period_reference,Nmip_Day_189.txt,188,189
189,0,12,18,139.976013,0.0,not_flagged,eloyd,period_reference,Nmip_Day_189.txt,188,189
189,0,12,19,140.7005,0.0,not_flagged,eloyd,period_reference,Nmip_Day_189.txt,188,189
189,0,12,20,137.664398,0.0,not_flagged,eloyd,period_reference,Nmip_Day_189.txt,188,189
189,0,12,21,139.859985,0.0,not_flagged,eloyd,period_reference,Nmip_Day_189.txt,188,189
189,0,12,22,136.536514,0.0,not_flagged,eloyd,period_reference,Nmip_Day_189.txt,188,189
189,0,12,23,138.72908,0.0,not_flagged,eloyd,period_reference,Nmip_Day_189.txt,188,189
189,0,12,24,141.028961,0.0,not_flagged,eloyd,period_reference,Nmip_Day_189.txt,188,189
189,0,12,25,137.923325,0.0,not_flagged,eloyd,period_reference,Nmip_Day_189.txt,188,189
189,0,12,26,139.508972,0.0,not_flagged,eloyd,period_reference,Nmip_Day_189.txt,188,189
189,0,12,27,137.100616,0.0,not_flagged,eloyd,period_reference,Nmip_Day_189.txt,188,189
189,0,12,28,137.925186,0.0,not_flagged,eloyd,period_reference,Nmip_Day_189.txt,188,189
189,0,12,29,137.571518,0.0,not_flagged,eloyd,period_reference,Nmip_Day_189.txt,188,189
189,0,12,30,139.532379,0.0,not_flagged,eloyd,period_reference,Nmip_Day_189.txt,188,189
189,0,12,31,139.304749,0.0,not_flagged,eloyd,period_reference,Nmip_Day_189.txt,188,189
189,1,1,1,133.862396,0.0,not_flagged,eloyd,period_reference,Nmip_Day_189.txt,188,189
189,1,1,2,130.589996,0.0,not_flagged,eloyd,period_reference,Nmip_Day_189.txt,188,189
189,1,1,3,134.994064,0.0,not_flagged,eloyd,period_reference,Nmip_Day_189.txt,188,189
189,1,1,4,132.661591,0.0,not_flagged,eloyd,period_reference,Nmip_Day_189.txt,188,189
189,1,1,5,133.153214,0.0,not_flagged,eloyd,period_reference,Nmip_Day_189.txt,188,189
189,1,1,6,0.0,0.0,not_flagged,eloyd,period_reference,Nmip_Day_189.txt,188,189
189,1,1,7,137.289108,0.0,not_flagged,eloyd,period_reference,Nmip_Day_189.txt,188,189
189,1,1,8,136.223389,0.0,not_flagged,eloyd,period_reference,Nmip_Day_189.txt,188,189
189,1,1,9,134.624313,0.0,not_flagged,eloyd,period_reference,Nmip_Day_189.txt,188,189
189,1,1,10,137.128784,0.0,not_flagged,eloyd,period_reference,Nmip_Day_189.txt,188,189
189,1,1,11,135.834961,0.0,not_flagged,eloyd,period_reference,Nmip_Day_189.txt,188,189
189,1,1,12,134.611237,0.0,not_flagged,eloyd,period_reference,Nmip_Day_189.txt,188,189
189,1,1,13,136.939468,0.0,not_flagged,eloyd,period_reference,Nmip_Day_189.txt,188,189
189,1,1,14,135.183411,0.0,not_flagged,eloyd,period_reference,Nmip_Day_189.txt,188,189
189,1,1,15,136.577408,0.0,not_flagged,eloyd,period_reference,Nmip_Day_189.txt,188,189
189,1,1,16,136.225098,0.0,not_flagged,eloyd,period_reference,Nmip_Day_189.txt,188,189
189,1,1,17,134.627335,0.0,not_flagged,eloyd,period_reference,Nmip_Day_189.txt,188,189
189,1,1,18,137.0802,0.0,not_flagged,eloyd,period_reference,Nmip_Day_189.txt,188,189
189,1,1,19,136.794113,0.0,not_flagged,eloyd,period_reference,Nmip_Day_189.txt,188,189
189,1,1,20,136.466309,0.0,not_flagged,eloyd,period_reference,Nmip_Day_189.txt,188,189
189,1,1,21,133.140869,0.0,not_flagged,eloyd,period_reference,Nmip_Day_189.txt,188,189
189,1,1,22,136.936768,0.0,not_flagged,eloyd,period_reference,Nmip_Day_189.txt,188,189
189,1,1,23,136.491989,0.0,not_flagged,eloyd,period_reference,Nmip_Day_189.txt,188,189
189,1,1,24,142.644867,0.0,not_flagged,eloyd,period_reference,Nmip_Day_189.txt,188,189
189,1,1,25,137.950012,0.0,not_flagged,eloyd,period_reference,Nmip_Day_189.txt,188,189
189,1,1,26,138.946762,0.0,not_flagged,eloyd,period_reference,Nmip_Day_189.txt,188,189
189,1,1,27,139.223694,0.0,not_flagged,eloyd,period_reference,Nmip_Day_189.txt,188,189
189,1,1,28,139.435287,0.0,not_flagged,eloyd,period_reference,Nmip_Day_189.txt,188,189
189,1,1,29,138.588547,0.0,not_flagged,eloyd,period_reference,Nmip_Day_189.txt,188,189
189,1,1,30,138.441589,0.0,not_flagged,eloyd,period_reference,Nmip_Day_189.txt,188,189
189,1,1,31,138.740936,0.0,not_flagged,eloyd,period_reference,Nmip_Day_189.txt,188,189
189,1,2,1,133.713348,0.0,not_flagged,eloyd,period_reference,Nmip_Day_189.txt,188,189
189,1,2,2,131.997955,0.0,not_flagged,eloyd,period_reference,Nmip_Day_189.txt,188,189
189,1,2,3,133.068024,0.0,not_flagged,eloyd,period_reference,Nmip_Day_189.txt,188,189
189,1,2,4,135.874161,0.0,not_flagged,eloyd,period_reference,Nmip_Day_189.txt,188,189
189,1,2,5,136.514038,0.0,not_flagged,eloyd,period_reference,Nmip_Day_189.txt,188,189
189,1,2,6,136.40123,0.0,not_flagged,eloyd,period_reference,Nmip_Day_189.txt,188,189
189,1,2,7,137.321854,0.0,not_flagged,eloyd,period_reference,Nmip_Day_189.txt,188,189
189,1,2,8,136.901077,0.0,not_flagged,eloyd,period_reference,Nmip_Day_189.txt,188,189
189,1,2,9,138.752136,0.0,not_flagged,eloyd,period_reference,Nmip_Day_189.txt,188,189
189,1,2,10,0.0,0.0,not_flagged,eloyd,period_reference,Nmip_Day_189.txt,188,189
189,1,2,11,138.426331,0.0,not_flagged,eloyd,period_reference,Nmip_Day_189.txt,188,189
189,1,2,12,134.617569,0.0,not_flagged,eloyd,period_reference,Nmip_Day_189.txt,188,189
189,1,2,13,136.05426,0.0,not_flagged,eloyd,period_reference,Nmip_Day_189.txt,188,189
189,1,2,14,134.969025,0.0,not_flagged,eloyd,period_reference,Nmip_Day_189.txt,188,189
189,1,2,15,132.927795,0.0,not_flagged,eloyd,period_reference,Nmip_Day_189.txt,188,189
189,1,2,16,134.968384,0.0,not_flagged,eloyd,period_reference,Nmip_Day_189.txt,188,189
189,1,2,17,136.389191,0.0,not_flagged,eloyd,period_reference,Nmip_Day_189.txt,188,189
189,1,2,18,134.392853,0.0,not_flagged,eloyd,period_reference,Nmip_Day_189.txt,188,189
189,1,2,19,135.282776,0.0,not_flagged,eloyd,period_reference,Nmip_Day_189.txt,188,189
189,1,2,20,137.898209,0.0,not_flagged,eloyd,period_reference,Nmip_Day_189.txt,188,189
189,1,2,21,135.973709,0.0,not_flagged,eloyd,period_reference,Nmip_Day_189.txt,188,189
189,1,2,22,135.043442,0.0,not_flagged,eloyd,period_reference,Nmip_Day_189.txt,188,189
189,1,2,23,134.718658,0.0,not_flagged,eloyd,period_reference,Nmip_Day_189.txt,188,189
189,1,2,24,138.475067,0.0,not_flagged,eloyd,period_reference,Nmip_Day_189.txt,188,189
189,1,2,25,135.261383,0.0,not_flagged,eloyd,period_reference,Nmip_Day_189.txt,188,189
189,1,2,26,138.382355,0.0,not_flagged,eloyd,period_reference,Nmip_Day_189.txt,188,189
189,1,2,27,136.588608,0.0,not_flagged,eloyd,period_reference,Nmip_Day_189.txt,188,189
189,1,2,28,136.030334,0.0,not_flagged,eloyd,period_reference,Nmip_Day_189.txt,188,189
189,1,2,29,136.944702,0.0,not_flagged,eloyd,period_reference,Nmip_Day_189.txt,188,189
189,1,2,30,137.491852,0.0,not_flagged,eloyd,period_reference,Nmip_Day_189.txt,188,189
189,1,2,31,137.616913,0.0,not_flagged,eloyd,period_reference,Nmip_Day_189.txt,188,189
189,1,3,1,123.342697,0.0,not_flagged,eloyd,period_reference,Nmip_Day_189.txt,188,189
189,1,3,2,135.388046,0.0,not_flagged,eloyd,period_reference,Nmip_Day_189.txt,188,189
189,1,3,3,133.559937,0.0,not_flagged,eloyd,period_reference,Nmip_Day_189.txt,188,189
189,1,3,4,133.088501,0.0,not_flagged,eloyd,period_reference,Nmip_Day_189.txt,188,189
189,1,3,5,135.378586,0.0,not_flagged,eloyd,period_reference,Nmip_Day_189.txt,188,189
189,1,3,6,139.162109,0.0,not_flagged,eloyd,period_reference,Nmip_Day_189.txt,188,189
189,1,3,7,135.531036,0.0,not_flagged,eloyd,period_reference,Nmip_Day_189.txt,188,189
189,1,3,8,137.025879,0.0,not_flagged,eloyd,period_reference,Nmip_Day_189.txt,188,189
189,1,3,9,134.573593,0.0,not_flagged,eloyd,period_reference,Nmip_Day_189.txt,188,189
189,1,3,10,136.497635,0.0,not_flagged,eloyd,period_reference,Nmip_Day_189.txt,188,189
189,1,3,11,134.586746,0.0,not_flagged,eloyd,period_reference,Nmip_Day_189.txt,188,189
189,1,3,12,138.653305,0.0,not_flagged,eloyd,period_reference,Nmip_Day_189.txt,188,189
189,1,3,13,135.372559,0.0,not_flagged,eloyd,period_reference,Nmip_Day_189.txt,188,189
189,1,3,14,136.545059,0.0,not_flagged,eloyd,period_reference,Nmip_Day_189.txt,188,189
189,1,3,15,134.915955,0.0,not_flagged,eloyd,period_reference,Nmip_Day_189.txt,188,189
189,1,3,16,137.537354,0.0,not_flagged,eloyd,period_reference,Nmip_Day_189.txt,188,189
189,1,3,17,136.493683,0.0,not_flagged,eloyd,period_reference,Nmip_Day_189.txt,188,189
189,1,3,18,138.096375,0.0,not_flagged,eloyd,period_reference,Nmip_Day_189.txt,188,189
189,1,3,19,135.347183,0.0,not_flagged,eloyd,period_reference,Nmip_Day_189.txt,188,189
189,1,3,20,137.681168,0.0,not_flagged,eloyd,period_reference,Nmip_Day_189.txt,188,189
189,1,3,21,138.988312,0.0,not_flagged,eloyd,period_reference,Nmip_Day_189.txt,188,189
189,1,3,22,137.770874,0.0,not_flagged,eloyd,period_reference,Nmip_Day_189.txt,188,189
189,1,3,23,136.168976,0.0,not_flagged,eloyd,period_reference,Nmip_Day_189.txt,188,189
189,1,3,24,134.782959,0.0,not_flagged,eloyd,period_reference,Nmip_Day_189.txt,188,189
189,1,3,25,137.946503,0.0,not_flagged,eloyd,period_reference,Nmip_Day_189.txt,188,189
189,1,3,26,138.563477,0.0,not_flagged,eloyd,period_reference,Nmip_Day_189.txt,188,189
189,1,3,27,135.842773,0.0,not_flagged,eloyd,period_reference,Nmip_Day_189.txt,188,189
189,1,3,28,137.962021,0.0,not_flagged,eloyd,period_reference,Nmip_Day_189.txt,188,189
189,1,3,29,139.644638,0.0,not_flagged,eloyd,period_reference,Nmip_Day_189.txt,188,189
189,1,3,30,138.857422,0.0,not_flagged,eloyd,period_reference,Nmip_Day_189.txt,188,189
189,1,3,31,136.951935,0.0,not_flagged,eloyd,period_reference,Nmip_Day_189.txt,188,189
189,1,4,1,135.971786,0.0,not_flagged,eloyd,period_reference,Nmip_Day_189.txt,188,189
189,1,4,2,131.907257,0.0,not_flagged,eloyd,period_reference,Nmip_Day_189.txt,188,189
189,1,4,3,135.991104,0.0,not_flagged,eloyd,period_reference,Nmip_Day_189.txt,188,189
189,1,4,4,137.447037,0.0,not_flagged,eloyd,period_reference,Nmip_Day_189.txt,188,189
189,1,4,5,136.890503,0.0,not_flagged,eloyd,period_reference,Nmip_Day_189.txt,188,189
189,1,4,6,139.22435,0.0,not_flagged,eloyd,period_reference,Nmip_Day_189.txt,188,189
189,1,4,7,140.381424,0.0,not_flagged,eloyd,period_reference,Nmip_Day_189.txt,188,189
189,1,4,8,139.115845,0.0,not_flagged,eloyd,period_reference,Nmip_Day_189.txt,188,189
189,1,4,9,140.13208,0.0,not_flagged,eloyd,period_reference,Nmip_Day_189.txt,188,189
189,1,4,10,136.063629,0.0,not_flagged,eloyd,period_reference,Nmip_Day_189.txt,188,189
189,1,4,11,135.674423,0.0,not_flagged,eloyd,period_reference,Nmip_Day_189.txt,188,189
189,1,4,12,136.604752,0.0,not_flagged,eloyd,period_reference,Nmip_Day_189.txt,188,189
189,1,4,13,136.822769,0.0,not_flagged,eloyd,period_reference,Nmip_Day_189.txt,188,189
189,1,4,14,135.292496,0.0,not_flagged,eloyd,period_reference,Nmip_Day_189.txt,188,189
189,1,4,15,134.469009,0.0,not_flagged,eloyd,period_reference,Nmip_Day_189.txt,188,189
189,1,4,16,142.871338,0.0,not_flagged,eloyd,period_reference,Nmip_Day_189.txt,188,189
189,1,4,17,142.362213,0.0,not_flagged,eloyd,period_reference,Nmip_Day_189.txt,188,189
189,1,4,18,140.920883,0.0,not_flagged,eloyd,period_reference,Nmip_Day_189.txt,188,189
189,1,4,19,140.796509,0.0,not_flagged,eloyd,period_reference,Nmip_Day_189.txt,188,189
189,1,4,20,141.246231,0.0,not_flagged,eloyd,period_reference,Nmip_Day_189.txt,188,189
189,1,4,21,145.278427,0.0,not_flagged,eloyd,period_reference,Nmip_Day_189.txt,188,189
189,1,4,22,140.924057,0.0,not_flagged,eloyd,period_reference,Nmip_Day_189.txt,188,189
189,1,4,23,143.226608,0.0,not_flagged,eloyd,period_reference,Nmip_Day_189.txt,188,189
189,1,4,24,140.567474,0.0,not_flagged,eloyd,period_reference,Nmip_Day_189.txt,188,189
189,1,4,25,141.327835,0.0,not_flagged,eloyd,period_reference,Nmip_Day_189.txt,188,189
189,1,4,26,140.129578,0.0,not_flagged,eloyd,period_reference,Nmip_Day_189.txt,188,189
189,1,4,27,139.713211,0.0,not_flagged,eloyd,period_reference,Nmip_Day_189.txt,188,189
189,1,4,28,141.575989,0.0,not_flagged,eloyd,period_reference,Nmip_Day_189.txt,188,189
189,1,4,29,145.389023,0.0,not_flagged,eloyd,period_reference,Nmip_Day_189.txt,188,189
189,1,4,30,141.649384,0.0,not_flagged,eloyd,period_reference,Nmip_Day_189.txt,188,189
189,1,4,31,140.379761,0.0,not_flagged,eloyd,period_reference,Nmip_Day_189.txt,188,189
189,1,5,1,131.820587,0.0,not_flagged,eloyd,period_reference,Nmip_Day_189.txt,188,189
189,1,5,2,127.290489,0.0,not_flagged,eloyd,period_reference,Nmip_Day_189.txt,188,189
189,1,5,3,129.596252,0.0,not_flagged,eloyd,period_reference,Nmip_Day_189.txt,188,189
189,1,5,4,132.114746,0.0,not_flagged,eloyd,period_reference,Nmip_Day_189.txt,188,189
189,1,5,5,133.741684,0.0,not_flagged,eloyd,period_reference,Nmip_Day_189.txt,188,189
189,1,5,6,131.730453,0.0,not_flagged,eloyd,period_reference,Nmip_Day_189.txt,188,189
189,1,5,7,130.633057,0.0,not_flagged,eloyd,period_reference,Nmip_Day_189.txt,188,189
189,1,5,8,133.343613,0.0,not_flagged,eloyd,period_reference,Nmip_Day_189.txt,188,189
189,1,5,9,135.343323,0.0,not_flagged,eloyd,period_reference,Nmip_Day_189.txt,188,189
189,1,5,10,133.100311,0.0,not_flagged,eloyd,period_reference,Nmip_Day_189.txt,188,189
189,1,5,11,137.78624,0.0,not_flagged,eloyd,period_reference,Nmip_Day_189.txt,188,189
189,1,5,12,134.279419,0.0,not_flagged,eloyd,period_reference,Nmip_Day_189.txt,188,189
189,1,5,13,135.620636,0.0,not_flagged,eloyd,period_reference,Nmip_Day_189.txt,188,189
189,1,5,14,136.602829,0.0,not_flagged,eloyd,period_reference,Nmip_Day_189.txt,188,189
189,1,5,15,135.130264,0.0,not_flagged,eloyd,period_reference,Nmip_Day_189.txt,188,189
189,1,5,16,137.732071,0.0,not_flagged,eloyd,period_reference,Nmip_Day_189.txt,188,189
189,1,5,17,136.064377,0.0,not_flagged,eloyd,period_reference,Nmip_Day_189.txt,188,189
189,1,5,18,136.823685,0.0,not_flagged,eloyd,period_reference,Nmip_Day_189.txt,188,189
189,1,5,19,139.838394,0.0,not_flagged,eloyd,period_reference,Nmip_Day_189.txt,188,189
189,1,5,20,137.793518,0.0,not_flagged,eloyd,period_reference,Nmip_Day_189.txt,188,189
189,1,5,21,137.236542,0.0,not_flagged,eloyd,period_reference,Nmip_Day_189.txt,188,189
189,1,5,22,139.797028,0.0,not_flagged,eloyd,period_reference,Nmip_Day_189.txt,188,189
189,1,5,23,134.131805,0.0,not_flagged,eloyd,period_reference,Nmip_Day_189.txt,188,189
189,1,5,24,138.828293,0.0,not_flagged,eloyd,period_reference,Nmip_Day_189.txt,188,189
189,1,5,25,139.82486,0.0,not_flagged,eloyd,period_reference,Nmip_Day_189.txt,188,189
189,1,5,26,138.267059,0.0,not_flagged,eloyd,period_reference,Nmip_Day_189.txt,188,189
189,1,5,27,137.829117,0.0,not_flagged,eloyd,period_reference,Nmip_Day_189.txt,188,189
189,1,5,28,138.72995,0.0,not_flagged,eloyd,period_reference,Nmip_Day_189.txt,188,189
189,1,5,29,136.750122,0.0,not_flagged,eloyd,period_reference,Nmip_Day_189.txt,188,189
189,1,5,30,137.957825,0.0,not_flagged,eloyd,period_reference,Nmip_Day_189.txt,188,189
189,1,5,31,136.999023,0.0,not_flagged,eloyd,period_reference,Nmip_Day_189.txt,188,189
189,1,6,1,55.199959,0.0,not_flagged,eloyd,period_reference,Nmip_Day_189.txt,188,189
189,1,6,2,134.200043,0.0,not_flagged,eloyd,period_reference,Nmip_Day_189.txt,188,189
189,1,6,3,135.095963,0.0,not_flagged,eloyd,period_reference,Nmip_Day_189.txt,188,189
189,1,6,4,137.732864,0.0,not_flagged,eloyd,period_reference,Nmip_Day_189.txt,188,189
189,1,6,5,136.27121,0.0,not_flagged,eloyd,period_reference,Nmip_Day_189.txt,188,189
189,1,6,6,134.738266,0.0,not_flagged,eloyd,period_reference,Nmip_Day_189.txt,188,189
189,1,6,7,135.361435,0.0,not_flagged,eloyd,period_reference,Nmip_Day_189.txt,188,189
189,1,6,8,134.113968,0.0,not_flagged,eloyd,period_reference,Nmip_Day_189.txt,188,189
189,1,6,9,134.285919,0.0,not_flagged,eloyd,period_reference,Nmip_Day_189.txt,188,189
189,1,6,10,135.274521,0.0,not_flagged,eloyd,period_reference,Nmip_Day_189.txt,188,189
189,1,6,11,139.326126,0.0,not_flagged,eloyd,period_reference,Nmip_Day_189.txt,188,189
189,1,6,12,138.464371,0.0,not_flagged,eloyd,period_reference,Nmip_Day_189.txt,188,189
189,1,6,13,136.437195,0.0,not_flagged,eloyd,period_reference,Nmip_Day_189.txt,188,189
189,1,6,14,136.931107,0.0,not_flagged,eloyd,period_reference,Nmip_Day_189.txt,188,189
189,1,6,15,136.750687,0.0,not_flagged,eloyd,period_reference,Nmip_Day_189.txt,188,189
189,1,6,16,133.86348,0.0,not_flagged,eloyd,period_reference,Nmip_Day_189.txt,188,189
189,1,6,17,133.895554,0.0,not_flagged,eloyd,period_reference,Nmip_Day_189.txt,188,189
189,1,6,18,137.444168,0.0,not_flagged,eloyd,period_reference,Nmip_Day_189.txt,188,189
189,1,6,19,139.637299,0.0,not_flagged,eloyd,period_reference,Nmip_Day_189.txt,188,189
189,1,6,20,138.555557,0.0,not_flagged,eloyd,period_reference,Nmip_Day_189.txt,188,189
189,1,6,21,140.386444,0.0,not_flagged,eloyd,period_reference,Nmip_Day_189.txt,188,189
189,1,6,22,140.437256,0.0,not_flagged,eloyd,period_reference,Nmip_Day_189.txt,188,189
189,1,6,23,136.822586,0.0,not_flagged,eloyd,period_reference,Nmip_Day_189.txt,188,189
189,1,6,24,139.081161,0.0,not_flagged,eloyd,period_reference,Nmip_Day_189.txt,188,189
189,1,6,25,136.493164,0.0,not_flagged,eloyd,period_reference,Nmip_Day_189.txt,188,189
189,1,6,26,136.660141,0.0,not_flagged,eloyd,period_reference,Nmip_Day_189.txt,188,189
189,1,6,27,138.530426,0.0,not_flagged,eloyd,period_reference,Nmip_Day_189.txt,188,189
189,1,6,28,138.228424,0.0,not_flagged,eloyd,period_reference,Nmip_Day_189.txt,188,189
189,1,6,29,136.958099,0.0,not_flagged,eloyd,period_reference,Nmip_Day_189.txt,188,189
189,1,6,30,138.027817,0.0,not_flagged,eloyd,period_reference,Nmip_Day_189.txt,188,189
189,1,6,31,136.774185,0.0,not_flagged,eloyd,period_reference,Nmip_Day_189.txt,188,189
189,1,7,1,133.488098,0.0,not_flagged,eloyd,period_reference,Nmip_Day_189.txt,188,189
189,1,7,2,132.120056,0.0,not_flagged,eloyd,period_reference,Nmip_Day_189.txt,188,189
189,1,7,3,134.207382,0.0,not_flagged,eloyd,period_reference,Nmip_Day_189.txt,188,189
189,1,7,4,133.589706,0.0,not_flagged,eloyd,period_reference,Nmip_Day_189.txt,188,189
189,1,7,5,135.328568,0.0,not_flagged,eloyd,period_reference,Nmip_Day_189.txt,188,189
189,1,7,6,131.693344,0.0,not_flagged,eloyd,period_reference,Nmip_Day_189.txt,188,189
189,1,7,7,131.411316,0.0,not_flagged,eloyd,period_reference,Nmip_Day_189.txt,188,189
189,1,7,8,131.163559,0.0,not_flagged,eloyd,period_reference,Nmip_Day_189.txt,188,189
189,1,7,9,132.626556,0.0,not_flagged,eloyd,period_reference,Nmip_Day_189.txt,188,189
189,1,7,10,137.644913,0.0,not_flagged,eloyd,period_reference,Nmip_Day_189.txt,188,189
189,1,7,11,137.742966,0.0,not_flagged,eloyd,period_reference,Nmip_Day_189.txt,188,189
189,1,7,12,137.305817,0.0,not_flagged,eloyd,period_reference,Nmip_Day_189.txt,188,189
189,1,7,13,138.487656,0.0,not_flagged,eloyd,period_reference,Nmip_Day_189.txt,188,189
189,1,7,14,133.017151,0.0,not_flagged,eloyd,period_reference,Nmip_Day_189.txt,188,189
189,1,7,15,136.455414,0.0,not_flagged,eloyd,period_reference,Nmip_Day_189.txt,188,189
189,1,7,16,135.334076,0.0,not_flagged,eloyd,period_reference,Nmip_Day_189.txt,188,189
189,1,7,17,137.907013,0.0,not_flagged,eloyd,period_reference,Nmip_Day_189.txt,188,189
189,1,7,18,132.609863,0.0,not_flagged,eloyd,period_reference,Nmip_Day_189.txt,188,189
189,1,7,19,138.140854,0.0,not_flagged,eloyd,period_reference,Nmip_Day_189.txt,188,189
189,1,7,20,137.030182,0.0,not_flagged,eloyd,period_reference,Nmip_Day_189.txt,188,189
189,1,7,21,137.53479,0.0,not_flagged,eloyd,period_reference,Nmip_Day_189.txt,188,189
189,1,7,22,136.879105,0.0,not_flagged,eloyd,period_reference,Nmip_Day_189.txt,188,189
189,1,7,23,137.283554,0.0,not_flagged,eloyd,period_reference,Nmip_Day_189.txt,188,189
189,1,7,24,138.775543,0.0,not_flagged,eloyd,period_reference,Nmip_Day_189.txt,188,189
189,1,7,25,140.817535,0.0,not_flagged,eloyd,period_reference,Nmip_Day_189.txt,188,189
189,1,7,26,136.241058,0.0,not_flagged,eloyd,period_reference,Nmip_Day_189.txt,188,189
189,1,7,27,137.527542,0.0,not_flagged,eloyd,period_reference,Nmip_Day_189.txt,188,189
189,1,7,28,136.400131,0.0,not_flagged,eloyd,period_reference,Nmip_Day_189.txt,188,189
189,1,7,29,138.088562,0.0,not_flagged,eloyd,period_reference,Nmip_Day_189.txt,188,189
189,1,7,30,137.894196,0.0,not_flagged,eloyd,period_reference,Nmip_Day_189.txt,188,189
189,1,7,31,139.30481,0.0,not_flagged,eloyd,period_reference,Nmip_Day_189.txt,188,189
189,1,8,1,134.088928,0.0,not_flagged,eloyd,period_reference,Nmip_Day_189.txt,188,189
189,1,8,2,133.370514,0.0,not_flagged,eloyd,period_reference,Nmip_Day_189.txt,188,189
189,1,8,3,122.560539,0.0,not_flagged,eloyd,period_reference,Nmip_Day_189.txt,188,189
189,1,8,4,131.607025,0.0,not_flagged,eloyd,period_reference,Nmip_Day_189.txt,188,189
189,1,8,5,134.348846,0.0,not_flagged,eloyd,period_reference,Nmip_Day_189.txt,188,189
189,1,8,6,132.117004,0.0,not_flagged,eloyd,period_reference,Nmip_Day_189.txt,188,189
189,1,8,7,132.272202,0.0,not_flagged,eloyd,period_reference,Nmip_Day_189.txt,188,189
189,1,8,8,132.030823,0.0,not_flagged,eloyd,period_reference,Nmip_Day_189.txt,188,189
189,1,8,9,132.587189,0.0,not_flagged,eloyd,period_reference,Nmip_Day_189.txt,188,189
189,1,8,10,135.695129,0.0,not_flagged,eloyd,period_reference,Nmip_Day_189.txt,188,189
189,1,8,11,138.797943,0.0,not_flagged,eloyd,period_reference,Nmip_Day_189.txt,188,189
189,1,8,12,136.064484,0.0,not_flagged,eloyd,period_reference,Nmip_Day_189.txt,188,189
189,1,8,13,137.846863,0.0,not_flagged,eloyd,period_reference,Nmip_Day_189.txt,188,189
189,1,8,14,134.529297,0.0,not_flagged,eloyd,period_reference,Nmip_Day_189.txt,188,189
189,1,8,15,136.842087,0.0,not_flagged,eloyd,period_reference,Nmip_Day_189.txt,188,189
189,1,8,16,137.395523,0.0,not_flagged,eloyd,period_reference,Nmip_Day_189.txt,188,189
189,1,8,17,140.064178,0.0,not_flagged,eloyd,period_reference,Nmip_Day_189.txt,188,189
189,1,8,18,138.092163,0.0,not_flagged,eloyd,period_reference,Nmip_Day_189.txt,188,189
189,1,8,19,135.615219,0.0,not_flagged,eloyd,period_reference,Nmip_Day_189.txt,188,189
189,1,8,20,138.978561,0.0,not_flagged,eloyd,period_reference,Nmip_Day_189.txt,188,189
189,1,8,21,136.686096,0.0,not_flagged,eloyd,period_reference,Nmip_Day_189.txt,188,189
189,1,8,22,138.067566,0.0,not_flagged,eloyd,period_reference,Nmip_Day_189.txt,188,189
189,1,8,23,139.848129,0.0,not_flagged,eloyd,period_reference,Nmip_Day_189.txt,188,189
189,1,8,24,134.273712,0.0,not_flagged,eloyd,period_reference,Nmip_Day_189.txt,188,189
189,1,8,25,129.678864,0.0,not_flagged,eloyd,period_reference,Nmip_Day_189.txt,188,189
189,1,8,26,136.86795,0.0,not_flagged,eloyd,period_reference,Nmip_Day_189.txt,188,189
189,1,8,27,137.06488,0.0,not_flagged,eloyd,period_reference,Nmip_Day_189.txt,188,189
189,1,8,28,137.654083,0.0,not_flagged,eloyd,period_reference,Nmip_Day_189.txt,188,189
189,1,8,29,137.547363,0.0,not_flagged,eloyd,period_reference,Nmip_Day_189.txt,188,189
189,1,8,30,133.698181,0.0,not_flagged,eloyd,period_reference,Nmip_Day_189.txt,188,189
189,1,8,31,134.747269,0.0,not_flagged,eloyd,period_reference,Nmip_Day_189.txt,188,189
189,1,9,1,131.002563,0.0,not_flagged,eloyd,period_reference,Nmip_Day_189.txt,188,189
189,1,9,2,131.696228,0.0,not_flagged,eloyd,period_reference,Nmip_Day_189.txt,188,189
189,1,9,3,133.682907,0.0,not_flagged,eloyd,period_reference,Nmip_Day_189.txt,188,189
189,1,9,4,132.995178,0.0,not_flagged,eloyd,period_reference,Nmip_Day_189.txt,188,189
189,1,9,5,131.448273,0.0,not_flagged,eloyd,period_reference,Nmip_Day_189.txt,188,189
189,1,9,6,129.120575,0.0,not_flagged,eloyd,period_reference,Nmip_Day_189.txt,188,189
189,1,9,7,130.193634,0.0,not_flagged,eloyd,period_reference,Nmip_Day_189.txt,188,189
189,1,9,8,131.45433,0.0,not_flagged,eloyd,period_reference,Nmip_Day_189.txt,188,189
189,1,9,9,131.474594,0.0,not_flagged,eloyd,period_reference,Nmip_Day_189.txt,188,189
189,1,9,10,135.964874,0.0,not_flagged,eloyd,period_reference,Nmip_Day_189.txt,188,189
189,1,9,11,135.041855,0.0,not_flagged,eloyd,period_reference,Nmip_Day_189.txt,188,189
189,1,9,12,134.039658,0.0,not_flagged,eloyd,period_reference,Nmip_Day_189.txt,188,189
189,1,9,13,133.082413,0.0,not_flagged,eloyd,period_reference,Nmip_Day_189.txt,188,189
189,1,9,14,136.106491,0.0,not_flagged,eloyd,period_reference,Nmip_Day_189.txt,188,189
189,1,9,15,134.381775,0.0,not_flagged,eloyd,period_reference,Nmip_Day_189.txt,188,189
189,1,9,16,139.105377,0.0,not_flagged,eloyd,period_reference,Nmip_Day_189.txt,188,189
189,1,9,17,134.808212,0.0,not_flagged,eloyd,period_reference,Nmip_Day_189.txt,188,189
189,1,9,18,135.59845,0.0,not_flagged,eloyd,period_reference,Nmip_Day_189.txt,188,189
189,1,9,19,134.318481,0.0,not_flagged,eloyd,period_reference,Nmip_Day_189.txt,188,189
189,1,9,20,134.179642,0.0,not_flagged,eloyd,period_reference,Nmip_Day_189.txt,188,189
189,1,9,21,132.436127,0.0,not_flagged,eloyd,period_reference,Nmip_Day_189.txt,188,189
189,1,9,22,135.324585,0.0,not_flagged,eloyd,period_reference,Nmip_Day_189.txt,188,189
189,1,9,23,133.323807,0.0,not_flagged,eloyd,period_reference,Nmip_Day_189.txt,188,189
189,1,9,24,131.048752,0.0,not_flagged,eloyd,period_reference,Nmip_Day_189.txt,188,189
189,1,9,25,131.413971,0.0,not_flagged,eloyd,period_reference,Nmip_Day_189.txt,188,189
189,1,9,26,138.313812,0.0,not_flagged,eloyd,period_reference,Nmip_Day_189.txt,188,189
189,1,9,27,137.808395,0.0,not_flagged,eloyd,period_reference,Nmip_Day_189.txt,188,189
189,1,9,28,139.977219,0.0,not_flagged,eloyd,period_reference,Nmip_Day_189.txt,188,189
189,1,9,29,137.526215,0.0,not_flagged,eloyd,period_reference,Nmip_Day_189.txt,188,189
189,1,9,30,137.84137,0.0,not_flagged,eloyd,period_reference,Nmip_Day_189.txt,188,189
189,1,9,31,136.244049,0.0,not_flagged,eloyd,period_reference,Nmip_Day_189.txt,188,189
189,1,10,1,135.473434,0.0,not_flagged,eloyd,period_reference,Nmip_Day_189.txt,188,189
189,1,10,2,132.217072,0.0,not_flagged,eloyd,period_reference,Nmip_Day_189.txt,188,189
189,1,10,3,132.020401,0.0,not_flagged,eloyd,period_reference,Nmip_Day_189.txt,188,189
189,1,10,4,133.668793,0.0,not_flagged,eloyd,period_reference,Nmip_Day_189.txt,188,189
189,1,10,5,133.803833,0.0,not_flagged,eloyd,period_reference,Nmip_Day_189.txt,188,189
189,1,10,6,133.096176,0.0,not_flagged,eloyd,period_reference,Nmip_Day_189.txt,188,189
189,1,10,7,131.624069,0.0,not_flagged,eloyd,period_reference,Nmip_Day_189.txt,188,189
189,1,10,8,131.327042,0.0,not_flagged,eloyd,period_reference,Nmip_Day_189.txt,188,189
189,1,10,9,130.565231,0.0,not_flagged,eloyd,period_reference,Nmip_Day_189.txt,188,189
189,1,10,10,137.693939,0.0,not_flagged,eloyd,period_reference,Nmip_Day_189.txt,188,189
189,1,10,11,135.296494,0.0,not_flagged,eloyd,period_reference,Nmip_Day_189.txt,188,189
189,1,10,12,136.978012,0.0,not_flagged,eloyd,period_reference,Nmip_Day_189.txt,188,189
189,1,10,13,129.727203,0.0,not_flagged,eloyd,period_reference,Nmip_Day_189.txt,188,189
189,1,10,14,134.631821,0.0,not_flagged,eloyd,period_reference,Nmip_Day_189.txt,188,189
189,1,10,15,135.52298,0.0,not_flagged,eloyd,period_reference,Nmip_Day_189.txt,188,189
189,1,10,16,136.531219,0.0,not_flagged,eloyd,period_reference,Nmip_Day_189.txt,188,189
189,1,10,17,135.228439,0.0,not_flagged,eloyd,period_reference,Nmip_Day_189.txt,188,189
189,1,10,18,137.926178,0.0,not_flagged,eloyd,period_reference,Nmip_Day_189.txt,188,189
189,1,10,19,135.831863,0.0,not_flagged,eloyd,period_reference,Nmip_Day_189.txt,188,189
189,1,10,20,136.898651,0.0,not_flagged,eloyd,period_reference,Nmip_Day_189.txt,188,189
189,1,10,21,132.794296,0.0,not_flagged,eloyd,period_reference,Nmip_Day_189.txt,188,189
189,1,10,22,136.492691,0.0,not_flagged,eloyd,period_reference,Nmip_Day_189.txt,188,189
189,1,10,23,137.433289,0.0,not_flagged,eloyd,period_reference,Nmip_Day_189.txt,188,189
189,1,10,24,139.652298,0.0,not_flagged,eloyd,period_reference,Nmip_Day_189.txt,188,189
189,1,10,25,139.326385,0.0,not_flagged,eloyd,period_reference,Nmip_Day_189.txt,188,189
189,1,10,26,132.53508,0.0,not_flagged,eloyd,period_reference,Nmip_Day_189.txt,188,189
189,1,10,27,142.068344,0.0,not_flagged,eloyd,period_reference,Nmip_Day_189.txt,188,189
189,1,10,28,136.582306,0.0,not_flagged,eloyd,period_reference,Nmip_Day_189.txt,188,189
189,1,10,29,137.56926,0.0,not_flagged,eloyd,period_reference,Nmip_Day_189.txt,188,189
189,1,10,30,138.781906,0.0,not_flagged,eloyd,period_reference,Nmip_Day_189.txt,188,189
189,1,10,31,139.662216,0.0,not_flagged,eloyd,period_reference,Nmip_Day_189.txt,188,189
189,1,11,1,133.404327,0.0,not_flagged,eloyd,period_reference,Nmip_Day_189.txt,188,189
189,1,11,2,135.136765,0.0,not_flagged,eloyd,period_reference,Nmip_Day_189.txt,188,189
189,1,11,3,131.721817,0.0,not_flagged,eloyd,period_reference,Nmip_Day_189.txt,188,189
189,1,11,4,132.490707,0.0,not_flagged,eloyd,period_reference,Nmip_Day_189.txt,188,189
189,1,11,5,134.301193,0.0,not_flagged,eloyd,period_reference,Nmip_Day_189.txt,188,189
189,1,11,6,131.614868,0.0,not_flagged,eloyd,period_reference,Nmip_Day_189.txt,188,189
189,1,11,7,130.203873,0.0,not_flagged,eloyd,period_reference,Nmip_Day_189.txt,188,189
189,1,11,8,133.201172,0.0,not_flagged,eloyd,period_reference,Nmip_Day_189.txt,188,189
189,1,11,9,130.604965,0.0,not_flagged,eloyd,period_reference,Nmip_Day_189.txt,188,189
189,1,11,10,137.820358,0.0,not_flagged,eloyd,period_reference,Nmip_Day_189.txt,188,189
189,1,11,11,136.124863,0.0,not_flagged,eloyd,period_reference,Nmip_Day_189.txt,188,189
189,1,11,12,136.32663,0.0,not_flagged,eloyd,period_reference,Nmip_Day_189.txt,188,189
189,1,11,13,137.537354,0.0,not_flagged,eloyd,period_reference,Nmip_Day_189.txt,188,189
189,1,11,14,137.190964,0.0,not_flagged,eloyd,period_reference,Nmip_Day_189.txt,188,189
189,1,11,15,139.03923,0.0,not_flagged,eloyd,period_reference,Nmip_Day_189.txt,188,189
189,1,11,16,138.187241,0.0,not_flagged,eloyd,period_reference,Nmip_Day_189.txt,188,189
189,1,11,17,139.265198,0.0,not_flagged,eloyd,period_reference,Nmip_Day_189.txt,188,189
189,1,11,18,138.871429,0.0,not_flagged,eloyd,period_reference,Nmip_Day_189.txt,188,189
189,1,11,19,137.045151,0.0,not_flagged,eloyd,period_reference,Nmip_Day_189.txt,188,189
189,1,11,20,138.477036,0.0,not_flagged,eloyd,period_reference,Nmip_Day_189.txt,188,189
189,1,11,21,138.001907,0.0,not_flagged,eloyd,period_reference,Nmip_Day_189.txt,188,189
189,1,11,22,139.904984,0.0,not_flagged,eloyd,period_reference,Nmip_Day_189.txt,188,189
189,1,11,23,139.168839,0.0,not_flagged,eloyd,period_reference,Nmip_Day_189.txt,188,189
189,1,11,24,139.812149,0.0,not_flagged,eloyd,period_reference,Nmip_Day_189.txt,188,189
189,1,11,25,135.267502,0.0,not_flagged,eloyd,period_reference,Nmip_Day_189.txt,188,189
189,1,11,26,137.678345,0.0,not_flagged,eloyd,period_reference,Nmip_Day_189.txt,188,189
189,1,11,27,138.065918,0.0,not_flagged,eloyd,period_reference,Nmip_Day_189.txt,188,189
189,1,11,28,138.072495,0.0,not_flagged,eloyd,period_reference,Nmip_Day_189.txt,188,189
189,1,11,29,135.080795,0.0,not_flagged,eloyd,period_reference,Nmip_Day_189.txt,188,189
189,1,11,30,139.585861,0.0,not_flagged,eloyd,period_reference,Nmip_Day_189.txt,188,189
189,1,11,31,136.294891,0.0,not_flagged,eloyd,period_reference,Nmip_Day_189.txt,188,189
189,1,12,1,128.871506,0.0,not_flagged,eloyd,period_reference,Nmip_Day_189.txt,188,189
189,1,12,2,128.203964,0.0,not_flagged,eloyd,period_reference,Nmip_Day_189.txt,188,189
189,1,12,3,128.943344,0.0,not_flagged,eloyd,period_reference,Nmip_Day_189.txt,188,189
189,1,12,4,131.957825,0.0,not_flagged,eloyd,period_reference,Nmip_Day_189.txt,188,189
189,1,12,5,129.059448,0.0,not_flagged,eloyd,period_reference,Nmip_Day_189.txt,188,189
189,1,12,6,133.69873,0.0,not_flagged,eloyd,period_reference,Nmip_Day_189.txt,188,189
189,1,12,7,130.697128,0.0,not_flagged,eloyd,period_reference,Nmip_Day_189.txt,188,189
189,1,12,8,132.488831,0.0,not_flagged,eloyd,period_reference,Nmip_Day_189.txt,188,189
189,1,12,9,131.22525,0.0,not_flagged,eloyd,period_reference,Nmip_Day_189.txt,188,189
189,1,12,10,135.310577,0.0,not_flagged,eloyd,period_reference,Nmip_Day_189.txt,188,189
189,1,12,11,132.568451,0.0,not_flagged,eloyd,period_reference,Nmip_Day_189.txt,188,189
189,1,12,12,137.548172,0.0,not_flagged,eloyd,period_reference,Nmip_Day_189.txt,188,189
189,1,12,13,130.441086,0.0,not_flagged,eloyd,period_reference,Nmip_Day_189.txt,188,189
189,1,12,14,136.935394,0.0,not_flagged,eloyd,period_reference,Nmip_Day_189.txt,188,189
189,1,12,15,137.327408,0.0,not_flagged,eloyd,period_reference,Nmip_Day_189.txt,188,189
189,1,12,16,135.789139,0.0,not_flagged,eloyd,period_reference,Nmip_Day_189.txt,188,189
189,1,12,17,136.917755,0.0,not_flagged,eloyd,period_reference,Nmip_Day_189.txt,188,189
189,1,12,18,138.016403,0.0,not_flagged,eloyd,period_reference,Nmip_Day_189.txt,188,189
189,1,12,19,137.855438,0.0,not_flagged,eloyd,period_reference,Nmip_Day_189.txt,188,189
189,1,12,20,137.724365,0.0,not_flagged,eloyd,period_reference,Nmip_Day_189.txt,188,189
189,1,12,21,135.676041,0.0,not_flagged,eloyd,period_reference,Nmip_Day_189.txt,188,189
189,1,12,22,137.645782,0.0,not_flagged,eloyd,period_reference,Nmip_Day_189.txt,188,189
189,1,12,23,132.172913,0.0,not_flagged,eloyd,period_reference,Nmip_Day_189.txt,188,189
189,1,12,24,135.70726,0.0,not_flagged,eloyd,period_reference,Nmip_Day_189.txt,188,189
189,1,12,25,136.706619,0.0,not_flagged,eloyd,period_reference,Nmip_Day_189.txt,188,189
189,1,12,26,132.846527,0.0,not_flagged,eloyd,period_reference,Nmip_Day_189.txt,188,189
189,1,12,27,136.008636,0.0,not_flagged,eloyd,period_reference,Nmip_Day_189.txt,188,189
189,1,12,28,138.177917,0.0,not_flagged,eloyd,period_reference,Nmip_Day_189.txt,188,189
189,1,12,29,135.155899,0.0,not_flagged,eloyd,period_reference,Nmip_Day_189.txt,188,189
189,1,12,30,136.037903,0.0,not_flagged,eloyd,period_reference,Nmip_Day_189.txt,188,189
189,1,12,31,133.293457,0.0,not_flagged,eloyd,period_reference,Nmip_Day_189.txt,188,189
