ew,pp,tt,period_start,period_end,n_found,n_used,status,median_mpv,max_abs_residual,missing_days,flagged_days,numeric_excluded_days,qa_flag,source,split_day,n_before,n_after,signed_median_shift,notes,constant,constant_error,chi2,ndf,chi2_ndf,max_weight_fraction,dominant_day
0,1,1,169,175,7,7,provisional,115.436256,2.7839697937603063,,,,,cracz,,0,0,,diagnostic_only; no_auto_accept; no_auto_split,116.19718579376031,0.5393160641116717,3.7617446073259964,6,0.6269574345543327,0.4071489777862176,173
0,1,2,169,175,7,7,provisional,122.997337,4.60148967356082,,,,,cracz,,0,0,,diagnostic_only; no_auto_accept; no_auto_split,123.53065067356081,0.371481260011156,5.636016899008005,6,0.9393361498346674,0.33651550725951734,173
0,1,3,169,175,7,7,provisional,114.732079,2.726183510861688,,,,,cracz,,0,0,,diagnostic_only; no_auto_accept; no_auto_split,115.92483051086168,0.4916293073265816,11.600235886709987,6,1.9333726477849977,0.3446287715509755,173
0,1,4,169,175,7,7,provisional,130.186249,1.1784278285991832,,,,,cracz,,0,0,,diagnostic_only; no_auto_accept; no_auto_split,130.30879882859918,0.27621814845319237,11.106101054687299,6,1.8510168424478832,0.3406097718979091,173
0,1,5,169,175,7,7,provisional,121.228859,1.5473109145160038,,,,,cracz,,0,0,,diagnostic_only; no_auto_accept; no_auto_split,121.65042991451601,0.3696358911597418,6.666939747277545,6,1.1111566245462574,0.3817354804210534,173
0,1,6,169,175,7,7,provisional,126.862091,1.7741378391380636,,,,,cracz,,0,0,,diagnostic_only; no_auto_accept; no_auto_split,127.44293416086194,0.29249665422578325,12.71551944659694,6,2.1192532410994898,0.32529293799899545,173
0,1,7,169,175,7,7,provisional,123.639206,5.692611996199616,,,,large_chi2_ndf,cracz,,0,0,,diagnostic_only; no_auto_accept; no_auto_split,122.10137900380039,0.32307764823366764,49.437883046213145,6,8.239647174368857,0.45065424201316856,173
0,1,8,169,175,7,7,provisional,127.904938,2.0159921813451263,,,,,cracz,,0,0,,diagnostic_only; no_auto_accept; no_auto_split,128.28510418134513,0.1978679867963482,25.901207534593716,6,4.316867922432286,0.3311391172627866,173
0,1,9,169,175,7,7,provisional,125.326775,1.6304136868984216,,,,,cracz,,0,0,,diagnostic_only; no_auto_accept; no_auto_split,125.49557968689842,0.26599747318692735,7.973722063782877,6,1.3289536772971462,0.3652524002813656,173
0,1,10,169,175,7,7,provisional,136.78241,2.1546696321063905,,,,,cracz,,0,0,,diagnostic_only; no_auto_accept; no_auto_split,136.81261363210638,0.20327898635449376,13.490930876861885,6,2.248488479476981,0.31003708684796166,173
0,1,11,169,175,7,7,provisional,136.574219,0.6503421635803193,,,,,cracz,,0,0,,diagnostic_only; no_auto_accept; no_auto_split,136.50030216358033,0.235574659489269,1.0332106597320032,6,0.17220177662200054,0.3194506730240563,173
0,1,12,169,175,7,7,provisional,138.424942,1.3483824190343228,,,,,cracz,,0,0,,diagnostic_only; no_auto_accept; no_auto_split,138.35509358096567,0.21630080564971274,7.764841341958028,6,1.2941402236596713,0.3133102507638183,173
0,1,13,169,175,7,7,provisional,137.304138,0.9554267145849735,,,,,cracz,,0,0,,diagnostic_only; no_auto_accept; no_auto_split,137.365048714585,0.23062301426452358,3.206811255151391,6,0.5344685425252319,0.3336252222427697,173
0,1,14,169,175,7,7,provisional,137.56926,0.9625076092451081,,,,,cracz,,0,0,,diagnostic_only; no_auto_accept; no_auto_split,137.64501760924512,0.22358257385029012,4.185308858343644,6,0.6975514763906073,0.3208955219020965,173
0,1,15,169,175,7,7,provisional,137.455765,1.5130738175542717,,,,,cracz,,0,0,,diagnostic_only; no_auto_accept; no_auto_split,137.74444918244572,0.23450648410708536,6.929651818927639,6,1.1549419698212733,0.3044238788360076,173
0,1,16,169,175,7,7,provisional,135.401764,1.4203512069197188,,,,,cracz,,0,0,,diagnostic_only; no_auto_accept; no_auto_split,135.37622320691972,0.1863306248825311,10.221022174338557,6,1.703503695723093,0.31471939163753465,173
0,1,17,169,175,7,7,provisional,135.743454,1.2129722124636828,,,,,cracz,,0,0,,diagnostic_only; no_auto_accept; no_auto_split,135.9207662124637,0.20992103786891486,6.350836646159071,6,1.0584727743598452,0.3092880605483511,173
0,1,18,169,175,7,7,provisional,137.397263,0.5325311205975254,,,,,cracz,,0,0,,diagnostic_only; no_auto_accept; no_auto_split,137.50830012059754,0.18509387414062425,1.8838269785584187,6,0.31397116309306977,0.3093713531307315,173
0,1,19,169,175,7,7,provisional,133.913147,0.8388436509964663,,,,,cracz,,0,0,,diagnostic_only; no_auto_accept; no_auto_split,134.16310934900352,0.19550734898489447,4.582013151138272,6,0.7636688585230452,0.33441217151904906,173
0,1,20,169,175,7,7,provisional,137.051575,1.3739255672534796,,,,,cracz,,0,0,,diagnostic_only; no_auto_accept; no_auto_split,136.78069456725348,0.1886825402381475,7.214344454301841,6,1.2023907423836402,0.30753729873831837,173
0,1,21,169,175,7,7,provisional,135.38324,1.0121230977540279,,,,,cracz,,0,0,,diagnostic_only; no_auto_accept; no_auto_split,135.60614790224597,0.21361239332886814,5.619787046021613,6,0.9366311743369354,0.3270040150692016,173
0,1,22,169,175,7,7,provisional,135.397064,1.433208377808711,,,,,cracz,,0,0,,diagnostic_only; no_auto_accept; no_auto_split,135.8417473778087,0.21221618558427968,17.55356020660985,6,2.925593367768308,0.31046496514831035,173
0,1,23,169,175,7,7,provisional,136.15155,2.9314229387883017,,,,,cracz,,0,0,,diagnostic_only; no_auto_accept; no_auto_split,136.4260750612117,0.20207061705946125,15.42651882081527,6,2.5710864701358784,0.3317628425485847,173
0,1,24,169,175,7,7,provisional,135.30481,1.4633293501937032,,,,,cracz,,0,0,,diagnostic_only; no_auto_accept; no_auto_split,135.3605996498063,0.24713022770132326,6.268494853448673,6,1.0447491422414454,0.31735270842405994,173
0,1,25,169,175,7,7,provisional,134.895981,2.1782361275760707,,,,,cracz,,0,0,,diagnostic_only; no_auto_accept; no_auto_split,134.75523212757608,0.2606129798773125,4.178446188898785,6,0.6964076981497974,0.3153394494497366,173
0,1,26,169,175,7,7,provisional,136.523071,1.7200380383338825,,,,,cracz,,0,0,,diagnostic_only; no_auto_accept; no_auto_split,136.4781400383339,0.25781880094118775,4.797416853905774,6,0.7995694756509623,0.3086816728182575,173
0,1,27,169,175,7,7,provisional,136.606232,0.7183743720525513,,,,,cracz,,0,0,,diagnostic_only; no_auto_accept; no_auto_split,136.66739437205254,0.22774633421389687,1.8327568844386295,6,0.3054594807397716,0.325359060097011,173
0,1,28,169,175,7,7,provisional,137.176804,2.0004585542938003,,,,,cracz,,0,0,,diagnostic_only; no_auto_accept; no_auto_split,137.3403164457062,0.27772542544131334,10.824698589560374,6,1.8041164315933955,0.34492728656723626,173
0,1,29,169,175,7,7,provisional,135.992706,1.6132727103140496,,,,,cracz,,0,0,,diagnostic_only; no_auto_accept; no_auto_split,136.32456328968595,0.27123004469775214,6.790689355550854,6,1.1317815592584757,0.32974839538102524,173
0,1,30,169,175,7,7,provisional,134.858337,1.8787697337542113,,,,,cracz,,0,0,,diagnostic_only; no_auto_accept; no_auto_split,134.7800892662458,0.25621012609628635,14.893741054049949,6,2.4822901756749913,0.30863290985775144,173
0,1,31,169,175,7,7,provisional,136.909439,1.5303877272891953,,,,,cracz,,0,0,,diagnostic_only; no_auto_accept; no_auto_split,136.6709212727108,0.29773968145406887,8.10389780444994,6,1.3506496340749898,0.30430272302651346,173
0,2,1,169,175,7,7,provisional,137.20549,1.8798498233726662,,,,,cracz,,0,0,,diagnostic_only; no_auto_accept; no_auto_split,137.64337417662733,0.27787486870736494,13.439869183393315,6,2.2399781972322192,0.3289764141744612,173
0,2,2,169,175,7,7,provisional,134.179474,4.09053387194777,,,,,cracz,,0,0,,diagnostic_only; no_auto_accept; no_auto_split,134.29828187194778,0.22196281421362488,21.69552767216278,6,3.6159212786937966,0.309858496621345,173
0,2,3,169,175,7,7,provisional,133.621643,1.2832881142191184,,,,,cracz,,0,0,,diagnostic_only; no_auto_accept; no_auto_split,134.47040488578088,0.23934802478373057,12.769469301087838,6,2.1282448835146397,0.3543307395403307,173
0,2,4,169,175,7,7,provisional,131.992996,2.015708532159266,,,,large_chi2_ndf,cracz,,0,0,,diagnostic_only; no_auto_accept; no_auto_split,132.80092646784072,0.1977240305269317,35.679248214549226,6,5.946541369091538,0.3155965823752273,173
0,2,5,169,175,7,7,provisional,133.971085,1.6178081522367904,,,,,cracz,,0,0,,diagnostic_only; no_auto_accept; no_auto_split,133.9694568477632,0.19385816205623532,19.484598668273883,6,3.2474331113789803,0.32819589223239937,173
0,2,6,169,175,7,7,provisional,132.232224,1.022946494443346,,,,,cracz,,0,0,,diagnostic_only; no_auto_accept; no_auto_split,132.33090450555665,0.17918891199043482,12.934531953617446,6,2.155755325602908,0.33684775095511355,173
0,2,7,169,175,7,7,provisional,131.623886,1.2517078292672466,,,,,cracz,,0,0,,diagnostic_only; no_auto_accept; no_auto_split,131.99447717073275,0.1818254216123267,16.998209225305555,6,2.833034870884259,0.3264249145024608,173
0,2,8,169,175,7,7,provisional,131.967896,0.8128262050497881,,,,,cracz,,0,0,,diagnostic_only; no_auto_accept; no_auto_split,132.1624962050498,0.1631768993695611,9.490771376214735,6,1.5817952293691224,0.33498988178683986,173
0,2,9,169,175,7,7,provisional,132.181946,1.3799509831763146,,,,,cracz,,0,0,,diagnostic_only; no_auto_accept; no_auto_split,132.27820498317632,0.1662880520486429,9.85187953610887,6,1.6419799226848115,0.3617907711954296,173
0,2,10,169,175,7,7,provisional,139.127899,0.791826754145859,,,,,cracz,,0,0,,diagnostic_only; no_auto_accept; no_auto_split,138.43530024585414,0.1854910305246512,9.753207707233697,6,1.625534617872283,0.33045103397032766,173
0,2,11,169,175,7,7,provisional,139.918808,2.5638409734373795,,,,,cracz,,0,0,,diagnostic_only; no_auto_accept; no_auto_split,139.47224602656263,0.1756263663051774,23.648150389048713,6,3.9413583981747853,0.31749470049219,173
0,2,12,169,175,7,7,provisional,139.30014,1.2433518153157195,,,,,cracz,,0,0,,diagnostic_only; no_auto_accept; no_auto_split,139.18346081531573,0.17740655209873873,5.339765625894008,6,0.8899609376490013,0.30503739525692786,173
0,2,13,169,175,7,7,provisional,139.593018,0.5041239968913942,,,,,cracz,,0,0,,diagnostic_only; no_auto_accept; no_auto_split,139.5702709968914,0.18881080760629104,0.4042708859140367,6,0.06737848098567278,0.32295889404398165,173
0,2,14,169,175,7,7,provisional,139.803146,1.0528337641264898,,,,,cracz,,0,0,,diagnostic_only; no_auto_accept; no_auto_split,139.8693922358735,0.17430248823454042,14.874548462678984,6,2.479091410446497,0.31512783234999237,173
0,2,15,169,175,7,7,provisional,139.875748,0.6650094455666817,,,,,cracz,,0,0,,diagnostic_only; no_auto_accept; no_auto_split,139.9615644455667,0.18967236695927903,5.3913960257191285,6,0.8985660042865214,0.3296369158233688,173
0,2,16,169,175,7,7,provisional,138.67099,1.0957906745793764,,,,,cracz,,0,0,,diagnostic_only; no_auto_accept; no_auto_split,138.94368332542064,0.1768158288491755,9.935166694311981,6,1.6558611157186636,0.32932313208293784,173
0,2,17,169,175,7,7,provisional,139.668213,0.6198484728574272,,,,,cracz,,0,0,,diagnostic_only; no_auto_accept; no_auto_split,139.74109447285744,0.17750446107601045,2.9578372107500135,6,0.4929728684583356,0.32179938601408836,173
0,2,18,169,175,7,7,provisional,138.292618,1.2465452850813676,,,,,cracz,,0,0,,diagnostic_only; no_auto_accept; no_auto_split,138.07353871491864,0.18361254028211765,13.482374540686337,6,2.247062423447723,0.3266504472331786,173
0,2,19,169,175,7,7,provisional,137.406158,0.9165066059694595,,,,,cracz,,0,0,,diagnostic_only; no_auto_accept; no_auto_split,137.39916739403054,0.18726330491285792,9.649053365679885,6,1.6081755609466475,0.31437749075449484,173
0,2,20,169,175,7,7,provisional,140.285736,1.3617494631764657,,,,,cracz,,0,0,,diagnostic_only; no_auto_accept; no_auto_split,140.08817446317647,0.17967774474404716,15.323392942175714,6,2.553898823695952,0.3312714340850607,173
0,2,21,169,175,7,7,provisional,137.134964,1.0235441882114173,,,,,cracz,,0,0,,diagnostic_only; no_auto_accept; no_auto_split,137.1985018117886,0.19243621251553034,5.548890061783863,6,0.9248150102973104,0.3172120942933187,173
0,2,22,169,175,7,7,provisional,139.154541,1.000640633960444,,,,,cracz,,0,0,,diagnostic_only; no_auto_accept; no_auto_split,139.14239463396044,0.17912130403148227,7.545636975101369,6,1.2576061625168948,0.321370148344099,173
0,2,23,169,175,7,7,provisional,137.515091,1.9246813343831661,,,,,cracz,,0,0,,diagnostic_only; no_auto_accept; no_auto_split,137.62261833438316,0.19414865060353675,9.460287078315918,6,1.576714513052653,0.3287545395687649,173
0,2,24,169,175,7,7,provisional,140.690216,1.617213667975875,,,,,cracz,,0,0,,diagnostic_only; no_auto_accept; no_auto_split,140.09141066797588,0.19395777125603594,19.097460871409282,6,3.1829101452348803,0.30637019600271126,173
0,2,25,169,175,7,7,provisional,136.342636,2.015208621309853,,,,,cracz,,0,0,,diagnostic_only; no_auto_accept; no_auto_split,136.53632037869014,0.20116646567584298,21.546968379080745,6,3.5911613965134577,0.31240191765993075,173
0,2,26,169,175,7,7,provisional,140.925735,1.2663082715247924,,,,,cracz,,0,0,,diagnostic_only; no_auto_accept; no_auto_split,141.19472927152478,0.19039871361121033,13.222111191877932,6,2.203685198646322,0.31529978216949217,173
0,2,27,169,175,7,7,provisional,138.233109,1.3218855040665005,,,,,cracz,,0,0,,diagnostic_only; no_auto_accept; no_auto_split,138.2835064959335,0.1988212508435224,7.54154209797211,6,1.2569236829953516,0.31580020047933843,173
0,2,28,169,175,7,7,provisional,140.805069,0.9263406626384096,,,,,cracz,,0,0,,diagnostic_only; no_auto_accept; no_auto_split,140.6680043373616,0.21767517000519007,4.903987588382362,6,0.8173312647303937,0.3367103808301911,173
0,2,29,169,175,7,7,provisional,135.945129,2.5437429126330926,,,,,cracz,,0,0,,diagnostic_only; no_auto_accept; no_auto_split,136.2723959126331,0.2358432085630115,8.814673630776523,6,1.4691122717960872,0.33980130928679875,173
0,2,30,169,175,7,7,provisional,138.715195,1.6852103558490796,,,,,cracz,,0,0,,diagnostic_only; no_auto_accept; no_auto_split,138.8258366441509,0.2106680121455548,7.056103224690093,6,1.1760172041150156,0.3237847027468119,173
0,2,31,169,175,7,7,provisional,136.770126,2.2201547337573686,,,,,cracz,,0,0,,diagnostic_only; no_auto_accept; no_auto_split,136.78836173375737,0.2392809041552776,6.614893117637916,6,1.1024821862729859,0.33169812306096985,173
0,3,1,169,175,7,7,provisional,133.212906,2.072727939759517,,,,,cracz,,0,0,,diagnostic_only; no_auto_accept; no_auto_split,133.65980106024048,0.35337241126262303,8.72883736857305,6,1.4548062280955083,0.35210412944523317,173
0,3,2,169,175,7,7,provisional,129.00235,2.159028955060961,,,,,cracz,,0,0,,diagnostic_only; no_auto_accept; no_auto_split,129.49734304493904,0.3656823888031551,8.28818383309921,6,1.3813639721832016,0.31498214090347654,173
0,3,3,169,175,7,7,provisional,130.8479,2.2340212169887934,,,,,cracz,,0,0,,diagnostic_only; no_auto_accept; no_auto_split,131.22163121698878,0.3394900804864915,13.885420056816567,6,2.3142366761360944,0.36603103882593746,173
0,3,4,169,175,7,7,provisional,133.49762,1.9322488646011209,,,,,cracz,,0,0,,diagnostic_only; no_auto_accept; no_auto_split,133.39747386460112,0.20374123577388428,24.397372579697826,6,4.066228763282971,0.31464667487392317,173
0,3,5,169,175,7,7,provisional,131.817474,1.9388128294053502,,,,,cracz,,0,0,,diagnostic_only; no_auto_accept; no_auto_split,131.87315382940534,0.18921206140885902,17.33483065933025,6,2.8891384432217087,0.32466324030468063,173
0,3,6,169,175,7,7,provisional,132.790009,2.0200245944913604,,,,large_chi2_ndf,cracz,,0,0,,diagnostic_only; no_auto_accept; no_auto_split,133.23935940550865,0.1762375867711544,32.95071697978618,6,5.4917861632976965,0.33934392801070756,173
0,3,7,169,175,7,7,provisional,130.027542,1.721654148476233,,,,,cracz,,0,0,,diagnostic_only; no_auto_accept; no_auto_split,130.25932814847624,0.17908306311089833,17.578190112585332,6,2.9296983520975552,0.337689095982071,173
0,3,8,169,175,7,7,provisional,131.033752,1.6014335339960724,,,,,cracz,,0,0,,diagnostic_only; no_auto_accept; no_auto_split,131.17243146600393,0.17502226549801184,26.914283595129092,6,4.485713932521516,0.342635695685622,173
0,3,9,169,175,7,7,provisional,131.85051,1.8716993165575104,,,,,cracz,,0,0,,diagnostic_only; no_auto_accept; no_auto_split,132.14147431655752,0.17304022324726667,9.30585161714349,6,1.5509752695239152,0.34759852292532284,173
0,3,10,169,175,7,7,provisional,139.711838,2.5086317131535054,,,,,cracz,,0,0,,diagnostic_only; no_auto_accept; no_auto_split,139.38458728684648,0.1808280340885827,15.298755233109599,6,2.5497925388516,0.3221021571526142,173
0,3,11,169,175,7,7,provisional,141.3591,0.25392678166397786,,,,,cracz,,0,0,,diagnostic_only; no_auto_accept; no_auto_split,141.336710218336,0.18339968104922977,0.6779836591387512,6,0.1129972765231252,0.3302707045716374,173
0,3,12,169,175,7,7,provisional,139.742508,1.2273368477030715,,,,,cracz,,0,0,,diagnostic_only; no_auto_accept; no_auto_split,139.46809815229693,0.17685014947172578,21.058871779228355,6,3.5098119632047258,0.32859085957394907,173
0,3,13,169,175,7,7,provisional,138.929916,0.7026299024275602,,,,,cracz,,0,0,,diagnostic_only; no_auto_accept; no_auto_split,138.87531390242756,0.1835333869652246,2.493040575324909,6,0.41550676255415153,0.31387804007118236,173
0,3,14,169,175,7,7,provisional,138.79425,0.7858461728184238,,,,,cracz,,0,0,,diagnostic_only; no_auto_accept; no_auto_split,138.90663517281843,0.17306621606422248,8.490088379393777,6,1.4150147298989628,0.32021921368075185,173
0,3,15,169,175,7,7,provisional,139.181915,0.5952062481669884,,,,,cracz,,0,0,,diagnostic_only; no_auto_accept; no_auto_split,138.98906624816698,0.17927637824470646,6.568085985810045,6,1.0946809976350076,0.3180918347753253,173
0,3,16,169,175,7,7,provisional,138.810394,0.5306220914829396,,,,,cracz,,0,0,,diagnostic_only; no_auto_accept; no_auto_split,138.86102490851707,0.17100373678203912,1.4459727949389463,6,0.2409954658231577,0.31008031440228745,173
0,3,17,169,175,7,7,provisional,140.172638,1.1271259558008921,,,,,cracz,,0,0,,diagnostic_only; no_auto_accept; no_auto_split,140.2783409558009,0.17489113090189265,5.889172426063893,6,0.9815287376773155,0.31719450008684624,173
0,3,18,169,175,7,7,provisional,137.697174,0.8465976852673123,,,,,cracz,,0,0,,diagnostic_only; no_auto_accept; no_auto_split,137.36445068526731,0.1789085392894662,11.198131755959583,6,1.8663552926599305,0.32626783550605354,173
0,3,19,169,175,7,7,provisional,138.346619,0.5715307082688241,,,,,cracz,,0,0,,diagnostic_only; no_auto_accept; no_auto_split,138.3665952917312,0.1854091670952217,2.6198955344037675,6,0.43664925573396124,0.32184774453511844,173
0,3,20,169,175,7,7,provisional,135.071457,2.334881129501639,,,,,cracz,,0,0,,diagnostic_only; no_auto_accept; no_auto_split,135.10679312950163,0.19343889497397573,8.678885820597698,6,1.4464809700996162,0.3256643378385698,173
0,3,21,169,175,7,7,provisional,137.209167,1.5799114614528662,,,,,cracz,,0,0,,diagnostic_only; no_auto_accept; no_auto_split,137.05724953854713,0.1862147233427303,16.517566503303254,6,2.7529277505505423,0.3157733285877402,173
0,3,22,169,175,7,7,provisional,138.505096,0.7746888145312312,,,,,cracz,,0,0,,diagnostic_only; no_auto_accept; no_auto_split,138.41915918546877,0.1934951736295222,2.5304869618385224,6,0.42174782697308705,0.30538966682735613,173
0,3,23,169,175,7,7,provisional,138.695999,1.1532161441012363,,,,,cracz,,0,0,,diagnostic_only; no_auto_accept; no_auto_split,138.39145114410124,0.18443380917295962,12.87186432590853,6,2.1453107209847553,0.3220572337105825,173
0,3,24,169,175,7,7,provisional,139.358887,3.3076518433890385,,,,,cracz,,0,0,,diagnostic_only; no_auto_accept; no_auto_split,139.40340815661096,0.21272179821447526,12.185031195557851,6,2.030838532592975,0.32083483784833,173
0,3,25,169,175,7,7,provisional,139.152466,1.4149629947777669,,,,,cracz,,0,0,,diagnostic_only; no_auto_accept; no_auto_split,139.03115899477777,0.21020891214201873,10.431008517438602,6,1.7385014195731003,0.2974836166331636,173
0,3,26,169,175,7,7,provisional,138.896332,1.088813775533879,,,,,cracz,,0,0,,diagnostic_only; no_auto_accept; no_auto_split,138.92807777553386,0.2081153803168249,5.594473407964764,6,0.932412234660794,0.3077371519257828,173
0,3,27,169,175,7,7,provisional,141.24086,1.4748852381751476,,,,,cracz,,0,0,,diagnostic_only; no_auto_accept; no_auto_split,140.99258523817514,0.21357533272337237,16.037033409239406,6,2.672838901539901,0.3152104570685841,173
0,3,28,169,175,7,7,provisional,140.287033,2.469179043156487,,,,,cracz,,0,0,,diagnostic_only; no_auto_accept; no_auto_split,140.21353304315647,0.2390709095848897,6.030341379624974,6,1.0050568966041624,0.33931147889331226,173
0,3,29,169,175,7,7,provisional,137.239609,2.665516494221521,,,,,cracz,,0,0,,diagnostic_only; no_auto_accept; no_auto_split,137.2670484942215,0.23999079282032706,8.856498673615185,6,1.4760831122691975,0.289542055681,173
0,3,30,169,175,7,7,provisional,138.240784,1.1021654717001184,,,,,cracz,,0,0,,diagnostic_only; no_auto_accept; no_auto_split,137.78162447170013,0.26606387259694486,6.960426093503905,6,1.1600710155839842,0.32115143951097025,173
0,3,31,169,175,7,7,provisional,137.364075,2.900082833639914,,,,,cracz,,0,0,,diagnostic_only; no_auto_accept; no_auto_split,137.5400818336399,0.23753254053995534,11.955959313025163,6,1.992659885504194,0.32452415206149976,173
0,4,1,169,175,7,7,provisional,139.78653,1.1972232809134766,,,,,cracz,,0,0,,diagnostic_only; no_auto_accept; no_auto_split,140.00197228091346,0.22960074485031867,5.685213721598002,6,0.9475356202663336,0.32548366425414405,173
0,4,2,169,175,7,7,provisional,132.811356,1.5638016936442227,,,,,cracz,,0,0,,diagnostic_only; no_auto_accept; no_auto_split,132.74866730635577,0.23027992053557214,13.49247402908734,6,2.248745671514557,0.32419643412353355,173
0,4,3,169,175,7,7,provisional,133.381149,2.8451259864298493,,,,,cracz,,0,0,,diagnostic_only; no_auto_accept; no_auto_split,133.53053598642984,0.20980953148802545,10.91543741186019,6,1.819239568643365,0.33706043719129025,173
0,4,4,169,175,7,7,provisional,133.301071,1.6739566792789446,,,,,cracz,,0,0,,diagnostic_only; no_auto_accept; no_auto_split,133.46314167927895,0.21075022077031444,15.523027695143425,6,2.587171282523904,0.30419844961340264,173
0,4,5,169,175,7,7,provisional,134.750717,1.732035371395142,,,,,cracz,,0,0,,diagnostic_only; no_auto_accept; no_auto_split,134.93691537139514,0.17992687061341117,23.58591246089176,6,3.9309854101486263,0.3267713843413961,173
0,4,6,169,175,7,7,provisional,133.255219,1.474238712958936,,,,,cracz,,0,0,,diagnostic_only; no_auto_accept; no_auto_split,133.38549371295895,0.18844072603684295,8.875621903235423,6,1.4792703172059039,0.31901531769392,173
0,4,7,169,175,7,7,provisional,134.465561,1.4074168683901291,,,,,cracz,,0,0,,diagnostic_only; no_auto_accept; no_auto_split,134.78528613160987,0.16071484138000972,26.943051763708915,6,4.490508627284819,0.314407519142409,173
0,4,8,169,175,7,7,provisional,133.498718,1.5526574203699397,,,,,cracz,,0,0,,diagnostic_only; no_auto_accept; no_auto_split,134.10969657963005,0.15915283404834207,29.758026315266328,6,4.959671052544388,0.30431831180681174,173
0,4,9,169,175,7,7,provisional,131.779633,1.2857701359345413,,,,,cracz,,0,0,,diagnostic_only; no_auto_accept; no_auto_split,131.91668386406545,0.1498694249467259,18.99912027991514,6,3.1665200466525234,0.3327394746273428,173
0,4,10,169,175,7,7,provisional,139.841354,2.3078204545281835,,,,,cracz,,0,0,,diagnostic_only; no_auto_accept; no_auto_split,139.75710554547183,0.17236528284295594,6.728326077110561,6,1.1213876795184268,0.3080449903283853,173
0,4,11,169,175,7,7,provisional,140.287949,1.2842042033958592,,,,,cracz,,0,0,,diagnostic_only; no_auto_accept; no_auto_split,140.30245420339585,0.16203958694899653,14.535436166880034,6,2.4225726944800057,0.3167676505511416,173
0,4,12,169,175,7,7,provisional,141.399551,1.3552033899854337,,,,,cracz,,0,0,,diagnostic_only; no_auto_accept; no_auto_split,141.39464361001455,0.19059987272561915,6.700592884867743,6,1.1167654808112906,0.3096281059406676,173
0,4,13,169,175,7,7,provisional,139.215652,1.4179655934989341,,,,,cracz,,0,0,,diagnostic_only; no_auto_accept; no_auto_split,139.11160640650107,0.18695618475224615,11.156220088836278,6,1.8593700148060464,0.31071621355368395,173
0,4,14,169,175,7,7,provisional,142.680573,1.1096579836791136,,,,,cracz,,0,0,,diagnostic_only; no_auto_accept; no_auto_split,142.47707301632087,0.19102832245777257,5.72815005142956,6,0.9546916752382599,0.32286677655562107,173
0,4,15,169,175,7,7,provisional,140.228165,0.7109902235838774,,,,,cracz,,0,0,,diagnostic_only; no_auto_accept; no_auto_split,140.3292762235839,0.18626282169687147,3.211301099779639,6,0.5352168499632731,0.32701989150546174,173
0,4,16,169,175,7,7,provisional,139.419632,1.3080726273247194,,,,,cracz,,0,0,,diagnostic_only; no_auto_accept; no_auto_split,139.58906362732472,0.16553406065184423,24.561718922458795,6,4.093619820409799,0.3261468171935505,173
0,4,17,169,175,7,7,provisional,137.48851,1.1356724080078493,,,,large_chi2_ndf,cracz,,0,0,,diagnostic_only; no_auto_accept; no_auto_split,138.05320059199215,0.1631089215028367,31.1318735595267,6,5.18864559325445,0.32184256500596964,173
0,4,18,169,175,7,7,provisional,138.961075,1.1029133716368449,,,,,cracz,,0,0,,diagnostic_only; no_auto_accept; no_auto_split,139.48970837163685,0.16821653336619502,20.32972498814365,6,3.3882874980239417,0.31850864230302917,173
0,4,19,169,175,7,7,provisional,139.144852,1.532642521918774,,,,large_chi2_ndf,cracz,,0,0,,diagnostic_only; no_auto_accept; no_auto_split,139.32626752191877,0.1663109459936912,37.39839457971496,6,6.233065763285826,0.33457265562233945,173
0,4,20,169,175,7,7,provisional,137.898224,0.9617301852550213,,,,,cracz,,0,0,,diagnostic_only; no_auto_accept; no_auto_split,138.256774185255,0.17512430591614636,14.033897438187928,6,2.3389829063646546,0.31204737555361667,173
0,4,21,169,175,7,7,provisional,137.464737,1.856390960703294,,,,large_chi2_ndf,cracz,,0,0,,diagnostic_only; no_auto_accept; no_auto_split,137.6897799607033,0.18208654526250306,36.663802339793484,6,6.110633723298914,0.31017465804229927,173
0,4,22,169,175,7,7,provisional,139.15126,1.4907340245974012,,,,large_chi2_ndf,cracz,,0,0,,diagnostic_only; no_auto_accept; no_auto_split,139.2288170245974,0.17954011845103662,30.508121028234026,6,5.084686838039004,0.3076724433247724,173
0,4,23,169,175,7,7,provisional,136.694977,1.7706132142126592,,,,large_chi2_ndf,cracz,,0,0,,diagnostic_only; no_auto_accept; no_auto_split,137.52493121421267,0.17338879554249775,39.37753457154009,6,6.5629224285900145,0.3468744796167706,173
0,4,24,169,175,7,7,provisional,141.041626,1.5921527789331833,,,,,cracz,,0,0,,diagnostic_only; no_auto_accept; no_auto_split,141.43407177893317,0.17636189596679716,13.471033950620242,6,2.2451723251033737,0.3106966484219133,173
0,4,25,169,175,7,7,provisional,137.673843,1.7228285862991868,,,,large_chi2_ndf,cracz,,0,0,,diagnostic_only; no_auto_accept; no_auto_split,137.6518295862992,0.17120454741877184,42.87541841012472,6,7.14590306835412,0.32870799083678676,173
0,4,26,169,175,7,7,provisional,139.222885,0.9018080134688944,,,,,cracz,,0,0,,diagnostic_only; no_auto_accept; no_auto_split,139.46257198653112,0.18952216428065177,12.885587630825857,6,2.1475979384709762,0.3310442198360176,173
0,4,27,169,175,7,7,provisional,137.107468,1.9307655234510719,,,,,cracz,,0,0,,diagnostic_only; no_auto_accept; no_auto_split,137.40381347654892,0.17122223226551145,27.403190849371935,6,4.5671984748953225,0.3198076809982729,173
0,4,28,169,175,7,7,provisional,139.634888,4.514567515687105,,,,,cracz,,0,0,,diagnostic_only; no_auto_accept; no_auto_split,139.75927251568712,0.2060616725440207,26.244889117894246,6,4.374148186315708,0.33924860092644965,173
0,4,29,169,175,7,7,provisional,137.972336,1.3539827105919073,,,,,cracz,,0,0,,diagnostic_only; no_auto_accept; no_auto_split,138.2322477105919,0.19982756894624756,29.473243745296102,6,4.912207290882684,0.3198470931596863,173
0,4,30,169,175,7,7,provisional,139.020309,1.4421777806714715,,,,,cracz,,0,0,,diagnostic_only; no_auto_accept; no_auto_split,138.99109778067148,0.21891665636528923,8.026851201440351,6,1.3378085335733918,0.31809124674790257,173
0,4,31,169,175,7,7,provisional,137.453293,1.6265049807688285,,,,,cracz,,0,0,,diagnostic_only; no_auto_accept; no_auto_split,137.13024298076883,0.21094252517581305,10.621346023170567,6,1.7702243371950945,0.3245799771315904,173
0,5,1,169,175,7,7,provisional,132.35556,1.9964650105042097,,,,,cracz,,0,0,,diagnostic_only; no_auto_accept; no_auto_split,132.9713640105042,0.3032727594397836,12.64052698949183,6,2.1067544982486384,0.3319187180142305,173
0,5,2,169,175,7,7,provisional,136.107803,1.3275076975871514,,,,,cracz,,0,0,,diagnostic_only; no_auto_accept; no_auto_split,136.67671930241283,0.21015098239990931,15.609516220073543,6,2.6015860366789236,0.31602336609997916,173
0,5,3,169,175,7,7,provisional,134.618515,1.459541118825399,,,,,cracz,,0,0,,diagnostic_only; no_auto_accept; no_auto_split,134.7300338811746,0.24002629732372321,12.472505382361886,6,2.0787508970603144,0.33774599507156766,173
0,5,4,169,175,7,7,provisional,135.497009,1.2489016906539234,,,,,cracz,,0,0,,diagnostic_only; no_auto_accept; no_auto_split,135.7388913093461,0.19974858949597035,12.183563765270831,6,2.030593960878472,0.32899189006774976,173
0,5,5,169,175,7,7,provisional,132.037399,1.0672520242724204,,,,,cracz,,0,0,,diagnostic_only; no_auto_accept; no_auto_split,131.87256502427243,0.2121114988650302,5.124079783945966,6,0.8540132973243276,0.33777937671552916,173
0,5,6,169,175,7,7,provisional,134.359222,1.1638389987148798,,,,,cracz,,0,0,,diagnostic_only; no_auto_accept; no_auto_split,134.73621600128513,0.20347390598146317,12.622900206576727,6,2.1038167010961213,0.33644810241300444,173
0,5,7,169,175,7,7,provisional,131.370987,2.079113311793037,,,,,cracz,,0,0,,diagnostic_only; no_auto_accept; no_auto_split,131.37649868820696,0.21605924513922461,22.868079828609428,6,3.8113466381015715,0.3385230214193045,173
0,5,8,169,175,7,7,provisional,131.924347,1.0946749595049994,,,,,cracz,,0,0,,diagnostic_only; no_auto_accept; no_auto_split,132.021475040495,0.185883131155839,11.336935198083786,6,1.8894891996806311,0.336417124970725,173
0,5,9,169,175,7,7,provisional,131.085098,1.1765710986885551,,,,,cracz,,0,0,,diagnostic_only; no_auto_accept; no_auto_split,131.13308309868856,0.19305219858797112,8.999093524285101,6,1.4998489207141834,0.338513348185757,173
0,5,10,169,175,7,7,provisional,130.490295,0.4289797452127857,,,,,cracz,,0,0,,diagnostic_only; no_auto_accept; no_auto_split,130.6515747452128,0.18115633343360235,2.860778279001163,6,0.47679637983352713,0.32214345339463785,173
0,5,11,169,175,7,7,provisional,136.32254,1.6379720885486222,,,,,cracz,,0,0,,diagnostic_only; no_auto_accept; no_auto_split,136.47712908854862,0.21001545901081214,6.67421925714569,6,1.1123698761909484,0.3394089673297241,173
0,5,12,169,175,7,7,provisional,138.113358,0.5401487733251145,,,,,cracz,,0,0,,diagnostic_only; no_auto_accept; no_auto_split,138.2320682266749,0.17484727111464146,2.770921800119358,6,0.461820300019893,0.3212173048353351,173
0,5,13,169,175,7,7,provisional,134.987991,1.0465123728375545,,,,,cracz,,0,0,,diagnostic_only; no_auto_accept; no_auto_split,135.26962637283756,0.20457930894733584,6.89736941848314,6,1.14956156974719,0.3177757533702568,173
0,5,14,169,175,7,7,provisional,129.056519,0.8216686505044777,,,,,cracz,,0,0,,diagnostic_only; no_auto_accept; no_auto_split,129.2280143494955,0.16726092664722253,10.203841037966788,6,1.7006401729944647,0.32265569225057567,173
0,5,15,169,175,7,7,provisional,135.776703,1.6561038796070306,,,,,cracz,,0,0,,diagnostic_only; no_auto_accept; no_auto_split,135.66042187960704,0.20272884100016803,12.589056683219805,6,2.0981761138699677,0.3166765193546176,173
0,5,16,169,175,7,7,provisional,134.575226,2.0093840512271584,,,,,cracz,,0,0,,diagnostic_only; no_auto_accept; no_auto_split,134.73007205122715,0.18404690403444987,8.205308970556542,6,1.367551495092757,0.3269630915851131,173
0,5,17,169,175,7,7,provisional,137.091324,1.4361632870986227,,,,,cracz,,0,0,,diagnostic_only; no_auto_accept; no_auto_split,137.4842317129014,0.208984828271003,11.314330205997999,6,1.8857217009996665,0.3067028353197025,173
0,5,18,169,175,7,7,provisional,135.131561,1.696254817203254,,,,,cracz,,0,0,,diagnostic_only; no_auto_accept; no_auto_split,135.19560618279675,0.19028521484710026,9.873105945912158,6,1.6455176576520263,0.32035211050398293,173
0,5,19,169,175,7,7,provisional,134.185135,1.4877801827506971,,,,,cracz,,0,0,,diagnostic_only; no_auto_accept; no_auto_split,133.6525441827507,0.188501898153351,29.48977961471072,6,4.914963269118453,0.3146002337196227,173
0,5,20,169,175,7,7,provisional,135.546051,1.7394703427418108,,,,,cracz,,0,0,,diagnostic_only; no_auto_accept; no_auto_split,135.54510565725818,0.18263069209227625,11.37240530684108,6,1.8954008844735133,0.323083861810772,173
0,5,21,169,175,7,7,provisional,136.866486,1.7367813534495156,,,,large_chi2_ndf,cracz,,0,0,,diagnostic_only; no_auto_accept; no_auto_split,136.17267935344952,0.2044597043074573,38.84780449900136,6,6.474634083166894,0.3055729407843743,173
0,5,22,169,175,7,7,provisional,137.485397,1.1662058968797737,,,,,cracz,,0,0,,diagnostic_only; no_auto_accept; no_auto_split,137.81287410312024,0.17801585208499465,11.681285077175819,6,1.9468808461959697,0.3263561451579914,173
0,5,23,169,175,7,7,provisional,136.132858,0.8655960331157075,,,,,cracz,,0,0,,diagnostic_only; no_auto_accept; no_auto_split,135.8028520331157,0.23380183811646157,5.197806077101027,6,0.8663010128501711,0.321521624467231,173
0,5,24,169,175,7,7,provisional,136.671478,0.9272227766975334,,,,,cracz,,0,0,,diagnostic_only; no_auto_accept; no_auto_split,136.87854822330246,0.1930563474551717,5.674738211168616,6,0.9457897018614361,0.30956137628422953,173
0,5,25,169,175,7,7,provisional,133.153931,1.3622180380167208,,,,,cracz,,0,0,,diagnostic_only; no_auto_accept; no_auto_split,133.30293803801672,0.25770179052168485,6.776410523951933,6,1.1294017539919887,0.331602455384194,173
0,5,26,169,175,7,7,provisional,135.13678,1.3408079908483899,,,,,cracz,,0,0,,diagnostic_only; no_auto_accept; no_auto_split,135.17312300915162,0.20662856003813626,9.547320485190694,6,1.5912200808651156,0.33583441613229464,173
0,5,27,169,175,7,7,provisional,135.052643,0.8433603065147111,,,,,cracz,,0,0,,diagnostic_only; no_auto_accept; no_auto_split,135.0101233065147,0.22888846713037336,2.4053138791154334,6,0.4008856465192389,0.3153696966276701,173
0,5,28,169,175,7,7,provisional,136.653992,1.6253935011590386,,,,,cracz,,0,0,,diagnostic_only; no_auto_accept; no_auto_split,136.50886250115903,0.22487224124756963,5.362696432362472,6,0.8937827387270786,0.33172535022397326,173
0,5,29,169,175,7,7,provisional,133.057281,1.6287786564570297,,,,,cracz,,0,0,,diagnostic_only; no_auto_accept; no_auto_split,133.00266465645703,0.2410550997760469,7.847047318352806,6,1.3078412197254676,0.33658015109221506,173
0,5,30,169,175,7,7,provisional,136.765427,1.1677239724295418,,,,,cracz,,0,0,,diagnostic_only; no_auto_accept; no_auto_split,136.61135797242954,0.2137813734170176,7.336491050255486,6,1.2227485083759142,0.3409535296049938,173
0,5,31,169,175,7,7,provisional,136.225861,2.943270244752796,,,,,cracz,,0,0,,diagnostic_only; no_auto_accept; no_auto_split,136.4427767552472,0.2631086319146573,12.964215459827559,6,2.1607025766379264,0.34284422210703813,173
0,6,1,169,175,7,7,provisional,125.850868,2.7826700662320434,,,,,cracz,,0,0,,diagnostic_only; no_auto_accept; no_auto_split,126.15098706623205,0.4611971523702386,3.0264516404622857,6,0.5044086067437142,0.36939801014900536,173
0,6,2,169,175,7,7,provisional,122.356285,2.98387313911347,,,,,cracz,,0,0,,diagnostic_only; no_auto_accept; no_auto_split,121.50092186088654,0.4339845012809214,17.25104793433295,6,2.8751746557221582,0.32195301097298545,173
0,6,3,169,175,7,7,provisional,125.093384,2.8215518230487078,,,,,cracz,,0,0,,diagnostic_only; no_auto_accept; no_auto_split,125.34691182304871,0.38725173518878586,6.537097263689116,6,1.0895162106148526,0.35125552750940237,173
0,6,4,169,175,7,7,provisional,132.184875,2.2018924320607027,,,,,cracz,,0,0,,diagnostic_only; no_auto_accept; no_auto_split,132.2055694320607,0.3110892953025519,11.753682750037328,6,1.9589471250062214,0.3320471744798276,173
0,6,5,169,175,7,7,provisional,124.525352,2.0065080331998075,,,,,cracz,,0,0,,diagnostic_only; no_auto_accept; no_auto_split,124.3369140331998,0.31552762874316526,8.8444464086524,6,1.4740744014420668,0.30719150572970666,173
0,6,6,169,175,7,7,provisional,132.239639,2.5388719100323556,,,,large_chi2_ndf,cracz,,0,0,,diagnostic_only; no_auto_accept; no_auto_split,131.43479191003235,0.2549426809500348,33.94683014913031,6,5.657805024855051,0.3139540730112224,173
0,6,7,169,175,7,7,provisional,133.312256,1.615301611405016,,,,,cracz,,0,0,,diagnostic_only; no_auto_accept; no_auto_split,133.206365611405,0.23468721126093994,7.059419585136556,6,1.1765699308560926,0.32615030442740284,173
0,6,8,169,175,7,7,provisional,132.492538,1.3849251773175695,,,,,cracz,,0,0,,diagnostic_only; no_auto_accept; no_auto_split,132.70404882268244,0.1721931560305589,21.91771655407136,6,3.6529527590118938,0.3295530628016965,173
0,6,9,169,175,7,7,provisional,131.112808,2.1742274181868595,,,,,cracz,,0,0,,diagnostic_only; no_auto_accept; no_auto_split,131.17120641818687,0.21220490328505198,20.144850646204073,6,3.357475107700679,0.3586881617470034,173
0,6,10,169,175,7,7,provisional,132.889999,1.5689624064948475,,,,,cracz,,0,0,,diagnostic_only; no_auto_accept; no_auto_split,132.83640259350514,0.2015393383333431,14.167523811961132,6,2.3612539686601886,0.30931658028334524,173
0,6,11,169,175,7,7,provisional,137.083893,1.3347272025595203,,,,,cracz,,0,0,,diagnostic_only; no_auto_accept; no_auto_split,137.08565279744047,0.1809994016041238,10.855545613130666,6,1.8092576021884443,0.327325742861775,173
0,6,12,169,175,7,7,provisional,138.020813,0.8732821236113182,,,,,cracz,,0,0,,diagnostic_only; no_auto_accept; no_auto_split,138.1708591236113,0.20098769757851206,6.747321913233296,6,1.1245536522055495,0.31966955542059217,173
0,6,13,169,175,7,7,provisional,138.336349,2.3063204559165342,,,,,cracz,,0,0,,diagnostic_only; no_auto_accept; no_auto_split,138.65565545591653,0.20705701143110294,11.772143278787203,6,1.962023879797867,0.32016712070991804,173
0,6,14,169,175,7,7,provisional,138.537827,1.0815215989485978,,,,,cracz,,0,0,,diagnostic_only; no_auto_accept; no_auto_split,138.7060914010514,0.2070212869753903,6.583927435722991,6,1.0973212392871652,0.3101621543781309,173
0,6,15,169,175,7,7,provisional,141.303024,0.6606882593952719,,,,,cracz,,0,0,,diagnostic_only; no_auto_accept; no_auto_split,141.30912625939527,0.18746487996662103,5.497919694808575,6,0.9163199491347624,0.32861588404856024,173
0,6,16,169,175,7,7,provisional,138.212952,0.9783840828034158,,,,,cracz,,0,0,,diagnostic_only; no_auto_accept; no_auto_split,138.23352608280342,0.1804716840149008,3.4434442442699265,6,0.5739073740449877,0.3078530596229399,173
0,6,17,169,175,7,7,provisional,138.742493,1.2674801077163806,,,,,cracz,,0,0,,diagnostic_only; no_auto_accept; no_auto_split,139.1434111077164,0.1963587489256873,14.06511447595582,6,2.3441857459926365,0.32441583254325373,173
0,6,18,169,175,7,7,provisional,137.812759,1.110011927563761,,,,,cracz,,0,0,,diagnostic_only; no_auto_accept; no_auto_split,137.69106692756375,0.19723853578870393,8.981245230699592,6,1.4968742051165986,0.3275650385180859,173
0,6,19,169,175,7,7,provisional,135.811249,2.9577051817464337,,,,,cracz,,0,0,,diagnostic_only; no_auto_accept; no_auto_split,136.10768418174644,0.22409678101530237,13.862953147776658,6,2.3104921912961096,0.3018857531204316,173
0,6,20,169,175,7,7,provisional,139.152039,1.7462213267978086,,,,,cracz,,0,0,,diagnostic_only; no_auto_accept; no_auto_split,138.99556532679782,0.17787033970275098,9.495672681907003,6,1.582612113651167,0.3151153012635059,173
0,6,21,169,175,7,7,provisional,138.109161,1.324017612626676,,,,,cracz,,0,0,,diagnostic_only; no_auto_accept; no_auto_split,138.23391461262668,0.20244739269072673,16.319865886733457,6,2.7199776477889093,0.33662607620535895,173
0,6,22,169,175,7,7,provisional,141.135178,1.710127893129254,,,,,cracz,,0,0,,diagnostic_only; no_auto_accept; no_auto_split,141.38934189312926,0.18557152968756876,15.137861411956344,6,2.522976901992724,0.316381203434039,173
0,6,23,169,175,7,7,provisional,137.661133,2.2488573584572293,,,,,cracz,,0,0,,diagnostic_only; no_auto_accept; no_auto_split,137.55993835845723,0.18638963445712892,24.673606787101495,6,4.112267797850249,0.3250179873450682,173
0,6,24,169,175,7,7,provisional,137.148346,0.988864813588691,,,,,cracz,,0,0,,diagnostic_only; no_auto_accept; no_auto_split,137.4420818135887,0.20924253923689687,7.320055675458751,6,1.2200092792431252,0.3275808271111347,173
0,6,25,169,175,7,7,provisional,137.111191,2.0146471194549065,,,,,cracz,,0,0,,diagnostic_only; no_auto_accept; no_auto_split,136.8973371194549,0.22719801668997786,12.853310923400338,6,2.14221848723339,0.32111860208159343,173
0,6,26,169,175,7,7,provisional,136.348648,1.0685437895994312,,,,,cracz,,0,0,,diagnostic_only; no_auto_accept; no_auto_split,136.34428578959944,0.21213650697891068,1.934687549119452,6,0.322447924853242,0.3088291189264466,173
0,6,27,169,175,7,7,provisional,133.757294,1.2818887740232867,,,,,cracz,,0,0,,diagnostic_only; no_auto_accept; no_auto_split,133.7700787740233,0.2970146280068334,3.1169436202672114,6,0.5194906033778686,0.29853275452275585,173
0,6,28,169,175,7,7,provisional,139.023529,3.3800038390008638,,,,,cracz,,0,0,,diagnostic_only; no_auto_accept; no_auto_split,139.82237183900085,0.2213729073511559,27.91367293287965,6,4.6522788221466085,0.3487490658797516,173
0,6,29,169,175,7,7,provisional,135.269775,1.9401439524026216,,,,,cracz,,0,0,,diagnostic_only; no_auto_accept; no_auto_split,135.53642695240262,0.25581864565297896,22.34477593847334,6,3.72412932307889,0.3511382670880702,173
0,6,30,169,175,7,7,provisional,134.191757,2.138097136137901,,,,,cracz,,0,0,,diagnostic_only; no_auto_accept; no_auto_split,134.2513481361379,0.27786517593402615,11.909296483196728,6,1.9848827471994548,0.32758751768094196,173
0,6,31,169,175,7,7,provisional,136.663818,1.479308572938578,,,,,cracz,,0,0,,diagnostic_only; no_auto_accept; no_auto_split,136.86418057293858,0.24581204626654254,8.565718535659158,6,1.4276197559431931,0.34276240691829674,173
0,7,1,169,175,7,7,provisional,130.627335,2.226927769046114,,,,,cracz,,0,0,,diagnostic_only; no_auto_accept; no_auto_split,130.95547623095388,0.37953118926306484,12.604018866264989,6,2.1006698110441646,0.24863313376246562,173
0,7,2,169,175,7,7,provisional,131.184769,2.6473321934894045,,,,,cracz,,0,0,,diagnostic_only; no_auto_accept; no_auto_split,132.0468968065106,0.35795505666163147,17.897538216485493,6,2.9829230360809156,0.26716130092829915,173
0,7,3,169,175,7,7,provisional,130.752945,3.440653320784236,,,,large_chi2_ndf,cracz,,0,0,,diagnostic_only; no_auto_accept; no_auto_split,131.03334567921576,0.355984804813496,31.32374653898854,6,5.2206244231647565,0.27837809845807354,173
0,7,4,169,175,7,7,provisional,133.07132,0.9590560114971538,,,,,cracz,,0,0,,diagnostic_only; no_auto_accept; no_auto_split,133.29283598850284,0.2468770184178939,6.919047096431603,6,1.1531745160719338,0.3245950210667681,173
0,7,5,169,175,7,7,provisional,131.331543,3.1047005438058193,,,,,cracz,,0,0,,diagnostic_only; no_auto_accept; no_auto_split,131.52961154380583,0.25151760302995446,16.300225457749654,6,2.7167042429582757,0.3193453614462239,173
0,7,6,169,175,7,7,provisional,131.87854,1.514851392921372,,,,,cracz,,0,0,,diagnostic_only; no_auto_accept; no_auto_split,132.20866839292137,0.22362373703547997,9.310016554463177,6,1.5516694257438628,0.3363741183980918,173
0,7,7,169,175,7,7,provisional,131.784653,0.6717706968676396,,,,,cracz,,0,0,,diagnostic_only; no_auto_accept; no_auto_split,131.56321969686763,0.23080620381271524,4.157164727034885,6,0.6928607878391474,0.3311826631561868,173
0,7,8,169,175,7,7,provisional,133.728271,1.5307849877397643,,,,,cracz,,0,0,,diagnostic_only; no_auto_accept; no_auto_split,133.81484298773975,0.18366284689149823,20.529878635551658,6,3.4216464392586095,0.32618949022549615,173
0,7,9,169,175,7,7,provisional,130.988907,1.3693409965373746,,,,,cracz,,0,0,,diagnostic_only; no_auto_accept; no_auto_split,131.07965299653736,0.1893418906392729,14.195119414048396,6,2.3658532356747326,0.3415732303291807,173
0,7,10,169,175,7,7,provisional,138.384308,1.5726723302762196,,,,,cracz,,0,0,,diagnostic_only; no_auto_accept; no_auto_split,138.40573666972378,0.19250953889958725,5.63116629753206,6,0.9385277162553433,0.3260343302253879,173
0,7,11,169,175,7,7,provisional,140.516876,0.9709329771919784,,,,,cracz,,0,0,,diagnostic_only; no_auto_accept; no_auto_split,140.26640397719197,0.19517195583653224,8.080630641749893,6,1.3467717736249822,0.32701666622606806,173
0,7,12,169,175,7,7,provisional,137.53949,1.4557534843820008,,,,,cracz,,0,0,,diagnostic_only; no_auto_accept; no_auto_split,137.508793484382,0.19370177345226489,11.299249008420965,6,1.883208168070161,0.31643879436574285,173
0,7,13,169,175,7,7,provisional,138.704071,0.9362317150060733,,,,,cracz,,0,0,,diagnostic_only; no_auto_accept; no_auto_split,138.54776228499392,0.19993778260045256,6.399699418016527,6,1.0666165696694212,0.30685397036208206,173
0,7,14,169,175,7,7,provisional,141.525635,1.301740589247487,,,,,cracz,,0,0,,diagnostic_only; no_auto_accept; no_auto_split,141.41115041075253,0.1876097770615769,7.1991590385265605,6,1.1998598397544267,0.29722031214662137,173
0,7,15,169,175,7,7,provisional,138.871048,1.183285658430151,,,,,cracz,,0,0,,diagnostic_only; no_auto_accept; no_auto_split,138.86416365843016,0.19185205138706674,6.953626441847973,6,1.1589377403079955,0.3164810599677144,173
0,7,16,169,175,7,7,provisional,139.257599,0.5322761526430781,,,,,cracz,,0,0,,diagnostic_only; no_auto_accept; no_auto_split,139.38647815264306,0.1793866503314087,2.5306356271485697,6,0.4217726045247616,0.3161932448954816,173
0,7,17,169,175,7,7,provisional,138.644989,0.7247749814222004,,,,,cracz,,0,0,,diagnostic_only; no_auto_accept; no_auto_split,138.8575259814222,0.18954509167634767,3.5716934970416783,6,0.5952822495069464,0.32061314137344615,173
0,7,18,169,175,7,7,provisional,139.33606,2.335548055123951,,,,,cracz,,0,0,,diagnostic_only; no_auto_accept; no_auto_split,139.35753605512394,0.20159555047497818,7.877484133012981,6,1.3129140221688302,0.3294455330004057,173
0,7,19,169,175,7,7,provisional,138.153168,1.3565234544087446,,,,,cracz,,0,0,,diagnostic_only; no_auto_accept; no_auto_split,138.32235554559125,0.18322823746982206,7.809342453177693,6,1.3015570755296155,0.313840290750776,173
0,7,20,169,175,7,7,provisional,140.008041,3.270691626167661,,,,,cracz,,0,0,,diagnostic_only; no_auto_accept; no_auto_split,139.95694062616766,0.19909518846133575,14.620731379348237,6,2.4367885632247064,0.3205478553241989,173
0,7,21,169,175,7,7,provisional,138.466339,1.1863759210850162,,,,,cracz,,0,0,,diagnostic_only; no_auto_accept; no_auto_split,138.69858807891498,0.214431374869657,12.39061706355837,6,2.065102843926395,0.3022832199000973,173
0,7,22,169,175,7,7,provisional,140.400909,1.5497193946159484,,,,,cracz,,0,0,,diagnostic_only; no_auto_accept; no_auto_split,140.38501639461595,0.18940814599175823,9.70257424671361,6,1.6170957077856016,0.3218167850706301,173
0,7,23,169,175,7,7,provisional,138.322586,1.0209343071899752,,,,,cracz,,0,0,,diagnostic_only; no_auto_accept; no_auto_split,138.29411230718998,0.21577153957099432,2.7105959849972265,6,0.4517659974995378,0.3448194996040455,173
0,7,24,169,175,7,7,provisional,137.121918,1.2619750980683193,,,,,cracz,,0,0,,diagnostic_only; no_auto_accept; no_auto_split,136.87111190193167,0.19756949446405728,14.782159338832424,6,2.4636932231387374,0.30910610542852957,173
0,7,25,169,175,7,7,provisional,133.579636,2.3082790134305355,,,,,cracz,,0,0,,diagnostic_only; no_auto_accept; no_auto_split,133.65625998656947,0.21961334261655285,7.400552090004678,6,1.2334253483341129,0.29960574188759864,173
0,7,26,169,175,7,7,provisional,138.284348,1.2892705368269617,,,,,cracz,,0,0,,diagnostic_only; no_auto_accept; no_auto_split,137.74745746317305,0.1952389404571836,9.004852522708976,6,1.5008087537848294,0.3388352929123811,173
0,7,27,169,175,7,7,provisional,137.866989,2.9920254170710905,,,,large_chi2_ndf,cracz,,0,0,,diagnostic_only; no_auto_accept; no_auto_split,136.9751835829289,0.2310665864325001,31.42959671321875,6,5.238266118869792,0.3182537183809541,173
0,7,28,169,175,7,7,provisional,139.377731,0.8999164070226584,,,,,cracz,,0,0,,diagnostic_only; no_auto_accept; no_auto_split,139.06492759297734,0.2074533524555163,6.458497791205845,6,1.0764162985343075,0.30888517756664186,173
0,7,29,169,175,7,7,provisional,137.316711,1.4547562723248575,,,,,cracz,,0,0,,diagnostic_only; no_auto_accept; no_auto_split,137.26510527232486,0.24451650133782524,4.492891302889462,6,0.7488152171482437,0.3245432904290955,173
0,7,30,169,175,7,7,provisional,138.565353,1.0768021103749277,,,,,cracz,,0,0,,diagnostic_only; no_auto_accept; no_auto_split,138.62652088962508,0.22851755758528705,3.050648039939472,6,0.508441339989912,0.33924021533142246,173
0,7,31,169,175,7,7,provisional,132.474777,2.587891928632814,,,,,cracz,,0,0,,diagnostic_only; no_auto_accept; no_auto_split,132.21354507136718,0.3107963372414935,14.195328383079756,6,2.365888063846626,0.3151898133128823,173
0,8,1,169,175,7,7,provisional,135.873749,3.7715599611184416,,,,,cracz,,0,0,,diagnostic_only; no_auto_accept; no_auto_split,135.85562096111843,0.2680680392180988,19.161697930085822,6,3.1936163216809703,0.30435231820100417,173
0,8,2,169,175,7,7,provisional,130.451553,2.1439490156147087,,,,,cracz,,0,0,,diagnostic_only; no_auto_accept; no_auto_split,130.47141801561472,0.4487198419119548,8.267968069785379,6,1.3779946782975632,0.2844861706679785,173
0,8,3,169,175,7,7,provisional,135.360611,1.870417861052033,,,,,cracz,,0,0,,diagnostic_only; no_auto_accept; no_auto_split,135.80687413894796,0.242467109588497,18.279220386783987,6,3.0465367311306646,0.31991094277656146,173
0,8,4,169,175,7,7,provisional,132.283005,1.7181756511367894,,,,,cracz,,0,0,,diagnostic_only; no_auto_accept; no_auto_split,132.5222676511368,0.23452368093608644,9.269900621303961,6,1.5449834368839934,0.3487643385445486,173
0,8,5,169,175,7,7,provisional,131.10701,1.0562008447584503,,,,,cracz,,0,0,,diagnostic_only; no_auto_accept; no_auto_split,131.20646984475846,0.2421695181788938,4.969414380787836,6,0.828235730131306,0.31397971143205494,173
0,8,6,169,175,7,7,provisional,132.012756,1.3361747644256639,,,,,cracz,,0,0,,diagnostic_only; no_auto_accept; no_auto_split,132.21239423557432,0.1988624619264999,16.904001625809304,6,2.8173336043015507,0.3546861016181416,173
0,8,7,169,175,7,7,provisional,134.640671,1.646108895087707,,,,,cracz,,0,0,,diagnostic_only; no_auto_accept; no_auto_split,134.9248901049123,0.19350920248790998,21.164290791864758,6,3.5273817986441265,0.34143586517614316,173
0,8,8,169,175,7,7,provisional,132.987335,1.7106525857481643,,,,,cracz,,0,0,,diagnostic_only; no_auto_accept; no_auto_split,133.22467558574817,0.16855898332739497,22.47099946360242,6,3.7451665772670704,0.33385394252944783,173
0,8,9,169,175,7,7,provisional,133.662369,1.67487936364995,,,,,cracz,,0,0,,diagnostic_only; no_auto_accept; no_auto_split,133.91869936364995,0.17254808251124876,22.43732193673507,6,3.739553656122512,0.32870009712073894,173
0,8,10,169,175,7,7,provisional,143.292633,0.7581375702406206,,,,,cracz,,0,0,,diagnostic_only; no_auto_accept; no_auto_split,143.28609742975937,0.1803598218677825,3.243332354244705,6,0.5405553923741174,0.3265775610168204,173
0,8,11,169,175,7,7,provisional,141.741974,1.3351115262778137,,,,,cracz,,0,0,,diagnostic_only; no_auto_accept; no_auto_split,141.9124314737222,0.18039178831859748,7.905504031381939,6,1.3175840052303232,0.30679905404342667,173
0,8,12,169,175,7,7,provisional,142.428604,1.2502536659355314,,,,,cracz,,0,0,,diagnostic_only; no_auto_accept; no_auto_split,142.46771833406447,0.18425580359709431,15.136894752359211,6,2.5228157920598684,0.30498305709886375,173
0,8,13,169,175,7,7,provisional,140.998337,1.2220858458868804,,,,,cracz,,0,0,,diagnostic_only; no_auto_accept; no_auto_split,140.64592515411312,0.18444039841702245,12.710510996997217,6,2.118418499499536,0.3174976260423836,173
0,8,14,169,175,7,7,provisional,142.786896,1.9406165617438376,,,,,cracz,,0,0,,diagnostic_only; no_auto_accept; no_auto_split,142.68709943825615,0.18891277722714472,4.744330235015975,6,0.7907217058359959,0.32599270564017746,173
0,8,15,169,175,7,7,provisional,142.161667,0.5994321568629744,,,,,cracz,,0,0,,diagnostic_only; no_auto_accept; no_auto_split,142.12192684313703,0.19061826458914338,1.7257250366209402,6,0.2876208394368234,0.326379847393953,173
0,8,16,169,175,7,7,provisional,142.35881,1.0245317074576121,,,,,cracz,,0,0,,diagnostic_only; no_auto_accept; no_auto_split,142.5741227074576,0.1873783409475822,10.606999534314346,6,1.7678332557190577,0.3177039998841119,173
0,8,17,169,175,7,7,provisional,140.277847,0.8072679361639814,,,,,cracz,,0,0,,diagnostic_only; no_auto_accept; no_auto_split,140.223588936164,0.19124474839460978,2.7972550178460893,6,0.4662091696410149,0.32611987797477887,173
0,8,18,169,175,7,7,provisional,141.000092,1.1575135933528884,,,,,cracz,,0,0,,diagnostic_only; no_auto_accept; no_auto_split,140.9934355933529,0.19837058011713402,7.919655674807769,6,1.3199426124679616,0.3264845559376544,173
0,8,19,169,175,7,7,provisional,137.99469,0.7773152075770895,,,,,cracz,,0,0,,diagnostic_only; no_auto_accept; no_auto_split,138.04650679242292,0.19921114017376787,6.059162737917361,6,1.0098604563195601,0.3041167803490889,173
0,8,20,169,175,7,7,provisional,141.398254,0.93798275438769,,,,,cracz,,0,0,,diagnostic_only; no_auto_accept; no_auto_split,141.25895175438768,0.19363231778355355,11.429338525550742,6,1.904889754258457,0.3053969367210107,173
0,8,21,169,175,7,7,provisional,139.68013,1.2370543705658008,,,,,cracz,,0,0,,diagnostic_only; no_auto_accept; no_auto_split,139.5994043705658,0.2022014299495283,6.179078351033482,6,1.0298463918389136,0.3090588928779935,173
0,8,22,169,175,7,7,provisional,142.648132,1.2371891656909781,,,,,cracz,,0,0,,diagnostic_only; no_auto_accept; no_auto_split,142.872946165691,0.20026297437574103,5.685677433734579,6,0.9476129056224298,0.3394762588533235,173
0,8,23,169,175,7,7,provisional,138.615372,1.737143659784408,,,,,cracz,,0,0,,diagnostic_only; no_auto_accept; no_auto_split,138.8897483402156,0.1951949892709511,11.633543629265443,6,1.9389239382109071,0.31533000695794744,173
0,8,24,169,175,7,7,provisional,138.29158,0.9328593659726039,,,,,cracz,,0,0,,diagnostic_only; no_auto_accept; no_auto_split,138.2413806340274,0.19965762545284615,6.912355615014123,6,1.1520592691690206,0.31199212388106845,173
0,8,25,169,175,7,7,provisional,136.356506,1.4643918430402323,,,,,cracz,,0,0,,diagnostic_only; no_auto_accept; no_auto_split,135.93552184304022,0.20678219731130668,13.8865554548245,6,2.3144259091374164,0.3279607189524459,173
0,8,26,169,175,7,7,provisional,137.303833,0.817456592362646,,,,,cracz,,0,0,,diagnostic_only; no_auto_accept; no_auto_split,137.18513259236263,0.204489825075753,3.1344482886213108,6,0.5224080481035518,0.31346504340740877,173
0,8,27,169,175,7,7,provisional,136.877975,2.9440711346026376,,,,,cracz,,0,0,,diagnostic_only; no_auto_accept; no_auto_split,136.99210086539736,0.20233978581887097,15.034901460118395,6,2.5058169100197323,0.3260030875660539,173
0,8,28,169,175,7,7,provisional,135.296509,1.0672990705033953,,,,,cracz,,0,0,,diagnostic_only; no_auto_accept; no_auto_split,135.18000007050338,0.23502752408131825,6.17029889370752,6,1.0283831489512534,0.3268931988287859,173
0,8,29,169,175,7,7,provisional,136.750351,1.2105138135569575,,,,,cracz,,0,0,,diagnostic_only; no_auto_accept; no_auto_split,136.68488718644304,0.21458514885734856,15.882604852621741,6,2.6471008087702903,0.31368310977446295,173
0,8,30,169,175,7,7,provisional,136.658829,0.6345548495303603,,,,,cracz,,0,0,,diagnostic_only; no_auto_accept; no_auto_split,136.69769015046964,0.2304972821306942,3.7179359378204873,6,0.6196559896367478,0.3266281694133954,173
0,8,31,169,175,7,7,provisional,132.955597,3.2538213752422394,,,,,cracz,,0,0,,diagnostic_only; no_auto_accept; no_auto_split,133.17133462475775,0.25994906681792546,16.10420743469771,6,2.6840345724496184,0.3175605625519853,173
0,9,1,169,175,7,7,provisional,136.175354,3.455464859323257,,,,,cracz,,0,0,,diagnostic_only; no_auto_accept; no_auto_split,136.61104385932325,0.2862210837219293,19.370443155222095,6,3.228407192537016,0.3252564846685151,173
0,9,2,169,175,7,7,provisional,132.328857,1.9614402832178257,,,,,cracz,,0,0,,diagnostic_only; no_auto_accept; no_auto_split,133.0194082832178,0.3129576115280165,12.978836602564398,6,2.163139433760733,0.35826703127498166,173
0,9,3,169,175,7,7,provisional,134.083603,1.8818480408182836,,,,,cracz,,0,0,,diagnostic_only; no_auto_accept; no_auto_split,133.5649080408183,0.26133103232020816,13.311728158545527,6,2.218621359757588,0.32773531201102823,173
0,9,4,169,175,7,7,provisional,132.117661,1.7319053633924852,,,,,cracz,,0,0,,diagnostic_only; no_auto_accept; no_auto_split,132.5638556366075,0.22739085876663878,14.681043979838634,6,2.446840663306439,0.3274054517778602,173
0,9,5,169,175,7,7,provisional,132.817352,1.513934674890578,,,,,cracz,,0,0,,diagnostic_only; no_auto_accept; no_auto_split,132.92889032510942,0.24162717713223306,13.860351176349026,6,2.310058529391504,0.3413037032977167,173
0,9,6,169,175,7,7,provisional,129.365082,3.1962011104507724,,,,,cracz,,0,0,,diagnostic_only; no_auto_accept; no_auto_split,130.32722111045078,0.24267828461116686,23.421208991113172,6,3.903534831852195,0.3509167595123331,173
0,9,7,169,175,7,7,provisional,132.370361,1.482519397837848,,,,,cracz,,0,0,,diagnostic_only; no_auto_accept; no_auto_split,132.82369360216217,0.20213359832404196,19.34573409692926,6,3.2242890161548767,0.32175907197149567,173
0,9,8,169,175,7,7,provisional,129.074799,1.3794653605551446,,,,,cracz,,0,0,,diagnostic_only; no_auto_accept; no_auto_split,129.34259563944485,0.20915895267810125,12.351445217741656,6,2.0585742029569425,0.33183481500647255,173
0,9,9,169,175,7,7,provisional,132.018616,1.2437605344366318,,,,,cracz,,0,0,,diagnostic_only; no_auto_accept; no_auto_split,132.36044453443662,0.18991345464133455,11.409802579963001,6,1.901633763327167,0.3304274227714403,173
0,9,10,169,175,7,7,provisional,138.065857,0.9724472076059669,,,,,cracz,,0,0,,diagnostic_only; no_auto_accept; no_auto_split,138.14861579239403,0.2128243221108942,4.315621933828301,6,0.7192703223047169,0.3161561036227016,173
0,9,11,169,175,7,7,provisional,138.260284,1.525186442958642,,,,,cracz,,0,0,,diagnostic_only; no_auto_accept; no_auto_split,138.62607744295863,0.21391954911680264,12.356583366984644,6,2.0594305611641075,0.3086903761960727,173
0,9,12,169,175,7,7,provisional,138.630768,0.7935590163762356,,,,,cracz,,0,0,,diagnostic_only; no_auto_accept; no_auto_split,138.87949098362375,0.21828871951857362,4.1912886713984365,6,0.6985481118997394,0.29447091802332687,173
0,9,13,169,175,7,7,provisional,137.395401,1.02418208245129,,,,,cracz,,0,0,,diagnostic_only; no_auto_accept; no_auto_split,137.6236240824513,0.2217061032137727,4.540441743557693,6,0.7567402905929489,0.29780221741745566,173
0,9,14,169,175,7,7,provisional,142.36377,1.9774581707046366,,,,,cracz,,0,0,,diagnostic_only; no_auto_accept; no_auto_split,142.48806317070463,0.19335490145809922,19.873195327326904,6,3.312199221221151,0.30958738582946566,173
0,9,15,169,175,7,7,provisional,139.251999,0.6054619298613773,,,,,cracz,,0,0,,diagnostic_only; no_auto_accept; no_auto_split,139.20095007013862,0.20830607969739376,2.6239756717517233,6,0.4373292786252872,0.32466233399898137,173
0,9,16,169,175,7,7,provisional,139.506943,2.3504741975183663,,,,,cracz,,0,0,,diagnostic_only; no_auto_accept; no_auto_split,139.69567419751837,0.18396932676511393,16.621429985350176,6,2.770238330891696,0.3205377172455436,173
0,9,17,169,175,7,7,provisional,139.509964,1.7703497103115353,,,,,cracz,,0,0,,diagnostic_only; no_auto_accept; no_auto_split,139.35499071031154,0.19640858243070103,13.877465579617704,6,2.312910929936284,0.3326380345589767,173
0,9,18,169,175,7,7,provisional,141.120117,1.3462844854123261,,,,,cracz,,0,0,,diagnostic_only; no_auto_accept; no_auto_split,141.44465748541234,0.18702392232572018,9.640175835726888,6,1.606695972621148,0.3353260286009416,173
0,9,19,169,175,7,7,provisional,137.650497,0.6635482974432421,,,,,cracz,,0,0,,diagnostic_only; no_auto_accept; no_auto_split,137.94795729744325,0.2071922439172676,6.179245822544413,6,1.029874303757402,0.3275586387250285,173
0,9,20,169,175,7,7,provisional,139.176727,0.8799179874847312,,,,,cracz,,0,0,,diagnostic_only; no_auto_accept; no_auto_split,139.49982701251528,0.202682022262814,7.49646178871841,6,1.249410298119735,0.32927560618456236,173
0,9,21,169,175,7,7,provisional,142.030792,0.32649463787191735,,,,,cracz,,0,0,,diagnostic_only; no_auto_accept; no_auto_split,142.05164836212808,0.19030789372229837,0.5177186468745751,6,0.08628644114576252,0.3161971359619583,173
0,9,22,169,175,7,7,provisional,142.481522,0.4619903219031869,,,,,cracz,,0,0,,diagnostic_only; no_auto_accept; no_auto_split,142.63040132190318,0.20293615514583332,1.1013846276724548,6,0.1835641046120758,0.31496305202495073,173
0,9,23,169,175,7,7,provisional,139.284561,1.350429872523705,,,,,cracz,,0,0,,diagnostic_only; no_auto_accept; no_auto_split,139.6393161274763,0.21631008266768995,12.85801748249384,6,2.1430029137489734,0.3339338933080364,173
0,9,24,169,175,7,7,provisional,135.886536,1.9420006508790948,,,,large_chi2_ndf,cracz,,0,0,,diagnostic_only; no_auto_accept; no_auto_split,136.4980616508791,0.18953503507857766,37.02302192064404,6,6.170503653440673,0.3339195951248564,173
0,9,25,169,175,7,7,provisional,135.162018,0.8746983748353045,,,,,cracz,,0,0,,diagnostic_only; no_auto_accept; no_auto_split,135.1419103748353,0.22307104266769434,4.693093520545907,6,0.7821822534243178,0.2867160686719703,173
0,9,26,169,175,7,7,provisional,138.867035,1.049952864311706,,,,,cracz,,0,0,,diagnostic_only; no_auto_accept; no_auto_split,138.9924728643117,0.1968280220881155,6.457759417636428,6,1.076293236272738,0.3261537162947556,173
0,9,27,169,175,7,7,provisional,138.079605,0.9448817398521783,,,,,cracz,,0,0,,diagnostic_only; no_auto_accept; no_auto_split,137.95529526014784,0.2082589809365467,4.978862423184309,6,0.8298104038640516,0.33145457205790374,173
0,9,28,169,175,7,7,provisional,136.176132,0.8764519162129147,,,,,cracz,,0,0,,diagnostic_only; no_auto_accept; no_auto_split,136.44143891621292,0.23549065688365023,3.760072159269163,6,0.6266786932115271,0.3140240577580105,173
0,9,29,169,175,7,7,provisional,137.449677,2.2083591325287273,,,,,cracz,,0,0,,diagnostic_only; no_auto_accept; no_auto_split,136.92617813252872,0.21224704577351236,16.67936158851669,6,2.7798935980861152,0.32437404390183117,173
0,9,30,169,175,7,7,provisional,140.84584,0.8968915264620136,,,,,cracz,,0,0,,diagnostic_only; no_auto_accept; no_auto_split,140.920893526462,0.20577405354837813,4.469227338401279,6,0.7448712230668798,0.29986318343508783,173
0,9,31,169,175,7,7,provisional,135.866531,2.722145163237343,,,,,cracz,,0,0,,diagnostic_only; no_auto_accept; no_auto_split,136.15341916323734,0.24525420517201385,21.15885306615745,6,3.526475511026242,0.3271261552532017,173
0,10,1,169,175,7,7,provisional,133.065689,2.7696597809747914,,,,,cracz,,0,0,,diagnostic_only; no_auto_accept; no_auto_split,133.1853397809748,0.30112150127097737,14.885329833850205,6,2.480888305641701,0.3566750108734952,173
0,10,2,169,175,7,7,provisional,133.319107,1.1067246488981084,,,,,cracz,,0,0,,diagnostic_only; no_auto_accept; no_auto_split,133.2958266488981,0.23705975598195556,4.756476394075831,6,0.7927460656793052,0.36687899426284487,173
0,10,3,169,175,7,7,provisional,129.603531,2.75153041873628,,,,,cracz,,0,0,,diagnostic_only; no_auto_accept; no_auto_split,129.75368141873628,0.45362173246411325,2.5474827766268393,6,0.42458046277113987,0.33081481383329125,169
0,10,4,169,175,7,7,provisional,131.114548,1.9001167163517891,,,,,cracz,,0,0,,diagnostic_only; no_auto_accept; no_auto_split,131.24113428364822,0.2188840137359443,23.785590816372736,6,3.9642651360621226,0.3340523580642255,173
0,10,5,169,175,7,7,provisional,130.573181,0.8909716167183035,,,,,cracz,,0,0,,diagnostic_only; no_auto_accept; no_auto_split,130.5930983832817,0.20471576774723363,5.583786952388691,6,0.9306311587314485,0.3354645374669344,173
0,10,6,169,175,7,7,provisional,130.518143,2.3950480746949268,,,,large_chi2_ndf,cracz,,0,0,,diagnostic_only; no_auto_accept; no_auto_split,130.78311392530506,0.1975317126942687,43.804511532235225,6,7.300751922039204,0.31908561988013906,173
0,10,7,169,175,7,7,provisional,130.993958,1.6332446761069264,,,,,cracz,,0,0,,diagnostic_only; no_auto_accept; no_auto_split,130.50519832389307,0.18957329123117359,29.538765647692546,6,4.923127607948758,0.3490176156362719,173
0,10,8,169,175,7,7,provisional,133.712173,1.3593841394477977,,,,,cracz,,0,0,,diagnostic_only; no_auto_accept; no_auto_split,133.9037078605522,0.172460428567023,15.300372929446313,6,2.5500621549077187,0.3322007339551192,173
0,10,9,169,175,7,7,provisional,134.329697,1.503270600438782,,,,,cracz,,0,0,,diagnostic_only; no_auto_accept; no_auto_split,134.58784960043877,0.15993092874517503,13.3028510896882,6,2.2171418482813667,0.3347687010287921,173
0,10,10,169,175,7,7,provisional,141.638123,0.30378592038627517,,,,,cracz,,0,0,,diagnostic_only; no_auto_accept; no_auto_split,141.60261707961374,0.1855485780239558,0.5952880219711734,6,0.09921467032852889,0.32127134892307985,173
0,10,11,169,175,7,7,provisional,142.235519,1.3851560562665952,,,,,cracz,,0,0,,diagnostic_only; no_auto_accept; no_auto_split,142.0210970562666,0.19180688150789563,8.143844679060717,6,1.3573074465101194,0.3068943850070129,173
0,10,12,169,175,7,7,provisional,140.788361,0.9961496309695121,,,,,cracz,,0,0,,diagnostic_only; no_auto_accept; no_auto_split,141.0091303690305,0.18585876877802124,5.612984030161642,6,0.9354973383602737,0.32385234672425284,173
0,10,13,169,175,7,7,provisional,142.609528,2.3083819772801917,,,,,cracz,,0,0,,diagnostic_only; no_auto_accept; no_auto_split,142.4007090227198,0.2163478431872848,14.780530815023587,6,2.463421802503931,0.3223820418098675,173
0,10,14,169,175,7,7,provisional,141.265091,1.6964392900958387,,,,,cracz,,0,0,,diagnostic_only; no_auto_accept; no_auto_split,141.26196029009583,0.1830169001950301,12.231926217788446,6,2.038654369631408,0.3250341798186524,173
0,10,15,169,175,7,7,provisional,139.538788,1.3133552412832046,,,,,cracz,,0,0,,diagnostic_only; no_auto_accept; no_auto_split,139.8061832412832,0.1920788476882768,11.474014051897438,6,1.9123356753162397,0.32867627461157517,173
0,10,16,169,175,7,7,provisional,143.201523,1.052300478906261,,,,,cracz,,0,0,,diagnostic_only; no_auto_accept; no_auto_split,143.40587552109375,0.18123269569290912,7.212905018607382,6,1.2021508364345637,0.30068136995286154,173
0,10,17,169,175,7,7,provisional,142.754715,2.1238297660028707,,,,,cracz,,0,0,,diagnostic_only; no_auto_accept; no_auto_split,142.88673876600288,0.1905022968633019,11.820726861622687,6,1.970121143603781,0.3184032903124413,173
0,10,18,169,175,7,7,provisional,141.672836,0.37883386513493633,,,,,cracz,,0,0,,diagnostic_only; no_auto_accept; no_auto_split,141.66125113486507,0.19251707571825039,2.0540364019200528,6,0.3423394003200088,0.30211156124203015,173
0,10,19,169,175,7,7,provisional,140.903961,0.7324200044546672,,,,,cracz,,0,0,,diagnostic_only; no_auto_accept; no_auto_split,141.30882100445467,0.19558152331309325,4.233270530017526,6,0.7055450883362543,0.3016981748033969,173
0,10,20,169,175,7,7,provisional,140.900574,0.8225088422716169,,,,,cracz,,0,0,,diagnostic_only; no_auto_accept; no_auto_split,141.0852198422716,0.18382876536366793,3.6462505823361395,6,0.6077084303893566,0.30942095219023413,173
0,10,21,169,175,7,7,provisional,142.643463,1.9148437403734988,,,,,cracz,,0,0,,diagnostic_only; no_auto_accept; no_auto_split,142.5594667403735,0.20135401429463617,7.4410415769433165,6,1.2401735961572193,0.32367956555428656,173
0,10,22,169,175,7,7,provisional,141.846298,1.202356818039675,,,,,cracz,,0,0,,diagnostic_only; no_auto_accept; no_auto_split,141.7926128180397,0.1941376917273991,12.74496487972931,6,2.1241608132882184,0.32031389146495703,173
0,10,23,169,175,7,7,provisional,142.810776,1.564554935446239,,,,,cracz,,0,0,,diagnostic_only; no_auto_accept; no_auto_split,143.02812706455376,0.21067893464288284,10.780681443555052,6,1.7967802405925086,0.3299423317070909,173
0,10,24,169,175,7,7,provisional,137.02771,1.1327521356779755,,,,,cracz,,0,0,,diagnostic_only; no_auto_accept; no_auto_split,137.13414113567796,0.2115902021780316,5.96688538042793,6,0.9944808967379882,0.30892963940413054,173
0,10,25,169,175,7,7,provisional,138.448257,0.741892449323359,,,,,cracz,,0,0,,diagnostic_only; no_auto_accept; no_auto_split,138.18771855067664,0.19906860604623347,4.846507795163752,6,0.8077512991939586,0.31253290767181036,173
0,10,26,169,175,7,7,provisional,137.331955,2.124371664801174,,,,,cracz,,0,0,,diagnostic_only; no_auto_accept; no_auto_split,137.7888006648012,0.21179482393382776,21.706463091376882,6,3.6177438485628137,0.3290469699214737,173
0,10,27,169,175,7,7,provisional,139.859756,1.802648853065449,,,,,cracz,,0,0,,diagnostic_only; no_auto_accept; no_auto_split,140.02255885306545,0.19632287281416033,11.148268552167142,6,1.8580447586945237,0.30728774159577915,173
0,10,28,169,175,7,7,provisional,133.569382,1.7249514679444076,,,,,cracz,,0,0,,diagnostic_only; no_auto_accept; no_auto_split,133.3467774679444,0.2876253912242744,6.606602299884126,6,1.101100383314021,0.3019422931147837,173
0,10,29,169,175,7,7,provisional,138.636032,2.4549326933793907,,,,large_chi2_ndf,cracz,,0,0,,diagnostic_only; no_auto_accept; no_auto_split,139.4620886933794,0.21246019629545831,46.574427317423584,6,7.762404552903931,0.32979082710933016,173
0,10,30,169,175,7,7,provisional,140.196976,0.9034694837266102,,,,,cracz,,0,0,,diagnostic_only; no_auto_accept; no_auto_split,140.4215054837266,0.22889547653055065,6.8796725118995745,6,1.1466120853165958,0.3437807076178274,173
0,10,31,169,175,7,7,provisional,135.479721,2.4820320487135064,,,,,cracz,,0,0,,diagnostic_only; no_auto_accept; no_auto_split,135.5748529512865,0.25789358867928264,19.327406535192832,6,3.2212344225321385,0.29179636284752647,173
0,11,1,169,175,7,7,provisional,131.318909,3.4572028828938812,,,,,cracz,,0,0,,diagnostic_only; no_auto_accept; no_auto_split,132.3405648828939,0.4191073328247755,16.005147864370443,6,2.6675246440617406,0.3284218586740778,173
0,11,2,169,175,7,7,provisional,129.344864,2.6420380575923446,,,,,cracz,,0,0,,diagnostic_only; no_auto_accept; no_auto_split,129.18377805759235,0.3927698290154732,12.38866381120817,6,2.064777301868028,0.37336414618711006,173
0,11,3,169,175,7,7,provisional,135.378738,4.784411856747312,,,,,cracz,,0,0,,diagnostic_only; no_auto_accept; no_auto_split,135.7905918567473,0.38951331177679205,4.980313728984775,6,0.8300522881641292,0.3553528167558391,173
0,11,4,169,175,7,7,provisional,133.000183,1.4277975232554638,,,,,cracz,,0,0,,diagnostic_only; no_auto_accept; no_auto_split,133.40005752325547,0.21955754669224156,21.59200710999455,6,3.5986678516657586,0.3343609453779565,173
0,11,5,169,175,7,7,provisional,133.632401,1.2528265154215887,,,,,cracz,,0,0,,diagnostic_only; no_auto_accept; no_auto_split,133.7425804845784,0.19305235562236897,13.265530327211339,6,2.2109217212018897,0.33429938835234135,173
0,11,6,169,175,7,7,provisional,134.90181,1.4957421650704532,,,,,cracz,,0,0,,diagnostic_only; no_auto_accept; no_auto_split,134.94343583492955,0.2409855282360326,16.107745807390806,6,2.684624301231801,0.33120205931057034,173
0,11,7,169,175,7,7,provisional,131.815231,1.668960494508866,,,,,cracz,,0,0,,diagnostic_only; no_auto_accept; no_auto_split,132.27510049450888,0.21694840597698267,15.76073446820073,6,2.6267890780334553,0.33438908282100027,173
0,11,8,169,175,7,7,provisional,130.033798,1.3663874401381122,,,,,cracz,,0,0,,diagnostic_only; no_auto_accept; no_auto_split,130.3323885598619,0.17618067576465,13.749957616470693,6,2.2916596027451157,0.3344478693922373,173
0,11,9,169,175,7,7,provisional,132.322769,1.808006037757707,,,,,cracz,,0,0,,diagnostic_only; no_auto_accept; no_auto_split,132.34641203775772,0.2003105706453779,15.33892821980965,6,2.5564880366349416,0.3501233790730319,173
0,11,10,169,175,7,7,provisional,138.126999,0.9624775856263454,,,,,cracz,,0,0,,diagnostic_only; no_auto_accept; no_auto_split,138.00768958562634,0.19765407998079487,7.504010498852208,6,1.2506684164753679,0.31599070572177623,173
0,11,11,169,175,7,7,provisional,138.293777,0.39654252920155386,,,,,cracz,,0,0,,diagnostic_only; no_auto_accept; no_auto_split,138.37207347079845,0.21778802701670832,1.3503609427678704,6,0.22506015712797842,0.3129031621240929,173
0,11,12,169,175,7,7,provisional,140.865799,0.4608155101310558,,,,,cracz,,0,0,,diagnostic_only; no_auto_accept; no_auto_split,140.58529648986894,0.20411903170502577,1.8681278754943385,6,0.3113546459157231,0.3318964678120471,173
0,11,13,169,175,7,7,provisional,138.999939,0.9501247584136934,,,,,cracz,,0,0,,diagnostic_only; no_auto_accept; no_auto_split,138.72684275841368,0.20087701155707718,7.909831980014122,6,1.3183053300023537,0.3041581871311004,173
0,11,14,169,175,7,7,provisional,135.815613,1.5894375251841382,,,,,cracz,,0,0,,diagnostic_only; no_auto_accept; no_auto_split,135.90172747481586,0.1919281570810216,11.786406969265112,6,1.9644011615441854,0.34444993082573405,173
0,11,15,169,175,7,7,provisional,137.636612,1.0595227519470143,,,,,cracz,,0,0,,diagnostic_only; no_auto_accept; no_auto_split,137.355420751947,0.20924272975432007,15.239505700801955,6,2.539917616800326,0.3013034362491024,173
0,11,16,169,175,7,7,provisional,139.993469,0.8417650828966998,,,,,cracz,,0,0,,diagnostic_only; no_auto_accept; no_auto_split,139.8426350828967,0.18574140507984435,5.218648153296726,6,0.869774692216121,0.31305814613834043,173
0,11,17,169,175,7,7,provisional,135.673386,0.7121545197657326,,,,,cracz,,0,0,,diagnostic_only; no_auto_accept; no_auto_split,135.64957048023427,0.21185907254967135,3.581590176246525,6,0.5969316960410875,0.32975372450614754,173
0,11,18,169,175,7,7,provisional,135.588821,1.5111514446114995,,,,,cracz,,0,0,,diagnostic_only; no_auto_accept; no_auto_split,135.5345124446115,0.2003677284882138,5.055787347289086,6,0.842631224548181,0.32533730559587354,173
0,11,19,169,175,7,7,provisional,134.72493,0.8211102470754952,,,,,cracz,,0,0,,diagnostic_only; no_auto_accept; no_auto_split,134.7663837529245,0.2107563240242862,1.790365935830551,6,0.2983943226384252,0.3134876703405532,173
0,11,20,169,175,7,7,provisional,137.574158,0.7116596578520387,,,,,cracz,,0,0,,diagnostic_only; no_auto_accept; no_auto_split,137.57498665785204,0.21515680115914187,1.8342760908606894,6,0.3057126818101149,0.34005505271214187,173
0,11,21,169,175,7,7,provisional,134.705978,1.024368543402204,,,,,cracz,,0,0,,diagnostic_only; no_auto_accept; no_auto_split,134.8730004565978,0.22444921510371815,7.0295129402022845,6,1.1715854900337141,0.31504491258586176,173
0,11,22,169,175,7,7,provisional,137.119659,0.8825187546460427,,,,,cracz,,0,0,,diagnostic_only; no_auto_accept; no_auto_split,136.98864375464603,0.20500950719303454,6.840632072337908,6,1.1401053453896515,0.31433869389354696,173
0,11,23,169,175,7,7,provisional,134.639343,1.4212435497774436,,,,,cracz,,0,0,,diagnostic_only; no_auto_accept; no_auto_split,134.86475554977744,0.23144059187630836,4.339027654309621,6,0.7231712757182702,0.3225619819784881,173
0,11,24,169,175,7,7,provisional,138.831055,1.2763351792177389,,,,,cracz,,0,0,,diagnostic_only; no_auto_accept; no_auto_split,139.01782382078227,0.2077744776612568,6.28684345014212,6,1.0478072416903534,0.33958491435076277,173
0,11,25,169,175,7,7,provisional,136.845123,1.4481797478610474,,,,,cracz,,0,0,,diagnostic_only; no_auto_accept; no_auto_split,136.90350525213896,0.23436928811885815,8.778087656801926,6,1.4630146094669876,0.3245387007423256,173
0,11,26,169,175,7,7,provisional,138.895752,1.2064389342083075,,,,,cracz,,0,0,,diagnostic_only; no_auto_accept; no_auto_split,138.7367579342083,0.2182280605032685,4.826383279232756,6,0.8043972132054593,0.33112920824034886,173
0,11,27,169,175,7,7,provisional,136.319,1.6118348894605674,,,,,cracz,,0,0,,diagnostic_only; no_auto_accept; no_auto_split,136.70898111053944,0.23576135377562069,9.960433121002701,6,1.6600721868337835,0.314653562404131,173
0,11,28,169,175,7,7,provisional,138.233719,2.1408271806836865,,,,,cracz,,0,0,,diagnostic_only; no_auto_accept; no_auto_split,138.1093941806837,0.22764794295992566,9.865919465575221,6,1.6443199109292035,0.31485996678150724,173
0,11,29,169,175,7,7,provisional,135.699448,0.87060842427843,,,,,cracz,,0,0,,diagnostic_only; no_auto_accept; no_auto_split,135.62025157572157,0.25098427483427277,3.705023070627992,6,0.6175038451046654,0.31368006914174135,173
0,11,30,169,175,7,7,provisional,138.30188,1.4131929941117107,,,,,cracz,,0,0,,diagnostic_only; no_auto_accept; no_auto_split,138.1953589941117,0.2431849294371408,4.969017713510066,6,0.8281696189183444,0.3379689647079732,173
0,11,31,169,175,7,7,provisional,136.44043,1.0085219640318712,,,,,cracz,,0,0,,diagnostic_only; no_auto_accept; no_auto_split,136.54077896403186,0.2550740347391135,3.4792351400205397,6,0.5798725233367567,0.31954409538797635,173
0,12,1,169,175,7,7,provisional,137.793793,1.8864317196858167,,,,,cracz,,0,0,,diagnostic_only; no_auto_accept; no_auto_split,137.96643371968582,0.26157117676443703,15.575525507190877,6,2.595920917865146,0.31428780862459904,173
0,12,2,169,175,7,7,provisional,130.038727,1.808572592699818,,,,,cracz,,0,0,,diagnostic_only; no_auto_accept; no_auto_split,129.08227759269982,0.3473876216175391,17.08635101019846,6,2.8477251683664098,0.32532152583677293,173
0,12,3,169,175,7,7,provisional,129.479462,4.293919947748179,,,,,cracz,,0,0,,diagnostic_only; no_auto_accept; no_auto_split,129.57800794774818,0.37140025041455077,8.932441452650227,6,1.4887402421083713,0.2823544595371173,173
0,12,4,169,175,7,7,provisional,133.693298,1.2297623396344193,,,,,cracz,,0,0,,diagnostic_only; no_auto_accept; no_auto_split,133.91622433963443,0.19284103742231867,6.9083824905126505,6,1.1513970817521084,0.3358271511451385,173
0,12,5,169,175,7,7,provisional,134.393158,2.448081776930678,,,,,cracz,,0,0,,diagnostic_only; no_auto_accept; no_auto_split,134.36408177693068,0.19126881016210526,10.04604039585863,6,1.6743400659764385,0.32983605296744534,173
0,12,6,169,175,7,7,provisional,132.573227,1.3137794034247463,,,,,cracz,,0,0,,diagnostic_only; no_auto_accept; no_auto_split,133.07295459657524,0.17913970033726853,15.239054047586848,6,2.5398423412644746,0.334026397118197,173
0,12,7,169,175,7,7,provisional,131.645172,1.9210971275856537,,,,,cracz,,0,0,,diagnostic_only; no_auto_accept; no_auto_split,131.85821487241435,0.18383608442077273,27.412180791960797,6,4.568696798660133,0.3155265141346289,173
0,12,8,169,175,7,7,provisional,135.166092,1.1231298042993956,,,,,cracz,,0,0,,diagnostic_only; no_auto_accept; no_auto_split,135.1981118042994,0.16828981358563505,7.1145153008134425,6,1.1857525501355737,0.31999176285594405,173
0,12,9,169,175,7,7,provisional,134.903931,1.867612632095046,,,,,cracz,,0,0,,diagnostic_only; no_auto_accept; no_auto_split,134.97584363209504,0.15729514193419106,26.985502247477516,6,4.497583707912919,0.3304311473850214,173
0,12,10,169,175,7,7,provisional,138.466522,1.1279234493071897,,,,,cracz,,0,0,,diagnostic_only; no_auto_accept; no_auto_split,138.45683955069282,0.17712347472402137,6.42477843179274,6,1.07079640529879,0.321979595816295,173
0,12,11,169,175,7,7,provisional,139.345062,1.0751890062894347,,,,,cracz,,0,0,,diagnostic_only; no_auto_accept; no_auto_split,139.05809900628944,0.16315606166099517,17.781359652831746,6,2.9635599421386245,0.3144242034354915,173
0,12,12,169,175,7,7,provisional,139.185928,0.73552703350623,,,,,cracz,,0,0,,diagnostic_only; no_auto_accept; no_auto_split,138.85825396649378,0.1781261869949487,7.36406791777743,6,1.227344652962905,0.3232657584413387,173
0,12,13,169,175,7,7,provisional,138.461029,1.5829337348734498,,,,,cracz,,0,0,,diagnostic_only; no_auto_accept; no_auto_split,138.14361773487346,0.17136923160279227,17.64268817723478,6,2.94044802953913,0.30634082731144985,173
0,12,14,169,175,7,7,provisional,137.199554,0.7127231260440112,,,,,cracz,,0,0,,diagnostic_only; no_auto_accept; no_auto_split,137.28184487395598,0.17849140757160276,2.806780030758608,6,0.4677966717931013,0.3343668958557461,173
0,12,15,169,175,7,7,provisional,139.307663,0.6063514490457749,,,,,cracz,,0,0,,diagnostic_only; no_auto_accept; no_auto_split,139.21274055095424,0.17399550365004404,5.228035407740611,6,0.8713392346234352,0.3165563407333206,173
0,12,16,169,175,7,7,provisional,142.009842,1.4050864021156428,,,,,cracz,,0,0,,diagnostic_only; no_auto_accept; no_auto_split,142.03011740211565,0.17225969712756453,13.549643758301976,6,2.258273959716996,0.3244360519627328,173
0,12,17,169,175,7,7,provisional,138.633026,1.0390755313151203,,,,,cracz,,0,0,,diagnostic_only; no_auto_accept; no_auto_split,138.66149653131512,0.16392108725559978,4.261406033383945,6,0.7102343388973242,0.313183078621967,173
0,12,18,169,175,7,7,provisional,139.186768,0.9370736977158174,,,,,cracz,,0,0,,diagnostic_only; no_auto_accept; no_auto_split,139.1178136977158,0.1870141905343832,5.456473104587695,6,0.9094121840979491,0.3214188790160887,173
0,12,19,169,175,7,7,provisional,139.510315,2.233287619465557,,,,,cracz,,0,0,,diagnostic_only; no_auto_accept; no_auto_split,139.60087938053445,0.18008794290697283,11.311799679102032,6,1.8852999465170053,0.3291780875123114,173
0,12,20,169,175,7,7,provisional,139.07077,1.0378188662369325,,,,,cracz,,0,0,,diagnostic_only; no_auto_accept; no_auto_split,139.07439386623693,0.1774831955830136,7.8703133118596975,6,1.3117188853099495,0.32087060033890374,173
0,12,21,169,175,7,7,provisional,139.919876,1.8677217597231106,,,,,cracz,,0,0,,diagnostic_only; no_auto_accept; no_auto_split,139.83683775972312,0.16760873382712962,12.396206898954992,6,2.0660344831591653,0.31979097054928957,173
0,12,22,169,175,7,7,provisional,136.213181,1.0330366433310303,,,,,cracz,,0,0,,diagnostic_only; no_auto_accept; no_auto_split,136.31340164333102,0.17807357281557187,12.615645908908588,6,2.1026076514847647,0.323851699460059,173
0,12,23,169,175,7,7,provisional,138.797653,1.4399547825589423,,,,,cracz,,0,0,,diagnostic_only; no_auto_accept; no_auto_split,138.88447721744106,0.17530216578544433,6.621775228178129,6,1.103629204696355,0.3164088790091892,173
0,12,24,169,175,7,7,provisional,140.879333,0.7371993514723556,,,,,cracz,,0,0,,diagnostic_only; no_auto_accept; no_auto_split,140.60822864852764,0.18076451491807974,5.127718088642141,6,0.8546196814403569,0.3149719486916952,173
0,12,25,169,175,7,7,provisional,136.590714,2.1054459854280196,,,,,cracz,,0,0,,diagnostic_only; no_auto_accept; no_auto_split,136.848075985428,0.20204779021158575,14.594333365627902,6,2.432388894271317,0.334600016988462,173
0,12,26,169,175,7,7,provisional,139.380386,0.8376461118577652,,,,,cracz,,0,0,,diagnostic_only; no_auto_accept; no_auto_split,139.41239911185775,0.1974892011203775,2.6164447409073937,6,0.4360741234845656,0.32810294848659544,173
0,12,27,169,175,7,7,provisional,137.575256,2.6434152049019985,,,,,cracz,,0,0,,diagnostic_only; no_auto_accept; no_auto_split,137.522016204902,0.20522702458584388,10.667334487363906,6,1.7778890812273176,0.315604798928475,173
0,12,28,169,175,7,7,provisional,138.601547,1.2105720533211297,,,,,cracz,,0,0,,diagnostic_only; no_auto_accept; no_auto_split,138.70552105332112,0.21178063495934504,5.330135281522666,6,0.8883558802537777,0.30659272369136076,173
0,12,29,169,175,7,7,provisional,138.707916,1.0688138699926242,,,,,cracz,,0,0,,diagnostic_only; no_auto_accept; no_auto_split,138.5477108699926,0.21791826763461955,9.664990044211967,6,1.610831674035328,0.31063899722508403,173
0,12,30,169,175,7,7,provisional,138.698776,2.025740534356828,,,,large_chi2_ndf,cracz,,0,0,,diagnostic_only; no_auto_accept; no_auto_split,138.59108046564316,0.22243887148724437,37.596550621292685,6,6.266091770215447,0.3122578596977892,173
0,12,31,169,175,7,7,provisional,138.136353,1.2255889513858165,,,,,cracz,,0,0,,diagnostic_only; no_auto_accept; no_auto_split,138.42237504861419,0.24419433447226482,9.123908156989403,6,1.5206513594982338,0.3371294187189552,173
1,1,1,169,175,7,7,provisional,134.375076,1.400713308694634,,,,,cracz,,0,0,,diagnostic_only; no_auto_accept; no_auto_split,134.39158830869462,0.298262862912595,4.803142573987343,6,0.8005237623312239,0.31401168506941757,173
1,1,2,169,175,7,7,provisional,131.775803,2.0201156618177265,,,,,cracz,,0,0,,diagnostic_only; no_auto_accept; no_auto_split,131.01526933818226,0.36623160669245747,6.831353751297579,6,1.1385589585495965,0.3942668253342421,173
1,1,3,169,175,7,7,provisional,135.493301,3.072512598930132,,,,large_chi2_ndf,cracz,,0,0,,diagnostic_only; no_auto_accept; no_auto_split,134.48104540106988,0.31064481063872257,33.970111981363466,6,5.661685330227244,0.33124746216211487,173
1,1,4,169,175,7,7,provisional,133.688507,3.5599701491599944,,,,,cracz,,0,0,,diagnostic_only; no_auto_accept; no_auto_split,134.01356814916,0.28101358535949134,9.177128092497593,6,1.5295213487495989,0.34175969487708696,173
1,1,5,169,175,7,7,provisional,133.597092,1.0678175524573987,,,,,cracz,,0,0,,diagnostic_only; no_auto_accept; no_auto_split,133.5560375524574,0.2722563585435518,2.1755482561076853,6,0.36259137601794755,0.33204189247840266,173
1,1,6,169,175,7,0,manual_review,,,,,,insufficient_points,cracz,,0,0,,diagnostic_only; no_auto_accept; no_auto_split,,,,,,,
1,1,7,169,175,7,7,provisional,139.834213,2.754535705094611,,,,,cracz,,0,0,,diagnostic_only; no_auto_accept; no_auto_split,139.87446229490538,0.23536419518343699,8.077660709909951,6,1.346276784984992,0.33161268774731023,173
1,1,8,169,175,7,7,provisional,137.377518,2.656791790908869,,,,,cracz,,0,0,,diagnostic_only; no_auto_accept; no_auto_split,137.17987879090887,0.25955469574028617,5.765935729119596,6,0.9609892881865992,0.34050717749078746,173
1,1,9,169,175,7,7,provisional,134.462158,1.2197945333350617,,,,,cracz,,0,0,,diagnostic_only; no_auto_accept; no_auto_split,134.59456746666493,0.24686923159291205,2.7456710241022186,6,0.45761183735036975,0.33092521884462767,173
1,1,10,169,175,7,7,provisional,137.949448,0.7263801389394473,,,,,cracz,,0,0,,diagnostic_only; no_auto_accept; no_auto_split,137.97032213893945,0.2145952506437483,2.4171004996986514,6,0.40285008328310856,0.31935044084400366,173
1,1,11,169,175,7,7,provisional,137.208832,1.4393787403240026,,,,,cracz,,0,0,,diagnostic_only; no_auto_accept; no_auto_split,137.425172740324,0.2116047692300881,6.487298680595687,6,1.081216446765948,0.3441605023620714,173
1,1,12,169,175,7,7,provisional,137.017227,1.800807519779454,,,,,cracz,,0,0,,diagnostic_only; no_auto_accept; no_auto_split,137.12958851977945,0.22022327064075364,21.23532324615176,6,3.5392205410252937,0.3486224312611754,173
1,1,13,169,175,7,7,provisional,137.71991,1.0422041253602856,,,,,cracz,,0,0,,diagnostic_only; no_auto_accept; no_auto_split,137.80673012536027,0.24990269590747993,8.253033479768662,6,1.3755055799614437,0.3503808801476861,173
1,1,14,169,175,7,7,provisional,137.646042,2.0160783292890585,,,,,cracz,,0,0,,diagnostic_only; no_auto_accept; no_auto_split,137.34428867071094,0.2289489495437791,16.320279450696656,6,2.7200465751161094,0.3348468278530717,173
1,1,15,169,175,7,7,provisional,137.919418,1.1100129743605862,,,,,cracz,,0,0,,diagnostic_only; no_auto_accept; no_auto_split,138.22909297436058,0.22296744582495617,9.174613143662134,6,1.5291021906103557,0.30928496494709773,173
1,1,16,169,175,7,7,provisional,137.175934,0.8248621669044383,,,,,cracz,,0,0,,diagnostic_only; no_auto_accept; no_auto_split,137.09732316690443,0.2115690629685647,3.94452322194025,6,0.6574205369900417,0.3025283489817842,173
1,1,17,169,175,7,7,provisional,134.736526,3.752883684015927,,,,,cracz,,0,0,,diagnostic_only; no_auto_accept; no_auto_split,134.79090868401593,0.22336838603341266,15.725550193086637,6,2.620925032181106,0.3259211253438862,173
1,1,18,169,175,7,7,provisional,137.045197,0.9370816279295013,,,,,cracz,,0,0,,diagnostic_only; no_auto_accept; no_auto_split,137.3316586279295,0.22668826735440853,8.272906751432531,6,1.3788177919054219,0.3138363828687343,173
1,1,19,169,175,7,7,provisional,136.97403,1.4773846062299754,,,,,cracz,,0,0,,diagnostic_only; no_auto_accept; no_auto_split,137.32761960622997,0.21727158203483682,9.166011886917437,6,1.5276686478195727,0.3202826617776351,173
1,1,20,169,175,7,7,provisional,137.405701,1.0282600552066299,,,,,cracz,,0,0,,diagnostic_only; no_auto_accept; no_auto_split,137.65074094479337,0.22572365165476055,7.850251119611396,6,1.3083751866018993,0.3131367392121211,173
1,1,21,169,175,7,7,provisional,133.716507,1.0776542892016323,,,,,cracz,,0,0,,diagnostic_only; no_auto_accept; no_auto_split,134.08320371079836,0.24814459301302727,6.99007904670957,6,1.165013174451595,0.32438623961530927,173
1,1,22,169,175,7,7,provisional,138.125336,0.7764607803969739,,,,,cracz,,0,0,,diagnostic_only; no_auto_accept; no_auto_split,138.29516778039698,0.2302968303193025,2.32090211492747,6,0.38681701915457833,0.3146677762690519,173
1,1,23,169,175,7,7,provisional,136.863464,0.7325531638921632,,,,,cracz,,0,0,,diagnostic_only; no_auto_accept; no_auto_split,136.85066783610785,0.23388007374965097,3.0984168428177306,6,0.5164028071362884,0.3176408121041257,173
1,1,24,169,175,7,7,provisional,141.087997,1.3424679794895837,,,,,cracz,,0,0,,diagnostic_only; no_auto_accept; no_auto_split,141.29788197948957,0.23992036942038297,13.450579672084132,6,2.2417632786806885,0.2983299536516324,173
1,1,25,169,175,7,7,provisional,137.616074,1.3532104020782754,,,,,cracz,,0,0,,diagnostic_only; no_auto_accept; no_auto_split,137.63458240207828,0.26449748120956873,4.996634316259402,6,0.8327723860432337,0.31963745376047953,173
1,1,26,169,175,7,7,provisional,138.108932,1.5732384167441182,,,,,cracz,,0,0,,diagnostic_only; no_auto_accept; no_auto_split,138.3801234167441,0.24512565179189794,10.576563454924544,6,1.7627605758207574,0.32900152532143084,173
1,1,27,169,175,7,7,provisional,140.303406,1.2021289663433663,,,,,cracz,,0,0,,diagnostic_only; no_auto_accept; no_auto_split,140.90188196634335,0.2664418137310435,8.763276026416792,6,1.4605460044027987,0.3149873493026971,173
1,1,28,169,175,7,7,provisional,140.355484,1.5804778720958552,,,,,cracz,,0,0,,diagnostic_only; no_auto_accept; no_auto_split,140.56268587209587,0.24915283864351898,3.600080666201788,6,0.6000134443669647,0.3228055432777026,173
1,1,29,169,175,7,7,provisional,138.359482,1.1805126568177116,,,,,cracz,,0,0,,diagnostic_only; no_auto_accept; no_auto_split,138.55589365681772,0.2633764075812911,8.053469832038104,6,1.3422449720063507,0.2855220330952507,173
1,1,30,169,175,7,7,provisional,138.095612,2.698447719731604,,,,,cracz,,0,0,,diagnostic_only; no_auto_accept; no_auto_split,138.3285142802684,0.24447548409502112,13.269654259422762,6,2.211609043237127,0.3151564666994523,173
1,1,31,169,175,7,7,provisional,137.921432,0.9313333892882554,,,,,cracz,,0,0,,diagnostic_only; no_auto_accept; no_auto_split,138.30863738928826,0.25090084416920305,8.263069750426252,6,1.3771782917377087,0.34470453016601427,173
1,2,1,169,175,7,7,provisional,135.888565,2.538537564458636,,,,,cracz,,0,0,,diagnostic_only; no_auto_accept; no_auto_split,136.06139556445865,0.3396793006308088,6.443856264701354,6,1.0739760441168924,0.3672306260662841,173
1,2,2,169,175,7,7,provisional,134.116989,1.6968662210578884,,,,,cracz,,0,0,,diagnostic_only; no_auto_accept; no_auto_split,133.6910072210579,0.3242991190279201,5.996807065803991,6,0.9994678443006652,0.3228718147726722,173
1,2,3,169,175,7,7,provisional,135.119461,3.4993209011128954,,,,,cracz,,0,0,,diagnostic_only; no_auto_accept; no_auto_split,135.1436540988871,0.2759496044581715,7.578369018317058,6,1.263061503052843,0.3403115375496374,173
1,2,4,169,175,7,7,provisional,137.055862,2.516885842919237,,,,,cracz,,0,0,,diagnostic_only; no_auto_accept; no_auto_split,137.23409484291923,0.20815576194640298,19.306079139163295,6,3.2176798565272158,0.3338838535970757,173
1,2,5,169,175,7,7,provisional,136.519226,0.8893707917008271,,,,,cracz,,0,0,,diagnostic_only; no_auto_accept; no_auto_split,136.95034479170081,0.23450778319260812,5.747097156458667,6,0.9578495260764445,0.3430323371284378,173
1,2,6,169,175,7,7,provisional,136.832062,2.304163213399306,,,,,cracz,,0,0,,diagnostic_only; no_auto_accept; no_auto_split,136.9962562133993,0.21059874743810256,7.077240473658466,6,1.1795400789430777,0.3249219618863005,173
1,2,7,169,175,7,7,provisional,138.303833,1.0548637223510013,,,,,cracz,,0,0,,diagnostic_only; no_auto_accept; no_auto_split,138.377295277649,0.238635347789964,6.416506370924884,6,1.0694177284874806,0.34257371556222804,173
1,2,8,169,175,7,7,provisional,137.854416,1.3833307727833244,,,,,cracz,,0,0,,diagnostic_only; no_auto_accept; no_auto_split,137.95748877278334,0.2234056770543626,9.600232028080233,6,1.6000386713467056,0.30372526147607737,173
1,2,9,169,175,7,7,provisional,138.794037,1.5428361723373314,,,,,cracz,,0,0,,diagnostic_only; no_auto_accept; no_auto_split,138.85064182766266,0.2081292731045369,4.790736443015974,6,0.7984560738359957,0.32305370202433625,173
1,2,10,169,175,7,0,manual_review,,,,,,insufficient_points,cracz,,0,0,,diagnostic_only; no_auto_accept; no_auto_split,,,,,,,
1,2,11,169,175,7,7,provisional,139.073135,0.8570708246950289,,,,,cracz,,0,0,,diagnostic_only; no_auto_accept; no_auto_split,139.19191017530497,0.21099367576853847,4.549660827454688,6,0.7582768045757814,0.3242730654155475,173
1,2,12,169,175,7,7,provisional,135.801636,1.4144488123769747,,,,,cracz,,0,0,,diagnostic_only; no_auto_accept; no_auto_split,135.70795181237696,0.21720805135160134,10.797249638793746,6,1.7995416064656242,0.3035286024676459,173
1,2,13,169,175,7,7,provisional,136.349548,1.4435461306021296,,,,,cracz,,0,0,,diagnostic_only; no_auto_accept; no_auto_split,136.59866713060214,0.23964513481941754,7.2840012499505695,6,1.214000208325095,0.3567708844786014,173
1,2,14,169,175,7,7,provisional,135.827499,3.1232598662282385,,,,,cracz,,0,0,,diagnostic_only; no_auto_accept; no_auto_split,136.02252086622823,0.221664736531798,13.988774089184762,6,2.3314623481974603,0.3069510624349795,173
1,2,15,169,175,7,7,provisional,134.449615,1.0575528802403085,,,,,cracz,,0,0,,diagnostic_only; no_auto_accept; no_auto_split,134.6150788802403,0.2287238162990013,8.781057496596684,6,1.463509582766114,0.30894036490836785,173
1,2,16,169,175,7,7,provisional,135.146286,1.6433578675727176,,,,,cracz,,0,0,,diagnostic_only; no_auto_accept; no_auto_split,135.52740586757272,0.22268685071239333,26.630386639730094,6,4.438397773288349,0.3453028090631484,173
1,2,17,169,175,7,7,provisional,135.853516,1.45531442761569,,,,,cracz,,0,0,,diagnostic_only; no_auto_accept; no_auto_split,135.9375384276157,0.2416308076736729,14.334055080102612,6,2.389009180017102,0.3347088236949797,173
1,2,18,169,175,7,7,provisional,135.622803,1.4777511539457748,,,,,cracz,,0,0,,diagnostic_only; no_auto_accept; no_auto_split,135.9909961539458,0.24111001643107996,9.629066215547438,6,1.6048443692579062,0.30389015914989076,173
1,2,19,169,175,7,7,provisional,134.995453,1.504678916667558,,,,,cracz,,0,0,,diagnostic_only; no_auto_accept; no_auto_split,135.08469591666756,0.24916352699795744,7.106603750921244,6,1.184433958486874,0.31624399587804874,173
1,2,20,169,175,7,7,provisional,139.02652,1.3093361935769963,,,,,cracz,,0,0,,diagnostic_only; no_auto_accept; no_auto_split,138.960474193577,0.22007722909233893,12.726783770354501,6,2.1211306283924167,0.30937411420141103,173
1,2,21,169,175,7,7,provisional,136.01326,2.1232746786678547,,,,,cracz,,0,0,,diagnostic_only; no_auto_accept; no_auto_split,136.50146367866785,0.24499513768174447,16.907093450446173,6,2.8178489084076954,0.31040091029375305,173
1,2,22,169,175,7,7,provisional,136.567535,1.7393811753698287,,,,,cracz,,0,0,,diagnostic_only; no_auto_accept; no_auto_split,136.76392982463017,0.23592434154175532,12.247714424266384,6,2.0412857373777307,0.34231067677205895,173
1,2,23,169,175,7,7,provisional,135.532516,1.3397722536598167,,,,,cracz,,0,0,,diagnostic_only; no_auto_accept; no_auto_split,135.9583482536598,0.24437577641342628,13.103293420802542,6,2.183882236800424,0.3245750363296394,173
1,2,24,169,175,7,7,provisional,139.592468,1.3955895236179288,,,,,cracz,,0,0,,diagnostic_only; no_auto_accept; no_auto_split,139.15337547638208,0.27387651539524416,6.895761844407475,6,1.149293640734579,0.3130341896742768,173
1,2,25,169,175,7,7,provisional,134.815964,1.6369696238232905,,,,,cracz,,0,0,,diagnostic_only; no_auto_accept; no_auto_split,134.9850986238233,0.3294677136991271,7.962202387544039,6,1.32703373125734,0.3030169612255233,173
1,2,26,169,175,7,7,provisional,138.286621,2.8866953379666427,,,,,cracz,,0,0,,diagnostic_only; no_auto_accept; no_auto_split,138.16609933796664,0.2540946012631859,25.343783806349172,6,4.223963967724862,0.2951956779927581,173
1,2,27,169,175,7,7,provisional,136.383575,1.516812242040345,,,,,cracz,,0,0,,diagnostic_only; no_auto_accept; no_auto_split,136.55921624204035,0.2813524209884445,11.372890943591472,6,1.895481823931912,0.3339973943936849,173
1,2,28,169,175,7,7,provisional,136.269394,1.493256861802621,,,,,cracz,,0,0,,diagnostic_only; no_auto_accept; no_auto_split,136.42804086180263,0.263257500227118,16.29972541365971,6,2.7166209022766186,0.3476092667826849,173
1,2,29,169,175,7,7,provisional,138.043335,2.3583144547823167,,,,,cracz,,0,0,,diagnostic_only; no_auto_accept; no_auto_split,138.05583945478233,0.2538545754644352,10.798200695573936,6,1.7997001159289894,0.31892841017830303,173
1,2,30,169,175,7,7,provisional,137.320984,1.612784189345831,,,,,cracz,,0,0,,diagnostic_only; no_auto_accept; no_auto_split,137.04508118934584,0.2532168887164336,10.192886829936997,6,1.6988144716561662,0.3188982908748628,173
1,2,31,169,175,7,7,provisional,137.932114,0.6996596030292324,,,,,cracz,,0,0,,diagnostic_only; no_auto_accept; no_auto_split,137.84144739697078,0.27755912036343877,1.7302660501619345,6,0.2883776750269891,0.32572468287047496,173
1,3,1,169,175,7,7,provisional,123.151093,1.4733616880864133,,,,,cracz,,0,0,,diagnostic_only; no_auto_accept; no_auto_split,124.22655868808641,0.41259750014217056,5.9952501885585106,6,0.9992083647597517,0.3216703772565339,173
1,3,2,169,175,7,7,provisional,135.681427,0.7594544059503221,,,,,cracz,,0,0,,diagnostic_only; no_auto_accept; no_auto_split,135.44985340595034,0.3135260104589648,2.4539827573267523,6,0.4089971262211254,0.36565631987196273,173
1,3,3,169,175,7,7,provisional,134.84314,0.8739103645157229,,,,,cracz,,0,0,,diagnostic_only; no_auto_accept; no_auto_split,135.03489036451572,0.32974955089604013,2.0794380246960347,6,0.3465730041160058,0.3533538407447208,173
1,3,4,169,175,7,7,provisional,134.741531,0.8174644967976974,,,,,cracz,,0,0,,diagnostic_only; no_auto_accept; no_auto_split,134.9495335032023,0.260511235860742,6.533460162480099,6,1.0889100270800165,0.3282342587904106,173
1,3,5,169,175,7,7,provisional,136.13797,1.4400549481307792,,,,,cracz,,0,0,,diagnostic_only; no_auto_accept; no_auto_split,135.9822759481308,0.29925657197911515,5.181335506325925,6,0.8635559177209875,0.3141167475161448,173
1,3,6,169,175,7,7,provisional,138.966553,1.3238905588548278,,,,,cracz,,0,0,,diagnostic_only; no_auto_accept; no_auto_split,138.81600155885482,0.21409978585352094,6.432827764558599,6,1.0721379607597665,0.3243620593179356,173
1,3,7,169,175,7,7,provisional,135.905762,1.9344945212590972,,,,,cracz,,0,0,,diagnostic_only; no_auto_accept; no_auto_split,136.1481325212591,0.24232550814890996,14.543271795439438,6,2.4238786325732398,0.3135378604631687,173
1,3,8,169,175,7,7,provisional,137.365036,0.9760778255614184,,,,,cracz,,0,0,,diagnostic_only; no_auto_accept; no_auto_split,137.6146128255614,0.22055420110488733,3.6794501329174314,6,0.6132416888195719,0.3398837761633044,173
1,3,9,169,175,7,7,provisional,134.992096,1.6096415496199654,,,,,cracz,,0,0,,diagnostic_only; no_auto_accept; no_auto_split,135.19528954961996,0.2604792527753073,4.828712466028303,6,0.8047854110047172,0.3498860308983184,173
1,3,10,169,175,7,7,provisional,136.493195,1.0345362465492087,,,,,cracz,,0,0,,diagnostic_only; no_auto_accept; no_auto_split,136.76593624654922,0.2305367231364567,5.383643422925958,6,0.897273903820993,0.3400364969115221,173
1,3,11,169,175,7,7,provisional,134.816956,1.9787045642225962,,,,,cracz,,0,0,,diagnostic_only; no_auto_accept; no_auto_split,134.7200225642226,0.25887917693040446,6.658751766001341,6,1.1097919610002236,0.3236374883460078,173
1,3,12,169,175,7,7,provisional,138.173981,1.2172488378179764,,,,,cracz,,0,0,,diagnostic_only; no_auto_accept; no_auto_split,138.78031016218202,0.2218454742272343,17.802596506518196,6,2.9670994177530328,0.3206637587031046,173
1,3,13,169,175,7,7,provisional,135.816498,3.170319303386208,,,,,cracz,,0,0,,diagnostic_only; no_auto_accept; no_auto_split,136.2845463033862,0.28730664668394285,17.748750484401683,6,2.958125080733614,0.3270633270019979,173
1,3,14,169,175,7,7,provisional,137.339111,1.5392989569835436,,,,,cracz,,0,0,,diagnostic_only; no_auto_accept; no_auto_split,137.19490804301645,0.22196230006882986,12.833935219041743,6,2.1389892031736237,0.3377482920397572,173
1,3,15,169,175,7,7,provisional,136.293976,2.1028417508715336,,,,,cracz,,0,0,,diagnostic_only; no_auto_accept; no_auto_split,136.31625075087155,0.2257377332582855,17.893283596934204,6,2.982213932822367,0.3338936845859793,173
1,3,16,169,175,7,7,provisional,136.366898,1.9137543273522226,,,,,cracz,,0,0,,diagnostic_only; no_auto_accept; no_auto_split,136.66125232735223,0.21482129004196132,8.1400757095161,6,1.35667928491935,0.31059449431467745,173
1,3,17,169,175,7,7,provisional,136.087875,0.7954888460579355,,,,,cracz,,0,0,,diagnostic_only; no_auto_accept; no_auto_split,136.05710084605795,0.23328769260370563,1.202670537779588,6,0.20044508962993135,0.30742817257145116,173
1,3,18,169,175,7,7,provisional,137.397247,2.0382960274213815,,,,,cracz,,0,0,,diagnostic_only; no_auto_accept; no_auto_split,137.5742219725786,0.23200454786230085,11.873212141575804,6,1.978868690262634,0.33247837058495894,173
1,3,19,169,175,7,7,provisional,134.588913,2.2542347671569303,,,,,cracz,,0,0,,diagnostic_only; no_auto_accept; no_auto_split,134.61501376715694,0.2642991350185621,9.667948609270155,6,1.6113247682116925,0.30152273123456025,173
1,3,20,169,175,7,7,provisional,137.173721,3.320949295876119,,,,,cracz,,0,0,,diagnostic_only; no_auto_accept; no_auto_split,137.58056229587612,0.23999770483795843,11.46739202741091,6,1.911232004568485,0.33234476060213225,173
1,3,21,169,175,7,7,provisional,138.914642,2.371558268643156,,,,,cracz,,0,0,,diagnostic_only; no_auto_accept; no_auto_split,138.70792326864316,0.24281779001230486,7.013003264365634,6,1.1688338773942724,0.328458856914033,173
1,3,22,169,175,7,7,provisional,137.084671,1.5146070649573744,,,,,cracz,,0,0,,diagnostic_only; no_auto_accept; no_auto_split,137.34189893504262,0.2574927223838233,6.658219205498767,6,1.1097032009164611,0.3313533331642839,173
1,3,23,169,175,7,7,provisional,136.022034,2.5099842588699914,,,,,cracz,,0,0,,diagnostic_only; no_auto_accept; no_auto_split,135.97537725887,0.30214094251688023,11.663966352354269,6,1.9439943920590448,0.321499186299679,173
1,3,24,169,175,7,7,provisional,134.405426,0.8272304797955599,,,,,cracz,,0,0,,diagnostic_only; no_auto_accept; no_auto_split,134.60514252020445,0.2975936408302678,2.8688403121382966,6,0.47814005202304943,0.3005863228455754,173
1,3,25,169,175,7,7,provisional,137.15181,3.892494449159585,,,,,cracz,,0,0,,diagnostic_only; no_auto_accept; no_auto_split,137.3596115508404,0.27466270825069156,16.361935524389207,6,2.726989254064868,0.3223907538598325,173
1,3,26,169,175,7,7,provisional,139.268692,3.085977922136834,,,,,cracz,,0,0,,diagnostic_only; no_auto_accept; no_auto_split,138.95291707786316,0.27437737789710637,11.748320350661798,6,1.9580533917769662,0.29581186059388204,173
1,3,27,169,175,7,7,provisional,135.552521,1.7509859909588386,,,,,cracz,,0,0,,diagnostic_only; no_auto_accept; no_auto_split,135.63321500904115,0.2812985469755071,10.279022268570888,6,1.713170378095148,0.3035352131752639,173
1,3,28,169,175,7,7,provisional,137.025269,1.3627026974814385,,,,,cracz,,0,0,,diagnostic_only; no_auto_accept; no_auto_split,137.29239069748144,0.33407930475966696,3.173011700031339,6,0.5288352833385564,0.3192161514558309,173
1,3,29,169,175,7,7,provisional,139.948532,1.7608278345519182,,,,,cracz,,0,0,,diagnostic_only; no_auto_accept; no_auto_split,139.9281708345519,0.2839440670526753,12.16349632033355,6,2.0272493867222585,0.325358975711666,173
1,3,30,169,175,7,7,provisional,137.459808,1.2760353216937403,,,,,cracz,,0,0,,diagnostic_only; no_auto_accept; no_auto_split,137.88821832169373,0.3567146490283434,6.700523009120671,6,1.1167538348534451,0.32089742084883843,173
1,3,31,169,175,7,7,provisional,137.140808,1.6249574051969944,,,,,cracz,,0,0,,diagnostic_only; no_auto_accept; no_auto_split,137.285830405197,0.26930723307268073,6.326845235963657,6,1.054474205993943,0.3347467558777269,173
1,4,1,169,175,7,7,provisional,136.563507,2.3351880520524446,,,,,cracz,,0,0,,diagnostic_only; no_auto_accept; no_auto_split,136.65740805205243,0.27066285939463625,4.177343495401369,6,0.6962239159002283,0.34410489909100256,173
1,4,2,169,175,7,7,provisional,131.323654,4.293274278891872,,,,large_chi2_ndf,cracz,,0,0,,diagnostic_only; no_auto_accept; no_auto_split,131.69123127889188,0.45261881613075977,57.775921107936185,6,9.62932018465603,0.3939046510176306,173
1,4,3,169,175,7,7,provisional,137.220261,1.6430118576453765,,,,,cracz,,0,0,,diagnostic_only; no_auto_accept; no_auto_split,137.18671285764538,0.2793929196026298,6.364920076627154,6,1.0608200127711924,0.33871632737088053,173
1,4,4,169,175,7,7,provisional,137.611557,1.010309167415187,,,,,cracz,,0,0,,diagnostic_only; no_auto_accept; no_auto_split,137.7910828325848,0.24918221193090936,5.989499333501025,6,0.9982498889168375,0.3139501907163853,173
1,4,5,169,175,7,7,provisional,138.042374,0.6797135783658916,,,,,cracz,,0,0,,diagnostic_only; no_auto_accept; no_auto_split,138.21128357836588,0.20732914397162408,3.737171424537227,6,0.6228619040895379,0.32232210529653366,173
1,4,6,169,175,7,7,provisional,140.898438,3.134090831605306,,,,,cracz,,0,0,,diagnostic_only; no_auto_accept; no_auto_split,141.20412883160532,0.2164366190519613,15.95643278670664,6,2.659405464451107,0.3261448794808078,173
1,4,7,169,175,7,7,provisional,141.550217,0.9614570794358315,,,,,cracz,,0,0,,diagnostic_only; no_auto_accept; no_auto_split,141.42686392056416,0.2119441804842937,1.5749685572651528,6,0.26249475954419216,0.32487011100666546,173
1,4,8,169,175,7,7,provisional,140.209076,1.3000327134019187,,,,,cracz,,0,0,,diagnostic_only; no_auto_accept; no_auto_split,140.5408617134019,0.2012278430255654,8.592098229227886,6,1.432016371537981,0.32148935156206493,173
1,4,9,169,175,7,7,provisional,142.190674,1.5167760645011583,,,,,cracz,,0,0,,diagnostic_only; no_auto_accept; no_auto_split,142.27181106450115,0.19984412868262952,7.261944400263491,6,1.210324066710582,0.32238252354784713,173
1,4,10,169,175,7,7,provisional,137.102539,2.311672253954413,,,,,cracz,,0,0,,diagnostic_only; no_auto_accept; no_auto_split,137.00805325395442,0.20460617616630525,18.752024477543024,6,3.1253374129238374,0.3348003822812196,173
1,4,11,169,175,7,7,provisional,138.013901,2.2033377619960106,,,,,cracz,,0,0,,diagnostic_only; no_auto_accept; no_auto_split,137.630156761996,0.21479442321652883,29.243455004376337,6,4.873909167396056,0.3184155983983531,173
1,4,12,169,175,7,7,provisional,137.01268,2.428044416346893,,,,large_chi2_ndf,cracz,,0,0,,diagnostic_only; no_auto_accept; no_auto_split,137.7790114163469,0.215348519364333,32.3471083060911,6,5.39118471768185,0.3374362587785008,173
1,4,13,169,175,7,7,provisional,137.381668,1.523090018440655,,,,,cracz,,0,0,,diagnostic_only; no_auto_accept; no_auto_split,137.24985101844067,0.22453560908534895,23.436852238180965,6,3.9061420396968276,0.31453036677166396,173
1,4,14,169,175,7,7,provisional,137.151108,0.9041627695911814,,,,,cracz,,0,0,,diagnostic_only; no_auto_accept; no_auto_split,137.42586076959117,0.21262513822396287,4.698049217039336,6,0.7830082028398894,0.33020847079570287,173
1,4,15,169,175,7,7,provisional,137.403076,1.398051020813881,,,,,cracz,,0,0,,diagnostic_only; no_auto_accept; no_auto_split,137.48310302081387,0.22508027634989364,18.110148864340243,6,3.018358144056707,0.31273738218395014,173
1,4,16,169,175,7,7,provisional,141.636169,1.827348823361234,,,,,cracz,,0,0,,diagnostic_only; no_auto_accept; no_auto_split,141.79307782336124,0.2219329609188372,17.04970074539956,6,2.8416167908999266,0.3188915731739334,173
1,4,17,169,175,7,7,provisional,142.306519,1.787693067540829,,,,large_chi2_ndf,cracz,,0,0,,diagnostic_only; no_auto_accept; no_auto_split,143.00554993245916,0.20949791263215153,33.31221482657357,6,5.552035804428929,0.298033365319787,173
1,4,18,169,175,7,7,provisional,141.008118,1.7253681507404508,,,,,cracz,,0,0,,diagnostic_only; no_auto_accept; no_auto_split,141.39719715074045,0.21703289365059553,19.633406387534777,6,3.2722343979224626,0.3095195520222685,173
1,4,19,169,175,7,7,provisional,140.64006,1.6916565587087007,,,,,cracz,,0,0,,diagnostic_only; no_auto_accept; no_auto_split,141.4116304412913,0.23750948395570154,26.19089585524526,6,4.365149309207543,0.31387979873435684,173
1,4,20,169,175,7,7,provisional,141.920486,2.0507291904724525,,,,,cracz,,0,0,,diagnostic_only; no_auto_accept; no_auto_split,142.39072519047247,0.25805873189095746,17.473998013486664,6,2.9123330022477774,0.32819530621175586,173
1,4,21,169,175,7,7,provisional,144.180954,2.2989608954783876,,,,large_chi2_ndf,cracz,,0,0,,diagnostic_only; no_auto_accept; no_auto_split,144.3060868954784,0.22622608684087092,35.86883034303123,6,5.978138390505205,0.32072618803996816,173
1,4,22,169,175,7,7,provisional,139.720688,2.149914494660351,,,,large_chi2_ndf,cracz,,0,0,,diagnostic_only; no_auto_accept; no_auto_split,140.66234150533964,0.2612590625858701,39.18708089048511,6,6.531180148414186,0.32291337064592424,173
1,4,23,169,175,7,7,provisional,143.218643,1.9252435672836157,,,,large_chi2_ndf,cracz,,0,0,,diagnostic_only; no_auto_accept; no_auto_split,143.79462043271639,0.22985297017929862,36.142859882505974,6,6.023809980417663,0.3053685082990903,173
1,4,24,169,175,7,7,provisional,139.476837,2.307129039989718,,,,,cracz,,0,0,,diagnostic_only; no_auto_accept; no_auto_split,139.71328703998972,0.26075998271226847,6.951395097604983,6,1.1585658496008306,0.30006480890519655,173
1,4,25,169,175,7,7,provisional,138.995819,1.2636343148101332,,,,,cracz,,0,0,,diagnostic_only; no_auto_accept; no_auto_split,139.64905631481014,0.27154136580663846,10.311608178440986,6,1.7186013630734978,0.3399789747290115,173
1,4,26,169,175,7,7,provisional,140.042404,2.440735199320187,,,,,cracz,,0,0,,diagnostic_only; no_auto_accept; no_auto_split,140.5188288006798,0.26398057947038206,12.949958945549138,6,2.1583264909248565,0.32105195135632847,173
1,4,27,169,175,7,7,provisional,139.618225,1.2733094498205446,,,,,cracz,,0,0,,diagnostic_only; no_auto_accept; no_auto_split,140.04830344982054,0.2669197735133397,9.088847277270878,6,1.5148078795451463,0.3245718028511881,173
1,4,28,169,175,7,7,provisional,140.100052,2.030071131288622,,,,,cracz,,0,0,,diagnostic_only; no_auto_accept; no_auto_split,140.30878813128862,0.24794797027960724,25.40810817737621,6,4.234684696229368,0.3008553751266971,173
1,4,29,169,175,7,7,provisional,144.110657,1.1691936090072659,,,,,cracz,,0,0,,diagnostic_only; no_auto_accept; no_auto_split,144.58458360900727,0.27050668293474195,10.674707314864724,6,1.7791178858107874,0.32020992608912946,173
1,4,30,169,175,7,7,provisional,139.953354,2.4143242865858667,,,,,cracz,,0,0,,diagnostic_only; no_auto_accept; no_auto_split,140.24766828658588,0.26436832987609726,7.797309551455673,6,1.2995515919092788,0.31908388964351136,173
1,4,31,169,175,7,7,provisional,139.34552,2.783489644518596,,,,,cracz,,0,0,,diagnostic_only; no_auto_accept; no_auto_split,139.5119896445186,0.3120286536611717,23.47641634342585,6,3.9127360572376415,0.314076716088822,173
1,5,1,169,175,7,7,provisional,134.004715,3.2899563145052753,,,,,cracz,,0,0,,diagnostic_only; no_auto_accept; no_auto_split,134.35019568549473,0.4340147148785802,12.937895102529835,6,2.156315850421639,0.2988176129662842,173
1,5,2,169,175,7,7,provisional,129.60524,2.6913695366906154,,,,,cracz,,0,0,,diagnostic_only; no_auto_accept; no_auto_split,128.8924014633094,0.3516494030128963,4.766680847415779,6,0.7944468079026299,0.36256066854772007,173
1,5,3,169,175,7,7,provisional,129.109558,2.143213696765912,,,,,cracz,,0,0,,diagnostic_only; no_auto_accept; no_auto_split,129.19681330323408,0.45933344315929037,7.00726258166474,6,1.1678770969441234,0.20387582374301755,170
1,5,4,169,175,7,7,provisional,133.849487,2.554427103672367,,,,,cracz,,0,0,,diagnostic_only; no_auto_accept; no_auto_split,133.73670810367236,0.2859587997152745,6.33875013384724,6,1.0564583556412066,0.2886472546221827,173
1,5,5,169,175,7,7,provisional,133.324493,1.6856524034397182,,,,,cracz,,0,0,,diagnostic_only; no_auto_accept; no_auto_split,133.8531634034397,0.2599174782701583,6.905196129023149,6,1.1508660215038582,0.3319917112533172,173
1,5,6,169,175,7,7,provisional,132.98288,1.5488372300857804,,,,,cracz,,0,0,,diagnostic_only; no_auto_accept; no_auto_split,132.94603576991423,0.2698388913911283,4.692036917667843,6,0.7820061529446405,0.3237071448561751,173
1,5,7,169,175,7,7,provisional,132.548386,1.9252187035228303,,,,,cracz,,0,0,,diagnostic_only; no_auto_accept; no_auto_split,132.75369470352283,0.29862751121181946,4.539643852687444,6,0.7566073087812407,0.253710095913879,173
1,5,8,169,175,7,7,provisional,133.841064,1.027073305952399,,,,,cracz,,0,0,,diagnostic_only; no_auto_accept; no_auto_split,134.0076493059524,0.25172157916630233,3.265209173306766,6,0.5442015288844609,0.35480700582445274,173
1,5,9,169,175,7,7,provisional,135.937317,1.1264438193471733,,,,,cracz,,0,0,,diagnostic_only; no_auto_accept; no_auto_split,135.80130981934718,0.2240754271480554,7.873738429779048,6,1.312289738296508,0.3068982142609545,173
1,5,10,169,175,7,7,provisional,131.258255,3.044734025752973,,,,,cracz,,0,0,,diagnostic_only; no_auto_accept; no_auto_split,132.52881902575297,0.30547371501324017,29.06962890641981,6,4.844938151069968,0.31645214564218804,173
1,5,11,169,175,7,7,provisional,138.127197,2.6845958146527096,,,,,cracz,,0,0,,diagnostic_only; no_auto_accept; no_auto_split,138.01618481465272,0.22129209901014343,13.713077950340455,6,2.2855129917234094,0.3189194680872908,173
1,5,12,169,175,7,7,provisional,135.338806,1.8014128074993323,,,,,cracz,,0,0,,diagnostic_only; no_auto_accept; no_auto_split,135.51804180749934,0.24520126266510195,24.358266693089604,6,4.059711115514934,0.33696216126286427,173
1,5,13,169,175,7,7,provisional,135.111877,1.0565165428216403,,,,,cracz,,0,0,,diagnostic_only; no_auto_accept; no_auto_split,135.36253154282164,0.27882402629499775,5.286268248989791,6,0.8810447081649652,0.30756766884401904,173
1,5,14,169,175,7,7,provisional,137.414413,3.530709448887052,,,,,cracz,,0,0,,diagnostic_only; no_auto_accept; no_auto_split,137.84403344888705,0.2351656421481151,17.73768431284276,6,2.9562807188071267,0.32520624208811605,173
1,5,15,169,175,7,7,provisional,134.401169,1.8622483485994223,,,,,cracz,,0,0,,diagnostic_only; no_auto_accept; no_auto_split,134.85086534859943,0.2931265519867933,15.574289501535697,6,2.595714916922616,0.3543035081873978,173
1,5,16,169,175,7,7,provisional,138.426102,2.4344934020953986,,,,,cracz,,0,0,,diagnostic_only; no_auto_accept; no_auto_split,138.3777004020954,0.22770797556336225,9.395564725313744,6,1.5659274542189572,0.33416446642922815,173
1,5,17,169,175,7,7,provisional,137.183533,1.3284097732523605,,,,,cracz,,0,0,,diagnostic_only; no_auto_accept; no_auto_split,136.80594422674764,0.2341056716833406,9.642792638321145,6,1.6071321063868576,0.2905977269716943,173
1,5,18,169,175,7,7,provisional,138.178299,1.4890432176275965,,,,,cracz,,0,0,,diagnostic_only; no_auto_accept; no_auto_split,137.8609452176276,0.25799960911615083,10.103995526095874,6,1.6839992543493123,0.3428216869215412,173
1,5,19,169,175,7,7,provisional,139.345657,1.92463490740343,,,,,cracz,,0,0,,diagnostic_only; no_auto_accept; no_auto_split,139.64747390740342,0.22555547408365056,7.893129871718292,6,1.315521645286382,0.3472645563980557,173
1,5,20,169,175,7,7,provisional,138.077301,0.948739236985034,,,,,cracz,,0,0,,diagnostic_only; no_auto_accept; no_auto_split,138.16651076301497,0.2574645365886354,2.656554023864198,6,0.44275900397736634,0.32592405739498453,173
1,5,21,169,175,7,7,provisional,137.59581,1.7412609701808606,,,,,cracz,,0,0,,diagnostic_only; no_auto_accept; no_auto_split,137.84728602981914,0.24926298908577352,11.51988214902505,6,1.9199803581708415,0.2991643848654976,173
1,5,22,169,175,7,7,provisional,139.764236,1.7920559325767726,,,,,cracz,,0,0,,diagnostic_only; no_auto_accept; no_auto_split,139.96737406742324,0.26145370419088165,9.173949291686043,6,1.5289915486143404,0.32695491383967407,173
1,5,23,169,175,7,7,provisional,134.647705,2.0849254757480082,,,,,cracz,,0,0,,diagnostic_only; no_auto_accept; no_auto_split,134.60070347574802,0.3299619165314589,2.8377366410169955,6,0.4729561068361659,0.3167981714314957,173
1,5,24,169,175,7,7,provisional,137.589386,1.3731568969267016,,,,,cracz,,0,0,,diagnostic_only; no_auto_accept; no_auto_split,137.7899441030733,0.25664555903196035,2.694989698605436,6,0.44916494976757265,0.31048752506340344,173
1,5,25,169,175,7,7,provisional,139.930511,2.006758951123686,,,,,cracz,,0,0,,diagnostic_only; no_auto_accept; no_auto_split,139.5504909511237,0.2647291013035787,15.547244255021443,6,2.591207375836907,0.3206785179812324,173
1,5,26,169,175,7,7,provisional,138.281952,1.6179309281417602,,,,,cracz,,0,0,,diagnostic_only; no_auto_accept; no_auto_split,138.19175292814177,0.2676813901603077,18.432336188298944,6,3.0720560313831573,0.30506002435059276,173
1,5,27,169,175,7,7,provisional,137.631424,1.1013139080966994,,,,,cracz,,0,0,,diagnostic_only; no_auto_accept; no_auto_split,138.2576099080967,0.28729569102916175,7.473860222524417,6,1.2456433704207361,0.35234595978101,173
1,5,28,169,175,7,7,provisional,139.225845,1.6841975465497967,,,,,cracz,,0,0,,diagnostic_only; no_auto_accept; no_auto_split,138.9417815465498,0.2665354637477155,4.584444546857924,6,0.7640740911429873,0.30237012316765793,173
1,5,29,169,175,7,7,provisional,136.99469,2.6399917095378953,,,,,cracz,,0,0,,diagnostic_only; no_auto_accept; no_auto_split,137.2658157095379,0.31213620988875795,9.958002338660606,6,1.6596670564434344,0.3442869440408257,173
1,5,30,169,175,7,7,provisional,138.114502,1.904388389337413,,,,,cracz,,0,0,,diagnostic_only; no_auto_accept; no_auto_split,138.16171238933742,0.2836761541513092,9.923311123936408,6,1.6538851873227347,0.35639915548126594,173
1,5,31,169,175,7,7,provisional,136.859222,1.3411918979969073,,,,,cracz,,0,0,,diagnostic_only; no_auto_accept; no_auto_split,136.76343289799692,0.2790020890900232,11.854010761222808,6,1.9756684602038013,0.31683499649967395,173
1,6,1,169,175,7,7,provisional,96.337303,8.479181891005396,,,,,cracz,,0,0,,diagnostic_only; no_auto_accept; no_auto_split,97.22846010899461,1.2258861394604288,12.500250549576618,6,2.083375091596103,0.3005429614704378,173
1,6,2,169,175,7,7,provisional,134.452087,1.0589370121118975,,,,,cracz,,0,0,,diagnostic_only; no_auto_accept; no_auto_split,134.8937450121119,0.29939080582471805,3.9055485947328927,6,0.6509247657888154,0.33103515417984763,173
1,6,3,169,175,7,7,provisional,137.495224,1.263577553539676,,,,,cracz,,0,0,,diagnostic_only; no_auto_accept; no_auto_split,137.17368755353968,0.2618819491923461,8.695353556377691,6,1.4492255927296152,0.3636616228028563,173
1,6,4,169,175,7,7,provisional,138.56044,0.8936517501491323,,,,,cracz,,0,0,,diagnostic_only; no_auto_accept; no_auto_split,138.61041775014914,0.2119354296952166,4.090925976315223,6,0.6818209960525371,0.3130408015188714,173
1,6,5,169,175,7,7,provisional,136.237457,1.673602593908413,,,,,cracz,,0,0,,diagnostic_only; no_auto_accept; no_auto_split,136.33451540609158,0.2236646255643923,7.682294205009908,6,1.2803823675016515,0.3166307692229951,173
1,6,6,169,175,7,7,provisional,134.955475,0.7728132431746815,,,,,cracz,,0,0,,diagnostic_only; no_auto_accept; no_auto_split,135.0677352431747,0.22135257393663474,3.068548397296351,6,0.5114247328827252,0.3030045604484837,173
1,6,7,169,175,7,7,provisional,136.467743,2.8965774172659735,,,,,cracz,,0,0,,diagnostic_only; no_auto_accept; no_auto_split,136.62283441726598,0.192104596643312,16.582460378851987,6,2.763743396475331,0.3140464488641281,173
1,6,8,169,175,7,7,provisional,134.332169,1.529745025510124,,,,,cracz,,0,0,,diagnostic_only; no_auto_accept; no_auto_split,134.32053202551012,0.19957927066588985,15.843962700199564,6,2.6406604500332604,0.3431661492918356,173
1,6,9,169,175,7,7,provisional,134.56456,1.629151015868473,,,,,cracz,,0,0,,diagnostic_only; no_auto_accept; no_auto_split,134.81465098413153,0.21506295552660237,11.643630106192514,6,1.9406050176987524,0.3421914599963111,173
1,6,10,169,175,7,7,provisional,135.479416,2.749677962629619,,,,,cracz,,0,0,,diagnostic_only; no_auto_accept; no_auto_split,136.1370989626296,0.20849350561620353,21.729135645425213,6,3.621522607570869,0.33338935993132646,173
1,6,11,169,175,7,7,provisional,139.334473,2.5517642607066477,,,,,cracz,,0,0,,diagnostic_only; no_auto_accept; no_auto_split,139.16374826070665,0.20787280332265165,13.326311378643712,6,2.2210518964406187,0.32669476784802864,173
1,6,12,169,175,7,7,provisional,137.94458,1.5144035601058192,,,,,cracz,,0,0,,diagnostic_only; no_auto_accept; no_auto_split,138.2874745601058,0.20829070246702006,28.565635990035993,6,4.760939331672666,0.33431688570985263,173
1,6,13,169,175,7,7,provisional,137.547302,2.2883186361047194,,,,,cracz,,0,0,,diagnostic_only; no_auto_accept; no_auto_split,137.9237246361047,0.24697891599634406,29.979184322021638,6,4.996530720336939,0.31860782914738434,173
1,6,14,169,175,7,7,provisional,138.173813,1.326765844602079,,,,,cracz,,0,0,,diagnostic_only; no_auto_accept; no_auto_split,137.8086861553979,0.20083686929606306,15.075046290612029,6,2.512507715102005,0.3224525991122653,173
1,6,15,169,175,7,7,provisional,137.096664,1.7853691630950834,,,,,cracz,,0,0,,diagnostic_only; no_auto_accept; no_auto_split,137.0626528369049,0.23915002254260992,17.571145459432604,6,2.9285242432387673,0.29433099972400995,173
1,6,16,169,175,7,7,provisional,133.905167,1.0748738852838358,,,,,cracz,,0,0,,diagnostic_only; no_auto_accept; no_auto_split,133.94568011471617,0.22107939731646076,4.559918252402334,6,0.759986375400389,0.3181718840697734,173
1,6,17,169,175,7,7,provisional,134.658539,1.0205364273488158,,,,,cracz,,0,0,,diagnostic_only; no_auto_accept; no_auto_split,134.85550157265118,0.2347967242265069,8.887689127786153,6,1.4812815212976922,0.3025497988229648,173
1,6,18,169,175,7,7,provisional,136.818695,0.9803468549266654,,,,,cracz,,0,0,,diagnostic_only; no_auto_accept; no_auto_split,136.61723385492667,0.2185271425790761,8.435230585337838,6,1.405871764222973,0.31573409850609835,173
1,6,19,169,175,7,7,provisional,139.171036,1.164606667946174,,,,,cracz,,0,0,,diagnostic_only; no_auto_accept; no_auto_split,139.15064033205383,0.22938208783782718,1.2898997528230716,6,0.2149832921371786,0.30633137554680795,173
1,6,20,169,175,7,7,provisional,138.875275,1.0510191769806738,,,,,cracz,,0,0,,diagnostic_only; no_auto_accept; no_auto_split,138.87222882301933,0.20803140056406613,5.208232075040089,6,0.8680386791733481,0.31348968439502617,173
1,6,21,169,175,7,7,provisional,139.955368,1.2515084426656244,,,,,cracz,,0,0,,diagnostic_only; no_auto_accept; no_auto_split,140.13773844266564,0.24541372845758175,12.433677955478924,6,2.072279659246487,0.31445156812487374,173
1,6,22,169,175,7,7,provisional,139.392731,1.0017523704486564,,,,,cracz,,0,0,,diagnostic_only; no_auto_accept; no_auto_split,139.39523037044864,0.22366104870775158,3.7748186768621643,6,0.629136446143694,0.31690440810117276,173
1,6,23,169,175,7,7,provisional,136.628693,1.2348221672685327,,,,,cracz,,0,0,,diagnostic_only; no_auto_accept; no_auto_split,136.51146983273148,0.2618951742729845,9.159313443907527,6,1.5265522406512544,0.31628996654769215,173
1,6,24,169,175,7,7,provisional,139.325455,1.130722306315846,,,,,cracz,,0,0,,diagnostic_only; no_auto_accept; no_auto_split,139.39543130631586,0.21256048214848675,5.7031275186103585,6,0.9505212531017264,0.33431431880787044,173
1,6,25,169,175,7,7,provisional,137.447113,1.149582391716308,,,,,cracz,,0,0,,diagnostic_only; no_auto_accept; no_auto_split,137.8851933917163,0.26997080842821053,7.450044935352601,6,1.2416741558921,0.354937235337012,173
1,6,26,169,175,7,7,provisional,138.241776,0.8276304426545096,,,,,cracz,,0,0,,diagnostic_only; no_auto_accept; no_auto_split,138.2420134426545,0.21591020174912048,4.855605590404425,6,0.8092675984007375,0.30990596279533017,173
1,6,27,169,175,7,7,provisional,138.591095,1.6551368868109932,,,,,cracz,,0,0,,diagnostic_only; no_auto_accept; no_auto_split,138.627120113189,0.24534788543646233,5.3155528125617755,6,0.8859254687602959,0.3493992340286841,173
1,6,28,169,175,7,7,provisional,138.122467,1.1048827616701828,,,,,cracz,,0,0,,diagnostic_only; no_auto_accept; no_auto_split,138.0674377616702,0.24391645539797288,6.104672902166702,6,1.0174454836944504,0.31247711164099184,173
1,6,29,169,175,7,7,provisional,136.904236,1.469465744442914,,,,,cracz,,0,0,,diagnostic_only; no_auto_accept; no_auto_split,137.09544525555708,0.2642613605344651,6.398685901193158,6,1.0664476501988596,0.3389931963507914,173
1,6,30,169,175,7,7,provisional,138.834595,1.5878392668686274,,,,,cracz,,0,0,,diagnostic_only; no_auto_accept; no_auto_split,138.52419526686862,0.2383884526298738,11.347023933803808,6,1.891170655633968,0.3391347965814034,173
1,6,31,169,175,7,7,provisional,137.548248,0.9760273352154911,,,,,cracz,,0,0,,diagnostic_only; no_auto_accept; no_auto_split,137.5816206647845,0.2561847873370418,3.5287958133304875,6,0.5881326355550812,0.2880629542019701,173
1,7,1,169,175,7,7,provisional,134.878738,1.2168853195780969,,,,,cracz,,0,0,,diagnostic_only; no_auto_accept; no_auto_split,134.5764283195781,0.42236182667083527,3.9506674627997374,6,0.6584445771332895,0.23168970912319062,173
1,7,2,169,175,7,7,provisional,135.336304,1.6259978370389092,,,,,cracz,,0,0,,diagnostic_only; no_auto_accept; no_auto_split,135.07867983703892,0.3141667389121865,14.430080275473454,6,2.4050133792455757,0.2969175781234546,173
1,7,3,169,175,7,7,provisional,134.758301,1.2408259469602285,,,,,cracz,,0,0,,diagnostic_only; no_auto_accept; no_auto_split,134.76817705303978,0.3568853820220638,2.3371670023993856,6,0.3895278337332309,0.2675792892938309,173
1,7,4,169,175,7,7,provisional,135.304092,1.6069676060984364,,,,,cracz,,0,0,,diagnostic_only; no_auto_accept; no_auto_split,134.92065760609844,0.3285247152135872,5.304153837315072,6,0.884025639552512,0.3192213468826576,173
1,7,5,169,175,7,7,provisional,136.610153,1.0114228650728023,,,,,cracz,,0,0,,diagnostic_only; no_auto_accept; no_auto_split,136.7982118650728,0.23403373691126764,5.675965427623033,6,0.9459942379371721,0.29366002230762234,173
1,7,6,169,175,7,7,provisional,132.450211,2.039431386434245,,,,,cracz,,0,0,,diagnostic_only; no_auto_accept; no_auto_split,132.39904561356576,0.25541886642529854,3.436905347506763,6,0.5728175579177938,0.3164731331532321,173
1,7,7,169,175,7,7,provisional,131.613144,2.687234632654082,,,,,cracz,,0,0,,diagnostic_only; no_auto_accept; no_auto_split,131.65590863265408,0.2427289510262638,7.163587496770671,6,1.1939312494617786,0.3331049099114787,173
1,7,8,169,175,7,7,provisional,132.611099,0.7818311058333336,,,,,cracz,,0,0,,diagnostic_only; no_auto_accept; no_auto_split,132.50560110583334,0.23271203286514297,3.0025837013975063,6,0.5004306168995843,0.3126561099088642,173
1,7,9,169,175,7,7,provisional,132.028,0.7658189774565187,,,,,cracz,,0,0,,diagnostic_only; no_auto_accept; no_auto_split,132.07976897745652,0.23174499486404487,5.974533645079072,6,0.9957556075131787,0.3368826658380433,173
1,7,10,169,175,7,7,provisional,137.404343,2.975750949841114,,,,large_chi2_ndf,cracz,,0,0,,diagnostic_only; no_auto_accept; no_auto_split,137.6929749498411,0.20531519565048695,41.48683472530819,6,6.914472454218032,0.33464072584659954,173
1,7,11,169,175,7,7,provisional,137.589783,1.420947456317208,,,,,cracz,,0,0,,diagnostic_only; no_auto_accept; no_auto_split,138.1883665436828,0.20386195892990847,28.15626567665357,6,4.692710946108929,0.33482662088625686,173
1,7,12,169,175,7,7,provisional,137.980576,1.1278008440941392,,,,,cracz,,0,0,,diagnostic_only; no_auto_accept; no_auto_split,138.45244515590585,0.24700853768052486,11.145917832328033,6,1.8576529720546722,0.32656980706767125,173
1,7,13,169,175,7,7,provisional,138.342896,0.9445725153393596,,,,,cracz,,0,0,,diagnostic_only; no_auto_accept; no_auto_split,138.51818051533937,0.2278756731172382,6.236618734479462,6,1.039436455746577,0.3037720665433412,173
1,7,14,169,175,7,7,provisional,133.778137,1.0872419080446605,,,,,cracz,,0,0,,diagnostic_only; no_auto_accept; no_auto_split,134.30435890804466,0.2352187507855412,13.056870865311952,6,2.176145144218659,0.3385814489239739,173
1,7,15,169,175,7,7,provisional,137.478271,1.480384621472183,,,,,cracz,,0,0,,diagnostic_only; no_auto_accept; no_auto_split,137.5745156214722,0.20354068010613086,8.790969025432107,6,1.4651615042386845,0.317395070276989,173
1,7,16,169,175,7,7,provisional,134.915924,3.1503284966571528,,,,large_chi2_ndf,cracz,,0,0,,diagnostic_only; no_auto_accept; no_auto_split,135.00555349665714,0.24883989871462037,36.976380065833354,6,6.162730010972226,0.32548459663590995,173
1,7,17,169,175,7,7,provisional,138.331589,1.2161874151876475,,,,,cracz,,0,0,,diagnostic_only; no_auto_accept; no_auto_split,138.05699058481235,0.20959475842005923,9.589244546247325,6,1.5982074243745543,0.3223528842792977,173
1,7,18,169,175,7,7,provisional,133.452332,1.9203047943553315,,,,,cracz,,0,0,,diagnostic_only; no_auto_accept; no_auto_split,133.34048579435535,0.30005665752904087,5.242584911458747,6,0.8737641519097911,0.3130978047948913,173
1,7,19,169,175,7,7,provisional,138.922913,1.108264796424919,,,,,cracz,,0,0,,diagnostic_only; no_auto_accept; no_auto_split,138.88660079642491,0.21454903561843297,4.766970448043816,6,0.7944950746739693,0.3197397782798009,173
1,7,20,169,175,7,7,provisional,137.79715,1.0386335058441603,,,,,cracz,,0,0,,diagnostic_only; no_auto_accept; no_auto_split,137.84262249415585,0.25702251412688,4.709374039232659,6,0.7848956732054432,0.296849915363198,173
1,7,21,169,175,7,7,provisional,137.090118,1.8340306812821439,,,,,cracz,,0,0,,diagnostic_only; no_auto_accept; no_auto_split,136.98785468128213,0.2084268934130034,13.111612661523786,6,2.185268776920631,0.2790085823681837,173
1,7,22,169,175,7,7,provisional,136.390305,1.5766436957529208,,,,,cracz,,0,0,,diagnostic_only; no_auto_accept; no_auto_split,137.2388473042471,0.2690484959793955,20.29435251295628,6,3.382392085492713,0.3675081461333614,173
1,7,23,169,175,7,7,provisional,137.818268,1.449244862085152,,,,,cracz,,0,0,,diagnostic_only; no_auto_accept; no_auto_split,137.85428986208515,0.21635955923673544,6.394540169295845,6,1.065756694882641,0.32112622797099466,173
1,7,24,169,175,7,7,provisional,137.953842,1.1986815103629453,,,,,cracz,,0,0,,diagnostic_only; no_auto_accept; no_auto_split,138.90388151036294,0.28198226545785243,13.262133581020699,6,2.210355596836783,0.3432396339101624,173
1,7,25,169,175,7,7,provisional,139.436066,2.9661986067205532,,,,,cracz,,0,0,,diagnostic_only; no_auto_accept; no_auto_split,139.44065560672055,0.23386683562187738,13.186549553154308,6,2.1977582588590514,0.34405115663693603,173
1,7,26,169,175,7,7,provisional,136.481232,3.143903342024032,,,,,cracz,,0,0,,diagnostic_only; no_auto_accept; no_auto_split,136.48454034202402,0.26454474400985567,4.23631550404149,6,0.706052584006915,0.31169990402454345,173
1,7,27,169,175,7,7,provisional,137.443237,1.236522249107992,,,,,cracz,,0,0,,diagnostic_only; no_auto_accept; no_auto_split,137.37743075089202,0.23452293975346888,2.756589723447339,6,0.4594316205745565,0.3128808181786524,173
1,7,28,169,175,7,7,provisional,136.04837,1.0477113191481635,,,,,cracz,,0,0,,diagnostic_only; no_auto_accept; no_auto_split,136.24220031914817,0.26176579059422844,9.02201472519923,6,1.5036691208665385,0.349255954957931,173
1,7,29,169,175,7,7,provisional,137.148514,1.8008901101118795,,,,,cracz,,0,0,,diagnostic_only; no_auto_accept; no_auto_split,137.30760411011187,0.2527550364927728,8.005571160715942,6,1.3342618601193237,0.2863065890725566,173
1,7,30,169,175,7,7,provisional,137.143234,0.9902219008991722,,,,,cracz,,0,0,,diagnostic_only; no_auto_accept; no_auto_split,137.17161309910082,0.2743111967132357,1.0877195686283956,6,0.18128659477139927,0.32902016661019473,173
1,7,31,169,175,7,7,provisional,138.864548,2.0978335333996654,,,,,cracz,,0,0,,diagnostic_only; no_auto_accept; no_auto_split,138.58289553339966,0.26950593111327986,9.316663195431461,6,1.5527771992385768,0.3387424488359454,173
1,8,1,169,175,7,7,provisional,136.516663,1.9512006166567346,,,,,cracz,,0,0,,diagnostic_only; no_auto_accept; no_auto_split,136.74267361665673,0.30139918138081767,7.1185893381895635,6,1.1864315563649273,0.3337470917121282,173
1,8,2,169,175,7,7,provisional,134.610321,1.864645411728901,,,,,cracz,,0,0,,diagnostic_only; no_auto_accept; no_auto_split,134.6037504117289,0.27997804996674897,8.592720434786965,6,1.4321200724644942,0.30931490023479336,173
1,8,3,169,175,7,7,provisional,123.781715,3.1734656473700937,,,,,cracz,,0,0,,diagnostic_only; no_auto_accept; no_auto_split,124.4221306473701,0.3410649423967074,8.297752529699517,6,1.3829587549499196,0.33942822561620345,173
1,8,4,169,175,7,7,provisional,132.423096,3.7529880690464665,,,,large_chi2_ndf,cracz,,0,0,,diagnostic_only; no_auto_accept; no_auto_split,131.16348493095353,0.2622063597543432,57.65656012134633,6,9.609426686891055,0.4027243226791507,173
1,8,5,169,175,7,7,provisional,133.382523,1.4729074702391358,,,,,cracz,,0,0,,diagnostic_only; no_auto_accept; no_auto_split,133.22898152976086,0.2547046893982066,6.706383081647317,6,1.1177305136078861,0.296110715616537,173
1,8,6,169,175,7,7,provisional,133.218613,1.667166974582301,,,,,cracz,,0,0,,diagnostic_only; no_auto_accept; no_auto_split,132.1883769745823,0.23858304581944492,27.908888065944055,6,4.651481344324009,0.35686532954247663,173
1,8,7,169,175,7,7,provisional,133.512161,1.110654658242538,,,,,cracz,,0,0,,diagnostic_only; no_auto_accept; no_auto_split,132.67567265824255,0.2205874312284779,20.839362803170573,6,3.473227133861762,0.3753036815397621,173
1,8,8,169,175,7,7,provisional,132.734299,1.7067327365637652,,,,large_chi2_ndf,cracz,,0,0,,diagnostic_only; no_auto_accept; no_auto_split,132.00368373656377,0.21595966756028528,39.82254945415753,6,6.637091575692922,0.3546235245023206,173
1,8,9,169,175,7,7,provisional,134.166901,1.4555958036900734,,,,,cracz,,0,0,,diagnostic_only; no_auto_accept; no_auto_split,133.54330519630992,0.21686688556383207,26.16422144740989,6,4.360703574568315,0.3516671600550294,173
1,8,10,169,175,7,7,provisional,135.720001,1.696369141711159,,,,,cracz,,0,0,,diagnostic_only; no_auto_accept; no_auto_split,136.44562114171117,0.21788359745905195,23.390800445540417,6,3.898466740923403,0.34813437568393063,173
1,8,11,169,175,7,7,provisional,138.494583,1.321721993502365,,,,,cracz,,0,0,,diagnostic_only; no_auto_accept; no_auto_split,138.71635999350235,0.2131574093531265,23.577382107349475,6,3.929563684558246,0.3138427419876326,173
1,8,12,169,175,7,7,provisional,136.080246,1.2142877414541147,,,,,cracz,,0,0,,diagnostic_only; no_auto_accept; no_auto_split,136.0020972585459,0.22319660494082139,11.213847317916136,6,1.8689745529860227,0.3110154286603344,173
1,8,13,169,175,7,7,provisional,137.812622,3.199998287468759,,,,,cracz,,0,0,,diagnostic_only; no_auto_accept; no_auto_split,137.76977371253125,0.22011440124906143,22.216793330641114,6,3.7027988884401855,0.3203950528600384,173
1,8,14,169,175,7,7,provisional,135.319107,1.480480959936699,,,,large_chi2_ndf,cracz,,0,0,,diagnostic_only; no_auto_accept; no_auto_split,136.1663639599367,0.22471839531930954,31.531393965807695,6,5.255232327634616,0.3335675604589936,173
1,8,15,169,175,7,7,provisional,137.602097,3.027248081636003,,,,,cracz,,0,0,,diagnostic_only; no_auto_accept; no_auto_split,137.899326918364,0.22621864221809995,20.625435409925622,6,3.437572568320937,0.31557154595346976,173
1,8,16,169,175,7,7,provisional,137.090805,1.26981067289492,,,,,cracz,,0,0,,diagnostic_only; no_auto_accept; no_auto_split,137.6862593271051,0.22224770057526116,17.053688479109507,6,2.8422814131849177,0.33217310184010534,173
1,8,17,169,175,7,7,provisional,139.569977,1.5342242498652183,,,,,cracz,,0,0,,diagnostic_only; no_auto_accept; no_auto_split,139.53022624986522,0.21347107457077416,8.549875555909692,6,1.424979259318282,0.30733036347001924,173
1,8,18,169,175,7,7,provisional,137.875458,0.8647799672085057,,,,,cracz,,0,0,,diagnostic_only; no_auto_accept; no_auto_split,137.7421149672085,0.23594329880560122,6.50355020905352,6,1.0839250348422533,0.3124129528355841,173
1,8,19,169,175,7,7,provisional,135.840866,0.4420080236951378,,,,,cracz,,0,0,,diagnostic_only; no_auto_accept; no_auto_split,135.98540402369514,0.24810254778382154,1.3636346413017904,6,0.22727244021696505,0.32542706934808385,173
1,8,20,169,175,7,7,provisional,138.113098,0.9720866122664233,,,,,cracz,,0,0,,diagnostic_only; no_auto_accept; no_auto_split,138.3659926122664,0.2423383438431903,7.323722042637718,6,1.2206203404396196,0.29324527187504845,173
1,8,21,169,175,7,7,provisional,137.677536,2.9448521764687996,,,,,cracz,,0,0,,diagnostic_only; no_auto_accept; no_auto_split,137.3356198235312,0.2587589148981372,15.562534531948595,6,2.5937557553247657,0.33899682818963695,173
1,8,22,169,175,7,7,provisional,138.812317,1.5753336313155728,,,,,cracz,,0,0,,diagnostic_only; no_auto_accept; no_auto_split,138.46624636868444,0.2602751053587053,15.872214424045024,6,2.6453690706741706,0.30904052252593983,173
1,8,23,169,175,7,7,provisional,139.339355,1.531834731225274,,,,,cracz,,0,0,,diagnostic_only; no_auto_accept; no_auto_split,139.71509273122527,0.2562155427466207,9.691227623344991,6,1.6152046038908319,0.317564331520489,173
1,8,24,169,175,7,7,provisional,133.421906,2.0987386359897755,,,,,cracz,,0,0,,diagnostic_only; no_auto_accept; no_auto_split,133.7891376359898,0.3525358969462564,5.7211050134048085,6,0.9535175022341348,0.2900733074574388,173
1,8,25,169,175,7,7,provisional,130.12114,5.469243129948126,,,,,cracz,,0,0,,diagnostic_only; no_auto_accept; no_auto_split,130.91628012994812,0.485247036911764,14.68667423436718,6,2.4477790390611966,0.3210648426252638,173
1,8,26,169,175,7,7,provisional,137.286224,1.9267636441297213,,,,,cracz,,0,0,,diagnostic_only; no_auto_accept; no_auto_split,137.36769664412972,0.31113127443100413,7.964285803131621,6,1.3273809671886034,0.3399232096781176,173
1,8,27,169,175,7,7,provisional,137.853973,1.9403664924254542,,,,,cracz,,0,0,,diagnostic_only; no_auto_accept; no_auto_split,138.39387249242546,0.2542729568891482,13.088230615226632,6,2.1813717692044388,0.3121681454769454,173
1,8,28,169,175,7,7,provisional,138.960617,1.2886567431590947,,,,,cracz,,0,0,,diagnostic_only; no_auto_accept; no_auto_split,139.12804274315909,0.28655086171733185,9.500356396821838,6,1.5833927328036397,0.3456197318675971,173
1,8,29,169,175,7,7,provisional,137.930481,1.5423560620087642,,,,,cracz,,0,0,,diagnostic_only; no_auto_accept; no_auto_split,137.89048506200876,0.2673874217515513,13.325309762005057,6,2.220884960334176,0.3273948156641223,173
1,8,30,169,175,7,7,provisional,135.12854,1.8500818095414786,,,,,cracz,,0,0,,diagnostic_only; no_auto_accept; no_auto_split,135.87072680954148,0.27361736034049877,27.91472448788415,6,4.652454081314025,0.35888624164506827,173
1,8,31,169,175,7,7,provisional,136.316895,5.106852790677948,,,,,cracz,,0,0,,diagnostic_only; no_auto_accept; no_auto_split,135.60916620932204,0.31227822818515066,16.769626701105828,6,2.794937783517638,0.31899851572528404,173
1,9,1,169,175,7,7,provisional,132.900177,2.8131405188200063,,,,,cracz,,0,0,,diagnostic_only; no_auto_accept; no_auto_split,133.56524651882,0.4260083893713659,5.574033652040103,6,0.9290056086733505,0.44569704785511477,173
1,9,2,169,175,7,7,provisional,132.637589,1.482963653860395,,,,,cracz,,0,0,,diagnostic_only; no_auto_accept; no_auto_split,132.6652756538604,0.4043683429011386,2.599100137457384,6,0.43318335624289733,0.2545774045244053,173
1,9,3,169,175,7,7,provisional,133.83429,1.9293604504488542,,,,,cracz,,0,0,,diagnostic_only; no_auto_accept; no_auto_split,134.29096345044886,0.3352251805583906,5.564660016762743,6,0.9274433361271238,0.3350855018921141,173
1,9,4,169,175,7,7,provisional,134.095169,0.6835428495341205,,,,,cracz,,0,0,,diagnostic_only; no_auto_accept; no_auto_split,133.83150684953412,0.2778560159015189,2.1767949537998783,6,0.3627991589666464,0.293464506328875,173
1,9,5,169,175,7,7,provisional,131.674377,0.643239360173169,,,,,cracz,,0,0,,diagnostic_only; no_auto_accept; no_auto_split,131.66041063982684,0.27226883586227596,1.4203268789946477,6,0.23672114649910794,0.3263435516150573,173
1,9,6,169,175,7,7,provisional,130.605606,1.888251522988412,,,,,cracz,,0,0,,diagnostic_only; no_auto_accept; no_auto_split,130.75350152298842,0.30271174112513644,4.741364905638389,6,0.7902274842730649,0.382926850594536,173
1,9,7,169,175,7,7,provisional,131.338104,1.701372112679337,,,,,cracz,,0,0,,diagnostic_only; no_auto_accept; no_auto_split,131.40369988732067,0.29561999073321493,4.2433596700495055,6,0.7072266116749176,0.3141375308486368,173
1,9,8,169,175,7,7,provisional,131.799911,1.0896937690212667,,,,,cracz,,0,0,,diagnostic_only; no_auto_accept; no_auto_split,132.10014576902125,0.2500396620854723,3.367140603376668,6,0.5611901005627781,0.31166822542226796,173
1,9,9,169,175,7,7,provisional,131.940491,0.9806053317369106,,,,,cracz,,0,0,,diagnostic_only; no_auto_accept; no_auto_split,132.12640333173692,0.23478325750501314,6.329366521699475,6,1.0548944202832458,0.3260427206067893,173
1,9,10,169,175,7,7,provisional,136.760056,0.6156138733649641,,,,,cracz,,0,0,,diagnostic_only; no_auto_accept; no_auto_split,136.51415787336495,0.24711426758454647,2.5354462229287247,6,0.4225743704881208,0.3016436280557558,173
1,9,11,169,175,7,7,provisional,134.731506,1.4003255714737861,,,,,cracz,,0,0,,diagnostic_only; no_auto_accept; no_auto_split,135.21982242852621,0.24411097165533122,20.20885733546136,6,3.36814288924356,0.3261170282005976,173
1,9,12,169,175,7,7,provisional,134.229095,1.8942794248605992,,,,,cracz,,0,0,,diagnostic_only; no_auto_accept; no_auto_split,134.5576405751394,0.27144016913677893,8.952098874693908,6,1.4920164791156514,0.3149508245299356,173
1,9,13,169,175,7,7,provisional,133.773438,0.8948682624341302,,,,,cracz,,0,0,,diagnostic_only; no_auto_accept; no_auto_split,133.93579226243412,0.3117458414525179,4.0031284260148805,6,0.6671880710024801,0.332261322765385,173
1,9,14,169,175,7,7,provisional,136.307343,1.4350737006139127,,,,,cracz,,0,0,,diagnostic_only; no_auto_accept; no_auto_split,136.8716427006139,0.2771519873679258,10.1162601667893,6,1.68604336113155,0.3214024773284511,173
1,9,15,169,175,7,7,provisional,134.245056,3.0319655355750683,,,,,cracz,,0,0,,diagnostic_only; no_auto_accept; no_auto_split,135.06437553557507,0.26221378739961343,17.359858516110382,6,2.8933097526850635,0.33618541177436284,173
1,9,16,169,175,7,7,provisional,138.603287,1.821795162051103,,,,,cracz,,0,0,,diagnostic_only; no_auto_accept; no_auto_split,138.53859216205112,0.24434825937918286,11.014666610620855,6,1.8357777684368093,0.32088753985072194,173
1,9,17,169,175,7,7,provisional,133.925934,1.364341111121405,,,,,cracz,,0,0,,diagnostic_only; no_auto_accept; no_auto_split,134.4325188888786,0.2653424347085708,6.239493514780799,6,1.0399155857967999,0.33860788566300415,173
1,9,18,169,175,7,7,provisional,136.186783,2.0605680319564215,,,,,cracz,,0,0,,diagnostic_only; no_auto_accept; no_auto_split,136.1955470319564,0.2517080339825311,12.300527865518275,6,2.050087977586379,0.35042524589701723,173
1,9,19,169,175,7,7,provisional,134.917679,2.4863551265117394,,,,,cracz,,0,0,,diagnostic_only; no_auto_accept; no_auto_split,134.76081512651174,0.2672163479645265,8.12483187525752,6,1.3541386458762534,0.2914787517905624,173
1,9,20,169,175,7,7,provisional,134.048065,2.382256670006626,,,,,cracz,,0,0,,diagnostic_only; no_auto_accept; no_auto_split,134.18094767000662,0.2663878741763722,9.684838252513885,6,1.6141397087523142,0.3206720010704003,173
1,9,21,169,175,7,7,provisional,133.29483,1.8298269249788461,,,,,cracz,,0,0,,diagnostic_only; no_auto_accept; no_auto_split,133.08061992497883,0.32388871412052705,9.309898671376176,6,1.5516497785626961,0.3049720511117989,173
1,9,22,169,175,7,7,provisional,135.912292,2.2095943242360363,,,,,cracz,,0,0,,diagnostic_only; no_auto_accept; no_auto_split,135.98141432423603,0.28009890513131047,11.805493589230611,6,1.9675822648717685,0.32002790521894636,173
1,9,23,169,175,7,7,provisional,132.889496,4.4292683478798835,,,,,cracz,,0,0,,diagnostic_only; no_auto_accept; no_auto_split,132.5520713478799,0.33114197188722816,14.0912471558343,6,2.34854119263905,0.29059533625283523,173
1,9,24,169,175,7,7,provisional,130.94455,1.8049690361108333,,,,,cracz,,0,0,,diagnostic_only; no_auto_accept; no_auto_split,130.85733703611083,0.4026121292007691,7.403741866338554,6,1.2339569777230923,0.3333062450987902,173
1,9,25,169,175,7,7,provisional,133.726776,3.262229656648657,,,,,cracz,,0,0,,diagnostic_only; no_auto_accept; no_auto_split,133.58492334335133,0.402540924147365,6.152235775424962,6,1.0253726292374936,0.3064056792728747,173
1,9,26,169,175,7,7,provisional,137.93898,1.6356141787050262,,,,,cracz,,0,0,,diagnostic_only; no_auto_accept; no_auto_split,138.224619178705,0.2701291756108456,9.228221587074625,6,1.5380369311791042,0.3417412195442699,173
1,9,27,169,175,7,7,provisional,138.124039,1.4383089255892116,,,,,cracz,,0,0,,diagnostic_only; no_auto_accept; no_auto_split,138.2891539255892,0.2777816337263178,1.8458991376747556,6,0.30764985627912594,0.29184553026530274,173
1,9,28,169,175,7,7,provisional,139.888428,1.104410057215233,,,,,cracz,,0,0,,diagnostic_only; no_auto_accept; no_auto_split,140.23169905721522,0.30165835749435593,6.850651870977994,6,1.1417753118296656,0.31431336798479914,173
1,9,29,169,175,7,7,provisional,136.978409,2.612597856032579,,,,,cracz,,0,0,,diagnostic_only; no_auto_accept; no_auto_split,137.2050291439674,0.32635878390547524,5.212934022141708,6,0.868822337023618,0.3134908386941173,173
1,9,30,169,175,7,7,provisional,138.279984,2.5202521521303822,,,,,cracz,,0,0,,diagnostic_only; no_auto_accept; no_auto_split,138.45385384786962,0.32932481228786437,8.26181898687674,6,1.3769698311461234,0.32041322243333664,173
1,9,31,169,175,7,7,provisional,136.809677,2.0268091270139337,,,,,cracz,,0,0,,diagnostic_only; no_auto_accept; no_auto_split,137.06959587298607,0.2963936292824573,12.306636915789285,6,2.0511061526315477,0.32120270483882885,173
1,10,1,169,175,7,7,provisional,136.939987,0.48875083585915036,,,,,cracz,,0,0,,diagnostic_only; no_auto_accept; no_auto_split,136.83861116414084,0.2723464242600333,1.2978029820077555,6,0.21630049700129259,0.29367185884666047,173
1,10,2,169,175,7,7,provisional,134.518356,1.2322109066462872,,,,,cracz,,0,0,,diagnostic_only; no_auto_accept; no_auto_split,135.21118390664628,0.36573743404487935,5.90755592572731,6,0.984592654287885,0.38225869972220594,173
1,10,3,169,175,7,7,provisional,134.091919,4.182859812908163,,,,,cracz,,0,0,,diagnostic_only; no_auto_accept; no_auto_split,133.56068281290817,0.3253733777083038,27.601630399326325,6,4.600271733221054,0.3384452084261536,173
1,10,4,169,175,7,7,provisional,134.498108,1.8488356961035493,,,,,cracz,,0,0,,diagnostic_only; no_auto_accept; no_auto_split,134.88032969610356,0.22688355801251056,26.909815488087006,6,4.484969248014501,0.32438854007283086,173
1,10,5,169,175,7,7,provisional,135.046829,3.3623928007855284,,,,,cracz,,0,0,,diagnostic_only; no_auto_accept; no_auto_split,134.91246419921447,0.24192538244918457,17.355691593024837,6,2.8926152655041393,0.30559393566796195,173
1,10,6,169,175,7,7,provisional,133.370544,2.065340029975175,,,,,cracz,,0,0,,diagnostic_only; no_auto_accept; no_auto_split,133.89486902997518,0.24456157171944384,18.815898518348504,6,3.1359830863914175,0.3561479147817084,173
1,10,7,169,175,7,7,provisional,133.459244,1.0361405430139712,,,,,cracz,,0,0,,diagnostic_only; no_auto_accept; no_auto_split,133.43003054301397,0.2680206118471483,4.859252730418606,6,0.8098754550697677,0.3415386663305762,173
1,10,8,169,175,7,7,provisional,132.284882,1.4474199093828872,,,,,cracz,,0,0,,diagnostic_only; no_auto_accept; no_auto_split,132.86853190938288,0.2464380971834766,10.537722959665407,6,1.7562871599442345,0.320160372981843,173
1,10,9,169,175,7,7,provisional,131.435516,2.3516363484915814,,,,,cracz,,0,0,,diagnostic_only; no_auto_accept; no_auto_split,131.5381036515084,0.24877817826832174,6.809592912829797,6,1.1349321521382996,0.3199401127637663,173
1,10,10,169,175,7,7,provisional,138.696091,2.1533193624608487,,,,,cracz,,0,0,,diagnostic_only; no_auto_accept; no_auto_split,139.25317336246084,0.24193840791872442,16.996355482184462,6,2.8327259136974106,0.32383153690961697,173
1,10,11,169,175,7,7,provisional,135.225357,2.433838526277242,,,,,cracz,,0,0,,diagnostic_only; no_auto_accept; no_auto_split,135.63543752627723,0.24187125458396697,20.57391536426504,6,3.4289858940441733,0.3529411562771847,173
1,10,12,169,175,7,7,provisional,137.180038,1.4660328398889533,,,,,cracz,,0,0,,diagnostic_only; no_auto_accept; no_auto_split,137.50541583988894,0.24058978817344964,10.84141751278259,6,1.8069029187970982,0.3517605539082264,173
1,10,13,169,175,7,7,provisional,130.58667,2.1550090975368335,,,,,cracz,,0,0,,diagnostic_only; no_auto_accept; no_auto_split,130.71634390246317,0.3343683629479137,5.812830491984725,6,0.9688050819974542,0.3521846497852881,173
1,10,14,169,175,7,7,provisional,136.45314,1.4957880406564925,,,,,cracz,,0,0,,diagnostic_only; no_auto_accept; no_auto_split,136.62930204065648,0.2727780047422529,10.14461114760323,6,1.6907685246005384,0.3293512465896015,173
1,10,15,169,175,7,7,provisional,136.496826,0.8786719372662333,,,,,cracz,,0,0,,diagnostic_only; no_auto_accept; no_auto_split,136.71011906273375,0.27431645193486354,6.041446906996161,6,1.0069078178326936,0.3329464530686854,173
1,10,16,169,175,7,7,provisional,136.48703,1.9169455334025827,,,,,cracz,,0,0,,diagnostic_only; no_auto_accept; no_auto_split,136.5453325334026,0.2575868369873129,5.874095067097548,6,0.9790158445162579,0.3298559895284357,173
1,10,17,169,175,7,7,provisional,136.410583,2.97426079223402,,,,,cracz,,0,0,,diagnostic_only; no_auto_accept; no_auto_split,136.65938079223403,0.2721778588021994,5.0207707095014875,6,0.8367951182502479,0.3110908957350332,173
1,10,18,169,175,7,7,provisional,137.249573,1.349410547774113,,,,,cracz,,0,0,,diagnostic_only; no_auto_accept; no_auto_split,136.7753304522259,0.262391382426008,4.368823048561681,6,0.7281371747602802,0.30143660829593083,173
1,10,19,169,175,7,7,provisional,135.218597,0.8322491689167464,,,,,cracz,,0,0,,diagnostic_only; no_auto_accept; no_auto_split,135.33625383108324,0.2675553016438233,3.6026503758590223,6,0.6004417293098371,0.3213811628803989,173
1,10,20,169,175,7,7,provisional,137.23204,2.321191271244402,,,,,cracz,,0,0,,diagnostic_only; no_auto_accept; no_auto_split,137.3295072712444,0.2510653060413548,7.435561985138485,6,1.2392603308564143,0.32994201817640517,173
1,10,21,169,175,7,7,provisional,135.107666,1.99564785746378,,,,,cracz,,0,0,,diagnostic_only; no_auto_accept; no_auto_split,135.2460598574638,0.28028953874097245,7.535875042688362,6,1.2559791737813937,0.3331984165474771,173
1,10,22,169,175,7,7,provisional,136.089493,1.6928466034418932,,,,,cracz,,0,0,,diagnostic_only; no_auto_accept; no_auto_split,136.1306826034419,0.2819621783487203,12.274512235112407,6,2.0457520391854014,0.3422741814943009,173
1,10,23,169,175,7,7,provisional,137.290039,2.6940721256491997,,,,,cracz,,0,0,,diagnostic_only; no_auto_accept; no_auto_split,137.4547991256492,0.2863997237866655,7.690784267359856,6,1.2817973778933094,0.3065565548082192,173
1,10,24,169,175,7,7,provisional,138.702026,1.3969128651863514,,,,,cracz,,0,0,,diagnostic_only; no_auto_accept; no_auto_split,138.54412986518636,0.27938969476533454,5.786876762349146,6,0.9644794603915243,0.32567607067642557,173
1,10,25,169,175,7,7,provisional,138.881744,2.0072384654105235,,,,,cracz,,0,0,,diagnostic_only; no_auto_accept; no_auto_split,139.28424646541052,0.2727941585209933,23.092002597359635,6,3.8486670995599392,0.3318614397529938,173
1,10,26,169,175,7,7,provisional,132.758209,2.6946767862541208,,,,,cracz,,0,0,,diagnostic_only; no_auto_accept; no_auto_split,132.9215137862541,0.3683435183304517,8.510812041274397,6,1.4184686735457328,0.34578545869006094,173
1,10,27,169,175,7,7,provisional,141.833557,1.905761671296517,,,,,cracz,,0,0,,diagnostic_only; no_auto_accept; no_auto_split,141.53019667129652,0.2885450366762138,7.072172503685627,6,1.1786954172809379,0.3274012125030009,173
1,10,28,169,175,7,7,provisional,138.955688,2.8776294440228014,,,,,cracz,,0,0,,diagnostic_only; no_auto_accept; no_auto_split,138.2436325559772,0.2614358023910666,19.27512562026819,6,3.2125209367113654,0.32024327202546016,173
1,10,29,169,175,7,7,provisional,137.603287,2.431887874562733,,,,,cracz,,0,0,,diagnostic_only; no_auto_accept; no_auto_split,137.27958987456273,0.31515811684877937,17.801467375577545,6,2.9669112292629243,0.30072327505872065,173
1,10,30,169,175,7,7,provisional,137.674149,1.5491594732974932,,,,,cracz,,0,0,,diagnostic_only; no_auto_accept; no_auto_split,137.63901152670252,0.28745080639883097,7.139712249746779,6,1.189952041624463,0.28573576876198714,173
1,10,31,169,175,7,7,provisional,137.431381,2.583381238311972,,,,,cracz,,0,0,,diagnostic_only; no_auto_accept; no_auto_split,137.77056123831198,0.38106983315485016,12.508201922426714,6,2.0847003204044525,0.32409338237787766,173
1,11,1,169,175,7,7,provisional,135.552917,1.5669814564264186,,,,,cracz,,0,0,,diagnostic_only; no_auto_accept; no_auto_split,135.4250225435736,0.26839454590864137,7.661316694941412,6,1.2768861158235687,0.3083408850657663,173
1,11,2,169,175,7,7,provisional,135.610657,1.3157882196626076,,,,,cracz,,0,0,,diagnostic_only; no_auto_accept; no_auto_split,135.60268421966262,0.25139151679861066,7.259450769072145,6,1.2099084615120241,0.3363063403709871,173
1,11,3,169,175,7,7,provisional,132.44809,2.501773664452486,,,,,cracz,,0,0,,diagnostic_only; no_auto_accept; no_auto_split,132.7675056644525,0.2576119195479988,5.054521550247758,6,0.8424202583746263,0.3277185987656221,173
1,11,4,169,175,7,7,provisional,134.383835,2.107383187851866,,,,,cracz,,0,0,,diagnostic_only; no_auto_accept; no_auto_split,134.36516518785186,0.2535272157272614,6.271053532761592,6,1.0451755887935987,0.33438185561502043,173
1,11,5,169,175,7,7,provisional,135.780151,1.0258783104855524,,,,,cracz,,0,0,,diagnostic_only; no_auto_accept; no_auto_split,136.12353431048555,0.22518695578680717,6.024482902848996,6,1.004080483808166,0.34870420127322516,173
1,11,6,169,175,7,7,provisional,132.158386,1.234438472187378,,,,,cracz,,0,0,,diagnostic_only; no_auto_accept; no_auto_split,132.20178447218737,0.26566836702368424,4.922147159119593,6,0.8203578598532655,0.3547960822483729,173
1,11,7,169,175,7,7,provisional,131.206116,0.75256392170607,,,,,cracz,,0,0,,diagnostic_only; no_auto_accept; no_auto_split,131.32925407829393,0.240728196410593,4.115854781153659,6,0.6859757968589432,0.31806774634865626,173
1,11,8,169,175,7,7,provisional,133.33786,0.5636895945433764,,,,,cracz,,0,0,,diagnostic_only; no_auto_accept; no_auto_split,133.35696440545664,0.22520970817810573,2.165583530663881,6,0.3609305884439802,0.3182729121951466,173
1,11,9,169,175,7,7,provisional,132.489792,1.7083216257279332,,,,,cracz,,0,0,,diagnostic_only; no_auto_accept; no_auto_split,132.28492062572792,0.23274654270343578,12.613085861037733,6,2.1021809768396222,0.32624772152989406,173
1,11,10,169,175,7,7,provisional,137.682953,1.0078798661540986,,,,,cracz,,0,0,,diagnostic_only; no_auto_accept; no_auto_split,137.8122041338459,0.22292810825247691,6.657380471981893,6,1.1095634119969822,0.3301242316053352,173
1,11,11,169,175,7,7,provisional,136.36676,2.0380311558450046,,,,,cracz,,0,0,,diagnostic_only; no_auto_accept; no_auto_split,136.540579155845,0.20423618437135,8.88762429199095,6,1.481270715331825,0.3148202134899775,173
1,11,12,169,175,7,7,provisional,136.318619,0.7462448328407731,,,,,cracz,,0,0,,diagnostic_only; no_auto_accept; no_auto_split,136.63679616715922,0.24132082670699154,4.54652529575137,6,0.7577542159585616,0.313479301363132,173
1,11,13,169,175,7,7,provisional,137.258682,1.595776809957755,,,,,cracz,,0,0,,diagnostic_only; no_auto_accept; no_auto_split,137.26786580995775,0.21451889678879396,13.086312340036775,6,2.181052056672796,0.32021852519769567,173
1,11,14,169,175,7,7,provisional,137.914642,1.3339768406355006,,,,,cracz,,0,0,,diagnostic_only; no_auto_accept; no_auto_split,137.8467331593645,0.22681996955829817,14.453831480519316,6,2.408971913419886,0.33316151904961183,173
1,11,15,169,175,7,7,provisional,138.837555,1.609858751710533,,,,,cracz,,0,0,,diagnostic_only; no_auto_accept; no_auto_split,138.62087575171054,0.2560486408019315,9.909648004681609,6,1.651608000780268,0.30999586737397994,173
1,11,16,169,175,7,7,provisional,139.188034,0.8425737876115136,,,,,cracz,,0,0,,diagnostic_only; no_auto_accept; no_auto_split,139.09792978761152,0.21065951628159052,4.107808016499133,6,0.6846346694165222,0.33336619705706816,173
1,11,17,169,175,7,7,provisional,139.684799,1.1313988119776184,,,,,cracz,,0,0,,diagnostic_only; no_auto_accept; no_auto_split,139.90625581197762,0.21045950049598314,18.038619651932336,6,3.0064366086553895,0.33127728820192526,173
1,11,18,169,175,7,7,provisional,139.190308,0.6807158628988361,,,,,cracz,,0,0,,diagnostic_only; no_auto_accept; no_auto_split,139.53079786289882,0.22534844098004753,4.471824579289131,6,0.7453040965481885,0.30760095542450133,173
1,11,19,169,175,7,7,provisional,138.259109,1.0322072808302778,,,,,cracz,,0,0,,diagnostic_only; no_auto_accept; no_auto_split,138.45100028083027,0.21487527771918544,3.4294474721369093,6,0.5715745786894849,0.3222925849041704,173
1,11,20,169,175,7,7,provisional,139.318832,1.539756065910467,,,,,cracz,,0,0,,diagnostic_only; no_auto_accept; no_auto_split,139.35515506591048,0.23976244194644258,7.16748128995305,6,1.194580214992175,0.3276185935364675,173
1,11,21,169,175,7,7,provisional,138.415436,1.0760064468991004,,,,,cracz,,0,0,,diagnostic_only; no_auto_accept; no_auto_split,138.7638114468991,0.23739922885355622,8.635727795283946,6,1.4392879658806577,0.32266783160683815,173
1,11,22,169,175,7,7,provisional,140.033218,2.5485357660863883,,,,,cracz,,0,0,,diagnostic_only; no_auto_accept; no_auto_split,140.76639023391363,0.26140363329919364,18.54642834356011,6,3.0910713905933513,0.3300294704760176,173
1,11,23,169,175,7,7,provisional,140.065628,0.5898048415494372,,,,,cracz,,0,0,,diagnostic_only; no_auto_accept; no_auto_split,140.24681784154944,0.25836266130284546,1.7095665897492063,6,0.28492776495820105,0.33785901317732964,173
1,11,24,169,175,7,7,provisional,139.219604,0.777306549994421,,,,,cracz,,0,0,,diagnostic_only; no_auto_accept; no_auto_split,139.6240315499944,0.25379555983280366,4.38439660099622,6,0.7307327668327033,0.3165172285986577,173
1,11,25,169,175,7,7,provisional,135.623505,1.8626777715426783,,,,,cracz,,0,0,,diagnostic_only; no_auto_accept; no_auto_split,135.72910277154267,0.2620226129248149,4.648518473014636,6,0.7747530788357726,0.33898699291876366,173
1,11,26,169,175,7,7,provisional,138.755035,1.1582184525413481,,,,,cracz,,0,0,,diagnostic_only; no_auto_accept; no_auto_split,139.19943245254134,0.24958138153319745,3.3504080562754144,6,0.558401342712569,0.338804563768732,173
1,11,27,169,175,7,7,provisional,137.963486,0.637189269688264,,,,,cracz,,0,0,,diagnostic_only; no_auto_accept; no_auto_split,137.91656226968826,0.24250194640798958,2.1727405333922096,6,0.3621234222320349,0.3146850133301046,173
1,11,28,169,175,7,7,provisional,139.08548,2.905751798318022,,,,,cracz,,0,0,,diagnostic_only; no_auto_accept; no_auto_split,139.350819798318,0.28421843746886166,8.94533387314367,6,1.4908889788572781,0.32020385659152323,173
1,11,29,169,175,7,7,provisional,136.503113,1.2236529125950995,,,,,cracz,,0,0,,diagnostic_only; no_auto_accept; no_auto_split,136.2973679125951,0.27039483876866344,4.356187321214196,6,0.726031220202366,0.2953039241452527,173
1,11,30,169,175,7,7,provisional,138.465698,0.7662546948814395,,,,,cracz,,0,0,,diagnostic_only; no_auto_accept; no_auto_split,138.39181130511855,0.26631508000477283,2.0575070721865574,6,0.3429178453644262,0.3086782197094224,173
1,11,31,169,175,7,7,provisional,136.395905,2.4182642924334914,,,,,cracz,,0,0,,diagnostic_only; no_auto_accept; no_auto_split,137.1272942924335,0.26524806649713784,15.54269632928405,6,2.5904493882140085,0.3148647635708098,173
1,12,1,169,175,7,7,provisional,129.735245,4.307667169745287,,,,,cracz,,0,0,,diagnostic_only; no_auto_accept; no_auto_split,130.29127083025472,0.4456066068731826,14.326932562215578,6,2.3878220937025962,0.2588923080641174,169
1,12,2,169,175,7,7,provisional,132.763977,3.0873491782123494,,,,,cracz,,0,0,,diagnostic_only; no_auto_accept; no_auto_split,131.27042382178766,0.4992765437009132,8.269567200758495,6,1.3782612001264158,0.2588297040011509,171
1,12,3,169,175,7,7,provisional,131.991592,4.188963121652421,,,,,cracz,,0,0,,diagnostic_only; no_auto_accept; no_auto_split,131.41998487834758,0.420270241416333,21.344871438222366,6,3.557478573037061,0.29817620886189533,173
1,12,4,169,175,7,7,provisional,133.618866,1.5687718271308881,,,,,cracz,,0,0,,diagnostic_only; no_auto_accept; no_auto_split,133.7069098271309,0.282197357474554,2.736414785919879,6,0.4560691309866465,0.28004818035591766,173
1,12,5,169,175,7,7,provisional,128.425049,3.8624762303432334,,,,,cracz,,0,0,,diagnostic_only; no_auto_accept; no_auto_split,128.84084723034323,0.3508902695579975,9.590299715641484,6,1.5983832859402474,0.3839752319785942,173
1,12,6,169,175,7,7,provisional,134.487778,1.2542217030369898,,,,,cracz,,0,0,,diagnostic_only; no_auto_accept; no_auto_split,134.64078770303698,0.24898582333960842,3.50668832033293,6,0.5844480533888217,0.3315781504663403,173
1,12,7,169,175,7,7,provisional,132.684677,2.1234875663996036,,,,,cracz,,0,0,,diagnostic_only; no_auto_accept; no_auto_split,132.8123155663996,0.2812711831595591,4.005515351947131,6,0.6675858919911885,0.3008225642675908,173
1,12,8,169,175,7,7,provisional,133.990921,0.957081253636801,,,,,cracz,,0,0,,diagnostic_only; no_auto_accept; no_auto_split,134.1027327463632,0.26523506568403266,2.883961916109773,6,0.48066031935162884,0.30609792454371704,173
1,12,9,169,175,7,7,provisional,132.840561,0.7863520870172351,,,,,cracz,,0,0,,diagnostic_only; no_auto_accept; no_auto_split,132.93839108701724,0.27227037214368033,1.8253336440628194,6,0.3042222740104699,0.3282066532692125,173
1,12,10,169,175,7,7,provisional,136.11235,4.983009780297266,,,,,cracz,,0,0,,diagnostic_only; no_auto_accept; no_auto_split,135.78612578029725,0.30726294953547933,12.028540623281438,6,2.0047567705469063,0.30196779318318956,173
1,12,11,169,175,7,7,provisional,132.47258,1.557370321164683,,,,,cracz,,0,0,,diagnostic_only; no_auto_accept; no_auto_split,132.77840932116467,0.29505984763515475,6.130902532662934,6,1.0218170887771556,0.3309106921324444,173
1,12,12,169,175,7,7,provisional,135.89827,1.5836854915740162,,,,,cracz,,0,0,,diagnostic_only; no_auto_accept; no_auto_split,136.848028491574,0.26698509651636726,13.333988592556338,6,2.222331432092723,0.3239019384405037,173
1,12,13,169,175,7,7,provisional,132.107895,2.8893739366861837,,,,,cracz,,0,0,,diagnostic_only; no_auto_accept; no_auto_split,131.9927219366862,0.3453959484449971,11.580729567766785,6,1.9301215946277974,0.33155451281400083,173
1,12,14,169,175,7,7,provisional,136.191864,2.3224045965994833,,,,,cracz,,0,0,,diagnostic_only; no_auto_accept; no_auto_split,135.7855245965995,0.2798143234324782,8.809239901085103,6,1.4682066501808506,0.3309412976122838,173
1,12,15,169,175,7,7,provisional,137.039642,1.7795839078906113,,,,,cracz,,0,0,,diagnostic_only; no_auto_accept; no_auto_split,137.85361990789062,0.28070382957028567,14.315656677232543,6,2.385942779538757,0.3453915136223174,173
1,12,16,169,175,7,7,provisional,136.266312,1.9562382125972988,,,,,cracz,,0,0,,diagnostic_only; no_auto_accept; no_auto_split,136.04090921259728,0.2784261726708088,6.754039425009175,6,1.1256732375015293,0.3283310959078102,173
1,12,17,169,175,7,7,provisional,135.948471,1.847888595214414,,,,,cracz,,0,0,,diagnostic_only; no_auto_accept; no_auto_split,136.14945640478558,0.2500294647168448,8.297062127486443,6,1.3828436879144073,0.3055884166794016,173
1,12,18,169,175,7,7,provisional,137.123856,1.2770312232496792,,,,,cracz,,0,0,,diagnostic_only; no_auto_accept; no_auto_split,137.23712877675032,0.28541772240292,4.115672251286666,6,0.6859453752144443,0.33961739576026684,173
1,12,19,169,175,7,7,provisional,137.127106,2.73939482360953,,,,,cracz,,0,0,,diagnostic_only; no_auto_accept; no_auto_split,137.54597482360953,0.2732962552541718,20.09382139101112,6,3.3489702318351866,0.3452647752385858,173
1,12,20,169,175,7,7,provisional,137.183014,1.6067839342111085,,,,,cracz,,0,0,,diagnostic_only; no_auto_accept; no_auto_split,137.1785400657889,0.30937779966721435,3.819635567383835,6,0.6366059278973059,0.36441875679395497,173
1,12,21,169,175,7,7,provisional,137.198593,1.0606522962335703,,,,,cracz,,0,0,,diagnostic_only; no_auto_accept; no_auto_split,137.48718129623356,0.31273918362406566,6.8655492990343605,6,1.1442582165057267,0.3491338746046326,173
1,12,22,169,175,7,7,provisional,137.59613,3.292849983349356,,,,,cracz,,0,0,,diagnostic_only; no_auto_accept; no_auto_split,137.67476198334936,0.30889896111883,12.279933315835297,6,2.046655552639216,0.3216192719287499,173
1,12,23,169,175,7,7,provisional,133.339752,1.9073559325978238,,,,,cracz,,0,0,,diagnostic_only; no_auto_accept; no_auto_split,133.6957469325978,0.3169263637837549,5.117020728910628,6,0.8528367881517713,0.32138092258186746,173
1,12,24,169,175,7,7,provisional,136.107574,2.3804278140218855,,,,,cracz,,0,0,,diagnostic_only; no_auto_accept; no_auto_split,135.7842208140219,0.3255404819095604,14.093850814036601,6,2.348975135672767,0.33375542146036724,173
1,12,25,169,175,7,7,provisional,136.994156,2.6380325611572175,,,,,cracz,,0,0,,diagnostic_only; no_auto_accept; no_auto_split,137.15536656115722,0.30562501714081697,16.89093195650873,6,2.8151553260847884,0.29729939496215324,173
1,12,26,169,175,7,7,provisional,135.994675,4.1232126468991055,,,,,cracz,,0,0,,diagnostic_only; no_auto_accept; no_auto_split,136.2992986468991,0.340510105862702,11.150130859765646,6,1.8583551432942744,0.33160699902093793,173
1,12,27,169,175,7,7,provisional,137.250244,1.8608694898988176,,,,,cracz,,0,0,,diagnostic_only; no_auto_accept; no_auto_split,136.94906751010117,0.32244683064113416,12.06922101786933,6,2.011536836311555,0.3015445803989588,173
1,12,28,169,175,7,7,provisional,137.885468,1.894632176045718,,,,,cracz,,0,0,,diagnostic_only; no_auto_accept; no_auto_split,137.68936782395429,0.3469580361858811,4.0002298009834405,6,0.6667049668305735,0.33141684450543407,173
1,12,29,169,175,7,7,provisional,135.274323,1.9097671020482778,,,,,cracz,,0,0,,diagnostic_only; no_auto_accept; no_auto_split,135.55405410204827,0.3375747997936981,7.182256309437027,6,1.1970427182395045,0.3171001415463089,173
1,12,30,169,175,7,7,provisional,136.263702,1.9709301099238132,,,,,cracz,,0,0,,diagnostic_only; no_auto_accept; no_auto_split,137.0840591099238,0.2931915571943349,11.711900013597832,6,1.9519833355996388,0.3337928571329707,173
1,12,31,169,175,7,7,provisional,134.494415,4.198395905661243,,,,,cracz,,0,0,,diagnostic_only; no_auto_accept; no_auto_split,134.49778890566125,0.3668484779435101,14.77325930909758,6,2.462209884849597,0.3065791962727106,173
